elapsed_ms,event,address,seq,status,outstanding,devices
5,send,11:66:F0:00:01:3D,1,,1,1
14,ack,11:66:F0:00:01:3D,,0,0,1
413,send,11:66:F0:00:01:3D,2,,1,1
420,ack,11:66:F0:00:01:3D,,0,0,1
1421,send,11:66:F0:00:01:3D,3,,1,1
1431,ack,11:66:F0:00:01:3D,,0,0,1
1550,send,11:66:F0:00:01:3D,4,,1,1
1556,ack,11:66:F0:00:01:3D,,0,0,1
1837,send,11:66:F0:00:01:3D,5,,1,1
1844,ack,11:66:F0:00:01:3D,,0,0,1
1967,send,11:66:F0:00:01:3D,6,,1,1
1975,ack,11:66:F0:00:01:3D,,0,0,1
2254,send,11:66:F0:00:01:3D,7,,1,1
2261,ack,11:66:F0:00:01:3D,,0,0,1
2380,send,11:66:F0:00:01:3D,8,,1,1
2388,ack,11:66:F0:00:01:3D,,0,0,1
4171,send,11:66:F0:00:01:3D,9,,1,1
4177,ack,11:66:F0:00:01:3D,,0,0,1
4879,send,11:66:F0:00:01:3D,10,,1,1
4888,ack,11:66:F0:00:01:3D,,0,0,1
4988,send,11:66:F0:00:01:3D,11,,1,1
4995,ack,11:66:F0:00:01:3D,,0,0,1
5097,send,11:66:F0:00:01:3D,12,,1,1
5106,ack,11:66:F0:00:01:3D,,0,0,1
5206,send,11:66:F0:00:01:3D,13,,1,1
5213,ack,11:66:F0:00:01:3D,,0,0,1
5313,send,11:66:F0:00:01:3D,14,,1,1
5320,ack,11:66:F0:00:01:3D,,0,0,1
5440,send,11:66:F0:00:01:3D,15,,1,1
5443,ack,11:66:F0:00:01:3D,,0,0,1
5545,send,11:66:F0:00:01:3D,16,,1,1
5554,ack,11:66:F0:00:01:3D,,0,0,1
5655,send,11:66:F0:00:01:3D,17,,1,1
5663,ack,11:66:F0:00:01:3D,,0,0,1
5762,send,11:66:F0:00:01:3D,18,,1,1
5770,ack,11:66:F0:00:01:3D,,0,0,1
5871,send,11:66:F0:00:01:3D,19,,1,1
5879,ack,11:66:F0:00:01:3D,,0,0,1
5978,send,11:66:F0:00:01:3D,20,,1,1
5990,ack,11:66:F0:00:01:3D,,0,0,1
6089,send,11:66:F0:00:01:3D,21,,1,1
6095,ack,11:66:F0:00:01:3D,,0,0,1
6197,send,11:66:F0:00:01:3D,22,,1,1
6205,ack,11:66:F0:00:01:3D,,0,0,1
6306,send,11:66:F0:00:01:3D,23,,1,1
6315,ack,11:66:F0:00:01:3D,,0,0,1
6416,send,11:66:F0:00:01:3D,24,,1,1
6425,ack,11:66:F0:00:01:3D,,0,0,1
6524,send,11:66:F0:00:01:3D,25,,1,1
6532,ack,11:66:F0:00:01:3D,,0,0,1
6632,send,11:66:F0:00:01:3D,26,,1,1
6640,ack,11:66:F0:00:01:3D,,0,0,1
6741,send,11:66:F0:00:01:3D,27,,1,1
6748,ack,11:66:F0:00:01:3D,,0,0,1
6848,send,11:66:F0:00:01:3D,28,,1,1
6856,ack,11:66:F0:00:01:3D,,0,0,1
6955,send,11:66:F0:00:01:3D,29,,1,1
6958,ack,11:66:F0:00:01:3D,,0,0,1
7060,send,11:66:F0:00:01:3D,30,,1,1
7065,ack,11:66:F0:00:01:3D,,0,0,1
7167,send,11:66:F0:00:01:3D,31,,1,1
7174,ack,11:66:F0:00:01:3D,,0,0,1
7276,send,11:66:F0:00:01:3D,32,,1,1
7283,ack,11:66:F0:00:01:3D,,0,0,1
7383,send,11:66:F0:00:01:3D,33,,1,1
7391,ack,11:66:F0:00:01:3D,,0,0,1
7491,send,11:66:F0:00:01:3D,34,,1,1
7497,ack,11:66:F0:00:01:3D,,0,0,1
7600,send,11:66:F0:00:01:3D,35,,1,1
7609,ack,11:66:F0:00:01:3D,,0,0,1
7709,send,11:66:F0:00:01:3D,36,,1,1
7718,ack,11:66:F0:00:01:3D,,0,0,1
7819,send,11:66:F0:00:01:3D,37,,1,1
7828,ack,11:66:F0:00:01:3D,,0,0,1
7928,send,11:66:F0:00:01:3D,38,,1,1
7935,ack,11:66:F0:00:01:3D,,0,0,1
8036,send,11:66:F0:00:01:3D,39,,1,1
8044,ack,11:66:F0:00:01:3D,,0,0,1
8145,send,11:66:F0:00:01:3D,40,,1,1
8152,ack,11:66:F0:00:01:3D,,0,0,1
8252,send,11:66:F0:00:01:3D,41,,1,1
8258,ack,11:66:F0:00:01:3D,,0,0,1
8360,send,11:66:F0:00:01:3D,42,,1,1
8371,ack,11:66:F0:00:01:3D,,0,0,1
8470,send,11:66:F0:00:01:3D,43,,1,1
8479,ack,11:66:F0:00:01:3D,,0,0,1
8577,send,11:66:F0:00:01:3D,44,,1,1
8587,ack,11:66:F0:00:01:3D,,0,0,1
8687,send,11:66:F0:00:01:3D,45,,1,1
8694,ack,11:66:F0:00:01:3D,,0,0,1
8794,send,11:66:F0:00:01:3D,46,,1,1
8805,ack,11:66:F0:00:01:3D,,0,0,1
8902,send,11:66:F0:00:01:3D,47,,1,1
8912,ack,11:66:F0:00:01:3D,,0,0,1
9011,send,11:66:F0:00:01:3D,48,,1,1
9018,ack,11:66:F0:00:01:3D,,0,0,1
9120,send,11:66:F0:00:01:3D,49,,1,1
9127,ack,11:66:F0:00:01:3D,,0,0,1
9225,send,11:66:F0:00:01:3D,50,,1,1
9231,ack,11:66:F0:00:01:3D,,0,0,1
9932,send,11:66:F0:00:01:3D,51,,1,1
9942,ack,11:66:F0:00:01:3D,,0,0,1
9993,send,11:66:F0:00:01:3D,52,,1,1
10003,ack,11:66:F0:00:01:3D,,0,0,1
10052,send,11:66:F0:00:01:3D,53,,1,1
10059,ack,11:66:F0:00:01:3D,,0,0,1
10110,send,11:66:F0:00:01:3D,54,,1,1
10119,ack,11:66:F0:00:01:3D,,0,0,1
10168,send,11:66:F0:00:01:3D,55,,1,1
10179,ack,11:66:F0:00:01:3D,,0,0,1
10228,send,11:66:F0:00:01:3D,56,,1,1
10236,ack,11:66:F0:00:01:3D,,0,0,1
10288,send,11:66:F0:00:01:3D,57,,1,1
10297,ack,11:66:F0:00:01:3D,,0,0,1
10347,send,11:66:F0:00:01:3D,58,,1,1
10353,ack,11:66:F0:00:01:3D,,0,0,1
10404,send,11:66:F0:00:01:3D,59,,1,1
10410,ack,11:66:F0:00:01:3D,,0,0,1
10461,send,11:66:F0:00:01:3D,60,,1,1
10466,ack,11:66:F0:00:01:3D,,0,0,1
10516,send,11:66:F0:00:01:3D,61,,1,1
10523,ack,11:66:F0:00:01:3D,,0,0,1
10573,send,11:66:F0:00:01:3D,62,,1,1
10582,ack,11:66:F0:00:01:3D,,0,0,1
10631,send,11:66:F0:00:01:3D,63,,1,1
10637,ack,11:66:F0:00:01:3D,,0,0,1
10686,send,11:66:F0:00:01:3D,64,,1,1
10694,ack,11:66:F0:00:01:3D,,0,0,1
10744,send,11:66:F0:00:01:3D,65,,1,1
10751,ack,11:66:F0:00:01:3D,,0,0,1
10803,send,11:66:F0:00:01:3D,66,,1,1
10809,ack,11:66:F0:00:01:3D,,0,0,1
10860,send,11:66:F0:00:01:3D,67,,1,1
10866,ack,11:66:F0:00:01:3D,,0,0,1
10915,send,11:66:F0:00:01:3D,68,,1,1
10922,ack,11:66:F0:00:01:3D,,0,0,1
10973,send,11:66:F0:00:01:3D,69,,1,1
10981,ack,11:66:F0:00:01:3D,,0,0,1
11032,send,11:66:F0:00:01:3D,70,,1,1
11038,ack,11:66:F0:00:01:3D,,0,0,1
11088,send,11:66:F0:00:01:3D,71,,1,1
11095,ack,11:66:F0:00:01:3D,,0,0,1
11146,send,11:66:F0:00:01:3D,72,,1,1
11155,ack,11:66:F0:00:01:3D,,0,0,1
11205,send,11:66:F0:00:01:3D,73,,1,1
11212,ack,11:66:F0:00:01:3D,,0,0,1
11262,send,11:66:F0:00:01:3D,74,,1,1
11268,ack,11:66:F0:00:01:3D,,0,0,1
11320,send,11:66:F0:00:01:3D,75,,1,1
11328,ack,11:66:F0:00:01:3D,,0,0,1
11376,send,11:66:F0:00:01:3D,76,,1,1
11383,ack,11:66:F0:00:01:3D,,0,0,1
11443,send,11:66:F0:00:01:3D,77,,1,1
11448,ack,11:66:F0:00:01:3D,,0,0,1
11498,send,11:66:F0:00:01:3D,78,,1,1
11508,ack,11:66:F0:00:01:3D,,0,0,1
11558,send,11:66:F0:00:01:3D,79,,1,1
11569,ack,11:66:F0:00:01:3D,,0,0,1
11619,send,11:66:F0:00:01:3D,80,,1,1
11627,ack,11:66:F0:00:01:3D,,0,0,1
11676,send,11:66:F0:00:01:3D,81,,1,1
11683,ack,11:66:F0:00:01:3D,,0,0,1
11734,send,11:66:F0:00:01:3D,82,,1,1
11743,ack,11:66:F0:00:01:3D,,0,0,1
11795,send,11:66:F0:00:01:3D,83,,1,1
11802,ack,11:66:F0:00:01:3D,,0,0,1
11853,send,11:66:F0:00:01:3D,84,,1,1
11862,ack,11:66:F0:00:01:3D,,0,0,1
11913,send,11:66:F0:00:01:3D,85,,1,1
11921,ack,11:66:F0:00:01:3D,,0,0,1
11971,send,11:66:F0:00:01:3D,86,,1,1
11979,ack,11:66:F0:00:01:3D,,0,0,1
12029,send,11:66:F0:00:01:3D,87,,1,1
12035,ack,11:66:F0:00:01:3D,,0,0,1
12086,send,11:66:F0:00:01:3D,88,,1,1
12095,ack,11:66:F0:00:01:3D,,0,0,1
12146,send,11:66:F0:00:01:3D,89,,1,1
12154,ack,11:66:F0:00:01:3D,,0,0,1
12205,send,11:66:F0:00:01:3D,90,,1,1
12212,ack,11:66:F0:00:01:3D,,0,0,1
12260,send,11:66:F0:00:01:3D,91,,1,1
12268,ack,11:66:F0:00:01:3D,,0,0,1
12319,send,11:66:F0:00:01:3D,92,,1,1
12326,ack,11:66:F0:00:01:3D,,0,0,1
12376,send,11:66:F0:00:01:3D,93,,1,1
12385,ack,11:66:F0:00:01:3D,,0,0,1
12436,send,11:66:F0:00:01:3D,94,,1,1
12444,ack,11:66:F0:00:01:3D,,0,0,1
12496,send,11:66:F0:00:01:3D,95,,1,1
12507,ack,11:66:F0:00:01:3D,,0,0,1
12556,send,11:66:F0:00:01:3D,96,,1,1
12564,ack,11:66:F0:00:01:3D,,0,0,1
12614,send,11:66:F0:00:01:3D,97,,1,1
12621,ack,11:66:F0:00:01:3D,,0,0,1
12671,send,11:66:F0:00:01:3D,98,,1,1
12678,ack,11:66:F0:00:01:3D,,0,0,1
12728,send,11:66:F0:00:01:3D,99,,1,1
12733,ack,11:66:F0:00:01:3D,,0,0,1
12784,send,11:66:F0:00:01:3D,100,,1,1
12788,ack,11:66:F0:00:01:3D,,0,0,1
12838,send,11:66:F0:00:01:3D,101,,1,1
12843,ack,11:66:F0:00:01:3D,,0,0,1
12893,send,11:66:F0:00:01:3D,102,,1,1
12900,ack,11:66:F0:00:01:3D,,0,0,1
12950,send,11:66:F0:00:01:3D,103,,1,1
12958,ack,11:66:F0:00:01:3D,,0,0,1
13007,send,11:66:F0:00:01:3D,104,,1,1
13016,ack,11:66:F0:00:01:3D,,0,0,1
13065,send,11:66:F0:00:01:3D,105,,1,1
13071,ack,11:66:F0:00:01:3D,,0,0,1
13123,send,11:66:F0:00:01:3D,106,,1,1
13130,ack,11:66:F0:00:01:3D,,0,0,1
13180,send,11:66:F0:00:01:3D,107,,1,1
13186,ack,11:66:F0:00:01:3D,,0,0,1
13235,send,11:66:F0:00:01:3D,108,,1,1
13241,ack,11:66:F0:00:01:3D,,0,0,1
13290,send,11:66:F0:00:01:3D,109,,1,1
13297,ack,11:66:F0:00:01:3D,,0,0,1
13348,send,11:66:F0:00:01:3D,110,,1,1
13354,ack,11:66:F0:00:01:3D,,0,0,1
13406,send,11:66:F0:00:01:3D,111,,1,1
13411,ack,11:66:F0:00:01:3D,,0,0,1
13462,send,11:66:F0:00:01:3D,112,,1,1
13466,ack,11:66:F0:00:01:3D,,0,0,1
13517,send,11:66:F0:00:01:3D,113,,1,1
13521,ack,11:66:F0:00:01:3D,,0,0,1
13571,send,11:66:F0:00:01:3D,114,,1,1
13577,ack,11:66:F0:00:01:3D,,0,0,1
13628,send,11:66:F0:00:01:3D,115,,1,1
13636,ack,11:66:F0:00:01:3D,,0,0,1
13683,send,11:66:F0:00:01:3D,116,,1,1
13690,ack,11:66:F0:00:01:3D,,0,0,1
13741,send,11:66:F0:00:01:3D,117,,1,1
13747,ack,11:66:F0:00:01:3D,,0,0,1
13797,send,11:66:F0:00:01:3D,118,,1,1
13805,ack,11:66:F0:00:01:3D,,0,0,1
13855,send,11:66:F0:00:01:3D,119,,1,1
13863,ack,11:66:F0:00:01:3D,,0,0,1
13913,send,11:66:F0:00:01:3D,120,,1,1
13920,ack,11:66:F0:00:01:3D,,0,0,1
13969,send,11:66:F0:00:01:3D,121,,1,1
13976,ack,11:66:F0:00:01:3D,,0,0,1
14026,send,11:66:F0:00:01:3D,122,,1,1
14033,ack,11:66:F0:00:01:3D,,0,0,1
14084,send,11:66:F0:00:01:3D,123,,1,1
14091,ack,11:66:F0:00:01:3D,,0,0,1
14141,send,11:66:F0:00:01:3D,124,,1,1
14152,ack,11:66:F0:00:01:3D,,0,0,1
14201,send,11:66:F0:00:01:3D,125,,1,1
14207,ack,11:66:F0:00:01:3D,,0,0,1
14258,send,11:66:F0:00:01:3D,126,,1,1
14265,ack,11:66:F0:00:01:3D,,0,0,1
14317,send,11:66:F0:00:01:3D,127,,1,1
14326,ack,11:66:F0:00:01:3D,,0,0,1
14378,send,11:66:F0:00:01:3D,128,,1,1
14387,ack,11:66:F0:00:01:3D,,0,0,1
14438,send,11:66:F0:00:01:3D,129,,1,1
14445,ack,11:66:F0:00:01:3D,,0,0,1
14494,send,11:66:F0:00:01:3D,130,,1,1
14500,ack,11:66:F0:00:01:3D,,0,0,1
14550,send,11:66:F0:00:01:3D,131,,1,1
14558,ack,11:66:F0:00:01:3D,,0,0,1
15258,send,11:66:F0:00:01:3D,132,,1,1
15264,ack,11:66:F0:00:01:3D,,0,0,1
15299,send,11:66:F0:00:01:3D,133,,1,1
15306,ack,11:66:F0:00:01:3D,,0,0,1
15339,send,11:66:F0:00:01:3D,134,,1,1
15348,ack,11:66:F0:00:01:3D,,0,0,1
15380,send,11:66:F0:00:01:3D,135,,1,1
15387,ack,11:66:F0:00:01:3D,,0,0,1
15419,send,11:66:F0:00:01:3D,136,,1,1
15427,ack,11:66:F0:00:01:3D,,0,0,1
15468,send,11:66:F0:00:01:3D,137,,1,1
15475,ack,11:66:F0:00:01:3D,,0,0,1
15509,send,11:66:F0:00:01:3D,138,,1,1
15517,ack,11:66:F0:00:01:3D,,0,0,1
15549,send,11:66:F0:00:01:3D,139,,1,1
15557,ack,11:66:F0:00:01:3D,,0,0,1
15590,send,11:66:F0:00:01:3D,140,,1,1
15596,ack,11:66:F0:00:01:3D,,0,0,1
15630,send,11:66:F0:00:01:3D,141,,1,1
15637,ack,11:66:F0:00:01:3D,,0,0,1
15672,send,11:66:F0:00:01:3D,142,,1,1
15679,ack,11:66:F0:00:01:3D,,0,0,1
15714,send,11:66:F0:00:01:3D,143,,1,1
15723,ack,11:66:F0:00:01:3D,,0,0,1
15756,send,11:66:F0:00:01:3D,144,,1,1
15762,ack,11:66:F0:00:01:3D,,0,0,1
15796,send,11:66:F0:00:01:3D,145,,1,1
15804,ack,11:66:F0:00:01:3D,,0,0,1
15835,send,11:66:F0:00:01:3D,146,,1,1
15840,ack,11:66:F0:00:01:3D,,0,0,1
15876,send,11:66:F0:00:01:3D,147,,1,1
15882,ack,11:66:F0:00:01:3D,,0,0,1
15915,send,11:66:F0:00:01:3D,148,,1,1
15924,ack,11:66:F0:00:01:3D,,0,0,1
15955,send,11:66:F0:00:01:3D,149,,1,1
15964,ack,11:66:F0:00:01:3D,,0,0,1
15995,send,11:66:F0:00:01:3D,150,,1,1
16003,ack,11:66:F0:00:01:3D,,0,0,1
16033,send,11:66:F0:00:01:3D,151,,1,1
16040,ack,11:66:F0:00:01:3D,,0,0,1
16072,send,11:66:F0:00:01:3D,152,,1,1
16077,ack,11:66:F0:00:01:3D,,0,0,1
16110,send,11:66:F0:00:01:3D,153,,1,1
16115,ack,11:66:F0:00:01:3D,,0,0,1
16152,send,11:66:F0:00:01:3D,154,,1,1
16158,ack,11:66:F0:00:01:3D,,0,0,1
16190,send,11:66:F0:00:01:3D,155,,1,1
16196,ack,11:66:F0:00:01:3D,,0,0,1
16229,send,11:66:F0:00:01:3D,156,,1,1
16236,ack,11:66:F0:00:01:3D,,0,0,1
16270,send,11:66:F0:00:01:3D,157,,1,1
16276,ack,11:66:F0:00:01:3D,,0,0,1
16313,send,11:66:F0:00:01:3D,158,,1,1
16319,ack,11:66:F0:00:01:3D,,0,0,1
16353,send,11:66:F0:00:01:3D,159,,1,1
16361,ack,11:66:F0:00:01:3D,,0,0,1
16395,send,11:66:F0:00:01:3D,160,,1,1
16403,ack,11:66:F0:00:01:3D,,0,0,1
16435,send,11:66:F0:00:01:3D,161,,1,1
16443,ack,11:66:F0:00:01:3D,,0,0,1
16476,send,11:66:F0:00:01:3D,162,,1,1
16483,ack,11:66:F0:00:01:3D,,0,0,1
16517,send,11:66:F0:00:01:3D,163,,1,1
16522,ack,11:66:F0:00:01:3D,,0,0,1
16554,send,11:66:F0:00:01:3D,164,,1,1
16560,ack,11:66:F0:00:01:3D,,0,0,1
16593,send,11:66:F0:00:01:3D,165,,1,1
16598,ack,11:66:F0:00:01:3D,,0,0,1
16631,send,11:66:F0:00:01:3D,166,,1,1
16637,ack,11:66:F0:00:01:3D,,0,0,1
16671,send,11:66:F0:00:01:3D,167,,1,1
16679,ack,11:66:F0:00:01:3D,,0,0,1
16713,send,11:66:F0:00:01:3D,168,,1,1
16719,ack,11:66:F0:00:01:3D,,0,0,1
16753,send,11:66:F0:00:01:3D,169,,1,1
16761,ack,11:66:F0:00:01:3D,,0,0,1
16795,send,11:66:F0:00:01:3D,170,,1,1
16802,ack,11:66:F0:00:01:3D,,0,0,1
16834,send,11:66:F0:00:01:3D,171,,1,1
16841,ack,11:66:F0:00:01:3D,,0,0,1
16873,send,11:66:F0:00:01:3D,172,,1,1
16882,ack,11:66:F0:00:01:3D,,0,0,1
16918,send,11:66:F0:00:01:3D,173,,1,1
16925,ack,11:66:F0:00:01:3D,,0,0,1
16959,send,11:66:F0:00:01:3D,174,,1,1
16966,ack,11:66:F0:00:01:3D,,0,0,1
17001,send,11:66:F0:00:01:3D,175,,1,1
17009,ack,11:66:F0:00:01:3D,,0,0,1
17040,send,11:66:F0:00:01:3D,176,,1,1
17047,ack,11:66:F0:00:01:3D,,0,0,1
17082,send,11:66:F0:00:01:3D,177,,1,1
17090,ack,11:66:F0:00:01:3D,,0,0,1
17121,send,11:66:F0:00:01:3D,178,,1,1
17131,ack,11:66:F0:00:01:3D,,0,0,1
17163,send,11:66:F0:00:01:3D,179,,1,1
17173,ack,11:66:F0:00:01:3D,,0,0,1
17205,send,11:66:F0:00:01:3D,180,,1,1
17211,ack,11:66:F0:00:01:3D,,0,0,1
17245,send,11:66:F0:00:01:3D,181,,1,1
17251,ack,11:66:F0:00:01:3D,,0,0,1
17285,send,11:66:F0:00:01:3D,182,,1,1
17291,ack,11:66:F0:00:01:3D,,0,0,1
17327,send,11:66:F0:00:01:3D,183,,1,1
17335,ack,11:66:F0:00:01:3D,,0,0,1
17369,send,11:66:F0:00:01:3D,184,,1,1
17380,ack,11:66:F0:00:01:3D,,0,0,1
17415,send,11:66:F0:00:01:3D,185,,1,1
17423,ack,11:66:F0:00:01:3D,,0,0,1
17457,send,11:66:F0:00:01:3D,186,,1,1
17464,ack,11:66:F0:00:01:3D,,0,0,1
17497,send,11:66:F0:00:01:3D,187,,1,1
17503,ack,11:66:F0:00:01:3D,,0,0,1
17537,send,11:66:F0:00:01:3D,188,,1,1
17545,ack,11:66:F0:00:01:3D,,0,0,1
17578,send,11:66:F0:00:01:3D,189,,1,1
17586,ack,11:66:F0:00:01:3D,,0,0,1
17620,send,11:66:F0:00:01:3D,190,,1,1
17627,ack,11:66:F0:00:01:3D,,0,0,1
17660,send,11:66:F0:00:01:3D,191,,1,1
17666,ack,11:66:F0:00:01:3D,,0,0,1
17699,send,11:66:F0:00:01:3D,192,,1,1
17705,ack,11:66:F0:00:01:3D,,0,0,1
17737,send,11:66:F0:00:01:3D,193,,1,1
17742,ack,11:66:F0:00:01:3D,,0,0,1
17776,send,11:66:F0:00:01:3D,194,,1,1
17783,ack,11:66:F0:00:01:3D,,0,0,1
17821,send,11:66:F0:00:01:3D,195,,1,1
17831,ack,11:66:F0:00:01:3D,,0,0,1
17861,send,11:66:F0:00:01:3D,196,,1,1
17871,ack,11:66:F0:00:01:3D,,0,0,1
17902,send,11:66:F0:00:01:3D,197,,1,1
17908,ack,11:66:F0:00:01:3D,,0,0,1
17942,send,11:66:F0:00:01:3D,198,,1,1
17949,ack,11:66:F0:00:01:3D,,0,0,1
17981,send,11:66:F0:00:01:3D,199,,1,1
17988,ack,11:66:F0:00:01:3D,,0,0,1
18022,send,11:66:F0:00:01:3D,200,,1,1
18027,ack,11:66:F0:00:01:3D,,0,0,1
18061,send,11:66:F0:00:01:3D,201,,1,1
18067,ack,11:66:F0:00:01:3D,,0,0,1
18099,send,11:66:F0:00:01:3D,202,,1,1
18106,ack,11:66:F0:00:01:3D,,0,0,1
18141,send,11:66:F0:00:01:3D,203,,1,1
18147,ack,11:66:F0:00:01:3D,,0,0,1
18180,send,11:66:F0:00:01:3D,204,,1,1
18185,ack,11:66:F0:00:01:3D,,0,0,1
18219,send,11:66:F0:00:01:3D,205,,1,1
18225,ack,11:66:F0:00:01:3D,,0,0,1
18258,send,11:66:F0:00:01:3D,206,,1,1
18265,ack,11:66:F0:00:01:3D,,0,0,1
18299,send,11:66:F0:00:01:3D,207,,1,1
18305,ack,11:66:F0:00:01:3D,,0,0,1
18339,send,11:66:F0:00:01:3D,208,,1,1
18350,ack,11:66:F0:00:01:3D,,0,0,1
18382,send,11:66:F0:00:01:3D,209,,1,1
18389,ack,11:66:F0:00:01:3D,,0,0,1
18423,send,11:66:F0:00:01:3D,210,,1,1
18430,ack,11:66:F0:00:01:3D,,0,0,1
18468,send,11:66:F0:00:01:3D,211,,1,1
18473,ack,11:66:F0:00:01:3D,,0,0,1
18506,send,11:66:F0:00:01:3D,212,,1,1
18511,ack,11:66:F0:00:01:3D,,0,0,1
18544,send,11:66:F0:00:01:3D,213,,1,1
18552,ack,11:66:F0:00:01:3D,,0,0,1
18585,send,11:66:F0:00:01:3D,214,,1,1
18591,ack,11:66:F0:00:01:3D,,0,0,1
18623,send,11:66:F0:00:01:3D,215,,1,1
18630,ack,11:66:F0:00:01:3D,,0,0,1
18663,send,11:66:F0:00:01:3D,216,,1,1
18673,ack,11:66:F0:00:01:3D,,0,0,1
18706,send,11:66:F0:00:01:3D,217,,1,1
18712,ack,11:66:F0:00:01:3D,,0,0,1
18747,send,11:66:F0:00:01:3D,218,,1,1
18761,ack,11:66:F0:00:01:3D,,0,0,1
18794,send,11:66:F0:00:01:3D,219,,1,1
18802,ack,11:66:F0:00:01:3D,,0,0,1
18833,send,11:66:F0:00:01:3D,220,,1,1
18843,ack,11:66:F0:00:01:3D,,0,0,1
18873,send,11:66:F0:00:01:3D,221,,1,1
18885,ack,11:66:F0:00:01:3D,,0,0,1
18916,send,11:66:F0:00:01:3D,222,,1,1
18921,ack,11:66:F0:00:01:3D,,0,0,1
18954,send,11:66:F0:00:01:3D,223,,1,1
18961,ack,11:66:F0:00:01:3D,,0,0,1
18995,send,11:66:F0:00:01:3D,224,,1,1
19001,ack,11:66:F0:00:01:3D,,0,0,1
19033,send,11:66:F0:00:01:3D,225,,1,1
19040,ack,11:66:F0:00:01:3D,,0,0,1
19074,send,11:66:F0:00:01:3D,226,,1,1
19079,ack,11:66:F0:00:01:3D,,0,0,1
19114,send,11:66:F0:00:01:3D,227,,1,1
19123,ack,11:66:F0:00:01:3D,,0,0,1
19154,send,11:66:F0:00:01:3D,228,,1,1
19161,ack,11:66:F0:00:01:3D,,0,0,1
19193,send,11:66:F0:00:01:3D,229,,1,1
19198,ack,11:66:F0:00:01:3D,,0,0,1
19231,send,11:66:F0:00:01:3D,230,,1,1
19236,ack,11:66:F0:00:01:3D,,0,0,1
19272,send,11:66:F0:00:01:3D,231,,1,1
19280,ack,11:66:F0:00:01:3D,,0,0,1
19312,send,11:66:F0:00:01:3D,232,,1,1
19320,ack,11:66:F0:00:01:3D,,0,0,1
19353,send,11:66:F0:00:01:3D,233,,1,1
19358,ack,11:66:F0:00:01:3D,,0,0,1
19391,send,11:66:F0:00:01:3D,234,,1,1
19398,ack,11:66:F0:00:01:3D,,0,0,1
19431,send,11:66:F0:00:01:3D,235,,1,1
19439,ack,11:66:F0:00:01:3D,,0,0,1
19470,send,11:66:F0:00:01:3D,236,,1,1
19476,ack,11:66:F0:00:01:3D,,0,0,1
19509,send,11:66:F0:00:01:3D,237,,1,1
19515,ack,11:66:F0:00:01:3D,,0,0,1
19548,send,11:66:F0:00:01:3D,238,,1,1
19554,ack,11:66:F0:00:01:3D,,0,0,1
19588,send,11:66:F0:00:01:3D,239,,1,1
19594,ack,11:66:F0:00:01:3D,,0,0,1
19627,send,11:66:F0:00:01:3D,240,,1,1
19633,ack,11:66:F0:00:01:3D,,0,0,1
19667,send,11:66:F0:00:01:3D,241,,1,1
19675,ack,11:66:F0:00:01:3D,,0,0,1
19708,send,11:66:F0:00:01:3D,242,,1,1
19716,ack,11:66:F0:00:01:3D,,0,0,1
19750,send,11:66:F0:00:01:3D,243,,1,1
19757,ack,11:66:F0:00:01:3D,,0,0,1
19790,send,11:66:F0:00:01:3D,244,,1,1
19798,ack,11:66:F0:00:01:3D,,0,0,1
19831,send,11:66:F0:00:01:3D,245,,1,1
19837,ack,11:66:F0:00:01:3D,,0,0,1
19870,send,11:66:F0:00:01:3D,246,,1,1
19875,ack,11:66:F0:00:01:3D,,0,0,1
19910,send,11:66:F0:00:01:3D,247,,1,1
19918,ack,11:66:F0:00:01:3D,,0,0,1
19950,send,11:66:F0:00:01:3D,248,,1,1
19955,ack,11:66:F0:00:01:3D,,0,0,1
19989,send,11:66:F0:00:01:3D,249,,1,1
19995,ack,11:66:F0:00:01:3D,,0,0,1
20028,send,11:66:F0:00:01:3D,250,,1,1
20034,ack,11:66:F0:00:01:3D,,0,0,1
20068,send,11:66:F0:00:01:3D,251,,1,1
20073,ack,11:66:F0:00:01:3D,,0,0,1
20108,send,11:66:F0:00:01:3D,252,,1,1
20114,ack,11:66:F0:00:01:3D,,0,0,1
20814,send,11:66:F0:00:01:3D,253,,1,1
20820,ack,11:66:F0:00:01:3D,,0,0,1
20841,send,11:66:F0:00:01:3D,254,,1,1
20849,ack,11:66:F0:00:01:3D,,0,0,1
20868,send,11:66:F0:00:01:3D,255,,1,1
20875,ack,11:66:F0:00:01:3D,,0,0,1
20895,send,11:66:F0:00:01:3D,256,,1,1
20901,ack,11:66:F0:00:01:3D,,0,0,1
20920,send,11:66:F0:00:01:3D,257,,1,1
20925,ack,11:66:F0:00:01:3D,,0,0,1
20946,send,11:66:F0:00:01:3D,258,,1,1
20952,ack,11:66:F0:00:01:3D,,0,0,1
20973,send,11:66:F0:00:01:3D,259,,1,1
20981,ack,11:66:F0:00:01:3D,,0,0,1
21000,send,11:66:F0:00:01:3D,260,,1,1
21007,ack,11:66:F0:00:01:3D,,0,0,1
21026,send,11:66:F0:00:01:3D,261,,1,1
21032,ack,11:66:F0:00:01:3D,,0,0,1
21052,send,11:66:F0:00:01:3D,262,,1,1
21057,ack,11:66:F0:00:01:3D,,0,0,1
21078,send,11:66:F0:00:01:3D,263,,1,1
21085,ack,11:66:F0:00:01:3D,,0,0,1
21104,send,11:66:F0:00:01:3D,264,,1,1
21110,ack,11:66:F0:00:01:3D,,0,0,1
21129,send,11:66:F0:00:01:3D,265,,1,1
21134,ack,11:66:F0:00:01:3D,,0,0,1
21155,send,11:66:F0:00:01:3D,266,,1,1
21160,ack,11:66:F0:00:01:3D,,0,0,1
21180,send,11:66:F0:00:01:3D,267,,1,1
21188,ack,11:66:F0:00:01:3D,,0,0,1
21206,send,11:66:F0:00:01:3D,268,,1,1
21213,ack,11:66:F0:00:01:3D,,0,0,1
21232,send,11:66:F0:00:01:3D,269,,1,1
21238,ack,11:66:F0:00:01:3D,,0,0,1
21261,send,11:66:F0:00:01:3D,270,,1,1
21270,ack,11:66:F0:00:01:3D,,0,0,1
21289,send,11:66:F0:00:01:3D,271,,1,1
21295,ack,11:66:F0:00:01:3D,,0,0,1
21317,send,11:66:F0:00:01:3D,272,,1,1
21324,ack,11:66:F0:00:01:3D,,0,0,1
21346,send,11:66:F0:00:01:3D,273,,1,1
21353,ack,11:66:F0:00:01:3D,,0,0,1
21373,send,11:66:F0:00:01:3D,274,,1,1
21379,ack,11:66:F0:00:01:3D,,0,0,1
21399,send,11:66:F0:00:01:3D,275,,1,1
21404,ack,11:66:F0:00:01:3D,,0,0,1
21425,send,11:66:F0:00:01:3D,276,,1,1
21431,ack,11:66:F0:00:01:3D,,0,0,1
21468,send,11:66:F0:00:01:3D,277,,1,1
21472,ack,11:66:F0:00:01:3D,,0,0,1
21490,send,11:66:F0:00:01:3D,278,,1,1
21496,ack,11:66:F0:00:01:3D,,0,0,1
21516,send,11:66:F0:00:01:3D,279,,1,1
21521,ack,11:66:F0:00:01:3D,,0,0,1
21541,send,11:66:F0:00:01:3D,280,,1,1
21546,ack,11:66:F0:00:01:3D,,0,0,1
21565,send,11:66:F0:00:01:3D,281,,1,1
21572,ack,11:66:F0:00:01:3D,,0,0,1
21591,send,11:66:F0:00:01:3D,282,,1,1
21596,ack,11:66:F0:00:01:3D,,0,0,1
21616,send,11:66:F0:00:01:3D,283,,1,1
21624,ack,11:66:F0:00:01:3D,,0,0,1
21643,send,11:66:F0:00:01:3D,284,,1,1
21648,ack,11:66:F0:00:01:3D,,0,0,1
21670,send,11:66:F0:00:01:3D,285,,1,1
21677,ack,11:66:F0:00:01:3D,,0,0,1
21697,send,11:66:F0:00:01:3D,286,,1,1
21704,ack,11:66:F0:00:01:3D,,0,0,1
21723,send,11:66:F0:00:01:3D,287,,1,1
21729,ack,11:66:F0:00:01:3D,,0,0,1
21750,send,11:66:F0:00:01:3D,288,,1,1
21755,ack,11:66:F0:00:01:3D,,0,0,1
21775,send,11:66:F0:00:01:3D,289,,1,1
21781,ack,11:66:F0:00:01:3D,,0,0,1
21801,send,11:66:F0:00:01:3D,290,,1,1
21806,ack,11:66:F0:00:01:3D,,0,0,1
21826,send,11:66:F0:00:01:3D,291,,1,1
21834,ack,11:66:F0:00:01:3D,,0,0,1
21854,send,11:66:F0:00:01:3D,292,,1,1
21861,ack,11:66:F0:00:01:3D,,0,0,1
21880,send,11:66:F0:00:01:3D,293,,1,1
21886,ack,11:66:F0:00:01:3D,,0,0,1
21908,send,11:66:F0:00:01:3D,294,,1,1
21914,ack,11:66:F0:00:01:3D,,0,0,1
21935,send,11:66:F0:00:01:3D,295,,1,1
21941,ack,11:66:F0:00:01:3D,,0,0,1
21961,send,11:66:F0:00:01:3D,296,,1,1
21966,ack,11:66:F0:00:01:3D,,0,0,1
21988,send,11:66:F0:00:01:3D,297,,1,1
21996,ack,11:66:F0:00:01:3D,,0,0,1
22018,send,11:66:F0:00:01:3D,298,,1,1
22023,ack,11:66:F0:00:01:3D,,0,0,1
22043,send,11:66:F0:00:01:3D,299,,1,1
22048,ack,11:66:F0:00:01:3D,,0,0,1
22068,send,11:66:F0:00:01:3D,300,,1,1
22075,ack,11:66:F0:00:01:3D,,0,0,1
22095,send,11:66:F0:00:01:3D,301,,1,1
22102,ack,11:66:F0:00:01:3D,,0,0,1
22121,send,11:66:F0:00:01:3D,302,,1,1
22127,ack,11:66:F0:00:01:3D,,0,0,1
22146,send,11:66:F0:00:01:3D,303,,1,1
22153,ack,11:66:F0:00:01:3D,,0,0,1
22171,send,11:66:F0:00:01:3D,304,,1,1
22179,ack,11:66:F0:00:01:3D,,0,0,1
22197,send,11:66:F0:00:01:3D,305,,1,1
22206,ack,11:66:F0:00:01:3D,,0,0,1
22224,send,11:66:F0:00:01:3D,306,,1,1
22230,ack,11:66:F0:00:01:3D,,0,0,1
22251,send,11:66:F0:00:01:3D,307,,1,1
22257,ack,11:66:F0:00:01:3D,,0,0,1
22277,send,11:66:F0:00:01:3D,308,,1,1
22281,ack,11:66:F0:00:01:3D,,0,0,1
22303,send,11:66:F0:00:01:3D,309,,1,1
22309,ack,11:66:F0:00:01:3D,,0,0,1
22327,send,11:66:F0:00:01:3D,310,,1,1
22335,ack,11:66:F0:00:01:3D,,0,0,1
22355,send,11:66:F0:00:01:3D,311,,1,1
22360,ack,11:66:F0:00:01:3D,,0,0,1
22380,send,11:66:F0:00:01:3D,312,,1,1
22386,ack,11:66:F0:00:01:3D,,0,0,1
22404,send,11:66:F0:00:01:3D,313,,1,1
22409,ack,11:66:F0:00:01:3D,,0,0,1
22429,send,11:66:F0:00:01:3D,314,,1,1
22434,ack,11:66:F0:00:01:3D,,0,0,1
22469,send,11:66:F0:00:01:3D,315,,1,1
22472,ack,11:66:F0:00:01:3D,,0,0,1
22492,send,11:66:F0:00:01:3D,316,,1,1
22495,ack,11:66:F0:00:01:3D,,0,0,1
22516,send,11:66:F0:00:01:3D,317,,1,1
22522,ack,11:66:F0:00:01:3D,,0,0,1
22543,send,11:66:F0:00:01:3D,318,,1,1
22548,ack,11:66:F0:00:01:3D,,0,0,1
22569,send,11:66:F0:00:01:3D,319,,1,1
22575,ack,11:66:F0:00:01:3D,,0,0,1
22596,send,11:66:F0:00:01:3D,320,,1,1
22601,ack,11:66:F0:00:01:3D,,0,0,1
22621,send,11:66:F0:00:01:3D,321,,1,1
22626,ack,11:66:F0:00:01:3D,,0,0,1
22647,send,11:66:F0:00:01:3D,322,,1,1
22653,ack,11:66:F0:00:01:3D,,0,0,1
22672,send,11:66:F0:00:01:3D,323,,1,1
22680,ack,11:66:F0:00:01:3D,,0,0,1
22699,send,11:66:F0:00:01:3D,324,,1,1
22705,ack,11:66:F0:00:01:3D,,0,0,1
22725,send,11:66:F0:00:01:3D,325,,1,1
22732,ack,11:66:F0:00:01:3D,,0,0,1
22752,send,11:66:F0:00:01:3D,326,,1,1
22757,ack,11:66:F0:00:01:3D,,0,0,1
22778,send,11:66:F0:00:01:3D,327,,1,1
22785,ack,11:66:F0:00:01:3D,,0,0,1
22803,send,11:66:F0:00:01:3D,328,,1,1
22810,ack,11:66:F0:00:01:3D,,0,0,1
22830,send,11:66:F0:00:01:3D,329,,1,1
22835,ack,11:66:F0:00:01:3D,,0,0,1
22856,send,11:66:F0:00:01:3D,330,,1,1
22860,ack,11:66:F0:00:01:3D,,0,0,1
22881,send,11:66:F0:00:01:3D,331,,1,1
22888,ack,11:66:F0:00:01:3D,,0,0,1
22909,send,11:66:F0:00:01:3D,332,,1,1
22916,ack,11:66:F0:00:01:3D,,0,0,1
22936,send,11:66:F0:00:01:3D,333,,1,1
22942,ack,11:66:F0:00:01:3D,,0,0,1
22961,send,11:66:F0:00:01:3D,334,,1,1
22966,ack,11:66:F0:00:01:3D,,0,0,1
22988,send,11:66:F0:00:01:3D,335,,1,1
22994,ack,11:66:F0:00:01:3D,,0,0,1
23013,send,11:66:F0:00:01:3D,336,,1,1
23019,ack,11:66:F0:00:01:3D,,0,0,1
23038,send,11:66:F0:00:01:3D,337,,1,1
23043,ack,11:66:F0:00:01:3D,,0,0,1
23064,send,11:66:F0:00:01:3D,338,,1,1
23069,ack,11:66:F0:00:01:3D,,0,0,1
23090,send,11:66:F0:00:01:3D,339,,1,1
23095,ack,11:66:F0:00:01:3D,,0,0,1
23117,send,11:66:F0:00:01:3D,340,,1,1
23123,ack,11:66:F0:00:01:3D,,0,0,1
23144,send,11:66:F0:00:01:3D,341,,1,1
23151,ack,11:66:F0:00:01:3D,,0,0,1
23173,send,11:66:F0:00:01:3D,342,,1,1
23181,ack,11:66:F0:00:01:3D,,0,0,1
23200,send,11:66:F0:00:01:3D,343,,1,1
23205,ack,11:66:F0:00:01:3D,,0,0,1
23226,send,11:66:F0:00:01:3D,344,,1,1
23233,ack,11:66:F0:00:01:3D,,0,0,1
23252,send,11:66:F0:00:01:3D,345,,1,1
23258,ack,11:66:F0:00:01:3D,,0,0,1
23278,send,11:66:F0:00:01:3D,346,,1,1
23284,ack,11:66:F0:00:01:3D,,0,0,1
23303,send,11:66:F0:00:01:3D,347,,1,1
23309,ack,11:66:F0:00:01:3D,,0,0,1
23330,send,11:66:F0:00:01:3D,348,,1,1
23335,ack,11:66:F0:00:01:3D,,0,0,1
23357,send,11:66:F0:00:01:3D,349,,1,1
23362,ack,11:66:F0:00:01:3D,,0,0,1
23384,send,11:66:F0:00:01:3D,350,,1,1
23391,ack,11:66:F0:00:01:3D,,0,0,1
23411,send,11:66:F0:00:01:3D,351,,1,1
23420,ack,11:66:F0:00:01:3D,,0,0,1
23439,send,11:66:F0:00:01:3D,352,,1,1
23445,ack,11:66:F0:00:01:3D,,0,0,1
23469,send,11:66:F0:00:01:3D,353,,1,1
23474,ack,11:66:F0:00:01:3D,,0,0,1
23493,send,11:66:F0:00:01:3D,354,,1,1
23498,ack,11:66:F0:00:01:3D,,0,0,1
23518,send,11:66:F0:00:01:3D,355,,1,1
23522,ack,11:66:F0:00:01:3D,,0,0,1
23544,send,11:66:F0:00:01:3D,356,,1,1
23549,ack,11:66:F0:00:01:3D,,0,0,1
23568,send,11:66:F0:00:01:3D,357,,1,1
23573,ack,11:66:F0:00:01:3D,,0,0,1
23594,send,11:66:F0:00:01:3D,358,,1,1
23599,ack,11:66:F0:00:01:3D,,0,0,1
23619,send,11:66:F0:00:01:3D,359,,1,1
23624,ack,11:66:F0:00:01:3D,,0,0,1
23645,send,11:66:F0:00:01:3D,360,,1,1
23652,ack,11:66:F0:00:01:3D,,0,0,1
23670,send,11:66:F0:00:01:3D,361,,1,1
23675,ack,11:66:F0:00:01:3D,,0,0,1
23696,send,11:66:F0:00:01:3D,362,,1,1
23701,ack,11:66:F0:00:01:3D,,0,0,1
23722,send,11:66:F0:00:01:3D,363,,1,1
23728,ack,11:66:F0:00:01:3D,,0,0,1
23747,send,11:66:F0:00:01:3D,364,,1,1
23755,ack,11:66:F0:00:01:3D,,0,0,1
23774,send,11:66:F0:00:01:3D,365,,1,1
23780,ack,11:66:F0:00:01:3D,,0,0,1
23799,send,11:66:F0:00:01:3D,366,,1,1
23806,ack,11:66:F0:00:01:3D,,0,0,1
23825,send,11:66:F0:00:01:3D,367,,1,1
23832,ack,11:66:F0:00:01:3D,,0,0,1
23855,send,11:66:F0:00:01:3D,368,,1,1
23861,ack,11:66:F0:00:01:3D,,0,0,1
23882,send,11:66:F0:00:01:3D,369,,1,1
23889,ack,11:66:F0:00:01:3D,,0,0,1
23910,send,11:66:F0:00:01:3D,370,,1,1
23916,ack,11:66:F0:00:01:3D,,0,0,1
23937,send,11:66:F0:00:01:3D,371,,1,1
23945,ack,11:66:F0:00:01:3D,,0,0,1
23962,send,11:66:F0:00:01:3D,372,,1,1
23968,ack,11:66:F0:00:01:3D,,0,0,1
23990,send,11:66:F0:00:01:3D,373,,1,1
23998,ack,11:66:F0:00:01:3D,,0,0,1
24019,send,11:66:F0:00:01:3D,374,,1,1
24027,ack,11:66:F0:00:01:3D,,0,0,1
24046,send,11:66:F0:00:01:3D,375,,1,1
24052,ack,11:66:F0:00:01:3D,,0,0,1
24071,send,11:66:F0:00:01:3D,376,,1,1
24077,ack,11:66:F0:00:01:3D,,0,0,1
24095,send,11:66:F0:00:01:3D,377,,1,1
24100,ack,11:66:F0:00:01:3D,,0,0,1
24122,send,11:66:F0:00:01:3D,378,,1,1
24127,ack,11:66:F0:00:01:3D,,0,0,1
24149,send,11:66:F0:00:01:3D,379,,1,1
24155,ack,11:66:F0:00:01:3D,,0,0,1
24176,send,11:66:F0:00:01:3D,380,,1,1
24184,ack,11:66:F0:00:01:3D,,0,0,1
24203,send,11:66:F0:00:01:3D,381,,1,1
24209,ack,11:66:F0:00:01:3D,,0,0,1
24228,send,11:66:F0:00:01:3D,382,,1,1
24233,ack,11:66:F0:00:01:3D,,0,0,1
24252,send,11:66:F0:00:01:3D,383,,1,1
24256,ack,11:66:F0:00:01:3D,,0,0,1
24278,send,11:66:F0:00:01:3D,384,,1,1
24283,ack,11:66:F0:00:01:3D,,0,0,1
24304,send,11:66:F0:00:01:3D,385,,1,1
24310,ack,11:66:F0:00:01:3D,,0,0,1
24330,send,11:66:F0:00:01:3D,386,,1,1
24336,ack,11:66:F0:00:01:3D,,0,0,1
24355,send,11:66:F0:00:01:3D,387,,1,1
24361,ack,11:66:F0:00:01:3D,,0,0,1
24382,send,11:66:F0:00:01:3D,388,,1,1
24390,ack,11:66:F0:00:01:3D,,0,0,1
24410,send,11:66:F0:00:01:3D,389,,1,1
24418,ack,11:66:F0:00:01:3D,,0,0,1
24438,send,11:66:F0:00:01:3D,390,,1,1
24443,ack,11:66:F0:00:01:3D,,0,0,1
24471,send,11:66:F0:00:01:3D,391,,1,1
24475,ack,11:66:F0:00:01:3D,,0,0,1
24496,send,11:66:F0:00:01:3D,392,,1,1
24501,ack,11:66:F0:00:01:3D,,0,0,1
24519,send,11:66:F0:00:01:3D,393,,1,1
24527,ack,11:66:F0:00:01:3D,,0,0,1
24547,send,11:66:F0:00:01:3D,394,,1,1
24553,ack,11:66:F0:00:01:3D,,0,0,1
24574,send,11:66:F0:00:01:3D,395,,1,1
24582,ack,11:66:F0:00:01:3D,,0,0,1
24602,send,11:66:F0:00:01:3D,396,,1,1
24609,ack,11:66:F0:00:01:3D,,0,0,1
24629,send,11:66:F0:00:01:3D,397,,1,1
24635,ack,11:66:F0:00:01:3D,,0,0,1
24654,send,11:66:F0:00:01:3D,398,,1,1
24658,ack,11:66:F0:00:01:3D,,0,0,1
24680,send,11:66:F0:00:01:3D,399,,1,1
24686,ack,11:66:F0:00:01:3D,,0,0,1
24707,send,11:66:F0:00:01:3D,400,,1,1
24711,ack,11:66:F0:00:01:3D,,0,0,1
24733,send,11:66:F0:00:01:3D,401,,1,1
24739,ack,11:66:F0:00:01:3D,,0,0,1
24759,send,11:66:F0:00:01:3D,402,,1,1
24765,ack,11:66:F0:00:01:3D,,0,0,1
24785,send,11:66:F0:00:01:3D,403,,1,1
24790,ack,11:66:F0:00:01:3D,,0,0,1
24809,send,11:66:F0:00:01:3D,404,,1,1
24815,ack,11:66:F0:00:01:3D,,0,0,1
24835,send,11:66:F0:00:01:3D,405,,1,1
24841,ack,11:66:F0:00:01:3D,,0,0,1
24861,send,11:66:F0:00:01:3D,406,,1,1
24868,ack,11:66:F0:00:01:3D,,0,0,1
24889,send,11:66:F0:00:01:3D,407,,1,1
24895,ack,11:66:F0:00:01:3D,,0,0,1
24915,send,11:66:F0:00:01:3D,408,,1,1
24921,ack,11:66:F0:00:01:3D,,0,0,1
24942,send,11:66:F0:00:01:3D,409,,1,1
24949,ack,11:66:F0:00:01:3D,,0,0,1
24968,send,11:66:F0:00:01:3D,410,,1,1
24975,ack,11:66:F0:00:01:3D,,0,0,1
24995,send,11:66:F0:00:01:3D,411,,1,1
25000,ack,11:66:F0:00:01:3D,,0,0,1
25022,send,11:66:F0:00:01:3D,412,,1,1
25028,ack,11:66:F0:00:01:3D,,0,0,1
25049,send,11:66:F0:00:01:3D,413,,1,1
25059,ack,11:66:F0:00:01:3D,,0,0,1
25076,send,11:66:F0:00:01:3D,414,,1,1
25081,ack,11:66:F0:00:01:3D,,0,0,1
25102,send,11:66:F0:00:01:3D,415,,1,1
25107,ack,11:66:F0:00:01:3D,,0,0,1
25125,send,11:66:F0:00:01:3D,416,,1,1
25130,ack,11:66:F0:00:01:3D,,0,0,1
25150,send,11:66:F0:00:01:3D,417,,1,1
25156,ack,11:66:F0:00:01:3D,,0,0,1
25175,send,11:66:F0:00:01:3D,418,,1,1
25182,ack,11:66:F0:00:01:3D,,0,0,1
25201,send,11:66:F0:00:01:3D,419,,1,1
25208,ack,11:66:F0:00:01:3D,,0,0,1
25227,send,11:66:F0:00:01:3D,420,,1,1
25233,ack,11:66:F0:00:01:3D,,0,0,1
25253,send,11:66:F0:00:01:3D,421,,1,1
25259,ack,11:66:F0:00:01:3D,,0,0,1
25277,send,11:66:F0:00:01:3D,422,,1,1
25283,ack,11:66:F0:00:01:3D,,0,0,1
25305,send,11:66:F0:00:01:3D,423,,1,1
25312,ack,11:66:F0:00:01:3D,,0,0,1
25330,send,11:66:F0:00:01:3D,424,,1,1
25335,ack,11:66:F0:00:01:3D,,0,0,1
25356,send,11:66:F0:00:01:3D,425,,1,1
25362,ack,11:66:F0:00:01:3D,,0,0,1
25383,send,11:66:F0:00:01:3D,426,,1,1
25390,ack,11:66:F0:00:01:3D,,0,0,1
25412,send,11:66:F0:00:01:3D,427,,1,1
25419,ack,11:66:F0:00:01:3D,,0,0,1
25439,send,11:66:F0:00:01:3D,428,,1,1
25445,ack,11:66:F0:00:01:3D,,0,0,1
25465,send,11:66:F0:00:01:3D,429,,1,1
25470,ack,11:66:F0:00:01:3D,,0,0,1
25489,send,11:66:F0:00:01:3D,430,,1,1
25495,ack,11:66:F0:00:01:3D,,0,0,1
25516,send,11:66:F0:00:01:3D,431,,1,1
25523,ack,11:66:F0:00:01:3D,,0,0,1
25542,send,11:66:F0:00:01:3D,432,,1,1
25548,ack,11:66:F0:00:01:3D,,0,0,1
25570,send,11:66:F0:00:01:3D,433,,1,1
25577,ack,11:66:F0:00:01:3D,,0,0,1
25596,send,11:66:F0:00:01:3D,434,,1,1
25602,ack,11:66:F0:00:01:3D,,0,0,1
25623,send,11:66:F0:00:01:3D,435,,1,1
25630,ack,11:66:F0:00:01:3D,,0,0,1
25650,send,11:66:F0:00:01:3D,436,,1,1
25656,ack,11:66:F0:00:01:3D,,0,0,1
25676,send,11:66:F0:00:01:3D,437,,1,1
25681,ack,11:66:F0:00:01:3D,,0,0,1
25700,send,11:66:F0:00:01:3D,438,,1,1
25706,ack,11:66:F0:00:01:3D,,0,0,1
25725,send,11:66:F0:00:01:3D,439,,1,1
25732,ack,11:66:F0:00:01:3D,,0,0,1
25751,send,11:66:F0:00:01:3D,440,,1,1
25758,ack,11:66:F0:00:01:3D,,0,0,1
25778,send,11:66:F0:00:01:3D,441,,1,1
25785,ack,11:66:F0:00:01:3D,,0,0,1
25804,send,11:66:F0:00:01:3D,442,,1,1
25810,ack,11:66:F0:00:01:3D,,0,0,1
25832,send,11:66:F0:00:01:3D,443,,1,1
25836,ack,11:66:F0:00:01:3D,,0,0,1
25858,send,11:66:F0:00:01:3D,444,,1,1
25866,ack,11:66:F0:00:01:3D,,0,0,1
25886,send,11:66:F0:00:01:3D,445,,1,1
25893,ack,11:66:F0:00:01:3D,,0,0,1
25914,send,11:66:F0:00:01:3D,446,,1,1
25919,ack,11:66:F0:00:01:3D,,0,0,1
25940,send,11:66:F0:00:01:3D,447,,1,1
25946,ack,11:66:F0:00:01:3D,,0,0,1
25966,send,11:66:F0:00:01:3D,448,,1,1
25972,ack,11:66:F0:00:01:3D,,0,0,1
25992,send,11:66:F0:00:01:3D,449,,1,1
25999,ack,11:66:F0:00:01:3D,,0,0,1
26019,send,11:66:F0:00:01:3D,450,,1,1
26025,ack,11:66:F0:00:01:3D,,0,0,1
26047,send,11:66:F0:00:01:3D,451,,1,1
26053,ack,11:66:F0:00:01:3D,,0,0,1
26073,send,11:66:F0:00:01:3D,452,,1,1
26080,ack,11:66:F0:00:01:3D,,0,0,1
26100,send,11:66:F0:00:01:3D,453,,1,1
26107,ack,11:66:F0:00:01:3D,,0,0,1
26808,send,11:66:F0:00:01:3D,454,,1,1
26815,ack,11:66:F0:00:01:3D,,0,0,1
26828,send,11:66:F0:00:01:3D,455,,1,1
26835,ack,11:66:F0:00:01:3D,,0,0,1
26848,send,11:66:F0:00:01:3D,456,,1,1
26855,ack,11:66:F0:00:01:3D,,0,0,1
26870,send,11:66:F0:00:01:3D,457,,1,1
26877,ack,11:66:F0:00:01:3D,,0,0,1
26890,send,11:66:F0:00:01:3D,458,,1,1
26897,ack,11:66:F0:00:01:3D,,0,0,1
26910,send,11:66:F0:00:01:3D,459,,1,1
26915,ack,11:66:F0:00:01:3D,,0,0,1
26928,send,11:66:F0:00:01:3D,460,,1,1
26932,ack,11:66:F0:00:01:3D,,0,0,1
26947,send,11:66:F0:00:01:3D,461,,1,1
26951,ack,11:66:F0:00:01:3D,,0,0,1
26964,send,11:66:F0:00:01:3D,462,,1,1
26968,ack,11:66:F0:00:01:3D,,0,0,1
26981,send,11:66:F0:00:01:3D,463,,1,1
26985,ack,11:66:F0:00:01:3D,,0,0,1
26997,send,11:66:F0:00:01:3D,464,,1,1
27004,ack,11:66:F0:00:01:3D,,0,0,1
27017,send,11:66:F0:00:01:3D,465,,1,1
27025,ack,11:66:F0:00:01:3D,,0,0,1
27036,send,11:66:F0:00:01:3D,466,,1,1
27042,ack,11:66:F0:00:01:3D,,0,0,1
27056,send,11:66:F0:00:01:3D,467,,1,1
27061,ack,11:66:F0:00:01:3D,,0,0,1
27073,send,11:66:F0:00:01:3D,468,,1,1
27078,ack,11:66:F0:00:01:3D,,0,0,1
27090,send,11:66:F0:00:01:3D,469,,1,1
27113,ack,11:66:F0:00:01:3D,,0,0,1
27125,send,11:66:F0:00:01:3D,470,,1,1
27132,ack,11:66:F0:00:01:3D,,0,0,1
27146,send,11:66:F0:00:01:3D,471,,1,1
27151,ack,11:66:F0:00:01:3D,,0,0,1
27164,send,11:66:F0:00:01:3D,472,,1,1
27170,ack,11:66:F0:00:01:3D,,0,0,1
27183,send,11:66:F0:00:01:3D,473,,1,1
27191,ack,11:66:F0:00:01:3D,,0,0,1
27202,send,11:66:F0:00:01:3D,474,,1,1
27210,ack,11:66:F0:00:01:3D,,0,0,1
27223,send,11:66:F0:00:01:3D,475,,1,1
27228,ack,11:66:F0:00:01:3D,,0,0,1
27240,send,11:66:F0:00:01:3D,476,,1,1
27244,ack,11:66:F0:00:01:3D,,0,0,1
27258,send,11:66:F0:00:01:3D,477,,1,1
27263,ack,11:66:F0:00:01:3D,,0,0,1
27277,send,11:66:F0:00:01:3D,478,,1,1
27284,ack,11:66:F0:00:01:3D,,0,0,1
27295,send,11:66:F0:00:01:3D,479,,1,1
27301,ack,11:66:F0:00:01:3D,,0,0,1
27313,send,11:66:F0:00:01:3D,480,,1,1
27320,ack,11:66:F0:00:01:3D,,0,0,1
27330,send,11:66:F0:00:01:3D,481,,1,1
27335,ack,11:66:F0:00:01:3D,,0,0,1
27350,send,11:66:F0:00:01:3D,482,,1,1
27356,ack,11:66:F0:00:01:3D,,0,0,1
27370,send,11:66:F0:00:01:3D,483,,1,1
27375,ack,11:66:F0:00:01:3D,,0,0,1
27390,send,11:66:F0:00:01:3D,484,,1,1
27394,ack,11:66:F0:00:01:3D,,0,0,1
27409,send,11:66:F0:00:01:3D,485,,1,1
27413,ack,11:66:F0:00:01:3D,,0,0,1
27428,send,11:66:F0:00:01:3D,486,,1,1
27432,ack,11:66:F0:00:01:3D,,0,0,1
27446,send,11:66:F0:00:01:3D,487,,1,1
27451,ack,11:66:F0:00:01:3D,,0,0,1
27470,send,11:66:F0:00:01:3D,488,,1,1
27474,ack,11:66:F0:00:01:3D,,0,0,1
27488,send,11:66:F0:00:01:3D,489,,1,1
27492,ack,11:66:F0:00:01:3D,,0,0,1
27506,send,11:66:F0:00:01:3D,490,,1,1
27509,ack,11:66:F0:00:01:3D,,0,0,1
27523,send,11:66:F0:00:01:3D,491,,1,1
27527,ack,11:66:F0:00:01:3D,,0,0,1
27542,send,11:66:F0:00:01:3D,492,,1,1
27549,ack,11:66:F0:00:01:3D,,0,0,1
27562,send,11:66:F0:00:01:3D,493,,1,1
27567,ack,11:66:F0:00:01:3D,,0,0,1
27581,send,11:66:F0:00:01:3D,494,,1,1
27586,ack,11:66:F0:00:01:3D,,0,0,1
27600,send,11:66:F0:00:01:3D,495,,1,1
27605,ack,11:66:F0:00:01:3D,,0,0,1
27619,send,11:66:F0:00:01:3D,496,,1,1
27624,ack,11:66:F0:00:01:3D,,0,0,1
27637,send,11:66:F0:00:01:3D,497,,1,1
27642,ack,11:66:F0:00:01:3D,,0,0,1
27656,send,11:66:F0:00:01:3D,498,,1,1
27661,ack,11:66:F0:00:01:3D,,0,0,1
27673,send,11:66:F0:00:01:3D,499,,1,1
27679,ack,11:66:F0:00:01:3D,,0,0,1
27691,send,11:66:F0:00:01:3D,500,,1,1
27698,ack,11:66:F0:00:01:3D,,0,0,1
27713,send,11:66:F0:00:01:3D,501,,1,1
27719,ack,11:66:F0:00:01:3D,,0,0,1
27732,send,11:66:F0:00:01:3D,502,,1,1
27738,ack,11:66:F0:00:01:3D,,0,0,1
27751,send,11:66:F0:00:01:3D,503,,1,1
27757,ack,11:66:F0:00:01:3D,,0,0,1
27768,send,11:66:F0:00:01:3D,504,,1,1
27775,ack,11:66:F0:00:01:3D,,0,0,1
27787,send,11:66:F0:00:01:3D,505,,1,1
27791,ack,11:66:F0:00:01:3D,,0,0,1
27806,send,11:66:F0:00:01:3D,506,,1,1
27813,ack,11:66:F0:00:01:3D,,0,0,1
27826,send,11:66:F0:00:01:3D,507,,1,1
27831,ack,11:66:F0:00:01:3D,,0,0,1
27843,send,11:66:F0:00:01:3D,508,,1,1
27848,ack,11:66:F0:00:01:3D,,0,0,1
27862,send,11:66:F0:00:01:3D,509,,1,1
27867,ack,11:66:F0:00:01:3D,,0,0,1
27882,send,11:66:F0:00:01:3D,510,,1,1
27886,ack,11:66:F0:00:01:3D,,0,0,1
27901,send,11:66:F0:00:01:3D,511,,1,1
27905,ack,11:66:F0:00:01:3D,,0,0,1
27921,send,11:66:F0:00:01:3D,512,,1,1
27925,ack,11:66:F0:00:01:3D,,0,0,1
27937,send,11:66:F0:00:01:3D,513,,1,1
27942,ack,11:66:F0:00:01:3D,,0,0,1
27957,send,11:66:F0:00:01:3D,514,,1,1
27961,ack,11:66:F0:00:01:3D,,0,0,1
27975,send,11:66:F0:00:01:3D,515,,1,1
27979,ack,11:66:F0:00:01:3D,,0,0,1
27995,send,11:66:F0:00:01:3D,516,,1,1
28000,ack,11:66:F0:00:01:3D,,0,0,1
28014,send,11:66:F0:00:01:3D,517,,1,1
28020,ack,11:66:F0:00:01:3D,,0,0,1
28034,send,11:66:F0:00:01:3D,518,,1,1
28041,ack,11:66:F0:00:01:3D,,0,0,1
28054,send,11:66:F0:00:01:3D,519,,1,1
28059,ack,11:66:F0:00:01:3D,,0,0,1
28073,send,11:66:F0:00:01:3D,520,,1,1
28079,ack,11:66:F0:00:01:3D,,0,0,1
28093,send,11:66:F0:00:01:3D,521,,1,1
28098,ack,11:66:F0:00:01:3D,,0,0,1
28112,send,11:66:F0:00:01:3D,522,,1,1
28118,ack,11:66:F0:00:01:3D,,0,0,1
28132,send,11:66:F0:00:01:3D,523,,1,1
28136,ack,11:66:F0:00:01:3D,,0,0,1
28151,send,11:66:F0:00:01:3D,524,,1,1
28156,ack,11:66:F0:00:01:3D,,0,0,1
28170,send,11:66:F0:00:01:3D,525,,1,1
28175,ack,11:66:F0:00:01:3D,,0,0,1
28191,send,11:66:F0:00:01:3D,526,,1,1
28196,ack,11:66:F0:00:01:3D,,0,0,1
28209,send,11:66:F0:00:01:3D,527,,1,1
28214,ack,11:66:F0:00:01:3D,,0,0,1
28227,send,11:66:F0:00:01:3D,528,,1,1
28233,ack,11:66:F0:00:01:3D,,0,0,1
28247,send,11:66:F0:00:01:3D,529,,1,1
28252,ack,11:66:F0:00:01:3D,,0,0,1
28266,send,11:66:F0:00:01:3D,530,,1,1
28271,ack,11:66:F0:00:01:3D,,0,0,1
28285,send,11:66:F0:00:01:3D,531,,1,1
28291,ack,11:66:F0:00:01:3D,,0,0,1
28304,send,11:66:F0:00:01:3D,532,,1,1
28310,ack,11:66:F0:00:01:3D,,0,0,1
28323,send,11:66:F0:00:01:3D,533,,1,1
28328,ack,11:66:F0:00:01:3D,,0,0,1
28342,send,11:66:F0:00:01:3D,534,,1,1
28348,ack,11:66:F0:00:01:3D,,0,0,1
28361,send,11:66:F0:00:01:3D,535,,1,1
28366,ack,11:66:F0:00:01:3D,,0,0,1
28380,send,11:66:F0:00:01:3D,536,,1,1
28386,ack,11:66:F0:00:01:3D,,0,0,1
28400,send,11:66:F0:00:01:3D,537,,1,1
28407,ack,11:66:F0:00:01:3D,,0,0,1
28419,send,11:66:F0:00:01:3D,538,,1,1
28424,ack,11:66:F0:00:01:3D,,0,0,1
28435,send,11:66:F0:00:01:3D,539,,1,1
28439,ack,11:66:F0:00:01:3D,,0,0,1
28452,send,11:66:F0:00:01:3D,540,,1,1
28457,ack,11:66:F0:00:01:3D,,0,0,1
28475,send,11:66:F0:00:01:3D,541,,1,1
28478,ack,11:66:F0:00:01:3D,,0,0,1
28490,send,11:66:F0:00:01:3D,542,,1,1
28493,ack,11:66:F0:00:01:3D,,0,0,1
28505,send,11:66:F0:00:01:3D,543,,1,1
28509,ack,11:66:F0:00:01:3D,,0,0,1
28522,send,11:66:F0:00:01:3D,544,,1,1
28526,ack,11:66:F0:00:01:3D,,0,0,1
28537,send,11:66:F0:00:01:3D,545,,1,1
28542,ack,11:66:F0:00:01:3D,,0,0,1
28554,send,11:66:F0:00:01:3D,546,,1,1
28558,ack,11:66:F0:00:01:3D,,0,0,1
28571,send,11:66:F0:00:01:3D,547,,1,1
28575,ack,11:66:F0:00:01:3D,,0,0,1
28591,send,11:66:F0:00:01:3D,548,,1,1
28596,ack,11:66:F0:00:01:3D,,0,0,1
28611,send,11:66:F0:00:01:3D,549,,1,1
28616,ack,11:66:F0:00:01:3D,,0,0,1
28629,send,11:66:F0:00:01:3D,550,,1,1
28634,ack,11:66:F0:00:01:3D,,0,0,1
28649,send,11:66:F0:00:01:3D,551,,1,1
28653,ack,11:66:F0:00:01:3D,,0,0,1
28665,send,11:66:F0:00:01:3D,552,,1,1
28670,ack,11:66:F0:00:01:3D,,0,0,1
28681,send,11:66:F0:00:01:3D,553,,1,1
28686,ack,11:66:F0:00:01:3D,,0,0,1
28699,send,11:66:F0:00:01:3D,554,,1,1
28704,ack,11:66:F0:00:01:3D,,0,0,1
28717,send,11:66:F0:00:01:3D,555,,1,1
28722,ack,11:66:F0:00:01:3D,,0,0,1
28737,send,11:66:F0:00:01:3D,556,,1,1
28743,ack,11:66:F0:00:01:3D,,0,0,1
28755,send,11:66:F0:00:01:3D,557,,1,1
28760,ack,11:66:F0:00:01:3D,,0,0,1
28773,send,11:66:F0:00:01:3D,558,,1,1
28778,ack,11:66:F0:00:01:3D,,0,0,1
28792,send,11:66:F0:00:01:3D,559,,1,1
28798,ack,11:66:F0:00:01:3D,,0,0,1
28812,send,11:66:F0:00:01:3D,560,,1,1
28818,ack,11:66:F0:00:01:3D,,0,0,1
28830,send,11:66:F0:00:01:3D,561,,1,1
28835,ack,11:66:F0:00:01:3D,,0,0,1
28849,send,11:66:F0:00:01:3D,562,,1,1
28855,ack,11:66:F0:00:01:3D,,0,0,1
28868,send,11:66:F0:00:01:3D,563,,1,1
28874,ack,11:66:F0:00:01:3D,,0,0,1
28886,send,11:66:F0:00:01:3D,564,,1,1
28892,ack,11:66:F0:00:01:3D,,0,0,1
28903,send,11:66:F0:00:01:3D,565,,1,1
28908,ack,11:66:F0:00:01:3D,,0,0,1
28925,send,11:66:F0:00:01:3D,566,,1,1
28929,ack,11:66:F0:00:01:3D,,0,0,1
28944,send,11:66:F0:00:01:3D,567,,1,1
28949,ack,11:66:F0:00:01:3D,,0,0,1
28963,send,11:66:F0:00:01:3D,568,,1,1
28967,ack,11:66:F0:00:01:3D,,0,0,1
28981,send,11:66:F0:00:01:3D,569,,1,1
28985,ack,11:66:F0:00:01:3D,,0,0,1
29000,send,11:66:F0:00:01:3D,570,,1,1
29006,ack,11:66:F0:00:01:3D,,0,0,1
29019,send,11:66:F0:00:01:3D,571,,1,1
29025,ack,11:66:F0:00:01:3D,,0,0,1
29036,send,11:66:F0:00:01:3D,572,,1,1
29040,ack,11:66:F0:00:01:3D,,0,0,1
29053,send,11:66:F0:00:01:3D,573,,1,1
29058,ack,11:66:F0:00:01:3D,,0,0,1
29073,send,11:66:F0:00:01:3D,574,,1,1
29078,ack,11:66:F0:00:01:3D,,0,0,1
29091,send,11:66:F0:00:01:3D,575,,1,1
29095,ack,11:66:F0:00:01:3D,,0,0,1
29109,send,11:66:F0:00:01:3D,576,,1,1
29115,ack,11:66:F0:00:01:3D,,0,0,1
29128,send,11:66:F0:00:01:3D,577,,1,1
29132,ack,11:66:F0:00:01:3D,,0,0,1
29147,send,11:66:F0:00:01:3D,578,,1,1
29153,ack,11:66:F0:00:01:3D,,0,0,1
29166,send,11:66:F0:00:01:3D,579,,1,1
29173,ack,11:66:F0:00:01:3D,,0,0,1
29186,send,11:66:F0:00:01:3D,580,,1,1
29193,ack,11:66:F0:00:01:3D,,0,0,1
29205,send,11:66:F0:00:01:3D,581,,1,1
29210,ack,11:66:F0:00:01:3D,,0,0,1
29224,send,11:66:F0:00:01:3D,582,,1,1
29231,ack,11:66:F0:00:01:3D,,0,0,1
29243,send,11:66:F0:00:01:3D,583,,1,1
29249,ack,11:66:F0:00:01:3D,,0,0,1
29263,send,11:66:F0:00:01:3D,584,,1,1
29268,ack,11:66:F0:00:01:3D,,0,0,1
29282,send,11:66:F0:00:01:3D,585,,1,1
29287,ack,11:66:F0:00:01:3D,,0,0,1
29300,send,11:66:F0:00:01:3D,586,,1,1
29306,ack,11:66:F0:00:01:3D,,0,0,1
29316,send,11:66:F0:00:01:3D,587,,1,1
29321,ack,11:66:F0:00:01:3D,,0,0,1
29332,send,11:66:F0:00:01:3D,588,,1,1
29337,ack,11:66:F0:00:01:3D,,0,0,1
29351,send,11:66:F0:00:01:3D,589,,1,1
29357,ack,11:66:F0:00:01:3D,,0,0,1
29370,send,11:66:F0:00:01:3D,590,,1,1
29375,ack,11:66:F0:00:01:3D,,0,0,1
29388,send,11:66:F0:00:01:3D,591,,1,1
29393,ack,11:66:F0:00:01:3D,,0,0,1
29407,send,11:66:F0:00:01:3D,592,,1,1
29412,ack,11:66:F0:00:01:3D,,0,0,1
29425,send,11:66:F0:00:01:3D,593,,1,1
29433,ack,11:66:F0:00:01:3D,,0,0,1
29443,send,11:66:F0:00:01:3D,594,,1,1
29449,ack,11:66:F0:00:01:3D,,0,0,1
29472,send,11:66:F0:00:01:3D,595,,1,1
29475,ack,11:66:F0:00:01:3D,,0,0,1
29489,send,11:66:F0:00:01:3D,596,,1,1
29495,ack,11:66:F0:00:01:3D,,0,0,1
29507,send,11:66:F0:00:01:3D,597,,1,1
29513,ack,11:66:F0:00:01:3D,,0,0,1
29524,send,11:66:F0:00:01:3D,598,,1,1
29529,ack,11:66:F0:00:01:3D,,0,0,1
29541,send,11:66:F0:00:01:3D,599,,1,1
29548,ack,11:66:F0:00:01:3D,,0,0,1
29561,send,11:66:F0:00:01:3D,600,,1,1
29566,ack,11:66:F0:00:01:3D,,0,0,1
29579,send,11:66:F0:00:01:3D,601,,1,1
29584,ack,11:66:F0:00:01:3D,,0,0,1
29598,send,11:66:F0:00:01:3D,602,,1,1
29604,ack,11:66:F0:00:01:3D,,0,0,1
29617,send,11:66:F0:00:01:3D,603,,1,1
29621,ack,11:66:F0:00:01:3D,,0,0,1
29635,send,11:66:F0:00:01:3D,604,,1,1
29642,ack,11:66:F0:00:01:3D,,0,0,1
29656,send,11:66:F0:00:01:3D,605,,1,1
29661,ack,11:66:F0:00:01:3D,,0,0,1
29675,send,11:66:F0:00:01:3D,606,,1,1
29682,ack,11:66:F0:00:01:3D,,0,0,1
29695,send,11:66:F0:00:01:3D,607,,1,1
29700,ack,11:66:F0:00:01:3D,,0,0,1
29713,send,11:66:F0:00:01:3D,608,,1,1
29718,ack,11:66:F0:00:01:3D,,0,0,1
29732,send,11:66:F0:00:01:3D,609,,1,1
29738,ack,11:66:F0:00:01:3D,,0,0,1
29751,send,11:66:F0:00:01:3D,610,,1,1
29759,ack,11:66:F0:00:01:3D,,0,0,1
29772,send,11:66:F0:00:01:3D,611,,1,1
29779,ack,11:66:F0:00:01:3D,,0,0,1
29792,send,11:66:F0:00:01:3D,612,,1,1
29797,ack,11:66:F0:00:01:3D,,0,0,1
29809,send,11:66:F0:00:01:3D,613,,1,1
29814,ack,11:66:F0:00:01:3D,,0,0,1
29826,send,11:66:F0:00:01:3D,614,,1,1
29830,ack,11:66:F0:00:01:3D,,0,0,1
29843,send,11:66:F0:00:01:3D,615,,1,1
29849,ack,11:66:F0:00:01:3D,,0,0,1
29862,send,11:66:F0:00:01:3D,616,,1,1
29867,ack,11:66:F0:00:01:3D,,0,0,1
29881,send,11:66:F0:00:01:3D,617,,1,1
29885,ack,11:66:F0:00:01:3D,,0,0,1
29899,send,11:66:F0:00:01:3D,618,,1,1
29903,ack,11:66:F0:00:01:3D,,0,0,1
29916,send,11:66:F0:00:01:3D,619,,1,1
29922,ack,11:66:F0:00:01:3D,,0,0,1
29934,send,11:66:F0:00:01:3D,620,,1,1
29939,ack,11:66:F0:00:01:3D,,0,0,1
29953,send,11:66:F0:00:01:3D,621,,1,1
29958,ack,11:66:F0:00:01:3D,,0,0,1
29971,send,11:66:F0:00:01:3D,622,,1,1
29975,ack,11:66:F0:00:01:3D,,0,0,1
29988,send,11:66:F0:00:01:3D,623,,1,1
29993,ack,11:66:F0:00:01:3D,,0,0,1
30008,send,11:66:F0:00:01:3D,624,,1,1
30011,ack,11:66:F0:00:01:3D,,0,0,1
30024,send,11:66:F0:00:01:3D,625,,1,1
30029,ack,11:66:F0:00:01:3D,,0,0,1
30042,send,11:66:F0:00:01:3D,626,,1,1
30046,ack,11:66:F0:00:01:3D,,0,0,1
30060,send,11:66:F0:00:01:3D,627,,1,1
30068,ack,11:66:F0:00:01:3D,,0,0,1
30081,send,11:66:F0:00:01:3D,628,,1,1
30089,ack,11:66:F0:00:01:3D,,0,0,1
30102,send,11:66:F0:00:01:3D,629,,1,1
30110,ack,11:66:F0:00:01:3D,,0,0,1
30122,send,11:66:F0:00:01:3D,630,,1,1
30130,ack,11:66:F0:00:01:3D,,0,0,1
30141,send,11:66:F0:00:01:3D,631,,1,1
30147,ack,11:66:F0:00:01:3D,,0,0,1
30160,send,11:66:F0:00:01:3D,632,,1,1
30167,ack,11:66:F0:00:01:3D,,0,0,1
30178,send,11:66:F0:00:01:3D,633,,1,1
30184,ack,11:66:F0:00:01:3D,,0,0,1
30198,send,11:66:F0:00:01:3D,634,,1,1
30204,ack,11:66:F0:00:01:3D,,0,0,1
30216,send,11:66:F0:00:01:3D,635,,1,1
30223,ack,11:66:F0:00:01:3D,,0,0,1
30235,send,11:66:F0:00:01:3D,636,,1,1
30240,ack,11:66:F0:00:01:3D,,0,0,1
30254,send,11:66:F0:00:01:3D,637,,1,1
30259,ack,11:66:F0:00:01:3D,,0,0,1
30273,send,11:66:F0:00:01:3D,638,,1,1
30278,ack,11:66:F0:00:01:3D,,0,0,1
30291,send,11:66:F0:00:01:3D,639,,1,1
30296,ack,11:66:F0:00:01:3D,,0,0,1
30310,send,11:66:F0:00:01:3D,640,,1,1
30316,ack,11:66:F0:00:01:3D,,0,0,1
30328,send,11:66:F0:00:01:3D,641,,1,1
30333,ack,11:66:F0:00:01:3D,,0,0,1
30345,send,11:66:F0:00:01:3D,642,,1,1
30351,ack,11:66:F0:00:01:3D,,0,0,1
30362,send,11:66:F0:00:01:3D,643,,1,1
30366,ack,11:66:F0:00:01:3D,,0,0,1
30378,send,11:66:F0:00:01:3D,644,,1,1
30384,ack,11:66:F0:00:01:3D,,0,0,1
30395,send,11:66:F0:00:01:3D,645,,1,1
30399,ack,11:66:F0:00:01:3D,,0,0,1
30412,send,11:66:F0:00:01:3D,646,,1,1
30416,ack,11:66:F0:00:01:3D,,0,0,1
30428,send,11:66:F0:00:01:3D,647,,1,1
30433,ack,11:66:F0:00:01:3D,,0,0,1
30444,send,11:66:F0:00:01:3D,648,,1,1
30450,ack,11:66:F0:00:01:3D,,0,0,1
30461,send,11:66:F0:00:01:3D,649,,1,1
30466,ack,11:66:F0:00:01:3D,,0,0,1
30478,send,11:66:F0:00:01:3D,650,,1,1
30483,ack,11:66:F0:00:01:3D,,0,0,1
30495,send,11:66:F0:00:01:3D,651,,1,1
30501,ack,11:66:F0:00:01:3D,,0,0,1
30513,send,11:66:F0:00:01:3D,652,,1,1
30519,ack,11:66:F0:00:01:3D,,0,0,1
30531,send,11:66:F0:00:01:3D,653,,1,1
30537,ack,11:66:F0:00:01:3D,,0,0,1
30548,send,11:66:F0:00:01:3D,654,,1,1
30553,ack,11:66:F0:00:01:3D,,0,0,1
30566,send,11:66:F0:00:01:3D,655,,1,1
30571,ack,11:66:F0:00:01:3D,,0,0,1
30584,send,11:66:F0:00:01:3D,656,,1,1
30590,ack,11:66:F0:00:01:3D,,0,0,1
30603,send,11:66:F0:00:01:3D,657,,1,1
30607,ack,11:66:F0:00:01:3D,,0,0,1
30621,send,11:66:F0:00:01:3D,658,,1,1
30626,ack,11:66:F0:00:01:3D,,0,0,1
30640,send,11:66:F0:00:01:3D,659,,1,1
30645,ack,11:66:F0:00:01:3D,,0,0,1
30658,send,11:66:F0:00:01:3D,660,,1,1
30663,ack,11:66:F0:00:01:3D,,0,0,1
30677,send,11:66:F0:00:01:3D,661,,1,1
30683,ack,11:66:F0:00:01:3D,,0,0,1
30696,send,11:66:F0:00:01:3D,662,,1,1
30701,ack,11:66:F0:00:01:3D,,0,0,1
30714,send,11:66:F0:00:01:3D,663,,1,1
30719,ack,11:66:F0:00:01:3D,,0,0,1
30734,send,11:66:F0:00:01:3D,664,,1,1
30739,ack,11:66:F0:00:01:3D,,0,0,1
30753,send,11:66:F0:00:01:3D,665,,1,1
30759,ack,11:66:F0:00:01:3D,,0,0,1
30770,send,11:66:F0:00:01:3D,666,,1,1
30775,ack,11:66:F0:00:01:3D,,0,0,1
30788,send,11:66:F0:00:01:3D,667,,1,1
30794,ack,11:66:F0:00:01:3D,,0,0,1
30809,send,11:66:F0:00:01:3D,668,,1,1
30814,ack,11:66:F0:00:01:3D,,0,0,1
30826,send,11:66:F0:00:01:3D,669,,1,1
30832,ack,11:66:F0:00:01:3D,,0,0,1
30845,send,11:66:F0:00:01:3D,670,,1,1
30851,ack,11:66:F0:00:01:3D,,0,0,1
30863,send,11:66:F0:00:01:3D,671,,1,1
30868,ack,11:66:F0:00:01:3D,,0,0,1
30881,send,11:66:F0:00:01:3D,672,,1,1
30885,ack,11:66:F0:00:01:3D,,0,0,1
30899,send,11:66:F0:00:01:3D,673,,1,1
30905,ack,11:66:F0:00:01:3D,,0,0,1
30917,send,11:66:F0:00:01:3D,674,,1,1
30924,ack,11:66:F0:00:01:3D,,0,0,1
30936,send,11:66:F0:00:01:3D,675,,1,1
30943,ack,11:66:F0:00:01:3D,,0,0,1
30955,send,11:66:F0:00:01:3D,676,,1,1
30959,ack,11:66:F0:00:01:3D,,0,0,1
30973,send,11:66:F0:00:01:3D,677,,1,1
30979,ack,11:66:F0:00:01:3D,,0,0,1
30992,send,11:66:F0:00:01:3D,678,,1,1
30998,ack,11:66:F0:00:01:3D,,0,0,1
31012,send,11:66:F0:00:01:3D,679,,1,1
31019,ack,11:66:F0:00:01:3D,,0,0,1
31030,send,11:66:F0:00:01:3D,680,,1,1
31035,ack,11:66:F0:00:01:3D,,0,0,1
31050,send,11:66:F0:00:01:3D,681,,1,1
31054,ack,11:66:F0:00:01:3D,,0,0,1
31068,send,11:66:F0:00:01:3D,682,,1,1
31072,ack,11:66:F0:00:01:3D,,0,0,1
31086,send,11:66:F0:00:01:3D,683,,1,1
31092,ack,11:66:F0:00:01:3D,,0,0,1
31105,send,11:66:F0:00:01:3D,684,,1,1
31110,ack,11:66:F0:00:01:3D,,0,0,1
31125,send,11:66:F0:00:01:3D,685,,1,1
31131,ack,11:66:F0:00:01:3D,,0,0,1
31146,send,11:66:F0:00:01:3D,686,,1,1
31153,ack,11:66:F0:00:01:3D,,0,0,1
31166,send,11:66:F0:00:01:3D,687,,1,1
31171,ack,11:66:F0:00:01:3D,,0,0,1
31185,send,11:66:F0:00:01:3D,688,,1,1
31189,ack,11:66:F0:00:01:3D,,0,0,1
31202,send,11:66:F0:00:01:3D,689,,1,1
31207,ack,11:66:F0:00:01:3D,,0,0,1
31221,send,11:66:F0:00:01:3D,690,,1,1
31227,ack,11:66:F0:00:01:3D,,0,0,1
31240,send,11:66:F0:00:01:3D,691,,1,1
31244,ack,11:66:F0:00:01:3D,,0,0,1
31259,send,11:66:F0:00:01:3D,692,,1,1
31262,ack,11:66:F0:00:01:3D,,0,0,1
31278,send,11:66:F0:00:01:3D,693,,1,1
31284,ack,11:66:F0:00:01:3D,,0,0,1
31297,send,11:66:F0:00:01:3D,694,,1,1
31301,ack,11:66:F0:00:01:3D,,0,0,1
31315,send,11:66:F0:00:01:3D,695,,1,1
31320,ack,11:66:F0:00:01:3D,,0,0,1
31333,send,11:66:F0:00:01:3D,696,,1,1
31338,ack,11:66:F0:00:01:3D,,0,0,1
31353,send,11:66:F0:00:01:3D,697,,1,1
31358,ack,11:66:F0:00:01:3D,,0,0,1
31371,send,11:66:F0:00:01:3D,698,,1,1
31377,ack,11:66:F0:00:01:3D,,0,0,1
31390,send,11:66:F0:00:01:3D,699,,1,1
31395,ack,11:66:F0:00:01:3D,,0,0,1
31410,send,11:66:F0:00:01:3D,700,,1,1
31417,ack,11:66:F0:00:01:3D,,0,0,1
31429,send,11:66:F0:00:01:3D,701,,1,1
31433,ack,11:66:F0:00:01:3D,,0,0,1
31447,send,11:66:F0:00:01:3D,702,,1,1
31453,ack,11:66:F0:00:01:3D,,0,0,1
31466,send,11:66:F0:00:01:3D,703,,1,1
31470,ack,11:66:F0:00:01:3D,,0,0,1
31485,send,11:66:F0:00:01:3D,704,,1,1
31491,ack,11:66:F0:00:01:3D,,0,0,1
31502,send,11:66:F0:00:01:3D,705,,1,1
31506,ack,11:66:F0:00:01:3D,,0,0,1
31521,send,11:66:F0:00:01:3D,706,,1,1
31527,ack,11:66:F0:00:01:3D,,0,0,1
31538,send,11:66:F0:00:01:3D,707,,1,1
31544,ack,11:66:F0:00:01:3D,,0,0,1
31558,send,11:66:F0:00:01:3D,708,,1,1
31562,ack,11:66:F0:00:01:3D,,0,0,1
31577,send,11:66:F0:00:01:3D,709,,1,1
31584,ack,11:66:F0:00:01:3D,,0,0,1
31597,send,11:66:F0:00:01:3D,710,,1,1
31603,ack,11:66:F0:00:01:3D,,0,0,1
31615,send,11:66:F0:00:01:3D,711,,1,1
31620,ack,11:66:F0:00:01:3D,,0,0,1
31634,send,11:66:F0:00:01:3D,712,,1,1
31639,ack,11:66:F0:00:01:3D,,0,0,1
31653,send,11:66:F0:00:01:3D,713,,1,1
31660,ack,11:66:F0:00:01:3D,,0,0,1
31673,send,11:66:F0:00:01:3D,714,,1,1
31679,ack,11:66:F0:00:01:3D,,0,0,1
31692,send,11:66:F0:00:01:3D,715,,1,1
31698,ack,11:66:F0:00:01:3D,,0,0,1
31711,send,11:66:F0:00:01:3D,716,,1,1
31717,ack,11:66:F0:00:01:3D,,0,0,1
31729,send,11:66:F0:00:01:3D,717,,1,1
31734,ack,11:66:F0:00:01:3D,,0,0,1
31748,send,11:66:F0:00:01:3D,718,,1,1
31754,ack,11:66:F0:00:01:3D,,0,0,1
31767,send,11:66:F0:00:01:3D,719,,1,1
31772,ack,11:66:F0:00:01:3D,,0,0,1
31786,send,11:66:F0:00:01:3D,720,,1,1
31790,ack,11:66:F0:00:01:3D,,0,0,1
31803,send,11:66:F0:00:01:3D,721,,1,1
31808,ack,11:66:F0:00:01:3D,,0,0,1
31823,send,11:66:F0:00:01:3D,722,,1,1
31828,ack,11:66:F0:00:01:3D,,0,0,1
31841,send,11:66:F0:00:01:3D,723,,1,1
31845,ack,11:66:F0:00:01:3D,,0,0,1
31859,send,11:66:F0:00:01:3D,724,,1,1
31864,ack,11:66:F0:00:01:3D,,0,0,1
31877,send,11:66:F0:00:01:3D,725,,1,1
31881,ack,11:66:F0:00:01:3D,,0,0,1
31893,send,11:66:F0:00:01:3D,726,,1,1
31899,ack,11:66:F0:00:01:3D,,0,0,1
31912,send,11:66:F0:00:01:3D,727,,1,1
31919,ack,11:66:F0:00:01:3D,,0,0,1
31931,send,11:66:F0:00:01:3D,728,,1,1
31936,ack,11:66:F0:00:01:3D,,0,0,1
31951,send,11:66:F0:00:01:3D,729,,1,1
31955,ack,11:66:F0:00:01:3D,,0,0,1
31968,send,11:66:F0:00:01:3D,730,,1,1
31973,ack,11:66:F0:00:01:3D,,0,0,1
31987,send,11:66:F0:00:01:3D,731,,1,1
31993,ack,11:66:F0:00:01:3D,,0,0,1
32005,send,11:66:F0:00:01:3D,732,,1,1
32010,ack,11:66:F0:00:01:3D,,0,0,1
32022,send,11:66:F0:00:01:3D,733,,1,1
32027,ack,11:66:F0:00:01:3D,,0,0,1
32039,send,11:66:F0:00:01:3D,734,,1,1
32044,ack,11:66:F0:00:01:3D,,0,0,1
32059,send,11:66:F0:00:01:3D,735,,1,1
32065,ack,11:66:F0:00:01:3D,,0,0,1
32079,send,11:66:F0:00:01:3D,736,,1,1
32084,ack,11:66:F0:00:01:3D,,0,0,1
32097,send,11:66:F0:00:01:3D,737,,1,1
32102,ack,11:66:F0:00:01:3D,,0,0,1
32116,send,11:66:F0:00:01:3D,738,,1,1
32125,ack,11:66:F0:00:01:3D,,0,0,1
32137,send,11:66:F0:00:01:3D,739,,1,1
32143,ack,11:66:F0:00:01:3D,,0,0,1
32156,send,11:66:F0:00:01:3D,740,,1,1
32163,ack,11:66:F0:00:01:3D,,0,0,1
32176,send,11:66:F0:00:01:3D,741,,1,1
32184,ack,11:66:F0:00:01:3D,,0,0,1
32195,send,11:66:F0:00:01:3D,742,,1,1
32203,ack,11:66:F0:00:01:3D,,0,0,1
32215,send,11:66:F0:00:01:3D,743,,1,1
32219,ack,11:66:F0:00:01:3D,,0,0,1
32233,send,11:66:F0:00:01:3D,744,,1,1
32238,ack,11:66:F0:00:01:3D,,0,0,1
32251,send,11:66:F0:00:01:3D,745,,1,1
32258,ack,11:66:F0:00:01:3D,,0,0,1
32271,send,11:66:F0:00:01:3D,746,,1,1
32277,ack,11:66:F0:00:01:3D,,0,0,1
32288,send,11:66:F0:00:01:3D,747,,1,1
32294,ack,11:66:F0:00:01:3D,,0,0,1
32306,send,11:66:F0:00:01:3D,748,,1,1
32311,ack,11:66:F0:00:01:3D,,0,0,1
32325,send,11:66:F0:00:01:3D,749,,1,1
32332,ack,11:66:F0:00:01:3D,,0,0,1
32346,send,11:66:F0:00:01:3D,750,,1,1
32351,ack,11:66:F0:00:01:3D,,0,0,1
32364,send,11:66:F0:00:01:3D,751,,1,1
32371,ack,11:66:F0:00:01:3D,,0,0,1
32382,send,11:66:F0:00:01:3D,752,,1,1
32388,ack,11:66:F0:00:01:3D,,0,0,1
32400,send,11:66:F0:00:01:3D,753,,1,1
32405,ack,11:66:F0:00:01:3D,,0,0,1
32418,send,11:66:F0:00:01:3D,754,,1,1
32425,ack,11:66:F0:00:01:3D,,0,0,1
33123,send,11:66:F0:00:01:3D,755,,1,1
33130,ack,11:66:F0:00:01:3D,,0,0,1
33140,send,11:66:F0:00:01:3D,756,,1,1
33146,ack,11:66:F0:00:01:3D,,0,0,1
33155,send,11:66:F0:00:01:3D,757,,1,1
33160,ack,11:66:F0:00:01:3D,,0,0,1
33170,send,11:66:F0:00:01:3D,758,,1,1
33175,ack,11:66:F0:00:01:3D,,0,0,1
33184,send,11:66:F0:00:01:3D,759,,1,1
33189,ack,11:66:F0:00:01:3D,,0,0,1
33199,send,11:66:F0:00:01:3D,760,,1,1
33206,ack,11:66:F0:00:01:3D,,0,0,1
33215,send,11:66:F0:00:01:3D,761,,1,1
33221,ack,11:66:F0:00:01:3D,,0,0,1
33231,send,11:66:F0:00:01:3D,762,,1,1
33236,ack,11:66:F0:00:01:3D,,0,0,1
33244,send,11:66:F0:00:01:3D,763,,1,1
33249,ack,11:66:F0:00:01:3D,,0,0,1
33259,send,11:66:F0:00:01:3D,764,,1,1
33264,ack,11:66:F0:00:01:3D,,0,0,1
33272,send,11:66:F0:00:01:3D,765,,1,1
33278,ack,11:66:F0:00:01:3D,,0,0,1
33287,send,11:66:F0:00:01:3D,766,,1,1
33292,ack,11:66:F0:00:01:3D,,0,0,1
33301,send,11:66:F0:00:01:3D,767,,1,1
33306,ack,11:66:F0:00:01:3D,,0,0,1
33316,send,11:66:F0:00:01:3D,768,,1,1
33319,ack,11:66:F0:00:01:3D,,0,0,1
33330,send,11:66:F0:00:01:3D,769,,1,1
33333,ack,11:66:F0:00:01:3D,,0,0,1
33344,send,11:66:F0:00:01:3D,770,,1,1
33347,ack,11:66:F0:00:01:3D,,0,0,1
33360,send,11:66:F0:00:01:3D,771,,1,1
33364,ack,11:66:F0:00:01:3D,,0,0,1
33374,send,11:66:F0:00:01:3D,772,,1,1
33378,ack,11:66:F0:00:01:3D,,0,0,1
33389,send,11:66:F0:00:01:3D,773,,1,1
33394,ack,11:66:F0:00:01:3D,,0,0,1
33404,send,11:66:F0:00:01:3D,774,,1,1
33408,ack,11:66:F0:00:01:3D,,0,0,1
33418,send,11:66:F0:00:01:3D,775,,1,1
33423,ack,11:66:F0:00:01:3D,,0,0,1
33432,send,11:66:F0:00:01:3D,776,,1,1
33437,ack,11:66:F0:00:01:3D,,0,0,1
33446,send,11:66:F0:00:01:3D,777,,1,1
33450,ack,11:66:F0:00:01:3D,,0,0,1
33474,send,11:66:F0:00:01:3D,778,,1,1
33477,ack,11:66:F0:00:01:3D,,0,0,1
33488,send,11:66:F0:00:01:3D,779,,1,1
33493,ack,11:66:F0:00:01:3D,,0,0,1
33503,send,11:66:F0:00:01:3D,780,,1,1
33508,ack,11:66:F0:00:01:3D,,0,0,1
33517,send,11:66:F0:00:01:3D,781,,1,1
33522,ack,11:66:F0:00:01:3D,,0,0,1
33532,send,11:66:F0:00:01:3D,782,,1,1
33537,ack,11:66:F0:00:01:3D,,0,0,1
33547,send,11:66:F0:00:01:3D,783,,1,1
33553,ack,11:66:F0:00:01:3D,,0,0,1
33563,send,11:66:F0:00:01:3D,784,,1,1
33568,ack,11:66:F0:00:01:3D,,0,0,1
33577,send,11:66:F0:00:01:3D,785,,1,1
33582,ack,11:66:F0:00:01:3D,,0,0,1
33591,send,11:66:F0:00:01:3D,786,,1,1
33596,ack,11:66:F0:00:01:3D,,0,0,1
33607,send,11:66:F0:00:01:3D,787,,1,1
33613,ack,11:66:F0:00:01:3D,,0,0,1
33622,send,11:66:F0:00:01:3D,788,,1,1
33629,ack,11:66:F0:00:01:3D,,0,0,1
33638,send,11:66:F0:00:01:3D,789,,1,1
33643,ack,11:66:F0:00:01:3D,,0,0,1
33652,send,11:66:F0:00:01:3D,790,,1,1
33657,ack,11:66:F0:00:01:3D,,0,0,1
33667,send,11:66:F0:00:01:3D,791,,1,1
33672,ack,11:66:F0:00:01:3D,,0,0,1
33682,send,11:66:F0:00:01:3D,792,,1,1
33687,ack,11:66:F0:00:01:3D,,0,0,1
33696,send,11:66:F0:00:01:3D,793,,1,1
33701,ack,11:66:F0:00:01:3D,,0,0,1
33711,send,11:66:F0:00:01:3D,794,,1,1
33716,ack,11:66:F0:00:01:3D,,0,0,1
33726,send,11:66:F0:00:01:3D,795,,1,1
33730,ack,11:66:F0:00:01:3D,,0,0,1
33740,send,11:66:F0:00:01:3D,796,,1,1
33744,ack,11:66:F0:00:01:3D,,0,0,1
33754,send,11:66:F0:00:01:3D,797,,1,1
33758,ack,11:66:F0:00:01:3D,,0,0,1
33769,send,11:66:F0:00:01:3D,798,,1,1
33774,ack,11:66:F0:00:01:3D,,0,0,1
33784,send,11:66:F0:00:01:3D,799,,1,1
33789,ack,11:66:F0:00:01:3D,,0,0,1
33798,send,11:66:F0:00:01:3D,800,,1,1
33802,ack,11:66:F0:00:01:3D,,0,0,1
33812,send,11:66:F0:00:01:3D,801,,1,1
33815,ack,11:66:F0:00:01:3D,,0,0,1
33826,send,11:66:F0:00:01:3D,802,,1,1
33831,ack,11:66:F0:00:01:3D,,0,0,1
33839,send,11:66:F0:00:01:3D,803,,1,1
33843,ack,11:66:F0:00:01:3D,,0,0,1
33853,send,11:66:F0:00:01:3D,804,,1,1
33857,ack,11:66:F0:00:01:3D,,0,0,1
33867,send,11:66:F0:00:01:3D,805,,1,1
33871,ack,11:66:F0:00:01:3D,,0,0,1
33881,send,11:66:F0:00:01:3D,806,,1,1
33885,ack,11:66:F0:00:01:3D,,0,0,1
33894,send,11:66:F0:00:01:3D,807,,1,1
33899,ack,11:66:F0:00:01:3D,,0,0,1
33909,send,11:66:F0:00:01:3D,808,,1,1
33914,ack,11:66:F0:00:01:3D,,0,0,1
33923,send,11:66:F0:00:01:3D,809,,1,1
33927,ack,11:66:F0:00:01:3D,,0,0,1
33937,send,11:66:F0:00:01:3D,810,,1,1
33942,ack,11:66:F0:00:01:3D,,0,0,1
33951,send,11:66:F0:00:01:3D,811,,1,1
33955,ack,11:66:F0:00:01:3D,,0,0,1
33965,send,11:66:F0:00:01:3D,812,,1,1
33968,ack,11:66:F0:00:01:3D,,0,0,1
33978,send,11:66:F0:00:01:3D,813,,1,1
33983,ack,11:66:F0:00:01:3D,,0,0,1
33993,send,11:66:F0:00:01:3D,814,,1,1
33999,ack,11:66:F0:00:01:3D,,0,0,1
34009,send,11:66:F0:00:01:3D,815,,1,1
34014,ack,11:66:F0:00:01:3D,,0,0,1
34024,send,11:66:F0:00:01:3D,816,,1,1
34029,ack,11:66:F0:00:01:3D,,0,0,1
34038,send,11:66:F0:00:01:3D,817,,1,1
34043,ack,11:66:F0:00:01:3D,,0,0,1
34052,send,11:66:F0:00:01:3D,818,,1,1
34057,ack,11:66:F0:00:01:3D,,0,0,1
34066,send,11:66:F0:00:01:3D,819,,1,1
34071,ack,11:66:F0:00:01:3D,,0,0,1
34080,send,11:66:F0:00:01:3D,820,,1,1
34086,ack,11:66:F0:00:01:3D,,0,0,1
34094,send,11:66:F0:00:01:3D,821,,1,1
34099,ack,11:66:F0:00:01:3D,,0,0,1
34108,send,11:66:F0:00:01:3D,822,,1,1
34112,ack,11:66:F0:00:01:3D,,0,0,1
34121,send,11:66:F0:00:01:3D,823,,1,1
34128,ack,11:66:F0:00:01:3D,,0,0,1
34135,send,11:66:F0:00:01:3D,824,,1,1
34139,ack,11:66:F0:00:01:3D,,0,0,1
34151,send,11:66:F0:00:01:3D,825,,1,1
34156,ack,11:66:F0:00:01:3D,,0,0,1
34166,send,11:66:F0:00:01:3D,826,,1,1
34171,ack,11:66:F0:00:01:3D,,0,0,1
34180,send,11:66:F0:00:01:3D,827,,1,1
34186,ack,11:66:F0:00:01:3D,,0,0,1
34196,send,11:66:F0:00:01:3D,828,,1,1
34201,ack,11:66:F0:00:01:3D,,0,0,1
34210,send,11:66:F0:00:01:3D,829,,1,1
34216,ack,11:66:F0:00:01:3D,,0,0,1
34227,send,11:66:F0:00:01:3D,830,,1,1
34232,ack,11:66:F0:00:01:3D,,0,0,1
34242,send,11:66:F0:00:01:3D,831,,1,1
34247,ack,11:66:F0:00:01:3D,,0,0,1
34257,send,11:66:F0:00:01:3D,832,,1,1
34262,ack,11:66:F0:00:01:3D,,0,0,1
34272,send,11:66:F0:00:01:3D,833,,1,1
34277,ack,11:66:F0:00:01:3D,,0,0,1
34286,send,11:66:F0:00:01:3D,834,,1,1
34292,ack,11:66:F0:00:01:3D,,0,0,1
34300,send,11:66:F0:00:01:3D,835,,1,1
34307,ack,11:66:F0:00:01:3D,,0,0,1
34316,send,11:66:F0:00:01:3D,836,,1,1
34321,ack,11:66:F0:00:01:3D,,0,0,1
34331,send,11:66:F0:00:01:3D,837,,1,1
34336,ack,11:66:F0:00:01:3D,,0,0,1
34345,send,11:66:F0:00:01:3D,838,,1,1
34350,ack,11:66:F0:00:01:3D,,0,0,1
34360,send,11:66:F0:00:01:3D,839,,1,1
34366,ack,11:66:F0:00:01:3D,,0,0,1
34374,send,11:66:F0:00:01:3D,840,,1,1
34379,ack,11:66:F0:00:01:3D,,0,0,1
34389,send,11:66:F0:00:01:3D,841,,1,1
34394,ack,11:66:F0:00:01:3D,,0,0,1
34404,send,11:66:F0:00:01:3D,842,,1,1
34408,ack,11:66:F0:00:01:3D,,0,0,1
34417,send,11:66:F0:00:01:3D,843,,1,1
34422,ack,11:66:F0:00:01:3D,,0,0,1
34432,send,11:66:F0:00:01:3D,844,,1,1
34436,ack,11:66:F0:00:01:3D,,0,0,1
34446,send,11:66:F0:00:01:3D,845,,1,1
34451,ack,11:66:F0:00:01:3D,,0,0,1
34474,send,11:66:F0:00:01:3D,846,,1,1
34477,ack,11:66:F0:00:01:3D,,0,0,1
34488,send,11:66:F0:00:01:3D,847,,1,1
34492,ack,11:66:F0:00:01:3D,,0,0,1
34502,send,11:66:F0:00:01:3D,848,,1,1
34507,ack,11:66:F0:00:01:3D,,0,0,1
34516,send,11:66:F0:00:01:3D,849,,1,1
34521,ack,11:66:F0:00:01:3D,,0,0,1
34529,send,11:66:F0:00:01:3D,850,,1,1
34533,ack,11:66:F0:00:01:3D,,0,0,1
34544,send,11:66:F0:00:01:3D,851,,1,1
34547,ack,11:66:F0:00:01:3D,,0,0,1
34557,send,11:66:F0:00:01:3D,852,,1,1
34561,ack,11:66:F0:00:01:3D,,0,0,1
34572,send,11:66:F0:00:01:3D,853,,1,1
34577,ack,11:66:F0:00:01:3D,,0,0,1
34587,send,11:66:F0:00:01:3D,854,,1,1
34592,ack,11:66:F0:00:01:3D,,0,0,1
34601,send,11:66:F0:00:01:3D,855,,1,1
34606,ack,11:66:F0:00:01:3D,,0,0,1
34617,send,11:66:F0:00:01:3D,856,,1,1
34622,ack,11:66:F0:00:01:3D,,0,0,1
34632,send,11:66:F0:00:01:3D,857,,1,1
34636,ack,11:66:F0:00:01:3D,,0,0,1
34647,send,11:66:F0:00:01:3D,858,,1,1
34652,ack,11:66:F0:00:01:3D,,0,0,1
34663,send,11:66:F0:00:01:3D,859,,1,1
34669,ack,11:66:F0:00:01:3D,,0,0,1
34679,send,11:66:F0:00:01:3D,860,,1,1
34684,ack,11:66:F0:00:01:3D,,0,0,1
34696,send,11:66:F0:00:01:3D,861,,1,1
34700,ack,11:66:F0:00:01:3D,,0,0,1
34711,send,11:66:F0:00:01:3D,862,,1,1
34716,ack,11:66:F0:00:01:3D,,0,0,1
34727,send,11:66:F0:00:01:3D,863,,1,1
34732,ack,11:66:F0:00:01:3D,,0,0,1
34742,send,11:66:F0:00:01:3D,864,,1,1
34748,ack,11:66:F0:00:01:3D,,0,0,1
34760,send,11:66:F0:00:01:3D,865,,1,1
34767,ack,11:66:F0:00:01:3D,,0,0,1
34776,send,11:66:F0:00:01:3D,866,,1,1
34781,ack,11:66:F0:00:01:3D,,0,0,1
34791,send,11:66:F0:00:01:3D,867,,1,1
34795,ack,11:66:F0:00:01:3D,,0,0,1
34806,send,11:66:F0:00:01:3D,868,,1,1
34810,ack,11:66:F0:00:01:3D,,0,0,1
34820,send,11:66:F0:00:01:3D,869,,1,1
34823,ack,11:66:F0:00:01:3D,,0,0,1
34833,send,11:66:F0:00:01:3D,870,,1,1
34837,ack,11:66:F0:00:01:3D,,0,0,1
34848,send,11:66:F0:00:01:3D,871,,1,1
34852,ack,11:66:F0:00:01:3D,,0,0,1
34862,send,11:66:F0:00:01:3D,872,,1,1
34866,ack,11:66:F0:00:01:3D,,0,0,1
34876,send,11:66:F0:00:01:3D,873,,1,1
34881,ack,11:66:F0:00:01:3D,,0,0,1
34891,send,11:66:F0:00:01:3D,874,,1,1
34896,ack,11:66:F0:00:01:3D,,0,0,1
34904,send,11:66:F0:00:01:3D,875,,1,1
34910,ack,11:66:F0:00:01:3D,,0,0,1
34918,send,11:66:F0:00:01:3D,876,,1,1
34923,ack,11:66:F0:00:01:3D,,0,0,1
34933,send,11:66:F0:00:01:3D,877,,1,1
34938,ack,11:66:F0:00:01:3D,,0,0,1
34947,send,11:66:F0:00:01:3D,878,,1,1
34952,ack,11:66:F0:00:01:3D,,0,0,1
34961,send,11:66:F0:00:01:3D,879,,1,1
34965,ack,11:66:F0:00:01:3D,,0,0,1
34975,send,11:66:F0:00:01:3D,880,,1,1
34979,ack,11:66:F0:00:01:3D,,0,0,1
34989,send,11:66:F0:00:01:3D,881,,1,1
34993,ack,11:66:F0:00:01:3D,,0,0,1
35003,send,11:66:F0:00:01:3D,882,,1,1
35007,ack,11:66:F0:00:01:3D,,0,0,1
35017,send,11:66:F0:00:01:3D,883,,1,1
35022,ack,11:66:F0:00:01:3D,,0,0,1
35031,send,11:66:F0:00:01:3D,884,,1,1
35036,ack,11:66:F0:00:01:3D,,0,0,1
35045,send,11:66:F0:00:01:3D,885,,1,1
35050,ack,11:66:F0:00:01:3D,,0,0,1
35061,send,11:66:F0:00:01:3D,886,,1,1
35066,ack,11:66:F0:00:01:3D,,0,0,1
35075,send,11:66:F0:00:01:3D,887,,1,1
35080,ack,11:66:F0:00:01:3D,,0,0,1
35089,send,11:66:F0:00:01:3D,888,,1,1
35095,ack,11:66:F0:00:01:3D,,0,0,1
35104,send,11:66:F0:00:01:3D,889,,1,1
35109,ack,11:66:F0:00:01:3D,,0,0,1
35120,send,11:66:F0:00:01:3D,890,,1,1
35126,ack,11:66:F0:00:01:3D,,0,0,1
35135,send,11:66:F0:00:01:3D,891,,1,1
35140,ack,11:66:F0:00:01:3D,,0,0,1
35149,send,11:66:F0:00:01:3D,892,,1,1
35154,ack,11:66:F0:00:01:3D,,0,0,1
35162,send,11:66:F0:00:01:3D,893,,1,1
35167,ack,11:66:F0:00:01:3D,,0,0,1
35176,send,11:66:F0:00:01:3D,894,,1,1
35181,ack,11:66:F0:00:01:3D,,0,0,1
35190,send,11:66:F0:00:01:3D,895,,1,1
35195,ack,11:66:F0:00:01:3D,,0,0,1
35204,send,11:66:F0:00:01:3D,896,,1,1
35209,ack,11:66:F0:00:01:3D,,0,0,1
35217,send,11:66:F0:00:01:3D,897,,1,1
35223,ack,11:66:F0:00:01:3D,,0,0,1
35232,send,11:66:F0:00:01:3D,898,,1,1
35237,ack,11:66:F0:00:01:3D,,0,0,1
35246,send,11:66:F0:00:01:3D,899,,1,1
35252,ack,11:66:F0:00:01:3D,,0,0,1
35260,send,11:66:F0:00:01:3D,900,,1,1
35265,ack,11:66:F0:00:01:3D,,0,0,1
35276,send,11:66:F0:00:01:3D,901,,1,1
35280,ack,11:66:F0:00:01:3D,,0,0,1
35291,send,11:66:F0:00:01:3D,902,,1,1
35296,ack,11:66:F0:00:01:3D,,0,0,1
35304,send,11:66:F0:00:01:3D,903,,1,1
35311,ack,11:66:F0:00:01:3D,,0,0,1
35319,send,11:66:F0:00:01:3D,904,,1,1
35323,ack,11:66:F0:00:01:3D,,0,0,1
35334,send,11:66:F0:00:01:3D,905,,1,1
35338,ack,11:66:F0:00:01:3D,,0,0,1
35348,send,11:66:F0:00:01:3D,906,,1,1
35352,ack,11:66:F0:00:01:3D,,0,0,1
35362,send,11:66:F0:00:01:3D,907,,1,1
35368,ack,11:66:F0:00:01:3D,,0,0,1
35377,send,11:66:F0:00:01:3D,908,,1,1
35383,ack,11:66:F0:00:01:3D,,0,0,1
35392,send,11:66:F0:00:01:3D,909,,1,1
35397,ack,11:66:F0:00:01:3D,,0,0,1
35406,send,11:66:F0:00:01:3D,910,,1,1
35411,ack,11:66:F0:00:01:3D,,0,0,1
35421,send,11:66:F0:00:01:3D,911,,1,1
35427,ack,11:66:F0:00:01:3D,,0,0,1
35436,send,11:66:F0:00:01:3D,912,,1,1
35441,ack,11:66:F0:00:01:3D,,0,0,1
35451,send,11:66:F0:00:01:3D,913,,1,1
35455,ack,11:66:F0:00:01:3D,,0,0,1
35475,send,11:66:F0:00:01:3D,914,,1,1
35477,ack,11:66:F0:00:01:3D,,0,0,1
35488,send,11:66:F0:00:01:3D,915,,1,1
35493,ack,11:66:F0:00:01:3D,,0,0,1
35501,send,11:66:F0:00:01:3D,916,,1,1
35508,ack,11:66:F0:00:01:3D,,0,0,1
35515,send,11:66:F0:00:01:3D,917,,1,1
35520,ack,11:66:F0:00:01:3D,,0,0,1
35529,send,11:66:F0:00:01:3D,918,,1,1
35534,ack,11:66:F0:00:01:3D,,0,0,1
35543,send,11:66:F0:00:01:3D,919,,1,1
35548,ack,11:66:F0:00:01:3D,,0,0,1
35558,send,11:66:F0:00:01:3D,920,,1,1
35562,ack,11:66:F0:00:01:3D,,0,0,1
35572,send,11:66:F0:00:01:3D,921,,1,1
35577,ack,11:66:F0:00:01:3D,,0,0,1
35587,send,11:66:F0:00:01:3D,922,,1,1
35591,ack,11:66:F0:00:01:3D,,0,0,1
35601,send,11:66:F0:00:01:3D,923,,1,1
35606,ack,11:66:F0:00:01:3D,,0,0,1
35615,send,11:66:F0:00:01:3D,924,,1,1
35621,ack,11:66:F0:00:01:3D,,0,0,1
35629,send,11:66:F0:00:01:3D,925,,1,1
35635,ack,11:66:F0:00:01:3D,,0,0,1
35643,send,11:66:F0:00:01:3D,926,,1,1
35648,ack,11:66:F0:00:01:3D,,0,0,1
35658,send,11:66:F0:00:01:3D,927,,1,1
35664,ack,11:66:F0:00:01:3D,,0,0,1
35673,send,11:66:F0:00:01:3D,928,,1,1
35679,ack,11:66:F0:00:01:3D,,0,0,1
35688,send,11:66:F0:00:01:3D,929,,1,1
35694,ack,11:66:F0:00:01:3D,,0,0,1
35704,send,11:66:F0:00:01:3D,930,,1,1
35709,ack,11:66:F0:00:01:3D,,0,0,1
35717,send,11:66:F0:00:01:3D,931,,1,1
35723,ack,11:66:F0:00:01:3D,,0,0,1
35732,send,11:66:F0:00:01:3D,932,,1,1
35737,ack,11:66:F0:00:01:3D,,0,0,1
35745,send,11:66:F0:00:01:3D,933,,1,1
35750,ack,11:66:F0:00:01:3D,,0,0,1
35761,send,11:66:F0:00:01:3D,934,,1,1
35766,ack,11:66:F0:00:01:3D,,0,0,1
35775,send,11:66:F0:00:01:3D,935,,1,1
35780,ack,11:66:F0:00:01:3D,,0,0,1
35791,send,11:66:F0:00:01:3D,936,,1,1
35796,ack,11:66:F0:00:01:3D,,0,0,1
35805,send,11:66:F0:00:01:3D,937,,1,1
35810,ack,11:66:F0:00:01:3D,,0,0,1
35820,send,11:66:F0:00:01:3D,938,,1,1
35825,ack,11:66:F0:00:01:3D,,0,0,1
35835,send,11:66:F0:00:01:3D,939,,1,1
35840,ack,11:66:F0:00:01:3D,,0,0,1
35850,send,11:66:F0:00:01:3D,940,,1,1
35857,ack,11:66:F0:00:01:3D,,0,0,1
35866,send,11:66:F0:00:01:3D,941,,1,1
35870,ack,11:66:F0:00:01:3D,,0,0,1
35880,send,11:66:F0:00:01:3D,942,,1,1
35885,ack,11:66:F0:00:01:3D,,0,0,1
35896,send,11:66:F0:00:01:3D,943,,1,1
35900,ack,11:66:F0:00:01:3D,,0,0,1
35911,send,11:66:F0:00:01:3D,944,,1,1
35917,ack,11:66:F0:00:01:3D,,0,0,1
35928,send,11:66:F0:00:01:3D,945,,1,1
35932,ack,11:66:F0:00:01:3D,,0,0,1
35942,send,11:66:F0:00:01:3D,946,,1,1
35948,ack,11:66:F0:00:01:3D,,0,0,1
35958,send,11:66:F0:00:01:3D,947,,1,1
35963,ack,11:66:F0:00:01:3D,,0,0,1
35972,send,11:66:F0:00:01:3D,948,,1,1
35977,ack,11:66:F0:00:01:3D,,0,0,1
35986,send,11:66:F0:00:01:3D,949,,1,1
35991,ack,11:66:F0:00:01:3D,,0,0,1
36001,send,11:66:F0:00:01:3D,950,,1,1
36005,ack,11:66:F0:00:01:3D,,0,0,1
36013,send,11:66:F0:00:01:3D,951,,1,1
36017,ack,11:66:F0:00:01:3D,,0,0,1
36027,send,11:66:F0:00:01:3D,952,,1,1
36032,ack,11:66:F0:00:01:3D,,0,0,1
36042,send,11:66:F0:00:01:3D,953,,1,1
36045,ack,11:66:F0:00:01:3D,,0,0,1
36056,send,11:66:F0:00:01:3D,954,,1,1
36060,ack,11:66:F0:00:01:3D,,0,0,1
36071,send,11:66:F0:00:01:3D,955,,1,1
36074,ack,11:66:F0:00:01:3D,,0,0,1
36085,send,11:66:F0:00:01:3D,956,,1,1
36090,ack,11:66:F0:00:01:3D,,0,0,1
36100,send,11:66:F0:00:01:3D,957,,1,1
36105,ack,11:66:F0:00:01:3D,,0,0,1
36114,send,11:66:F0:00:01:3D,958,,1,1
36120,ack,11:66:F0:00:01:3D,,0,0,1
36128,send,11:66:F0:00:01:3D,959,,1,1
36133,ack,11:66:F0:00:01:3D,,0,0,1
36142,send,11:66:F0:00:01:3D,960,,1,1
36146,ack,11:66:F0:00:01:3D,,0,0,1
36156,send,11:66:F0:00:01:3D,961,,1,1
36160,ack,11:66:F0:00:01:3D,,0,0,1
36170,send,11:66:F0:00:01:3D,962,,1,1
36175,ack,11:66:F0:00:01:3D,,0,0,1
36184,send,11:66:F0:00:01:3D,963,,1,1
36188,ack,11:66:F0:00:01:3D,,0,0,1
36198,send,11:66:F0:00:01:3D,964,,1,1
36204,ack,11:66:F0:00:01:3D,,0,0,1
36213,send,11:66:F0:00:01:3D,965,,1,1
36218,ack,11:66:F0:00:01:3D,,0,0,1
36228,send,11:66:F0:00:01:3D,966,,1,1
36232,ack,11:66:F0:00:01:3D,,0,0,1
36243,send,11:66:F0:00:01:3D,967,,1,1
36247,ack,11:66:F0:00:01:3D,,0,0,1
36257,send,11:66:F0:00:01:3D,968,,1,1
36261,ack,11:66:F0:00:01:3D,,0,0,1
36270,send,11:66:F0:00:01:3D,969,,1,1
36275,ack,11:66:F0:00:01:3D,,0,0,1
36287,send,11:66:F0:00:01:3D,970,,1,1
36291,ack,11:66:F0:00:01:3D,,0,0,1
36301,send,11:66:F0:00:01:3D,971,,1,1
36306,ack,11:66:F0:00:01:3D,,0,0,1
36317,send,11:66:F0:00:01:3D,972,,1,1
36322,ack,11:66:F0:00:01:3D,,0,0,1
36332,send,11:66:F0:00:01:3D,973,,1,1
36336,ack,11:66:F0:00:01:3D,,0,0,1
36346,send,11:66:F0:00:01:3D,974,,1,1
36352,ack,11:66:F0:00:01:3D,,0,0,1
36362,send,11:66:F0:00:01:3D,975,,1,1
36367,ack,11:66:F0:00:01:3D,,0,0,1
36377,send,11:66:F0:00:01:3D,976,,1,1
36382,ack,11:66:F0:00:01:3D,,0,0,1
36391,send,11:66:F0:00:01:3D,977,,1,1
36395,ack,11:66:F0:00:01:3D,,0,0,1
36407,send,11:66:F0:00:01:3D,978,,1,1
36411,ack,11:66:F0:00:01:3D,,0,0,1
36421,send,11:66:F0:00:01:3D,979,,1,1
36425,ack,11:66:F0:00:01:3D,,0,0,1
36434,send,11:66:F0:00:01:3D,980,,1,1
36439,ack,11:66:F0:00:01:3D,,0,0,1
36448,send,11:66:F0:00:01:3D,981,,1,1
36453,ack,11:66:F0:00:01:3D,,0,0,1
36475,send,11:66:F0:00:01:3D,982,,1,1
36479,ack,11:66:F0:00:01:3D,,0,0,1
36488,send,11:66:F0:00:01:3D,983,,1,1
36493,ack,11:66:F0:00:01:3D,,0,0,1
36503,send,11:66:F0:00:01:3D,984,,1,1
36507,ack,11:66:F0:00:01:3D,,0,0,1
36518,send,11:66:F0:00:01:3D,985,,1,1
36524,ack,11:66:F0:00:01:3D,,0,0,1
36534,send,11:66:F0:00:01:3D,986,,1,1
36539,ack,11:66:F0:00:01:3D,,0,0,1
36550,send,11:66:F0:00:01:3D,987,,1,1
36557,ack,11:66:F0:00:01:3D,,0,0,1
36565,send,11:66:F0:00:01:3D,988,,1,1
36571,ack,11:66:F0:00:01:3D,,0,0,1
36582,send,11:66:F0:00:01:3D,989,,1,1
36587,ack,11:66:F0:00:01:3D,,0,0,1
36597,send,11:66:F0:00:01:3D,990,,1,1
36603,ack,11:66:F0:00:01:3D,,0,0,1
36613,send,11:66:F0:00:01:3D,991,,1,1
36619,ack,11:66:F0:00:01:3D,,0,0,1
36628,send,11:66:F0:00:01:3D,992,,1,1
36633,ack,11:66:F0:00:01:3D,,0,0,1
36643,send,11:66:F0:00:01:3D,993,,1,1
36648,ack,11:66:F0:00:01:3D,,0,0,1
36660,send,11:66:F0:00:01:3D,994,,1,1
36665,ack,11:66:F0:00:01:3D,,0,0,1
36675,send,11:66:F0:00:01:3D,995,,1,1
36680,ack,11:66:F0:00:01:3D,,0,0,1
36690,send,11:66:F0:00:01:3D,996,,1,1
36696,ack,11:66:F0:00:01:3D,,0,0,1
36704,send,11:66:F0:00:01:3D,997,,1,1
36708,ack,11:66:F0:00:01:3D,,0,0,1
36719,send,11:66:F0:00:01:3D,998,,1,1
36724,ack,11:66:F0:00:01:3D,,0,0,1
36734,send,11:66:F0:00:01:3D,999,,1,1
36738,ack,11:66:F0:00:01:3D,,0,0,1
36750,send,11:66:F0:00:01:3D,1000,,1,1
36757,ack,11:66:F0:00:01:3D,,0,0,1
36766,send,11:66:F0:00:01:3D,1001,,1,1
36771,ack,11:66:F0:00:01:3D,,0,0,1
36781,send,11:66:F0:00:01:3D,1002,,1,1
36785,ack,11:66:F0:00:01:3D,,0,0,1
36797,send,11:66:F0:00:01:3D,1003,,1,1
36803,ack,11:66:F0:00:01:3D,,0,0,1
36812,send,11:66:F0:00:01:3D,1004,,1,1
36816,ack,11:66:F0:00:01:3D,,0,0,1
36828,send,11:66:F0:00:01:3D,1005,,1,1
36832,ack,11:66:F0:00:01:3D,,0,0,1
36843,send,11:66:F0:00:01:3D,1006,,1,1
36849,ack,11:66:F0:00:01:3D,,0,0,1
36859,send,11:66:F0:00:01:3D,1007,,1,1
36866,ack,11:66:F0:00:01:3D,,0,0,1
36874,send,11:66:F0:00:01:3D,1008,,1,1
36879,ack,11:66:F0:00:01:3D,,0,0,1
36888,send,11:66:F0:00:01:3D,1009,,1,1
36893,ack,11:66:F0:00:01:3D,,0,0,1
36902,send,11:66:F0:00:01:3D,1010,,1,1
36908,ack,11:66:F0:00:01:3D,,0,0,1
36918,send,11:66:F0:00:01:3D,1011,,1,1
36923,ack,11:66:F0:00:01:3D,,0,0,1
36933,send,11:66:F0:00:01:3D,1012,,1,1
36940,ack,11:66:F0:00:01:3D,,0,0,1
36949,send,11:66:F0:00:01:3D,1013,,1,1
36954,ack,11:66:F0:00:01:3D,,0,0,1
36963,send,11:66:F0:00:01:3D,1014,,1,1
36969,ack,11:66:F0:00:01:3D,,0,0,1
36978,send,11:66:F0:00:01:3D,1015,,1,1
36984,ack,11:66:F0:00:01:3D,,0,0,1
36994,send,11:66:F0:00:01:3D,1016,,1,1
36999,ack,11:66:F0:00:01:3D,,0,0,1
37010,send,11:66:F0:00:01:3D,1017,,1,1
37015,ack,11:66:F0:00:01:3D,,0,0,1
37025,send,11:66:F0:00:01:3D,1018,,1,1
37031,ack,11:66:F0:00:01:3D,,0,0,1
37040,send,11:66:F0:00:01:3D,1019,,1,1
37045,ack,11:66:F0:00:01:3D,,0,0,1
37054,send,11:66:F0:00:01:3D,1020,,1,1
37060,ack,11:66:F0:00:01:3D,,0,0,1
37069,send,11:66:F0:00:01:3D,1021,,1,1
37075,ack,11:66:F0:00:01:3D,,0,0,1
37083,send,11:66:F0:00:01:3D,1022,,1,1
37088,ack,11:66:F0:00:01:3D,,0,0,1
37096,send,11:66:F0:00:01:3D,1023,,1,1
37101,ack,11:66:F0:00:01:3D,,0,0,1
37110,send,11:66:F0:00:01:3D,1024,,1,1
37115,ack,11:66:F0:00:01:3D,,0,0,1
37124,send,11:66:F0:00:01:3D,1025,,1,1
37129,ack,11:66:F0:00:01:3D,,0,0,1
37138,send,11:66:F0:00:01:3D,1026,,1,1
37143,ack,11:66:F0:00:01:3D,,0,0,1
37153,send,11:66:F0:00:01:3D,1027,,1,1
37159,ack,11:66:F0:00:01:3D,,0,0,1
37167,send,11:66:F0:00:01:3D,1028,,1,1
37173,ack,11:66:F0:00:01:3D,,0,0,1
37185,send,11:66:F0:00:01:3D,1029,,1,1
37195,ack,11:66:F0:00:01:3D,,0,0,1
37200,send,11:66:F0:00:01:3D,1030,,1,1
37205,ack,11:66:F0:00:01:3D,,0,0,1
37215,send,11:66:F0:00:01:3D,1031,,1,1
37221,ack,11:66:F0:00:01:3D,,0,0,1
37230,send,11:66:F0:00:01:3D,1032,,1,1
37235,ack,11:66:F0:00:01:3D,,0,0,1
37244,send,11:66:F0:00:01:3D,1033,,1,1
37250,ack,11:66:F0:00:01:3D,,0,0,1
37259,send,11:66:F0:00:01:3D,1034,,1,1
37265,ack,11:66:F0:00:01:3D,,0,0,1
37274,send,11:66:F0:00:01:3D,1035,,1,1
37279,ack,11:66:F0:00:01:3D,,0,0,1
37288,send,11:66:F0:00:01:3D,1036,,1,1
37294,ack,11:66:F0:00:01:3D,,0,0,1
37303,send,11:66:F0:00:01:3D,1037,,1,1
37308,ack,11:66:F0:00:01:3D,,0,0,1
37318,send,11:66:F0:00:01:3D,1038,,1,1
37323,ack,11:66:F0:00:01:3D,,0,0,1
37333,send,11:66:F0:00:01:3D,1039,,1,1
37339,ack,11:66:F0:00:01:3D,,0,0,1
37349,send,11:66:F0:00:01:3D,1040,,1,1
37354,ack,11:66:F0:00:01:3D,,0,0,1
37364,send,11:66:F0:00:01:3D,1041,,1,1
37369,ack,11:66:F0:00:01:3D,,0,0,1
37378,send,11:66:F0:00:01:3D,1042,,1,1
37383,ack,11:66:F0:00:01:3D,,0,0,1
37394,send,11:66:F0:00:01:3D,1043,,1,1
37400,ack,11:66:F0:00:01:3D,,0,0,1
37409,send,11:66:F0:00:01:3D,1044,,1,1
37414,ack,11:66:F0:00:01:3D,,0,0,1
37423,send,11:66:F0:00:01:3D,1045,,1,1
37427,ack,11:66:F0:00:01:3D,,0,0,1
37439,send,11:66:F0:00:01:3D,1046,,1,1
37444,ack,11:66:F0:00:01:3D,,0,0,1
37455,send,11:66:F0:00:01:3D,1047,,1,1
37460,ack,11:66:F0:00:01:3D,,0,0,1
37475,send,11:66:F0:00:01:3D,1048,,1,1
37477,ack,11:66:F0:00:01:3D,,0,0,1
37488,send,11:66:F0:00:01:3D,1049,,1,1
37493,ack,11:66:F0:00:01:3D,,0,0,1
37501,send,11:66:F0:00:01:3D,1050,,1,1
37505,ack,11:66:F0:00:01:3D,,0,0,1
37517,send,11:66:F0:00:01:3D,1051,,1,1
37521,ack,11:66:F0:00:01:3D,,0,0,1
37531,send,11:66:F0:00:01:3D,1052,,1,1
37536,ack,11:66:F0:00:01:3D,,0,0,1
37545,send,11:66:F0:00:01:3D,1053,,1,1
37550,ack,11:66:F0:00:01:3D,,0,0,1
37561,send,11:66:F0:00:01:3D,1054,,1,1
37566,ack,11:66:F0:00:01:3D,,0,0,1
37575,send,11:66:F0:00:01:3D,1055,,1,1
37579,ack,11:66:F0:00:01:3D,,0,0,1
37590,send,11:66:F0:00:01:3D,1056,,1,1
37595,ack,11:66:F0:00:01:3D,,0,0,1
37605,send,11:66:F0:00:01:3D,1057,,1,1
37610,ack,11:66:F0:00:01:3D,,0,0,1
37618,send,11:66:F0:00:01:3D,1058,,1,1
37623,ack,11:66:F0:00:01:3D,,0,0,1
37632,send,11:66:F0:00:01:3D,1059,,1,1
37637,ack,11:66:F0:00:01:3D,,0,0,1
37646,send,11:66:F0:00:01:3D,1060,,1,1
37651,ack,11:66:F0:00:01:3D,,0,0,1
37663,send,11:66:F0:00:01:3D,1061,,1,1
37668,ack,11:66:F0:00:01:3D,,0,0,1
37677,send,11:66:F0:00:01:3D,1062,,1,1
37682,ack,11:66:F0:00:01:3D,,0,0,1
37691,send,11:66:F0:00:01:3D,1063,,1,1
37696,ack,11:66:F0:00:01:3D,,0,0,1
37706,send,11:66:F0:00:01:3D,1064,,1,1
37711,ack,11:66:F0:00:01:3D,,0,0,1
37720,send,11:66:F0:00:01:3D,1065,,1,1
37725,ack,11:66:F0:00:01:3D,,0,0,1
37735,send,11:66:F0:00:01:3D,1066,,1,1
37740,ack,11:66:F0:00:01:3D,,0,0,1
37750,send,11:66:F0:00:01:3D,1067,,1,1
37754,ack,11:66:F0:00:01:3D,,0,0,1
37764,send,11:66:F0:00:01:3D,1068,,1,1
37769,ack,11:66:F0:00:01:3D,,0,0,1
37780,send,11:66:F0:00:01:3D,1069,,1,1
37783,ack,11:66:F0:00:01:3D,,0,0,1
37795,send,11:66:F0:00:01:3D,1070,,1,1
37800,ack,11:66:F0:00:01:3D,,0,0,1
37808,send,11:66:F0:00:01:3D,1071,,1,1
37813,ack,11:66:F0:00:01:3D,,0,0,1
37822,send,11:66:F0:00:01:3D,1072,,1,1
37829,ack,11:66:F0:00:01:3D,,0,0,1
37839,send,11:66:F0:00:01:3D,1073,,1,1
37843,ack,11:66:F0:00:01:3D,,0,0,1
37854,send,11:66:F0:00:01:3D,1074,,1,1
37858,ack,11:66:F0:00:01:3D,,0,0,1
37868,send,11:66:F0:00:01:3D,1075,,1,1
37874,ack,11:66:F0:00:01:3D,,0,0,1
37883,send,11:66:F0:00:01:3D,1076,,1,1
37887,ack,11:66:F0:00:01:3D,,0,0,1
37898,send,11:66:F0:00:01:3D,1077,,1,1
37903,ack,11:66:F0:00:01:3D,,0,0,1
37914,send,11:66:F0:00:01:3D,1078,,1,1
37919,ack,11:66:F0:00:01:3D,,0,0,1
37929,send,11:66:F0:00:01:3D,1079,,1,1
37933,ack,11:66:F0:00:01:3D,,0,0,1
37942,send,11:66:F0:00:01:3D,1080,,1,1
37948,ack,11:66:F0:00:01:3D,,0,0,1
37956,send,11:66:F0:00:01:3D,1081,,1,1
37963,ack,11:66:F0:00:01:3D,,0,0,1
37971,send,11:66:F0:00:01:3D,1082,,1,1
37977,ack,11:66:F0:00:01:3D,,0,0,1
37986,send,11:66:F0:00:01:3D,1083,,1,1
37990,ack,11:66:F0:00:01:3D,,0,0,1
38000,send,11:66:F0:00:01:3D,1084,,1,1
38004,ack,11:66:F0:00:01:3D,,0,0,1
38014,send,11:66:F0:00:01:3D,1085,,1,1
38018,ack,11:66:F0:00:01:3D,,0,0,1
38029,send,11:66:F0:00:01:3D,1086,,1,1
38034,ack,11:66:F0:00:01:3D,,0,0,1
38045,send,11:66:F0:00:01:3D,1087,,1,1
38051,ack,11:66:F0:00:01:3D,,0,0,1
38061,send,11:66:F0:00:01:3D,1088,,1,1
38065,ack,11:66:F0:00:01:3D,,0,0,1
38075,send,11:66:F0:00:01:3D,1089,,1,1
38080,ack,11:66:F0:00:01:3D,,0,0,1
38088,send,11:66:F0:00:01:3D,1090,,1,1
38093,ack,11:66:F0:00:01:3D,,0,0,1
38103,send,11:66:F0:00:01:3D,1091,,1,1
38108,ack,11:66:F0:00:01:3D,,0,0,1
38119,send,11:66:F0:00:01:3D,1092,,1,1
38123,ack,11:66:F0:00:01:3D,,0,0,1
38134,send,11:66:F0:00:01:3D,1093,,1,1
38139,ack,11:66:F0:00:01:3D,,0,0,1
38148,send,11:66:F0:00:01:3D,1094,,1,1
38154,ack,11:66:F0:00:01:3D,,0,0,1
38163,send,11:66:F0:00:01:3D,1095,,1,1
38169,ack,11:66:F0:00:01:3D,,0,0,1
38177,send,11:66:F0:00:01:3D,1096,,1,1
38182,ack,11:66:F0:00:01:3D,,0,0,1
38191,send,11:66:F0:00:01:3D,1097,,1,1
38196,ack,11:66:F0:00:01:3D,,0,0,1
38205,send,11:66:F0:00:01:3D,1098,,1,1
38210,ack,11:66:F0:00:01:3D,,0,0,1
38219,send,11:66:F0:00:01:3D,1099,,1,1
38223,ack,11:66:F0:00:01:3D,,0,0,1
38233,send,11:66:F0:00:01:3D,1100,,1,1
38236,ack,11:66:F0:00:01:3D,,0,0,1
38247,send,11:66:F0:00:01:3D,1101,,1,1
38251,ack,11:66:F0:00:01:3D,,0,0,1
38262,send,11:66:F0:00:01:3D,1102,,1,1
38266,ack,11:66:F0:00:01:3D,,0,0,1
38276,send,11:66:F0:00:01:3D,1103,,1,1
38279,ack,11:66:F0:00:01:3D,,0,0,1
38290,send,11:66:F0:00:01:3D,1104,,1,1
38295,ack,11:66:F0:00:01:3D,,0,0,1
38305,send,11:66:F0:00:01:3D,1105,,1,1
38310,ack,11:66:F0:00:01:3D,,0,0,1
38319,send,11:66:F0:00:01:3D,1106,,1,1
38325,ack,11:66:F0:00:01:3D,,0,0,1
38333,send,11:66:F0:00:01:3D,1107,,1,1
38337,ack,11:66:F0:00:01:3D,,0,0,1
38347,send,11:66:F0:00:01:3D,1108,,1,1
38351,ack,11:66:F0:00:01:3D,,0,0,1
38362,send,11:66:F0:00:01:3D,1109,,1,1
38368,ack,11:66:F0:00:01:3D,,0,0,1
38377,send,11:66:F0:00:01:3D,1110,,1,1
38382,ack,11:66:F0:00:01:3D,,0,0,1
38391,send,11:66:F0:00:01:3D,1111,,1,1
38397,ack,11:66:F0:00:01:3D,,0,0,1
38407,send,11:66:F0:00:01:3D,1112,,1,1
38411,ack,11:66:F0:00:01:3D,,0,0,1
38421,send,11:66:F0:00:01:3D,1113,,1,1
38426,ack,11:66:F0:00:01:3D,,0,0,1
38435,send,11:66:F0:00:01:3D,1114,,1,1
38440,ack,11:66:F0:00:01:3D,,0,0,1
38449,send,11:66:F0:00:01:3D,1115,,1,1
38455,ack,11:66:F0:00:01:3D,,0,0,1
38479,send,11:66:F0:00:01:3D,1116,,1,1
38482,ack,11:66:F0:00:01:3D,,0,0,1
38492,send,11:66:F0:00:01:3D,1117,,1,1
38496,ack,11:66:F0:00:01:3D,,0,0,1
38505,send,11:66:F0:00:01:3D,1118,,1,1
38508,ack,11:66:F0:00:01:3D,,0,0,1
38518,send,11:66:F0:00:01:3D,1119,,1,1
38523,ack,11:66:F0:00:01:3D,,0,0,1
38531,send,11:66:F0:00:01:3D,1120,,1,1
38536,ack,11:66:F0:00:01:3D,,0,0,1
38545,send,11:66:F0:00:01:3D,1121,,1,1
38551,ack,11:66:F0:00:01:3D,,0,0,1
38560,send,11:66:F0:00:01:3D,1122,,1,1
38567,ack,11:66:F0:00:01:3D,,0,0,1
38576,send,11:66:F0:00:01:3D,1123,,1,1
38581,ack,11:66:F0:00:01:3D,,0,0,1
38592,send,11:66:F0:00:01:3D,1124,,1,1
38596,ack,11:66:F0:00:01:3D,,0,0,1
38607,send,11:66:F0:00:01:3D,1125,,1,1
38612,ack,11:66:F0:00:01:3D,,0,0,1
38620,send,11:66:F0:00:01:3D,1126,,1,1
38625,ack,11:66:F0:00:01:3D,,0,0,1
38634,send,11:66:F0:00:01:3D,1127,,1,1
38639,ack,11:66:F0:00:01:3D,,0,0,1
38648,send,11:66:F0:00:01:3D,1128,,1,1
38654,ack,11:66:F0:00:01:3D,,0,0,1
38663,send,11:66:F0:00:01:3D,1129,,1,1
38669,ack,11:66:F0:00:01:3D,,0,0,1
38678,send,11:66:F0:00:01:3D,1130,,1,1
38684,ack,11:66:F0:00:01:3D,,0,0,1
38694,send,11:66:F0:00:01:3D,1131,,1,1
38699,ack,11:66:F0:00:01:3D,,0,0,1
38709,send,11:66:F0:00:01:3D,1132,,1,1
38714,ack,11:66:F0:00:01:3D,,0,0,1
38722,send,11:66:F0:00:01:3D,1133,,1,1
38727,ack,11:66:F0:00:01:3D,,0,0,1
38738,send,11:66:F0:00:01:3D,1134,,1,1
38743,ack,11:66:F0:00:01:3D,,0,0,1
38752,send,11:66:F0:00:01:3D,1135,,1,1
38756,ack,11:66:F0:00:01:3D,,0,0,1
38766,send,11:66:F0:00:01:3D,1136,,1,1
38771,ack,11:66:F0:00:01:3D,,0,0,1
38783,send,11:66:F0:00:01:3D,1137,,1,1
38789,ack,11:66:F0:00:01:3D,,0,0,1
38798,send,11:66:F0:00:01:3D,1138,,1,1
38803,ack,11:66:F0:00:01:3D,,0,0,1
38814,send,11:66:F0:00:01:3D,1139,,1,1
38820,ack,11:66:F0:00:01:3D,,0,0,1
38829,send,11:66:F0:00:01:3D,1140,,1,1
38834,ack,11:66:F0:00:01:3D,,0,0,1
38844,send,11:66:F0:00:01:3D,1141,,1,1
38850,ack,11:66:F0:00:01:3D,,0,0,1
38859,send,11:66:F0:00:01:3D,1142,,1,1
38865,ack,11:66:F0:00:01:3D,,0,0,1
38874,send,11:66:F0:00:01:3D,1143,,1,1
38878,ack,11:66:F0:00:01:3D,,0,0,1
38888,send,11:66:F0:00:01:3D,1144,,1,1
38893,ack,11:66:F0:00:01:3D,,0,0,1
38903,send,11:66:F0:00:01:3D,1145,,1,1
38908,ack,11:66:F0:00:01:3D,,0,0,1
38918,send,11:66:F0:00:01:3D,1146,,1,1
38922,ack,11:66:F0:00:01:3D,,0,0,1
38932,send,11:66:F0:00:01:3D,1147,,1,1
38936,ack,11:66:F0:00:01:3D,,0,0,1
38946,send,11:66:F0:00:01:3D,1148,,1,1
38949,ack,11:66:F0:00:01:3D,,0,0,1
38959,send,11:66:F0:00:01:3D,1149,,1,1
38962,ack,11:66:F0:00:01:3D,,0,0,1
38973,send,11:66:F0:00:01:3D,1150,,1,1
38976,ack,11:66:F0:00:01:3D,,0,0,1
38987,send,11:66:F0:00:01:3D,1151,,1,1
38990,ack,11:66:F0:00:01:3D,,0,0,1
39000,send,11:66:F0:00:01:3D,1152,,1,1
39004,ack,11:66:F0:00:01:3D,,0,0,1
39015,send,11:66:F0:00:01:3D,1153,,1,1
39017,ack,11:66:F0:00:01:3D,,0,0,1
39029,send,11:66:F0:00:01:3D,1154,,1,1
39032,ack,11:66:F0:00:01:3D,,0,0,1
39042,send,11:66:F0:00:01:3D,1155,,1,1
39045,ack,11:66:F0:00:01:3D,,0,0,1
39746,send,11:66:F0:00:01:3D,1156,,1,1
39754,ack,11:66:F0:00:01:3D,,0,0,1
39760,send,11:66:F0:00:01:3D,1157,,1,1
39767,ack,11:66:F0:00:01:3D,,0,0,1
39769,send,11:66:F0:00:01:3D,1158,,1,1
39774,ack,11:66:F0:00:01:3D,,0,0,1
39779,send,11:66:F0:00:01:3D,1159,,1,1
39785,ack,11:66:F0:00:01:3D,,0,0,1
39789,send,11:66:F0:00:01:3D,1160,,1,1
39793,ack,11:66:F0:00:01:3D,,0,0,1
39799,send,11:66:F0:00:01:3D,1161,,1,1
39804,ack,11:66:F0:00:01:3D,,0,0,1
39809,send,11:66:F0:00:01:3D,1162,,1,1
39813,ack,11:66:F0:00:01:3D,,0,0,1
39819,send,11:66:F0:00:01:3D,1163,,1,1
39824,ack,11:66:F0:00:01:3D,,0,0,1
39830,send,11:66:F0:00:01:3D,1164,,1,1
39835,ack,11:66:F0:00:01:3D,,0,0,1
39840,send,11:66:F0:00:01:3D,1165,,1,1
39846,ack,11:66:F0:00:01:3D,,0,0,1
39850,send,11:66:F0:00:01:3D,1166,,1,1
39856,ack,11:66:F0:00:01:3D,,0,0,1
39860,send,11:66:F0:00:01:3D,1167,,1,1
39865,ack,11:66:F0:00:01:3D,,0,0,1
39870,send,11:66:F0:00:01:3D,1168,,1,1
39875,ack,11:66:F0:00:01:3D,,0,0,1
39882,send,11:66:F0:00:01:3D,1169,,1,1
39886,ack,11:66:F0:00:01:3D,,0,0,1
39892,send,11:66:F0:00:01:3D,1170,,1,1
39896,ack,11:66:F0:00:01:3D,,0,0,1
39902,send,11:66:F0:00:01:3D,1171,,1,1
39907,ack,11:66:F0:00:01:3D,,0,0,1
39913,send,11:66:F0:00:01:3D,1172,,1,1
39917,ack,11:66:F0:00:01:3D,,0,0,1
39923,send,11:66:F0:00:01:3D,1173,,1,1
39927,ack,11:66:F0:00:01:3D,,0,0,1
39933,send,11:66:F0:00:01:3D,1174,,1,1
39938,ack,11:66:F0:00:01:3D,,0,0,1
39943,send,11:66:F0:00:01:3D,1175,,1,1
39947,ack,11:66:F0:00:01:3D,,0,0,1
39953,send,11:66:F0:00:01:3D,1176,,1,1
39957,ack,11:66:F0:00:01:3D,,0,0,1
39964,send,11:66:F0:00:01:3D,1177,,1,1
39969,ack,11:66:F0:00:01:3D,,0,0,1
39975,send,11:66:F0:00:01:3D,1178,,1,1
39978,ack,11:66:F0:00:01:3D,,0,0,1
39985,send,11:66:F0:00:01:3D,1179,,1,1
39989,ack,11:66:F0:00:01:3D,,0,0,1
39996,send,11:66:F0:00:01:3D,1180,,1,1
40001,ack,11:66:F0:00:01:3D,,0,0,1
40006,send,11:66:F0:00:01:3D,1181,,1,1
40010,ack,11:66:F0:00:01:3D,,0,0,1
40016,send,11:66:F0:00:01:3D,1182,,1,1
40020,ack,11:66:F0:00:01:3D,,0,0,1
40026,send,11:66:F0:00:01:3D,1183,,1,1
40029,ack,11:66:F0:00:01:3D,,0,0,1
40035,send,11:66:F0:00:01:3D,1184,,1,1
40039,ack,11:66:F0:00:01:3D,,0,0,1
40045,send,11:66:F0:00:01:3D,1185,,1,1
40048,ack,11:66:F0:00:01:3D,,0,0,1
40054,send,11:66:F0:00:01:3D,1186,,1,1
40058,ack,11:66:F0:00:01:3D,,0,0,1
40063,send,11:66:F0:00:01:3D,1187,,1,1
40068,ack,11:66:F0:00:01:3D,,0,0,1
40073,send,11:66:F0:00:01:3D,1188,,1,1
40077,ack,11:66:F0:00:01:3D,,0,0,1
40083,send,11:66:F0:00:01:3D,1189,,1,1
40087,ack,11:66:F0:00:01:3D,,0,0,1
40093,send,11:66:F0:00:01:3D,1190,,1,1
40096,ack,11:66:F0:00:01:3D,,0,0,1
40102,send,11:66:F0:00:01:3D,1191,,1,1
40106,ack,11:66:F0:00:01:3D,,0,0,1
40112,send,11:66:F0:00:01:3D,1192,,1,1
40115,ack,11:66:F0:00:01:3D,,0,0,1
40121,send,11:66:F0:00:01:3D,1193,,1,1
40125,ack,11:66:F0:00:01:3D,,0,0,1
40131,send,11:66:F0:00:01:3D,1194,,1,1
40135,ack,11:66:F0:00:01:3D,,0,0,1
40139,send,11:66:F0:00:01:3D,1195,,1,1
40144,ack,11:66:F0:00:01:3D,,0,0,1
40149,send,11:66:F0:00:01:3D,1196,,1,1
40153,ack,11:66:F0:00:01:3D,,0,0,1
40159,send,11:66:F0:00:01:3D,1197,,1,1
40162,ack,11:66:F0:00:01:3D,,0,0,1
40168,send,11:66:F0:00:01:3D,1198,,1,1
40171,ack,11:66:F0:00:01:3D,,0,0,1
40177,send,11:66:F0:00:01:3D,1199,,1,1
40180,ack,11:66:F0:00:01:3D,,0,0,1
40187,send,11:66:F0:00:01:3D,1200,,1,1
40190,ack,11:66:F0:00:01:3D,,0,0,1
40196,send,11:66:F0:00:01:3D,1201,,1,1
40200,ack,11:66:F0:00:01:3D,,0,0,1
40206,send,11:66:F0:00:01:3D,1202,,1,1
40210,ack,11:66:F0:00:01:3D,,0,0,1
40216,send,11:66:F0:00:01:3D,1203,,1,1
40220,ack,11:66:F0:00:01:3D,,0,0,1
40226,send,11:66:F0:00:01:3D,1204,,1,1
40229,ack,11:66:F0:00:01:3D,,0,0,1
40237,send,11:66:F0:00:01:3D,1205,,1,1
40241,ack,11:66:F0:00:01:3D,,0,0,1
40247,send,11:66:F0:00:01:3D,1206,,1,1
40250,ack,11:66:F0:00:01:3D,,0,0,1
40257,send,11:66:F0:00:01:3D,1207,,1,1
40261,ack,11:66:F0:00:01:3D,,0,0,1
40266,send,11:66:F0:00:01:3D,1208,,1,1
40270,ack,11:66:F0:00:01:3D,,0,0,1
40276,send,11:66:F0:00:01:3D,1209,,1,1
40279,ack,11:66:F0:00:01:3D,,0,0,1
40286,send,11:66:F0:00:01:3D,1210,,1,1
40289,ack,11:66:F0:00:01:3D,,0,0,1
40296,send,11:66:F0:00:01:3D,1211,,1,1
40300,ack,11:66:F0:00:01:3D,,0,0,1
40306,send,11:66:F0:00:01:3D,1212,,1,1
40309,ack,11:66:F0:00:01:3D,,0,0,1
40314,send,11:66:F0:00:01:3D,1213,,1,1
40319,ack,11:66:F0:00:01:3D,,0,0,1
40324,send,11:66:F0:00:01:3D,1214,,1,1
40329,ack,11:66:F0:00:01:3D,,0,0,1
40334,send,11:66:F0:00:01:3D,1215,,1,1
40339,ack,11:66:F0:00:01:3D,,0,0,1
40346,send,11:66:F0:00:01:3D,1216,,1,1
40350,ack,11:66:F0:00:01:3D,,0,0,1
40355,send,11:66:F0:00:01:3D,1217,,1,1
40359,ack,11:66:F0:00:01:3D,,0,0,1
40365,send,11:66:F0:00:01:3D,1218,,1,1
40369,ack,11:66:F0:00:01:3D,,0,0,1
40375,send,11:66:F0:00:01:3D,1219,,1,1
40378,ack,11:66:F0:00:01:3D,,0,0,1
40385,send,11:66:F0:00:01:3D,1220,,1,1
40388,ack,11:66:F0:00:01:3D,,0,0,1
40393,send,11:66:F0:00:01:3D,1221,,1,1
40398,ack,11:66:F0:00:01:3D,,0,0,1
40403,send,11:66:F0:00:01:3D,1222,,1,1
40407,ack,11:66:F0:00:01:3D,,0,0,1
40415,send,11:66:F0:00:01:3D,1223,,1,1
40419,ack,11:66:F0:00:01:3D,,0,0,1
40424,send,11:66:F0:00:01:3D,1224,,1,1
40428,ack,11:66:F0:00:01:3D,,0,0,1
40433,send,11:66:F0:00:01:3D,1225,,1,1
40437,ack,11:66:F0:00:01:3D,,0,0,1
40444,send,11:66:F0:00:01:3D,1226,,1,1
40447,ack,11:66:F0:00:01:3D,,0,0,1
40453,send,11:66:F0:00:01:3D,1227,,1,1
40458,ack,11:66:F0:00:01:3D,,0,0,1
40479,send,11:66:F0:00:01:3D,1228,,1,1
40482,ack,11:66:F0:00:01:3D,,0,0,1
40488,send,11:66:F0:00:01:3D,1229,,1,1
40491,ack,11:66:F0:00:01:3D,,0,0,1
40496,send,11:66:F0:00:01:3D,1230,,1,1
40499,ack,11:66:F0:00:01:3D,,0,0,1
40506,send,11:66:F0:00:01:3D,1231,,1,1
40510,ack,11:66:F0:00:01:3D,,0,0,1
40516,send,11:66:F0:00:01:3D,1232,,1,1
40519,ack,11:66:F0:00:01:3D,,0,0,1
40525,send,11:66:F0:00:01:3D,1233,,1,1
40529,ack,11:66:F0:00:01:3D,,0,0,1
40535,send,11:66:F0:00:01:3D,1234,,1,1
40541,ack,11:66:F0:00:01:3D,,0,0,1
40546,send,11:66:F0:00:01:3D,1235,,1,1
40551,ack,11:66:F0:00:01:3D,,0,0,1
40556,send,11:66:F0:00:01:3D,1236,,1,1
40560,ack,11:66:F0:00:01:3D,,0,0,1
40565,send,11:66:F0:00:01:3D,1237,,1,1
40570,ack,11:66:F0:00:01:3D,,0,0,1
40576,send,11:66:F0:00:01:3D,1238,,1,1
40580,ack,11:66:F0:00:01:3D,,0,0,1
40585,send,11:66:F0:00:01:3D,1239,,1,1
40591,ack,11:66:F0:00:01:3D,,0,0,1
40596,send,11:66:F0:00:01:3D,1240,,1,1
40601,ack,11:66:F0:00:01:3D,,0,0,1
40606,send,11:66:F0:00:01:3D,1241,,1,1
40610,ack,11:66:F0:00:01:3D,,0,0,1
40616,send,11:66:F0:00:01:3D,1242,,1,1
40620,ack,11:66:F0:00:01:3D,,0,0,1
40626,send,11:66:F0:00:01:3D,1243,,1,1
40631,ack,11:66:F0:00:01:3D,,0,0,1
40635,send,11:66:F0:00:01:3D,1244,,1,1
40640,ack,11:66:F0:00:01:3D,,0,0,1
40646,send,11:66:F0:00:01:3D,1245,,1,1
40649,ack,11:66:F0:00:01:3D,,0,0,1
40656,send,11:66:F0:00:01:3D,1246,,1,1
40659,ack,11:66:F0:00:01:3D,,0,0,1
40665,send,11:66:F0:00:01:3D,1247,,1,1
40668,ack,11:66:F0:00:01:3D,,0,0,1
40674,send,11:66:F0:00:01:3D,1248,,1,1
40677,ack,11:66:F0:00:01:3D,,0,0,1
40683,send,11:66:F0:00:01:3D,1249,,1,1
40685,ack,11:66:F0:00:01:3D,,0,0,1
40690,send,11:66:F0:00:01:3D,1250,,1,1
40692,ack,11:66:F0:00:01:3D,,0,0,1
40698,send,11:66:F0:00:01:3D,1251,,1,1
40700,ack,11:66:F0:00:01:3D,,0,0,1
40706,send,11:66:F0:00:01:3D,1252,,1,1
40709,ack,11:66:F0:00:01:3D,,0,0,1
40715,send,11:66:F0:00:01:3D,1253,,1,1
40716,ack,11:66:F0:00:01:3D,,0,0,1
40722,send,11:66:F0:00:01:3D,1254,,1,1
40724,ack,11:66:F0:00:01:3D,,0,0,1
40730,send,11:66:F0:00:01:3D,1255,,1,1
40732,ack,11:66:F0:00:01:3D,,0,0,1
40738,send,11:66:F0:00:01:3D,1256,,1,1
40740,ack,11:66:F0:00:01:3D,,0,0,1
40747,send,11:66:F0:00:01:3D,1257,,1,1
40750,ack,11:66:F0:00:01:3D,,0,0,1
40757,send,11:66:F0:00:01:3D,1258,,1,1
40760,ack,11:66:F0:00:01:3D,,0,0,1
40767,send,11:66:F0:00:01:3D,1259,,1,1
40771,ack,11:66:F0:00:01:3D,,0,0,1
40778,send,11:66:F0:00:01:3D,1260,,1,1
40782,ack,11:66:F0:00:01:3D,,0,0,1
40789,send,11:66:F0:00:01:3D,1261,,1,1
40792,ack,11:66:F0:00:01:3D,,0,0,1
40797,send,11:66:F0:00:01:3D,1262,,1,1
40802,ack,11:66:F0:00:01:3D,,0,0,1
40808,send,11:66:F0:00:01:3D,1263,,1,1
40812,ack,11:66:F0:00:01:3D,,0,0,1
40819,send,11:66:F0:00:01:3D,1264,,1,1
40823,ack,11:66:F0:00:01:3D,,0,0,1
40831,send,11:66:F0:00:01:3D,1265,,1,1
40835,ack,11:66:F0:00:01:3D,,0,0,1
40841,send,11:66:F0:00:01:3D,1266,,1,1
40845,ack,11:66:F0:00:01:3D,,0,0,1
40851,send,11:66:F0:00:01:3D,1267,,1,1
40854,ack,11:66:F0:00:01:3D,,0,0,1
40861,send,11:66:F0:00:01:3D,1268,,1,1
40867,ack,11:66:F0:00:01:3D,,0,0,1
40870,send,11:66:F0:00:01:3D,1269,,1,1
40875,ack,11:66:F0:00:01:3D,,0,0,1
40881,send,11:66:F0:00:01:3D,1270,,1,1
40884,ack,11:66:F0:00:01:3D,,0,0,1
40891,send,11:66:F0:00:01:3D,1271,,1,1
40895,ack,11:66:F0:00:01:3D,,0,0,1
40901,send,11:66:F0:00:01:3D,1272,,1,1
40906,ack,11:66:F0:00:01:3D,,0,0,1
40912,send,11:66:F0:00:01:3D,1273,,1,1
40915,ack,11:66:F0:00:01:3D,,0,0,1
40921,send,11:66:F0:00:01:3D,1274,,1,1
40925,ack,11:66:F0:00:01:3D,,0,0,1
40932,send,11:66:F0:00:01:3D,1275,,1,1
40938,ack,11:66:F0:00:01:3D,,0,0,1
40943,send,11:66:F0:00:01:3D,1276,,1,1
40947,ack,11:66:F0:00:01:3D,,0,0,1
40954,send,11:66:F0:00:01:3D,1277,,1,1
40957,ack,11:66:F0:00:01:3D,,0,0,1
40964,send,11:66:F0:00:01:3D,1278,,1,1
40968,ack,11:66:F0:00:01:3D,,0,0,1
40975,send,11:66:F0:00:01:3D,1279,,1,1
40984,send,11:66:F0:00:01:3D,1280,,2,1
40989,ack,11:66:F0:00:01:3D,,0,1,1
40991,send,11:66:F0:00:01:3D,1281,,2,1
40993,ack,11:66:F0:00:01:3D,,0,1,1
40999,send,11:66:F0:00:01:3D,1282,,2,1
41004,ack,11:66:F0:00:01:3D,,0,1,1
41009,ack,11:66:F0:00:01:3D,,0,0,1
41010,send,11:66:F0:00:01:3D,1283,,1,1
41015,ack,11:66:F0:00:01:3D,,0,0,1
41020,send,11:66:F0:00:01:3D,1284,,1,1
41022,ack,11:66:F0:00:01:3D,,0,0,1
41028,send,11:66:F0:00:01:3D,1285,,1,1
41029,ack,11:66:F0:00:01:3D,,0,0,1
41035,send,11:66:F0:00:01:3D,1286,,1,1
41037,ack,11:66:F0:00:01:3D,,0,0,1
41043,send,11:66:F0:00:01:3D,1287,,1,1
41047,ack,11:66:F0:00:01:3D,,0,0,1
41052,send,11:66:F0:00:01:3D,1288,,1,1
41055,ack,11:66:F0:00:01:3D,,0,0,1
41060,send,11:66:F0:00:01:3D,1289,,1,1
41061,ack,11:66:F0:00:01:3D,,0,0,1
41067,send,11:66:F0:00:01:3D,1290,,1,1
41068,ack,11:66:F0:00:01:3D,,0,0,1
41075,send,11:66:F0:00:01:3D,1291,,1,1
41075,ack,11:66:F0:00:01:3D,,0,0,1
41082,send,11:66:F0:00:01:3D,1292,,1,1
41083,ack,11:66:F0:00:01:3D,,0,0,1
41089,send,11:66:F0:00:01:3D,1293,,1,1
41092,ack,11:66:F0:00:01:3D,,0,0,1
41098,send,11:66:F0:00:01:3D,1294,,1,1
41101,ack,11:66:F0:00:01:3D,,0,0,1
41107,send,11:66:F0:00:01:3D,1295,,1,1
41111,ack,11:66:F0:00:01:3D,,0,0,1
41117,send,11:66:F0:00:01:3D,1296,,1,1
41120,ack,11:66:F0:00:01:3D,,0,0,1
41126,send,11:66:F0:00:01:3D,1297,,1,1
41129,ack,11:66:F0:00:01:3D,,0,0,1
41135,send,11:66:F0:00:01:3D,1298,,1,1
41138,ack,11:66:F0:00:01:3D,,0,0,1
41144,send,11:66:F0:00:01:3D,1299,,1,1
41147,ack,11:66:F0:00:01:3D,,0,0,1
41154,send,11:66:F0:00:01:3D,1300,,1,1
41157,ack,11:66:F0:00:01:3D,,0,0,1
41163,send,11:66:F0:00:01:3D,1301,,1,1
41167,ack,11:66:F0:00:01:3D,,0,0,1
41174,send,11:66:F0:00:01:3D,1302,,1,1
41178,ack,11:66:F0:00:01:3D,,0,0,1
41185,send,11:66:F0:00:01:3D,1303,,1,1
41190,ack,11:66:F0:00:01:3D,,0,0,1
41197,send,11:66:F0:00:01:3D,1304,,1,1
41202,ack,11:66:F0:00:01:3D,,0,0,1
41207,send,11:66:F0:00:01:3D,1305,,1,1
41212,ack,11:66:F0:00:01:3D,,0,0,1
41218,send,11:66:F0:00:01:3D,1306,,1,1
41222,ack,11:66:F0:00:01:3D,,0,0,1
41230,send,11:66:F0:00:01:3D,1307,,1,1
41233,ack,11:66:F0:00:01:3D,,0,0,1
41241,send,11:66:F0:00:01:3D,1308,,1,1
41245,ack,11:66:F0:00:01:3D,,0,0,1
41253,send,11:66:F0:00:01:3D,1309,,1,1
41258,ack,11:66:F0:00:01:3D,,0,0,1
41264,send,11:66:F0:00:01:3D,1310,,1,1
41268,ack,11:66:F0:00:01:3D,,0,0,1
41274,send,11:66:F0:00:01:3D,1311,,1,1
41279,ack,11:66:F0:00:01:3D,,0,0,1
41285,send,11:66:F0:00:01:3D,1312,,1,1
41288,ack,11:66:F0:00:01:3D,,0,0,1
41296,send,11:66:F0:00:01:3D,1313,,1,1
41301,ack,11:66:F0:00:01:3D,,0,0,1
41307,send,11:66:F0:00:01:3D,1314,,1,1
41312,ack,11:66:F0:00:01:3D,,0,0,1
41318,send,11:66:F0:00:01:3D,1315,,1,1
41322,ack,11:66:F0:00:01:3D,,0,0,1
41328,send,11:66:F0:00:01:3D,1316,,1,1
41332,ack,11:66:F0:00:01:3D,,0,0,1
41338,send,11:66:F0:00:01:3D,1317,,1,1
41342,ack,11:66:F0:00:01:3D,,0,0,1
41348,send,11:66:F0:00:01:3D,1318,,1,1
41352,ack,11:66:F0:00:01:3D,,0,0,1
41359,send,11:66:F0:00:01:3D,1319,,1,1
41362,ack,11:66:F0:00:01:3D,,0,0,1
41368,send,11:66:F0:00:01:3D,1320,,1,1
41374,ack,11:66:F0:00:01:3D,,0,0,1
41379,send,11:66:F0:00:01:3D,1321,,1,1
41382,ack,11:66:F0:00:01:3D,,0,0,1
41389,send,11:66:F0:00:01:3D,1322,,1,1
41394,ack,11:66:F0:00:01:3D,,0,0,1
41399,send,11:66:F0:00:01:3D,1323,,1,1
41403,ack,11:66:F0:00:01:3D,,0,0,1
41409,send,11:66:F0:00:01:3D,1324,,1,1
41413,ack,11:66:F0:00:01:3D,,0,0,1
41418,send,11:66:F0:00:01:3D,1325,,1,1
41422,ack,11:66:F0:00:01:3D,,0,0,1
41428,send,11:66:F0:00:01:3D,1326,,1,1
41431,ack,11:66:F0:00:01:3D,,0,0,1
41437,send,11:66:F0:00:01:3D,1327,,1,1
41442,ack,11:66:F0:00:01:3D,,0,0,1
41449,send,11:66:F0:00:01:3D,1328,,1,1
41453,ack,11:66:F0:00:01:3D,,0,0,1
41459,send,11:66:F0:00:01:3D,1329,,1,1
41463,ack,11:66:F0:00:01:3D,,0,0,1
41480,send,11:66:F0:00:01:3D,1330,,1,1
41483,ack,11:66:F0:00:01:3D,,0,0,1
41489,send,11:66:F0:00:01:3D,1331,,1,1
41492,ack,11:66:F0:00:01:3D,,0,0,1
41498,send,11:66:F0:00:01:3D,1332,,1,1
41501,ack,11:66:F0:00:01:3D,,0,0,1
41507,send,11:66:F0:00:01:3D,1333,,1,1
41511,ack,11:66:F0:00:01:3D,,0,0,1
41517,send,11:66:F0:00:01:3D,1334,,1,1
41521,ack,11:66:F0:00:01:3D,,0,0,1
41528,send,11:66:F0:00:01:3D,1335,,1,1
41532,ack,11:66:F0:00:01:3D,,0,0,1
41538,send,11:66:F0:00:01:3D,1336,,1,1
41542,ack,11:66:F0:00:01:3D,,0,0,1
41547,send,11:66:F0:00:01:3D,1337,,1,1
41552,ack,11:66:F0:00:01:3D,,0,0,1
41559,send,11:66:F0:00:01:3D,1338,,1,1
41564,ack,11:66:F0:00:01:3D,,0,0,1
41570,send,11:66:F0:00:01:3D,1339,,1,1
41575,ack,11:66:F0:00:01:3D,,0,0,1
41580,send,11:66:F0:00:01:3D,1340,,1,1
41584,ack,11:66:F0:00:01:3D,,0,0,1
41590,send,11:66:F0:00:01:3D,1341,,1,1
41595,ack,11:66:F0:00:01:3D,,0,0,1
41600,send,11:66:F0:00:01:3D,1342,,1,1
41605,ack,11:66:F0:00:01:3D,,0,0,1
41610,send,11:66:F0:00:01:3D,1343,,1,1
41614,ack,11:66:F0:00:01:3D,,0,0,1
41620,send,11:66:F0:00:01:3D,1344,,1,1
41625,ack,11:66:F0:00:01:3D,,0,0,1
41630,send,11:66:F0:00:01:3D,1345,,1,1
41635,ack,11:66:F0:00:01:3D,,0,0,1
41640,send,11:66:F0:00:01:3D,1346,,1,1
41645,ack,11:66:F0:00:01:3D,,0,0,1
41650,send,11:66:F0:00:01:3D,1347,,1,1
41654,ack,11:66:F0:00:01:3D,,0,0,1
41660,send,11:66:F0:00:01:3D,1348,,1,1
41664,ack,11:66:F0:00:01:3D,,0,0,1
41670,send,11:66:F0:00:01:3D,1349,,1,1
41675,ack,11:66:F0:00:01:3D,,0,0,1
41681,send,11:66:F0:00:01:3D,1350,,1,1
41686,ack,11:66:F0:00:01:3D,,0,0,1
41689,send,11:66:F0:00:01:3D,1351,,1,1
41694,ack,11:66:F0:00:01:3D,,0,0,1
41698,send,11:66:F0:00:01:3D,1352,,1,1
41703,ack,11:66:F0:00:01:3D,,0,0,1
41708,send,11:66:F0:00:01:3D,1353,,1,1
41713,ack,11:66:F0:00:01:3D,,0,0,1
41719,send,11:66:F0:00:01:3D,1354,,1,1
41723,ack,11:66:F0:00:01:3D,,0,0,1
41730,send,11:66:F0:00:01:3D,1355,,1,1
41734,ack,11:66:F0:00:01:3D,,0,0,1
41739,send,11:66:F0:00:01:3D,1356,,1,1
41744,ack,11:66:F0:00:01:3D,,0,0,1
41749,send,11:66:F0:00:01:3D,1357,,1,1
41754,ack,11:66:F0:00:01:3D,,0,0,1
41758,send,11:66:F0:00:01:3D,1358,,1,1
41762,ack,11:66:F0:00:01:3D,,0,0,1
41769,send,11:66:F0:00:01:3D,1359,,1,1
41773,ack,11:66:F0:00:01:3D,,0,0,1
41779,send,11:66:F0:00:01:3D,1360,,1,1
41783,ack,11:66:F0:00:01:3D,,0,0,1
41788,send,11:66:F0:00:01:3D,1361,,1,1
41793,ack,11:66:F0:00:01:3D,,0,0,1
41798,send,11:66:F0:00:01:3D,1362,,1,1
41803,ack,11:66:F0:00:01:3D,,0,0,1
41808,send,11:66:F0:00:01:3D,1363,,1,1
41812,ack,11:66:F0:00:01:3D,,0,0,1
41817,send,11:66:F0:00:01:3D,1364,,1,1
41821,ack,11:66:F0:00:01:3D,,0,0,1
41827,send,11:66:F0:00:01:3D,1365,,1,1
41831,ack,11:66:F0:00:01:3D,,0,0,1
41837,send,11:66:F0:00:01:3D,1366,,1,1
41843,ack,11:66:F0:00:01:3D,,0,0,1
41847,send,11:66:F0:00:01:3D,1367,,1,1
41853,ack,11:66:F0:00:01:3D,,0,0,1
41858,send,11:66:F0:00:01:3D,1368,,1,1
41863,ack,11:66:F0:00:01:3D,,0,0,1
41868,send,11:66:F0:00:01:3D,1369,,1,1
41874,ack,11:66:F0:00:01:3D,,0,0,1
41880,send,11:66:F0:00:01:3D,1370,,1,1
41885,ack,11:66:F0:00:01:3D,,0,0,1
41891,send,11:66:F0:00:01:3D,1371,,1,1
41897,ack,11:66:F0:00:01:3D,,0,0,1
41903,send,11:66:F0:00:01:3D,1372,,1,1
41908,ack,11:66:F0:00:01:3D,,0,0,1
41914,send,11:66:F0:00:01:3D,1373,,1,1
41919,ack,11:66:F0:00:01:3D,,0,0,1
41924,send,11:66:F0:00:01:3D,1374,,1,1
41930,ack,11:66:F0:00:01:3D,,0,0,1
41936,send,11:66:F0:00:01:3D,1375,,1,1
41942,ack,11:66:F0:00:01:3D,,0,0,1
41947,send,11:66:F0:00:01:3D,1376,,1,1
41951,ack,11:66:F0:00:01:3D,,0,0,1
41958,send,11:66:F0:00:01:3D,1377,,1,1
41963,ack,11:66:F0:00:01:3D,,0,0,1
41969,send,11:66:F0:00:01:3D,1378,,1,1
41973,ack,11:66:F0:00:01:3D,,0,0,1
41979,send,11:66:F0:00:01:3D,1379,,1,1
41983,ack,11:66:F0:00:01:3D,,0,0,1
41988,send,11:66:F0:00:01:3D,1380,,1,1
41992,ack,11:66:F0:00:01:3D,,0,0,1
41998,send,11:66:F0:00:01:3D,1381,,1,1
42002,ack,11:66:F0:00:01:3D,,0,0,1
42009,send,11:66:F0:00:01:3D,1382,,1,1
42014,ack,11:66:F0:00:01:3D,,0,0,1
42019,send,11:66:F0:00:01:3D,1383,,1,1
42023,ack,11:66:F0:00:01:3D,,0,0,1
42027,send,11:66:F0:00:01:3D,1384,,1,1
42033,ack,11:66:F0:00:01:3D,,0,0,1
42038,send,11:66:F0:00:01:3D,1385,,1,1
42042,ack,11:66:F0:00:01:3D,,0,0,1
42046,send,11:66:F0:00:01:3D,1386,,1,1
42051,ack,11:66:F0:00:01:3D,,0,0,1
42056,send,11:66:F0:00:01:3D,1387,,1,1
42060,ack,11:66:F0:00:01:3D,,0,0,1
42066,send,11:66:F0:00:01:3D,1388,,1,1
42071,ack,11:66:F0:00:01:3D,,0,0,1
42077,send,11:66:F0:00:01:3D,1389,,1,1
42081,ack,11:66:F0:00:01:3D,,0,0,1
42087,send,11:66:F0:00:01:3D,1390,,1,1
42091,ack,11:66:F0:00:01:3D,,0,0,1
42098,send,11:66:F0:00:01:3D,1391,,1,1
42102,ack,11:66:F0:00:01:3D,,0,0,1
42108,send,11:66:F0:00:01:3D,1392,,1,1
42113,ack,11:66:F0:00:01:3D,,0,0,1
42117,send,11:66:F0:00:01:3D,1393,,1,1
42122,ack,11:66:F0:00:01:3D,,0,0,1
42128,send,11:66:F0:00:01:3D,1394,,1,1
42131,ack,11:66:F0:00:01:3D,,0,0,1
42137,send,11:66:F0:00:01:3D,1395,,1,1
42141,ack,11:66:F0:00:01:3D,,0,0,1
42147,send,11:66:F0:00:01:3D,1396,,1,1
42150,ack,11:66:F0:00:01:3D,,0,0,1
42157,send,11:66:F0:00:01:3D,1397,,1,1
42161,ack,11:66:F0:00:01:3D,,0,0,1
42168,send,11:66:F0:00:01:3D,1398,,1,1
42171,ack,11:66:F0:00:01:3D,,0,0,1
42176,send,11:66:F0:00:01:3D,1399,,1,1
42179,ack,11:66:F0:00:01:3D,,0,0,1
42186,send,11:66:F0:00:01:3D,1400,,1,1
42190,ack,11:66:F0:00:01:3D,,0,0,1
42197,send,11:66:F0:00:01:3D,1401,,1,1
42202,ack,11:66:F0:00:01:3D,,0,0,1
42207,send,11:66:F0:00:01:3D,1402,,1,1
42211,ack,11:66:F0:00:01:3D,,0,0,1
42218,send,11:66:F0:00:01:3D,1403,,1,1
42222,ack,11:66:F0:00:01:3D,,0,0,1
42228,send,11:66:F0:00:01:3D,1404,,1,1
42231,ack,11:66:F0:00:01:3D,,0,0,1
42237,send,11:66:F0:00:01:3D,1405,,1,1
42241,ack,11:66:F0:00:01:3D,,0,0,1
42247,send,11:66:F0:00:01:3D,1406,,1,1
42250,ack,11:66:F0:00:01:3D,,0,0,1
42257,send,11:66:F0:00:01:3D,1407,,1,1
42261,ack,11:66:F0:00:01:3D,,0,0,1
42267,send,11:66:F0:00:01:3D,1408,,1,1
42271,ack,11:66:F0:00:01:3D,,0,0,1
42277,send,11:66:F0:00:01:3D,1409,,1,1
42280,ack,11:66:F0:00:01:3D,,0,0,1
42287,send,11:66:F0:00:01:3D,1410,,1,1
42290,ack,11:66:F0:00:01:3D,,0,0,1
42298,send,11:66:F0:00:01:3D,1411,,1,1
42302,ack,11:66:F0:00:01:3D,,0,0,1
42308,send,11:66:F0:00:01:3D,1412,,1,1
42312,ack,11:66:F0:00:01:3D,,0,0,1
42318,send,11:66:F0:00:01:3D,1413,,1,1
42321,ack,11:66:F0:00:01:3D,,0,0,1
42330,send,11:66:F0:00:01:3D,1414,,1,1
42333,ack,11:66:F0:00:01:3D,,0,0,1
42340,send,11:66:F0:00:01:3D,1415,,1,1
42345,ack,11:66:F0:00:01:3D,,0,0,1
42350,send,11:66:F0:00:01:3D,1416,,1,1
42353,ack,11:66:F0:00:01:3D,,0,0,1
42359,send,11:66:F0:00:01:3D,1417,,1,1
42364,ack,11:66:F0:00:01:3D,,0,0,1
42369,send,11:66:F0:00:01:3D,1418,,1,1
42372,ack,11:66:F0:00:01:3D,,0,0,1
42379,send,11:66:F0:00:01:3D,1419,,1,1
42383,ack,11:66:F0:00:01:3D,,0,0,1
42389,send,11:66:F0:00:01:3D,1420,,1,1
42393,ack,11:66:F0:00:01:3D,,0,0,1
42398,send,11:66:F0:00:01:3D,1421,,1,1
42402,ack,11:66:F0:00:01:3D,,0,0,1
42408,send,11:66:F0:00:01:3D,1422,,1,1
42411,ack,11:66:F0:00:01:3D,,0,0,1
42418,send,11:66:F0:00:01:3D,1423,,1,1
42420,ack,11:66:F0:00:01:3D,,0,0,1
42427,send,11:66:F0:00:01:3D,1424,,1,1
42430,ack,11:66:F0:00:01:3D,,0,0,1
42437,send,11:66:F0:00:01:3D,1425,,1,1
42441,ack,11:66:F0:00:01:3D,,0,0,1
42448,send,11:66:F0:00:01:3D,1426,,1,1
42451,ack,11:66:F0:00:01:3D,,0,0,1
42457,send,11:66:F0:00:01:3D,1427,,1,1
42462,ack,11:66:F0:00:01:3D,,0,0,1
42467,send,11:66:F0:00:01:3D,1428,,1,1
42472,ack,11:66:F0:00:01:3D,,0,0,1
42477,send,11:66:F0:00:01:3D,1429,,1,1
42481,ack,11:66:F0:00:01:3D,,0,0,1
42488,send,11:66:F0:00:01:3D,1430,,1,1
42492,ack,11:66:F0:00:01:3D,,0,0,1
42512,send,11:66:F0:00:01:3D,1431,,1,1
42515,ack,11:66:F0:00:01:3D,,0,0,1
42521,send,11:66:F0:00:01:3D,1432,,1,1
42524,ack,11:66:F0:00:01:3D,,0,0,1
42530,send,11:66:F0:00:01:3D,1433,,1,1
42533,ack,11:66:F0:00:01:3D,,0,0,1
42539,send,11:66:F0:00:01:3D,1434,,1,1
42542,ack,11:66:F0:00:01:3D,,0,0,1
42548,send,11:66:F0:00:01:3D,1435,,1,1
42551,ack,11:66:F0:00:01:3D,,0,0,1
42558,send,11:66:F0:00:01:3D,1436,,1,1
42562,ack,11:66:F0:00:01:3D,,0,0,1
42568,send,11:66:F0:00:01:3D,1437,,1,1
42572,ack,11:66:F0:00:01:3D,,0,0,1
42578,send,11:66:F0:00:01:3D,1438,,1,1
42582,ack,11:66:F0:00:01:3D,,0,0,1
42588,send,11:66:F0:00:01:3D,1439,,1,1
42593,ack,11:66:F0:00:01:3D,,0,0,1
42598,send,11:66:F0:00:01:3D,1440,,1,1
42603,ack,11:66:F0:00:01:3D,,0,0,1
42608,send,11:66:F0:00:01:3D,1441,,1,1
42612,ack,11:66:F0:00:01:3D,,0,0,1
42618,send,11:66:F0:00:01:3D,1442,,1,1
42622,ack,11:66:F0:00:01:3D,,0,0,1
42628,send,11:66:F0:00:01:3D,1443,,1,1
42632,ack,11:66:F0:00:01:3D,,0,0,1
42638,send,11:66:F0:00:01:3D,1444,,1,1
42642,ack,11:66:F0:00:01:3D,,0,0,1
42648,send,11:66:F0:00:01:3D,1445,,1,1
42653,ack,11:66:F0:00:01:3D,,0,0,1
42659,send,11:66:F0:00:01:3D,1446,,1,1
42663,ack,11:66:F0:00:01:3D,,0,0,1
42669,send,11:66:F0:00:01:3D,1447,,1,1
42673,ack,11:66:F0:00:01:3D,,0,0,1
42678,send,11:66:F0:00:01:3D,1448,,1,1
42681,ack,11:66:F0:00:01:3D,,0,0,1
42687,send,11:66:F0:00:01:3D,1449,,1,1
42691,ack,11:66:F0:00:01:3D,,0,0,1
42697,send,11:66:F0:00:01:3D,1450,,1,1
42703,ack,11:66:F0:00:01:3D,,0,0,1
42707,send,11:66:F0:00:01:3D,1451,,1,1
42711,ack,11:66:F0:00:01:3D,,0,0,1
42717,send,11:66:F0:00:01:3D,1452,,1,1
42721,ack,11:66:F0:00:01:3D,,0,0,1
42727,send,11:66:F0:00:01:3D,1453,,1,1
42732,ack,11:66:F0:00:01:3D,,0,0,1
42737,send,11:66:F0:00:01:3D,1454,,1,1
42742,ack,11:66:F0:00:01:3D,,0,0,1
42747,send,11:66:F0:00:01:3D,1455,,1,1
42751,ack,11:66:F0:00:01:3D,,0,0,1
42757,send,11:66:F0:00:01:3D,1456,,1,1
42761,ack,11:66:F0:00:01:3D,,0,0,1
42767,send,11:66:F0:00:01:3D,1457,,1,1
42770,ack,11:66:F0:00:01:3D,,0,0,1
42777,send,11:66:F0:00:01:3D,1458,,1,1
42782,ack,11:66:F0:00:01:3D,,0,0,1
42786,send,11:66:F0:00:01:3D,1459,,1,1
42790,ack,11:66:F0:00:01:3D,,0,0,1
42799,send,11:66:F0:00:01:3D,1460,,1,1
42804,ack,11:66:F0:00:01:3D,,0,0,1
42810,send,11:66:F0:00:01:3D,1461,,1,1
42814,ack,11:66:F0:00:01:3D,,0,0,1
42820,send,11:66:F0:00:01:3D,1462,,1,1
42825,ack,11:66:F0:00:01:3D,,0,0,1
42831,send,11:66:F0:00:01:3D,1463,,1,1
42835,ack,11:66:F0:00:01:3D,,0,0,1
42842,send,11:66:F0:00:01:3D,1464,,1,1
42846,ack,11:66:F0:00:01:3D,,0,0,1
42852,send,11:66:F0:00:01:3D,1465,,1,1
42856,ack,11:66:F0:00:01:3D,,0,0,1
42862,send,11:66:F0:00:01:3D,1466,,1,1
42865,ack,11:66:F0:00:01:3D,,0,0,1
42871,send,11:66:F0:00:01:3D,1467,,1,1
42874,ack,11:66:F0:00:01:3D,,0,0,1
42881,send,11:66:F0:00:01:3D,1468,,1,1
42884,ack,11:66:F0:00:01:3D,,0,0,1
42890,send,11:66:F0:00:01:3D,1469,,1,1
42895,ack,11:66:F0:00:01:3D,,0,0,1
42901,send,11:66:F0:00:01:3D,1470,,1,1
42904,ack,11:66:F0:00:01:3D,,0,0,1
42911,send,11:66:F0:00:01:3D,1471,,1,1
42915,ack,11:66:F0:00:01:3D,,0,0,1
42922,send,11:66:F0:00:01:3D,1472,,1,1
42926,ack,11:66:F0:00:01:3D,,0,0,1
42931,send,11:66:F0:00:01:3D,1473,,1,1
42935,ack,11:66:F0:00:01:3D,,0,0,1
42941,send,11:66:F0:00:01:3D,1474,,1,1
42945,ack,11:66:F0:00:01:3D,,0,0,1
42951,send,11:66:F0:00:01:3D,1475,,1,1
42955,ack,11:66:F0:00:01:3D,,0,0,1
42962,send,11:66:F0:00:01:3D,1476,,1,1
42967,ack,11:66:F0:00:01:3D,,0,0,1
42972,send,11:66:F0:00:01:3D,1477,,1,1
42975,ack,11:66:F0:00:01:3D,,0,0,1
42981,send,11:66:F0:00:01:3D,1478,,1,1
42986,ack,11:66:F0:00:01:3D,,0,0,1
42992,send,11:66:F0:00:01:3D,1479,,1,1
42996,ack,11:66:F0:00:01:3D,,0,0,1
43002,send,11:66:F0:00:01:3D,1480,,1,1
43007,ack,11:66:F0:00:01:3D,,0,0,1
43012,send,11:66:F0:00:01:3D,1481,,1,1
43016,ack,11:66:F0:00:01:3D,,0,0,1
43022,send,11:66:F0:00:01:3D,1482,,1,1
43025,ack,11:66:F0:00:01:3D,,0,0,1
43032,send,11:66:F0:00:01:3D,1483,,1,1
43036,ack,11:66:F0:00:01:3D,,0,0,1
43041,send,11:66:F0:00:01:3D,1484,,1,1
43044,ack,11:66:F0:00:01:3D,,0,0,1
43050,send,11:66:F0:00:01:3D,1485,,1,1
43054,ack,11:66:F0:00:01:3D,,0,0,1
43059,send,11:66:F0:00:01:3D,1486,,1,1
43065,ack,11:66:F0:00:01:3D,,0,0,1
43069,send,11:66:F0:00:01:3D,1487,,1,1
43074,ack,11:66:F0:00:01:3D,,0,0,1
43080,send,11:66:F0:00:01:3D,1488,,1,1
43084,ack,11:66:F0:00:01:3D,,0,0,1
43090,send,11:66:F0:00:01:3D,1489,,1,1
43094,ack,11:66:F0:00:01:3D,,0,0,1
43100,send,11:66:F0:00:01:3D,1490,,1,1
43105,ack,11:66:F0:00:01:3D,,0,0,1
43111,send,11:66:F0:00:01:3D,1491,,1,1
43115,ack,11:66:F0:00:01:3D,,0,0,1
43121,send,11:66:F0:00:01:3D,1492,,1,1
43125,ack,11:66:F0:00:01:3D,,0,0,1
43131,send,11:66:F0:00:01:3D,1493,,1,1
43135,ack,11:66:F0:00:01:3D,,0,0,1
43140,send,11:66:F0:00:01:3D,1494,,1,1
43145,ack,11:66:F0:00:01:3D,,0,0,1
43150,send,11:66:F0:00:01:3D,1495,,1,1
43154,ack,11:66:F0:00:01:3D,,0,0,1
43159,send,11:66:F0:00:01:3D,1496,,1,1
43164,ack,11:66:F0:00:01:3D,,0,0,1
43170,send,11:66:F0:00:01:3D,1497,,1,1
43174,ack,11:66:F0:00:01:3D,,0,0,1
43179,send,11:66:F0:00:01:3D,1498,,1,1
43186,ack,11:66:F0:00:01:3D,,0,0,1
43189,send,11:66:F0:00:01:3D,1499,,1,1
43193,ack,11:66:F0:00:01:3D,,0,0,1
43200,send,11:66:F0:00:01:3D,1500,,1,1
43204,ack,11:66:F0:00:01:3D,,0,0,1
43210,send,11:66:F0:00:01:3D,1501,,1,1
43213,ack,11:66:F0:00:01:3D,,0,0,1
43220,send,11:66:F0:00:01:3D,1502,,1,1
43224,ack,11:66:F0:00:01:3D,,0,0,1
43231,send,11:66:F0:00:01:3D,1503,,1,1
43235,ack,11:66:F0:00:01:3D,,0,0,1
43242,send,11:66:F0:00:01:3D,1504,,1,1
43246,ack,11:66:F0:00:01:3D,,0,0,1
43252,send,11:66:F0:00:01:3D,1505,,1,1
43256,ack,11:66:F0:00:01:3D,,0,0,1
43262,send,11:66:F0:00:01:3D,1506,,1,1
43267,ack,11:66:F0:00:01:3D,,0,0,1
43271,send,11:66:F0:00:01:3D,1507,,1,1
43275,ack,11:66:F0:00:01:3D,,0,0,1
43280,send,11:66:F0:00:01:3D,1508,,1,1
43285,ack,11:66:F0:00:01:3D,,0,0,1
43290,send,11:66:F0:00:01:3D,1509,,1,1
43295,ack,11:66:F0:00:01:3D,,0,0,1
43300,send,11:66:F0:00:01:3D,1510,,1,1
43304,ack,11:66:F0:00:01:3D,,0,0,1
43310,send,11:66:F0:00:01:3D,1511,,1,1
43314,ack,11:66:F0:00:01:3D,,0,0,1
43319,send,11:66:F0:00:01:3D,1512,,1,1
43324,ack,11:66:F0:00:01:3D,,0,0,1
43331,send,11:66:F0:00:01:3D,1513,,1,1
43336,ack,11:66:F0:00:01:3D,,0,0,1
43341,send,11:66:F0:00:01:3D,1514,,1,1
43345,ack,11:66:F0:00:01:3D,,0,0,1
43352,send,11:66:F0:00:01:3D,1515,,1,1
43357,ack,11:66:F0:00:01:3D,,0,0,1
43361,send,11:66:F0:00:01:3D,1516,,1,1
43366,ack,11:66:F0:00:01:3D,,0,0,1
43372,send,11:66:F0:00:01:3D,1517,,1,1
43377,ack,11:66:F0:00:01:3D,,0,0,1
43383,send,11:66:F0:00:01:3D,1518,,1,1
43386,ack,11:66:F0:00:01:3D,,0,0,1
43392,send,11:66:F0:00:01:3D,1519,,1,1
43397,ack,11:66:F0:00:01:3D,,0,0,1
43402,send,11:66:F0:00:01:3D,1520,,1,1
43406,ack,11:66:F0:00:01:3D,,0,0,1
43412,send,11:66:F0:00:01:3D,1521,,1,1
43416,ack,11:66:F0:00:01:3D,,0,0,1
43423,send,11:66:F0:00:01:3D,1522,,1,1
43428,ack,11:66:F0:00:01:3D,,0,0,1
43432,send,11:66:F0:00:01:3D,1523,,1,1
43436,ack,11:66:F0:00:01:3D,,0,0,1
43443,send,11:66:F0:00:01:3D,1524,,1,1
43447,ack,11:66:F0:00:01:3D,,0,0,1
43453,send,11:66:F0:00:01:3D,1525,,1,1
43457,ack,11:66:F0:00:01:3D,,0,0,1
43464,send,11:66:F0:00:01:3D,1526,,1,1
43468,ack,11:66:F0:00:01:3D,,0,0,1
43475,send,11:66:F0:00:01:3D,1527,,1,1
43479,ack,11:66:F0:00:01:3D,,0,0,1
43485,send,11:66:F0:00:01:3D,1528,,1,1
43489,ack,11:66:F0:00:01:3D,,0,0,1
43495,send,11:66:F0:00:01:3D,1529,,1,1
43499,ack,11:66:F0:00:01:3D,,0,0,1
43518,send,11:66:F0:00:01:3D,1530,,1,1
43523,ack,11:66:F0:00:01:3D,,0,0,1
43528,send,11:66:F0:00:01:3D,1531,,1,1
43532,ack,11:66:F0:00:01:3D,,0,0,1
43538,send,11:66:F0:00:01:3D,1532,,1,1
43542,ack,11:66:F0:00:01:3D,,0,0,1
43549,send,11:66:F0:00:01:3D,1533,,1,1
43552,ack,11:66:F0:00:01:3D,,0,0,1
43558,send,11:66:F0:00:01:3D,1534,,1,1
43562,ack,11:66:F0:00:01:3D,,0,0,1
43568,send,11:66:F0:00:01:3D,1535,,1,1
43574,ack,11:66:F0:00:01:3D,,0,0,1
43580,send,11:66:F0:00:01:3D,1536,,1,1
43587,ack,11:66:F0:00:01:3D,,0,0,1
43592,send,11:66:F0:00:01:3D,1537,,1,1
43599,ack,11:66:F0:00:01:3D,,0,0,1
43604,send,11:66:F0:00:01:3D,1538,,1,1
43608,ack,11:66:F0:00:01:3D,,0,0,1
43614,send,11:66:F0:00:01:3D,1539,,1,1
43618,ack,11:66:F0:00:01:3D,,0,0,1
43624,send,11:66:F0:00:01:3D,1540,,1,1
43627,ack,11:66:F0:00:01:3D,,0,0,1
43634,send,11:66:F0:00:01:3D,1541,,1,1
43637,ack,11:66:F0:00:01:3D,,0,0,1
43643,send,11:66:F0:00:01:3D,1542,,1,1
43648,ack,11:66:F0:00:01:3D,,0,0,1
43654,send,11:66:F0:00:01:3D,1543,,1,1
43658,ack,11:66:F0:00:01:3D,,0,0,1
43665,send,11:66:F0:00:01:3D,1544,,1,1
43669,ack,11:66:F0:00:01:3D,,0,0,1
43675,send,11:66:F0:00:01:3D,1545,,1,1
43678,ack,11:66:F0:00:01:3D,,0,0,1
43684,send,11:66:F0:00:01:3D,1546,,1,1
43688,ack,11:66:F0:00:01:3D,,0,0,1
43694,send,11:66:F0:00:01:3D,1547,,1,1
43698,ack,11:66:F0:00:01:3D,,0,0,1
43703,send,11:66:F0:00:01:3D,1548,,1,1
43707,ack,11:66:F0:00:01:3D,,0,0,1
43714,send,11:66:F0:00:01:3D,1549,,1,1
43717,ack,11:66:F0:00:01:3D,,0,0,1
43724,send,11:66:F0:00:01:3D,1550,,1,1
43727,ack,11:66:F0:00:01:3D,,0,0,1
43733,send,11:66:F0:00:01:3D,1551,,1,1
43737,ack,11:66:F0:00:01:3D,,0,0,1
43743,send,11:66:F0:00:01:3D,1552,,1,1
43746,ack,11:66:F0:00:01:3D,,0,0,1
43752,send,11:66:F0:00:01:3D,1553,,1,1
43756,ack,11:66:F0:00:01:3D,,0,0,1
43763,send,11:66:F0:00:01:3D,1554,,1,1
43766,ack,11:66:F0:00:01:3D,,0,0,1
43773,send,11:66:F0:00:01:3D,1555,,1,1
43777,ack,11:66:F0:00:01:3D,,0,0,1
43784,send,11:66:F0:00:01:3D,1556,,1,1
43787,ack,11:66:F0:00:01:3D,,0,0,1
43794,send,11:66:F0:00:01:3D,1557,,1,1
43797,ack,11:66:F0:00:01:3D,,0,0,1
43803,send,11:66:F0:00:01:3D,1558,,1,1
43809,ack,11:66:F0:00:01:3D,,0,0,1
43815,send,11:66:F0:00:01:3D,1559,,1,1
43818,ack,11:66:F0:00:01:3D,,0,0,1
43824,send,11:66:F0:00:01:3D,1560,,1,1
43828,ack,11:66:F0:00:01:3D,,0,0,1
43834,send,11:66:F0:00:01:3D,1561,,1,1
43837,ack,11:66:F0:00:01:3D,,0,0,1
43843,send,11:66:F0:00:01:3D,1562,,1,1
43847,ack,11:66:F0:00:01:3D,,0,0,1
43853,send,11:66:F0:00:01:3D,1563,,1,1
43857,ack,11:66:F0:00:01:3D,,0,0,1
43862,send,11:66:F0:00:01:3D,1564,,1,1
43867,ack,11:66:F0:00:01:3D,,0,0,1
43872,send,11:66:F0:00:01:3D,1565,,1,1
43878,ack,11:66:F0:00:01:3D,,0,0,1
43883,send,11:66:F0:00:01:3D,1566,,1,1
43889,ack,11:66:F0:00:01:3D,,0,0,1
43895,send,11:66:F0:00:01:3D,1567,,1,1
43898,ack,11:66:F0:00:01:3D,,0,0,1
43904,send,11:66:F0:00:01:3D,1568,,1,1
43908,ack,11:66:F0:00:01:3D,,0,0,1
43914,send,11:66:F0:00:01:3D,1569,,1,1
43917,ack,11:66:F0:00:01:3D,,0,0,1
43924,send,11:66:F0:00:01:3D,1570,,1,1
43927,ack,11:66:F0:00:01:3D,,0,0,1
43933,send,11:66:F0:00:01:3D,1571,,1,1
43937,ack,11:66:F0:00:01:3D,,0,0,1
43943,send,11:66:F0:00:01:3D,1572,,1,1
43947,ack,11:66:F0:00:01:3D,,0,0,1
43952,send,11:66:F0:00:01:3D,1573,,1,1
43957,ack,11:66:F0:00:01:3D,,0,0,1
43961,send,11:66:F0:00:01:3D,1574,,1,1
43965,ack,11:66:F0:00:01:3D,,0,0,1
43971,send,11:66:F0:00:01:3D,1575,,1,1
43976,ack,11:66:F0:00:01:3D,,0,0,1
43980,send,11:66:F0:00:01:3D,1576,,1,1
43984,ack,11:66:F0:00:01:3D,,0,0,1
43990,send,11:66:F0:00:01:3D,1577,,1,1
43994,ack,11:66:F0:00:01:3D,,0,0,1
44000,send,11:66:F0:00:01:3D,1578,,1,1
44004,ack,11:66:F0:00:01:3D,,0,0,1
44010,send,11:66:F0:00:01:3D,1579,,1,1
44014,ack,11:66:F0:00:01:3D,,0,0,1
44019,send,11:66:F0:00:01:3D,1580,,1,1
44024,ack,11:66:F0:00:01:3D,,0,0,1
44031,send,11:66:F0:00:01:3D,1581,,1,1
44035,ack,11:66:F0:00:01:3D,,0,0,1
44041,send,11:66:F0:00:01:3D,1582,,1,1
44046,ack,11:66:F0:00:01:3D,,0,0,1
44051,send,11:66:F0:00:01:3D,1583,,1,1
44055,ack,11:66:F0:00:01:3D,,0,0,1
44060,send,11:66:F0:00:01:3D,1584,,1,1
44065,ack,11:66:F0:00:01:3D,,0,0,1
44070,send,11:66:F0:00:01:3D,1585,,1,1
44074,ack,11:66:F0:00:01:3D,,0,0,1
44080,send,11:66:F0:00:01:3D,1586,,1,1
44084,ack,11:66:F0:00:01:3D,,0,0,1
44090,send,11:66:F0:00:01:3D,1587,,1,1
44094,ack,11:66:F0:00:01:3D,,0,0,1
44101,send,11:66:F0:00:01:3D,1588,,1,1
44105,ack,11:66:F0:00:01:3D,,0,0,1
44111,send,11:66:F0:00:01:3D,1589,,1,1
44116,ack,11:66:F0:00:01:3D,,0,0,1
44122,send,11:66:F0:00:01:3D,1590,,1,1
44125,ack,11:66:F0:00:01:3D,,0,0,1
44132,send,11:66:F0:00:01:3D,1591,,1,1
44135,ack,11:66:F0:00:01:3D,,0,0,1
44142,send,11:66:F0:00:01:3D,1592,,1,1
44145,ack,11:66:F0:00:01:3D,,0,0,1
44151,send,11:66:F0:00:01:3D,1593,,1,1
44154,ack,11:66:F0:00:01:3D,,0,0,1
44161,send,11:66:F0:00:01:3D,1594,,1,1
44165,ack,11:66:F0:00:01:3D,,0,0,1
44171,send,11:66:F0:00:01:3D,1595,,1,1
44174,ack,11:66:F0:00:01:3D,,0,0,1
44181,send,11:66:F0:00:01:3D,1596,,1,1
44186,ack,11:66:F0:00:01:3D,,0,0,1
44191,send,11:66:F0:00:01:3D,1597,,1,1
44195,ack,11:66:F0:00:01:3D,,0,0,1
44202,send,11:66:F0:00:01:3D,1598,,1,1
44205,ack,11:66:F0:00:01:3D,,0,0,1
44212,send,11:66:F0:00:01:3D,1599,,1,1
44215,ack,11:66:F0:00:01:3D,,0,0,1
44222,send,11:66:F0:00:01:3D,1600,,1,1
44224,ack,11:66:F0:00:01:3D,,0,0,1
44232,send,11:66:F0:00:01:3D,1601,,1,1
44235,ack,11:66:F0:00:01:3D,,0,0,1
44242,send,11:66:F0:00:01:3D,1602,,1,1
44246,ack,11:66:F0:00:01:3D,,0,0,1
44252,send,11:66:F0:00:01:3D,1603,,1,1
44255,ack,11:66:F0:00:01:3D,,0,0,1
44262,send,11:66:F0:00:01:3D,1604,,1,1
44266,ack,11:66:F0:00:01:3D,,0,0,1
44272,send,11:66:F0:00:01:3D,1605,,1,1
44275,ack,11:66:F0:00:01:3D,,0,0,1
44282,send,11:66:F0:00:01:3D,1606,,1,1
44287,ack,11:66:F0:00:01:3D,,0,0,1
44292,send,11:66:F0:00:01:3D,1607,,1,1
44295,ack,11:66:F0:00:01:3D,,0,0,1
44302,send,11:66:F0:00:01:3D,1608,,1,1
44305,ack,11:66:F0:00:01:3D,,0,0,1
44312,send,11:66:F0:00:01:3D,1609,,1,1
44317,ack,11:66:F0:00:01:3D,,0,0,1
44322,send,11:66:F0:00:01:3D,1610,,1,1
44325,ack,11:66:F0:00:01:3D,,0,0,1
44332,send,11:66:F0:00:01:3D,1611,,1,1
44335,ack,11:66:F0:00:01:3D,,0,0,1
44342,send,11:66:F0:00:01:3D,1612,,1,1
44346,ack,11:66:F0:00:01:3D,,0,0,1
44352,send,11:66:F0:00:01:3D,1613,,1,1
44355,ack,11:66:F0:00:01:3D,,0,0,1
44363,send,11:66:F0:00:01:3D,1614,,1,1
44367,ack,11:66:F0:00:01:3D,,0,0,1
44372,send,11:66:F0:00:01:3D,1615,,1,1
44375,ack,11:66:F0:00:01:3D,,0,0,1
44382,send,11:66:F0:00:01:3D,1616,,1,1
44385,ack,11:66:F0:00:01:3D,,0,0,1
44392,send,11:66:F0:00:01:3D,1617,,1,1
44395,ack,11:66:F0:00:01:3D,,0,0,1
44402,send,11:66:F0:00:01:3D,1618,,1,1
44407,ack,11:66:F0:00:01:3D,,0,0,1
44413,send,11:66:F0:00:01:3D,1619,,1,1
44416,ack,11:66:F0:00:01:3D,,0,0,1
44422,send,11:66:F0:00:01:3D,1620,,1,1
44426,ack,11:66:F0:00:01:3D,,0,0,1
44432,send,11:66:F0:00:01:3D,1621,,1,1
44435,ack,11:66:F0:00:01:3D,,0,0,1
44441,send,11:66:F0:00:01:3D,1622,,1,1
44445,ack,11:66:F0:00:01:3D,,0,0,1
44451,send,11:66:F0:00:01:3D,1623,,1,1
44455,ack,11:66:F0:00:01:3D,,0,0,1
44459,send,11:66:F0:00:01:3D,1624,,1,1
44465,ack,11:66:F0:00:01:3D,,0,0,1
44470,send,11:66:F0:00:01:3D,1625,,1,1
44473,ack,11:66:F0:00:01:3D,,0,0,1
44480,send,11:66:F0:00:01:3D,1626,,1,1
44484,ack,11:66:F0:00:01:3D,,0,0,1
44490,send,11:66:F0:00:01:3D,1627,,1,1
44494,ack,11:66:F0:00:01:3D,,0,0,1
44513,send,11:66:F0:00:01:3D,1628,,1,1
44515,ack,11:66:F0:00:01:3D,,0,0,1
44521,send,11:66:F0:00:01:3D,1629,,1,1
44525,ack,11:66:F0:00:01:3D,,0,0,1
44531,send,11:66:F0:00:01:3D,1630,,1,1
44535,ack,11:66:F0:00:01:3D,,0,0,1
44542,send,11:66:F0:00:01:3D,1631,,1,1
44545,ack,11:66:F0:00:01:3D,,0,0,1
44551,send,11:66:F0:00:01:3D,1632,,1,1
44555,ack,11:66:F0:00:01:3D,,0,0,1
44561,send,11:66:F0:00:01:3D,1633,,1,1
44566,ack,11:66:F0:00:01:3D,,0,0,1
44571,send,11:66:F0:00:01:3D,1634,,1,1
44576,ack,11:66:F0:00:01:3D,,0,0,1
44582,send,11:66:F0:00:01:3D,1635,,1,1
44587,ack,11:66:F0:00:01:3D,,0,0,1
44593,send,11:66:F0:00:01:3D,1636,,1,1
44598,ack,11:66:F0:00:01:3D,,0,0,1
44603,send,11:66:F0:00:01:3D,1637,,1,1
44607,ack,11:66:F0:00:01:3D,,0,0,1
44613,send,11:66:F0:00:01:3D,1638,,1,1
44616,ack,11:66:F0:00:01:3D,,0,0,1
44622,send,11:66:F0:00:01:3D,1639,,1,1
44625,ack,11:66:F0:00:01:3D,,0,0,1
44633,send,11:66:F0:00:01:3D,1640,,1,1
44636,ack,11:66:F0:00:01:3D,,0,0,1
44641,send,11:66:F0:00:01:3D,1641,,1,1
44645,ack,11:66:F0:00:01:3D,,0,0,1
44651,send,11:66:F0:00:01:3D,1642,,1,1
44655,ack,11:66:F0:00:01:3D,,0,0,1
44662,send,11:66:F0:00:01:3D,1643,,1,1
44665,ack,11:66:F0:00:01:3D,,0,0,1
44672,send,11:66:F0:00:01:3D,1644,,1,1
44677,ack,11:66:F0:00:01:3D,,0,0,1
44683,send,11:66:F0:00:01:3D,1645,,1,1
44687,ack,11:66:F0:00:01:3D,,0,0,1
44693,send,11:66:F0:00:01:3D,1646,,1,1
44697,ack,11:66:F0:00:01:3D,,0,0,1
44702,send,11:66:F0:00:01:3D,1647,,1,1
44706,ack,11:66:F0:00:01:3D,,0,0,1
44712,send,11:66:F0:00:01:3D,1648,,1,1
44715,ack,11:66:F0:00:01:3D,,0,0,1
44720,send,11:66:F0:00:01:3D,1649,,1,1
44724,ack,11:66:F0:00:01:3D,,0,0,1
44730,send,11:66:F0:00:01:3D,1650,,1,1
44734,ack,11:66:F0:00:01:3D,,0,0,1
44740,send,11:66:F0:00:01:3D,1651,,1,1
44744,ack,11:66:F0:00:01:3D,,0,0,1
44749,send,11:66:F0:00:01:3D,1652,,1,1
44754,ack,11:66:F0:00:01:3D,,0,0,1
44759,send,11:66:F0:00:01:3D,1653,,1,1
44763,ack,11:66:F0:00:01:3D,,0,0,1
44768,send,11:66:F0:00:01:3D,1654,,1,1
44773,ack,11:66:F0:00:01:3D,,0,0,1
44778,send,11:66:F0:00:01:3D,1655,,1,1
44782,ack,11:66:F0:00:01:3D,,0,0,1
44787,send,11:66:F0:00:01:3D,1656,,1,1
44791,ack,11:66:F0:00:01:3D,,0,0,1
44798,send,11:66:F0:00:01:3D,1657,,1,1
44803,ack,11:66:F0:00:01:3D,,0,0,1
44808,send,11:66:F0:00:01:3D,1658,,1,1
44812,ack,11:66:F0:00:01:3D,,0,0,1
44819,send,11:66:F0:00:01:3D,1659,,1,1
44823,ack,11:66:F0:00:01:3D,,0,0,1
44829,send,11:66:F0:00:01:3D,1660,,1,1
44833,ack,11:66:F0:00:01:3D,,0,0,1
44838,send,11:66:F0:00:01:3D,1661,,1,1
44841,ack,11:66:F0:00:01:3D,,0,0,1
44848,send,11:66:F0:00:01:3D,1662,,1,1
44852,ack,11:66:F0:00:01:3D,,0,0,1
44858,send,11:66:F0:00:01:3D,1663,,1,1
44862,ack,11:66:F0:00:01:3D,,0,0,1
44867,send,11:66:F0:00:01:3D,1664,,1,1
44871,ack,11:66:F0:00:01:3D,,0,0,1
44877,send,11:66:F0:00:01:3D,1665,,1,1
44880,ack,11:66:F0:00:01:3D,,0,0,1
44887,send,11:66:F0:00:01:3D,1666,,1,1
44890,ack,11:66:F0:00:01:3D,,0,0,1
44896,send,11:66:F0:00:01:3D,1667,,1,1
44901,ack,11:66:F0:00:01:3D,,0,0,1
44907,send,11:66:F0:00:01:3D,1668,,1,1
44911,ack,11:66:F0:00:01:3D,,0,0,1
44917,send,11:66:F0:00:01:3D,1669,,1,1
44920,ack,11:66:F0:00:01:3D,,0,0,1
44925,send,11:66:F0:00:01:3D,1670,,1,1
44929,ack,11:66:F0:00:01:3D,,0,0,1
44935,send,11:66:F0:00:01:3D,1671,,1,1
44940,ack,11:66:F0:00:01:3D,,0,0,1
44947,send,11:66:F0:00:01:3D,1672,,1,1
44953,ack,11:66:F0:00:01:3D,,0,0,1
44958,send,11:66:F0:00:01:3D,1673,,1,1
44962,ack,11:66:F0:00:01:3D,,0,0,1
44968,send,11:66:F0:00:01:3D,1674,,1,1
44972,ack,11:66:F0:00:01:3D,,0,0,1
44976,send,11:66:F0:00:01:3D,1675,,1,1
44980,ack,11:66:F0:00:01:3D,,0,0,1
44985,send,11:66:F0:00:01:3D,1676,,1,1
44989,ack,11:66:F0:00:01:3D,,0,0,1
44995,send,11:66:F0:00:01:3D,1677,,1,1
44999,ack,11:66:F0:00:01:3D,,0,0,1
45004,send,11:66:F0:00:01:3D,1678,,1,1
45009,ack,11:66:F0:00:01:3D,,0,0,1
45015,send,11:66:F0:00:01:3D,1679,,1,1
45020,ack,11:66:F0:00:01:3D,,0,0,1
45025,send,11:66:F0:00:01:3D,1680,,1,1
45029,ack,11:66:F0:00:01:3D,,0,0,1
45034,send,11:66:F0:00:01:3D,1681,,1,1
45039,ack,11:66:F0:00:01:3D,,0,0,1
45045,send,11:66:F0:00:01:3D,1682,,1,1
45050,ack,11:66:F0:00:01:3D,,0,0,1
45056,send,11:66:F0:00:01:3D,1683,,1,1
45060,ack,11:66:F0:00:01:3D,,0,0,1
45067,send,11:66:F0:00:01:3D,1684,,1,1
45071,ack,11:66:F0:00:01:3D,,0,0,1
45076,send,11:66:F0:00:01:3D,1685,,1,1
45081,ack,11:66:F0:00:01:3D,,0,0,1
45087,send,11:66:F0:00:01:3D,1686,,1,1
45091,ack,11:66:F0:00:01:3D,,0,0,1
45099,send,11:66:F0:00:01:3D,1687,,1,1
45102,ack,11:66:F0:00:01:3D,,0,0,1
45109,send,11:66:F0:00:01:3D,1688,,1,1
45112,ack,11:66:F0:00:01:3D,,0,0,1
45118,send,11:66:F0:00:01:3D,1689,,1,1
45122,ack,11:66:F0:00:01:3D,,0,0,1
45128,send,11:66:F0:00:01:3D,1690,,1,1
45132,ack,11:66:F0:00:01:3D,,0,0,1
45138,send,11:66:F0:00:01:3D,1691,,1,1
45141,ack,11:66:F0:00:01:3D,,0,0,1
45148,send,11:66:F0:00:01:3D,1692,,1,1
45151,ack,11:66:F0:00:01:3D,,0,0,1
45158,send,11:66:F0:00:01:3D,1693,,1,1
45161,ack,11:66:F0:00:01:3D,,0,0,1
45168,send,11:66:F0:00:01:3D,1694,,1,1
45171,ack,11:66:F0:00:01:3D,,0,0,1
45178,send,11:66:F0:00:01:3D,1695,,1,1
45181,ack,11:66:F0:00:01:3D,,0,0,1
45187,send,11:66:F0:00:01:3D,1696,,1,1
45192,ack,11:66:F0:00:01:3D,,0,0,1
45198,send,11:66:F0:00:01:3D,1697,,1,1
45202,ack,11:66:F0:00:01:3D,,0,0,1
45207,send,11:66:F0:00:01:3D,1698,,1,1
45212,ack,11:66:F0:00:01:3D,,0,0,1
45218,send,11:66:F0:00:01:3D,1699,,1,1
45222,ack,11:66:F0:00:01:3D,,0,0,1
45229,send,11:66:F0:00:01:3D,1700,,1,1
45233,ack,11:66:F0:00:01:3D,,0,0,1
45238,send,11:66:F0:00:01:3D,1701,,1,1
45243,ack,11:66:F0:00:01:3D,,0,0,1
45249,send,11:66:F0:00:01:3D,1702,,1,1
45253,ack,11:66:F0:00:01:3D,,0,0,1
45259,send,11:66:F0:00:01:3D,1703,,1,1
45263,ack,11:66:F0:00:01:3D,,0,0,1
45269,send,11:66:F0:00:01:3D,1704,,1,1
45274,ack,11:66:F0:00:01:3D,,0,0,1
45279,send,11:66:F0:00:01:3D,1705,,1,1
45283,ack,11:66:F0:00:01:3D,,0,0,1
45289,send,11:66:F0:00:01:3D,1706,,1,1
45292,ack,11:66:F0:00:01:3D,,0,0,1
45299,send,11:66:F0:00:01:3D,1707,,1,1
45304,ack,11:66:F0:00:01:3D,,0,0,1
45309,send,11:66:F0:00:01:3D,1708,,1,1
45313,ack,11:66:F0:00:01:3D,,0,0,1
45318,send,11:66:F0:00:01:3D,1709,,1,1
45322,ack,11:66:F0:00:01:3D,,0,0,1
45328,send,11:66:F0:00:01:3D,1710,,1,1
45332,ack,11:66:F0:00:01:3D,,0,0,1
45337,send,11:66:F0:00:01:3D,1711,,1,1
45341,ack,11:66:F0:00:01:3D,,0,0,1
45347,send,11:66:F0:00:01:3D,1712,,1,1
45351,ack,11:66:F0:00:01:3D,,0,0,1
45358,send,11:66:F0:00:01:3D,1713,,1,1
45362,ack,11:66:F0:00:01:3D,,0,0,1
45368,send,11:66:F0:00:01:3D,1714,,1,1
45371,ack,11:66:F0:00:01:3D,,0,0,1
45378,send,11:66:F0:00:01:3D,1715,,1,1
45382,ack,11:66:F0:00:01:3D,,0,0,1
45388,send,11:66:F0:00:01:3D,1716,,1,1
45392,ack,11:66:F0:00:01:3D,,0,0,1
45399,send,11:66:F0:00:01:3D,1717,,1,1
45404,ack,11:66:F0:00:01:3D,,0,0,1
45408,send,11:66:F0:00:01:3D,1718,,1,1
45412,ack,11:66:F0:00:01:3D,,0,0,1
45419,send,11:66:F0:00:01:3D,1719,,1,1
45424,ack,11:66:F0:00:01:3D,,0,0,1
45429,send,11:66:F0:00:01:3D,1720,,1,1
45433,ack,11:66:F0:00:01:3D,,0,0,1
45439,send,11:66:F0:00:01:3D,1721,,1,1
45444,ack,11:66:F0:00:01:3D,,0,0,1
45449,send,11:66:F0:00:01:3D,1722,,1,1
45453,ack,11:66:F0:00:01:3D,,0,0,1
45459,send,11:66:F0:00:01:3D,1723,,1,1
45462,ack,11:66:F0:00:01:3D,,0,0,1
45469,send,11:66:F0:00:01:3D,1724,,1,1
45473,ack,11:66:F0:00:01:3D,,0,0,1
45479,send,11:66:F0:00:01:3D,1725,,1,1
45482,ack,11:66:F0:00:01:3D,,0,0,1
45488,send,11:66:F0:00:01:3D,1726,,1,1
45492,ack,11:66:F0:00:01:3D,,0,0,1
45498,send,11:66:F0:00:01:3D,1727,,1,1
45502,ack,11:66:F0:00:01:3D,,0,0,1
45508,send,11:66:F0:00:01:3D,1728,,1,1
45512,ack,11:66:F0:00:01:3D,,0,0,1
45518,send,11:66:F0:00:01:3D,1729,,1,1
45522,ack,11:66:F0:00:01:3D,,0,0,1
45527,send,11:66:F0:00:01:3D,1730,,1,1
45531,ack,11:66:F0:00:01:3D,,0,0,1
45536,send,11:66:F0:00:01:3D,1731,,1,1
45541,ack,11:66:F0:00:01:3D,,0,0,1
45547,send,11:66:F0:00:01:3D,1732,,1,1
45551,ack,11:66:F0:00:01:3D,,0,0,1
45555,send,11:66:F0:00:01:3D,1733,,1,1
45560,ack,11:66:F0:00:01:3D,,0,0,1
45565,send,11:66:F0:00:01:3D,1734,,1,1
45570,ack,11:66:F0:00:01:3D,,0,0,1
45576,send,11:66:F0:00:01:3D,1735,,1,1
45580,ack,11:66:F0:00:01:3D,,0,0,1
45586,send,11:66:F0:00:01:3D,1736,,1,1
45592,ack,11:66:F0:00:01:3D,,0,0,1
45596,send,11:66:F0:00:01:3D,1737,,1,1
45600,ack,11:66:F0:00:01:3D,,0,0,1
45607,send,11:66:F0:00:01:3D,1738,,1,1
45610,ack,11:66:F0:00:01:3D,,0,0,1
45617,send,11:66:F0:00:01:3D,1739,,1,1
45621,ack,11:66:F0:00:01:3D,,0,0,1
45627,send,11:66:F0:00:01:3D,1740,,1,1
45631,ack,11:66:F0:00:01:3D,,0,0,1
45636,send,11:66:F0:00:01:3D,1741,,1,1
45641,ack,11:66:F0:00:01:3D,,0,0,1
45644,send,11:66:F0:00:01:3D,1742,,1,1
45648,ack,11:66:F0:00:01:3D,,0,0,1
45654,send,11:66:F0:00:01:3D,1743,,1,1
45657,ack,11:66:F0:00:01:3D,,0,0,1
45665,send,11:66:F0:00:01:3D,1744,,1,1
45669,ack,11:66:F0:00:01:3D,,0,0,1
45675,send,11:66:F0:00:01:3D,1745,,1,1
45680,ack,11:66:F0:00:01:3D,,0,0,1
45684,send,11:66:F0:00:01:3D,1746,,1,1
45688,ack,11:66:F0:00:01:3D,,0,0,1
45694,send,11:66:F0:00:01:3D,1747,,1,1
45698,ack,11:66:F0:00:01:3D,,0,0,1
45703,send,11:66:F0:00:01:3D,1748,,1,1
45707,ack,11:66:F0:00:01:3D,,0,0,1
45713,send,11:66:F0:00:01:3D,1749,,1,1
45717,ack,11:66:F0:00:01:3D,,0,0,1
45722,send,11:66:F0:00:01:3D,1750,,1,1
45726,ack,11:66:F0:00:01:3D,,0,0,1
45733,send,11:66:F0:00:01:3D,1751,,1,1
45737,ack,11:66:F0:00:01:3D,,0,0,1
45743,send,11:66:F0:00:01:3D,1752,,1,1
45747,ack,11:66:F0:00:01:3D,,0,0,1
45753,send,11:66:F0:00:01:3D,1753,,1,1
45758,ack,11:66:F0:00:01:3D,,0,0,1
45762,send,11:66:F0:00:01:3D,1754,,1,1
45766,ack,11:66:F0:00:01:3D,,0,0,1
45772,send,11:66:F0:00:01:3D,1755,,1,1
45776,ack,11:66:F0:00:01:3D,,0,0,1
45782,send,11:66:F0:00:01:3D,1756,,1,1
45786,ack,11:66:F0:00:01:3D,,0,0,1
46487,send,11:66:F0:00:01:3D,1757,,1,1
46495,ack,11:66:F0:00:01:3D,,0,0,1
46515,send,11:66:F0:00:01:3D,1758,,1,1
46518,ack,11:66:F0:00:01:3D,,0,0,1
46523,send,11:66:F0:00:01:3D,1759,,1,1
46527,ack,11:66:F0:00:01:3D,,0,0,1
46532,send,11:66:F0:00:01:3D,1760,,1,1
46536,ack,11:66:F0:00:01:3D,,0,0,1
46540,send,11:66:F0:00:01:3D,1761,,1,1
46544,ack,11:66:F0:00:01:3D,,0,0,1
46548,send,11:66:F0:00:01:3D,1762,,1,1
46552,ack,11:66:F0:00:01:3D,,0,0,1
46557,send,11:66:F0:00:01:3D,1763,,1,1
46562,ack,11:66:F0:00:01:3D,,0,0,1
46567,send,11:66:F0:00:01:3D,1764,,1,1
46571,ack,11:66:F0:00:01:3D,,0,0,1
46577,send,11:66:F0:00:01:3D,1765,,1,1
46581,ack,11:66:F0:00:01:3D,,0,0,1
46585,send,11:66:F0:00:01:3D,1766,,1,1
46589,ack,11:66:F0:00:01:3D,,0,0,1
46594,send,11:66:F0:00:01:3D,1767,,1,1
46599,ack,11:66:F0:00:01:3D,,0,0,1
46605,send,11:66:F0:00:01:3D,1768,,1,1
46611,ack,11:66:F0:00:01:3D,,0,0,1
46615,send,11:66:F0:00:01:3D,1769,,1,1
46620,ack,11:66:F0:00:01:3D,,0,0,1
46625,send,11:66:F0:00:01:3D,1770,,1,1
46629,ack,11:66:F0:00:01:3D,,0,0,1
46633,send,11:66:F0:00:01:3D,1771,,1,1
46637,ack,11:66:F0:00:01:3D,,0,0,1
46641,send,11:66:F0:00:01:3D,1772,,1,1
46645,ack,11:66:F0:00:01:3D,,0,0,1
46650,send,11:66:F0:00:01:3D,1773,,1,1
46654,ack,11:66:F0:00:01:3D,,0,0,1
46659,send,11:66:F0:00:01:3D,1774,,1,1
46662,ack,11:66:F0:00:01:3D,,0,0,1
46667,send,11:66:F0:00:01:3D,1775,,1,1
46670,ack,11:66:F0:00:01:3D,,0,0,1
46676,send,11:66:F0:00:01:3D,1776,,1,1
46679,ack,11:66:F0:00:01:3D,,0,0,1
46684,send,11:66:F0:00:01:3D,1777,,1,1
46687,ack,11:66:F0:00:01:3D,,0,0,1
46693,send,11:66:F0:00:01:3D,1778,,1,1
46697,ack,11:66:F0:00:01:3D,,0,0,1
46701,send,11:66:F0:00:01:3D,1779,,1,1
46704,ack,11:66:F0:00:01:3D,,0,0,1
46709,send,11:66:F0:00:01:3D,1780,,1,1
46713,ack,11:66:F0:00:01:3D,,0,0,1
46718,send,11:66:F0:00:01:3D,1781,,1,1
46722,ack,11:66:F0:00:01:3D,,0,0,1
46727,send,11:66:F0:00:01:3D,1782,,1,1
46731,ack,11:66:F0:00:01:3D,,0,0,1
46736,send,11:66:F0:00:01:3D,1783,,1,1
46739,ack,11:66:F0:00:01:3D,,0,0,1
46745,send,11:66:F0:00:01:3D,1784,,1,1
46748,ack,11:66:F0:00:01:3D,,0,0,1
46753,send,11:66:F0:00:01:3D,1785,,1,1
46757,ack,11:66:F0:00:01:3D,,0,0,1
46762,send,11:66:F0:00:01:3D,1786,,1,1
46766,ack,11:66:F0:00:01:3D,,0,0,1
46771,send,11:66:F0:00:01:3D,1787,,1,1
46775,ack,11:66:F0:00:01:3D,,0,0,1
46780,send,11:66:F0:00:01:3D,1788,,1,1
46783,ack,11:66:F0:00:01:3D,,0,0,1
46789,send,11:66:F0:00:01:3D,1789,,1,1
46792,ack,11:66:F0:00:01:3D,,0,0,1
46800,send,11:66:F0:00:01:3D,1790,,1,1
46804,ack,11:66:F0:00:01:3D,,0,0,1
46808,send,11:66:F0:00:01:3D,1791,,1,1
46811,ack,11:66:F0:00:01:3D,,0,0,1
46816,send,11:66:F0:00:01:3D,1792,,1,1
46819,ack,11:66:F0:00:01:3D,,0,0,1
46825,send,11:66:F0:00:01:3D,1793,,1,1
46828,ack,11:66:F0:00:01:3D,,0,0,1
46834,send,11:66:F0:00:01:3D,1794,,1,1
46837,ack,11:66:F0:00:01:3D,,0,0,1
46842,send,11:66:F0:00:01:3D,1795,,1,1
46845,ack,11:66:F0:00:01:3D,,0,0,1
46850,send,11:66:F0:00:01:3D,1796,,1,1
46854,ack,11:66:F0:00:01:3D,,0,0,1
46859,send,11:66:F0:00:01:3D,1797,,1,1
46863,ack,11:66:F0:00:01:3D,,0,0,1
46868,send,11:66:F0:00:01:3D,1798,,1,1
46873,ack,11:66:F0:00:01:3D,,0,0,1
46875,send,11:66:F0:00:01:3D,1799,,1,1
46880,ack,11:66:F0:00:01:3D,,0,0,1
46883,send,11:66:F0:00:01:3D,1800,,1,1
46888,ack,11:66:F0:00:01:3D,,0,0,1
46892,send,11:66:F0:00:01:3D,1801,,1,1
46896,ack,11:66:F0:00:01:3D,,0,0,1
46900,send,11:66:F0:00:01:3D,1802,,1,1
46904,ack,11:66:F0:00:01:3D,,0,0,1
46909,send,11:66:F0:00:01:3D,1803,,1,1
46913,ack,11:66:F0:00:01:3D,,0,0,1
46918,send,11:66:F0:00:01:3D,1804,,1,1
46922,ack,11:66:F0:00:01:3D,,0,0,1
46926,send,11:66:F0:00:01:3D,1805,,1,1
46931,ack,11:66:F0:00:01:3D,,0,0,1
46935,send,11:66:F0:00:01:3D,1806,,1,1
46938,ack,11:66:F0:00:01:3D,,0,0,1
46944,send,11:66:F0:00:01:3D,1807,,1,1
46947,ack,11:66:F0:00:01:3D,,0,0,1
46953,send,11:66:F0:00:01:3D,1808,,1,1
46957,ack,11:66:F0:00:01:3D,,0,0,1
46961,send,11:66:F0:00:01:3D,1809,,1,1
46966,ack,11:66:F0:00:01:3D,,0,0,1
46970,send,11:66:F0:00:01:3D,1810,,1,1
46974,ack,11:66:F0:00:01:3D,,0,0,1
46978,send,11:66:F0:00:01:3D,1811,,1,1
46983,ack,11:66:F0:00:01:3D,,0,0,1
46987,send,11:66:F0:00:01:3D,1812,,1,1
46990,ack,11:66:F0:00:01:3D,,0,0,1
46997,send,11:66:F0:00:01:3D,1813,,1,1
47000,ack,11:66:F0:00:01:3D,,0,0,1
47007,send,11:66:F0:00:01:3D,1814,,1,1
47011,ack,11:66:F0:00:01:3D,,0,0,1
47016,send,11:66:F0:00:01:3D,1815,,1,1
47021,ack,11:66:F0:00:01:3D,,0,0,1
47027,send,11:66:F0:00:01:3D,1816,,1,1
47031,ack,11:66:F0:00:01:3D,,0,0,1
47037,send,11:66:F0:00:01:3D,1817,,1,1
47042,ack,11:66:F0:00:01:3D,,0,0,1
47046,send,11:66:F0:00:01:3D,1818,,1,1
47049,ack,11:66:F0:00:01:3D,,0,0,1
47055,send,11:66:F0:00:01:3D,1819,,1,1
47059,ack,11:66:F0:00:01:3D,,0,0,1
47066,send,11:66:F0:00:01:3D,1820,,1,1
47071,ack,11:66:F0:00:01:3D,,0,0,1
47075,send,11:66:F0:00:01:3D,1821,,1,1
47079,ack,11:66:F0:00:01:3D,,0,0,1
47084,send,11:66:F0:00:01:3D,1822,,1,1
47088,ack,11:66:F0:00:01:3D,,0,0,1
47093,send,11:66:F0:00:01:3D,1823,,1,1
47096,ack,11:66:F0:00:01:3D,,0,0,1
47102,send,11:66:F0:00:01:3D,1824,,1,1
47106,ack,11:66:F0:00:01:3D,,0,0,1
47112,send,11:66:F0:00:01:3D,1825,,1,1
47115,ack,11:66:F0:00:01:3D,,0,0,1
47121,send,11:66:F0:00:01:3D,1826,,1,1
47124,ack,11:66:F0:00:01:3D,,0,0,1
47130,send,11:66:F0:00:01:3D,1827,,1,1
47134,ack,11:66:F0:00:01:3D,,0,0,1
47138,send,11:66:F0:00:01:3D,1828,,1,1
47142,ack,11:66:F0:00:01:3D,,0,0,1
47146,send,11:66:F0:00:01:3D,1829,,1,1
47150,ack,11:66:F0:00:01:3D,,0,0,1
47156,send,11:66:F0:00:01:3D,1830,,1,1
47159,ack,11:66:F0:00:01:3D,,0,0,1
47166,send,11:66:F0:00:01:3D,1831,,1,1
47170,ack,11:66:F0:00:01:3D,,0,0,1
47175,send,11:66:F0:00:01:3D,1832,,1,1
47179,ack,11:66:F0:00:01:3D,,0,0,1
47182,send,11:66:F0:00:01:3D,1833,,1,1
47186,ack,11:66:F0:00:01:3D,,0,0,1
47191,send,11:66:F0:00:01:3D,1834,,1,1
47195,ack,11:66:F0:00:01:3D,,0,0,1
47201,send,11:66:F0:00:01:3D,1835,,1,1
47207,ack,11:66:F0:00:01:3D,,0,0,1
47211,send,11:66:F0:00:01:3D,1836,,1,1
47216,ack,11:66:F0:00:01:3D,,0,0,1
47221,send,11:66:F0:00:01:3D,1837,,1,1
47225,ack,11:66:F0:00:01:3D,,0,0,1
47230,send,11:66:F0:00:01:3D,1838,,1,1
47234,ack,11:66:F0:00:01:3D,,0,0,1
47238,send,11:66:F0:00:01:3D,1839,,1,1
47241,ack,11:66:F0:00:01:3D,,0,0,1
47246,send,11:66:F0:00:01:3D,1840,,1,1
47249,ack,11:66:F0:00:01:3D,,0,0,1
47255,send,11:66:F0:00:01:3D,1841,,1,1
47260,ack,11:66:F0:00:01:3D,,0,0,1
47267,send,11:66:F0:00:01:3D,1842,,1,1
47271,ack,11:66:F0:00:01:3D,,0,0,1
47276,send,11:66:F0:00:01:3D,1843,,1,1
47280,ack,11:66:F0:00:01:3D,,0,0,1
47284,send,11:66:F0:00:01:3D,1844,,1,1
47289,ack,11:66:F0:00:01:3D,,0,0,1
47293,send,11:66:F0:00:01:3D,1845,,1,1
47297,ack,11:66:F0:00:01:3D,,0,0,1
47302,send,11:66:F0:00:01:3D,1846,,1,1
47307,ack,11:66:F0:00:01:3D,,0,0,1
47312,send,11:66:F0:00:01:3D,1847,,1,1
47317,ack,11:66:F0:00:01:3D,,0,0,1
47321,send,11:66:F0:00:01:3D,1848,,1,1
47325,ack,11:66:F0:00:01:3D,,0,0,1
47329,send,11:66:F0:00:01:3D,1849,,1,1
47333,ack,11:66:F0:00:01:3D,,0,0,1
47338,send,11:66:F0:00:01:3D,1850,,1,1
47343,ack,11:66:F0:00:01:3D,,0,0,1
47348,send,11:66:F0:00:01:3D,1851,,1,1
47352,ack,11:66:F0:00:01:3D,,0,0,1
47358,send,11:66:F0:00:01:3D,1852,,1,1
47362,ack,11:66:F0:00:01:3D,,0,0,1
47368,send,11:66:F0:00:01:3D,1853,,1,1
47374,ack,11:66:F0:00:01:3D,,0,0,1
47379,send,11:66:F0:00:01:3D,1854,,1,1
47383,ack,11:66:F0:00:01:3D,,0,0,1
47389,send,11:66:F0:00:01:3D,1855,,1,1
47393,ack,11:66:F0:00:01:3D,,0,0,1
47398,send,11:66:F0:00:01:3D,1856,,1,1
47402,ack,11:66:F0:00:01:3D,,0,0,1
47407,send,11:66:F0:00:01:3D,1857,,1,1
47410,ack,11:66:F0:00:01:3D,,0,0,1
47415,send,11:66:F0:00:01:3D,1858,,1,1
47422,ack,11:66:F0:00:01:3D,,0,0,1
47426,send,11:66:F0:00:01:3D,1859,,1,1
47429,ack,11:66:F0:00:01:3D,,0,0,1
47433,send,11:66:F0:00:01:3D,1860,,1,1
47437,ack,11:66:F0:00:01:3D,,0,0,1
47442,send,11:66:F0:00:01:3D,1861,,1,1
47445,ack,11:66:F0:00:01:3D,,0,0,1
47450,send,11:66:F0:00:01:3D,1862,,1,1
47453,ack,11:66:F0:00:01:3D,,0,0,1
47458,send,11:66:F0:00:01:3D,1863,,1,1
47461,ack,11:66:F0:00:01:3D,,0,0,1
47467,send,11:66:F0:00:01:3D,1864,,1,1
47470,ack,11:66:F0:00:01:3D,,0,0,1
47475,send,11:66:F0:00:01:3D,1865,,1,1
47478,ack,11:66:F0:00:01:3D,,0,0,1
47483,send,11:66:F0:00:01:3D,1866,,1,1
47487,ack,11:66:F0:00:01:3D,,0,0,1
47492,send,11:66:F0:00:01:3D,1867,,1,1
47495,ack,11:66:F0:00:01:3D,,0,0,1
47513,send,11:66:F0:00:01:3D,1868,,1,1
47516,ack,11:66:F0:00:01:3D,,0,0,1
47521,send,11:66:F0:00:01:3D,1869,,1,1
47525,ack,11:66:F0:00:01:3D,,0,0,1
47530,send,11:66:F0:00:01:3D,1870,,1,1
47533,ack,11:66:F0:00:01:3D,,0,0,1
47537,send,11:66:F0:00:01:3D,1871,,1,1
47540,ack,11:66:F0:00:01:3D,,0,0,1
47545,send,11:66:F0:00:01:3D,1872,,1,1
47549,ack,11:66:F0:00:01:3D,,0,0,1
47554,send,11:66:F0:00:01:3D,1873,,1,1
47557,ack,11:66:F0:00:01:3D,,0,0,1
47563,send,11:66:F0:00:01:3D,1874,,1,1
47566,ack,11:66:F0:00:01:3D,,0,0,1
47571,send,11:66:F0:00:01:3D,1875,,1,1
47574,ack,11:66:F0:00:01:3D,,0,0,1
47579,send,11:66:F0:00:01:3D,1876,,1,1
47583,ack,11:66:F0:00:01:3D,,0,0,1
47589,send,11:66:F0:00:01:3D,1877,,1,1
47593,ack,11:66:F0:00:01:3D,,0,0,1
47597,send,11:66:F0:00:01:3D,1878,,1,1
47602,ack,11:66:F0:00:01:3D,,0,0,1
47607,send,11:66:F0:00:01:3D,1879,,1,1
47611,ack,11:66:F0:00:01:3D,,0,0,1
47616,send,11:66:F0:00:01:3D,1880,,1,1
47619,ack,11:66:F0:00:01:3D,,0,0,1
47625,send,11:66:F0:00:01:3D,1881,,1,1
47629,ack,11:66:F0:00:01:3D,,0,0,1
47634,send,11:66:F0:00:01:3D,1882,,1,1
47637,ack,11:66:F0:00:01:3D,,0,0,1
47641,send,11:66:F0:00:01:3D,1883,,1,1
47644,ack,11:66:F0:00:01:3D,,0,0,1
47651,send,11:66:F0:00:01:3D,1884,,1,1
47655,ack,11:66:F0:00:01:3D,,0,0,1
47660,send,11:66:F0:00:01:3D,1885,,1,1
47664,ack,11:66:F0:00:01:3D,,0,0,1
47668,send,11:66:F0:00:01:3D,1886,,1,1
47672,ack,11:66:F0:00:01:3D,,0,0,1
47678,send,11:66:F0:00:01:3D,1887,,1,1
47683,ack,11:66:F0:00:01:3D,,0,0,1
47687,send,11:66:F0:00:01:3D,1888,,1,1
47692,ack,11:66:F0:00:01:3D,,0,0,1
47696,send,11:66:F0:00:01:3D,1889,,1,1
47700,ack,11:66:F0:00:01:3D,,0,0,1
47705,send,11:66:F0:00:01:3D,1890,,1,1
47710,ack,11:66:F0:00:01:3D,,0,0,1
47714,send,11:66:F0:00:01:3D,1891,,1,1
47718,ack,11:66:F0:00:01:3D,,0,0,1
47722,send,11:66:F0:00:01:3D,1892,,1,1
47727,ack,11:66:F0:00:01:3D,,0,0,1
47731,send,11:66:F0:00:01:3D,1893,,1,1
47736,ack,11:66:F0:00:01:3D,,0,0,1
47739,send,11:66:F0:00:01:3D,1894,,1,1
47743,ack,11:66:F0:00:01:3D,,0,0,1
47748,send,11:66:F0:00:01:3D,1895,,1,1
47752,ack,11:66:F0:00:01:3D,,0,0,1
47756,send,11:66:F0:00:01:3D,1896,,1,1
47760,ack,11:66:F0:00:01:3D,,0,0,1
47764,send,11:66:F0:00:01:3D,1897,,1,1
47768,ack,11:66:F0:00:01:3D,,0,0,1
47775,send,11:66:F0:00:01:3D,1898,,1,1
47781,ack,11:66:F0:00:01:3D,,0,0,1
47784,send,11:66:F0:00:01:3D,1899,,1,1
47789,ack,11:66:F0:00:01:3D,,0,0,1
47794,send,11:66:F0:00:01:3D,1900,,1,1
47798,ack,11:66:F0:00:01:3D,,0,0,1
47801,send,11:66:F0:00:01:3D,1901,,1,1
47806,ack,11:66:F0:00:01:3D,,0,0,1
47810,send,11:66:F0:00:01:3D,1902,,1,1
47813,ack,11:66:F0:00:01:3D,,0,0,1
47819,send,11:66:F0:00:01:3D,1903,,1,1
47823,ack,11:66:F0:00:01:3D,,0,0,1
47827,send,11:66:F0:00:01:3D,1904,,1,1
47832,ack,11:66:F0:00:01:3D,,0,0,1
47836,send,11:66:F0:00:01:3D,1905,,1,1
47840,ack,11:66:F0:00:01:3D,,0,0,1
47845,send,11:66:F0:00:01:3D,1906,,1,1
47849,ack,11:66:F0:00:01:3D,,0,0,1
47853,send,11:66:F0:00:01:3D,1907,,1,1
47857,ack,11:66:F0:00:01:3D,,0,0,1
47861,send,11:66:F0:00:01:3D,1908,,1,1
47866,ack,11:66:F0:00:01:3D,,0,0,1
47870,send,11:66:F0:00:01:3D,1909,,1,1
47874,ack,11:66:F0:00:01:3D,,0,0,1
47878,send,11:66:F0:00:01:3D,1910,,1,1
47884,ack,11:66:F0:00:01:3D,,0,0,1
47888,send,11:66:F0:00:01:3D,1911,,1,1
47892,ack,11:66:F0:00:01:3D,,0,0,1
47896,send,11:66:F0:00:01:3D,1912,,1,1
47900,ack,11:66:F0:00:01:3D,,0,0,1
47906,send,11:66:F0:00:01:3D,1913,,1,1
47911,ack,11:66:F0:00:01:3D,,0,0,1
47914,send,11:66:F0:00:01:3D,1914,,1,1
47918,ack,11:66:F0:00:01:3D,,0,0,1
47923,send,11:66:F0:00:01:3D,1915,,1,1
47927,ack,11:66:F0:00:01:3D,,0,0,1
47931,send,11:66:F0:00:01:3D,1916,,1,1
47936,ack,11:66:F0:00:01:3D,,0,0,1
47941,send,11:66:F0:00:01:3D,1917,,1,1
47946,ack,11:66:F0:00:01:3D,,0,0,1
47952,send,11:66:F0:00:01:3D,1918,,1,1
47956,ack,11:66:F0:00:01:3D,,0,0,1
47962,send,11:66:F0:00:01:3D,1919,,1,1
47967,ack,11:66:F0:00:01:3D,,0,0,1
47970,send,11:66:F0:00:01:3D,1920,,1,1
47976,ack,11:66:F0:00:01:3D,,0,0,1
47981,send,11:66:F0:00:01:3D,1921,,1,1
47986,ack,11:66:F0:00:01:3D,,0,0,1
47991,send,11:66:F0:00:01:3D,1922,,1,1
47996,ack,11:66:F0:00:01:3D,,0,0,1
48001,send,11:66:F0:00:01:3D,1923,,1,1
48005,ack,11:66:F0:00:01:3D,,0,0,1
48010,send,11:66:F0:00:01:3D,1924,,1,1
48014,ack,11:66:F0:00:01:3D,,0,0,1
48020,send,11:66:F0:00:01:3D,1925,,1,1
48023,ack,11:66:F0:00:01:3D,,0,0,1
48030,send,11:66:F0:00:01:3D,1926,,1,1
48034,ack,11:66:F0:00:01:3D,,0,0,1
48041,send,11:66:F0:00:01:3D,1927,,1,1
48045,ack,11:66:F0:00:01:3D,,0,0,1
48050,send,11:66:F0:00:01:3D,1928,,1,1
48055,ack,11:66:F0:00:01:3D,,0,0,1
48060,send,11:66:F0:00:01:3D,1929,,1,1
48066,ack,11:66:F0:00:01:3D,,0,0,1
48068,send,11:66:F0:00:01:3D,1930,,1,1
48072,ack,11:66:F0:00:01:3D,,0,0,1
48077,send,11:66:F0:00:01:3D,1931,,1,1
48082,ack,11:66:F0:00:01:3D,,0,0,1
48085,send,11:66:F0:00:01:3D,1932,,1,1
48089,ack,11:66:F0:00:01:3D,,0,0,1
48094,send,11:66:F0:00:01:3D,1933,,1,1
48099,ack,11:66:F0:00:01:3D,,0,0,1
48103,send,11:66:F0:00:01:3D,1934,,1,1
48107,ack,11:66:F0:00:01:3D,,0,0,1
48112,send,11:66:F0:00:01:3D,1935,,1,1
48116,ack,11:66:F0:00:01:3D,,0,0,1
48120,send,11:66:F0:00:01:3D,1936,,1,1
48124,ack,11:66:F0:00:01:3D,,0,0,1
48127,send,11:66:F0:00:01:3D,1937,,1,1
48131,ack,11:66:F0:00:01:3D,,0,0,1
48136,send,11:66:F0:00:01:3D,1938,,1,1
48140,ack,11:66:F0:00:01:3D,,0,0,1
48144,send,11:66:F0:00:01:3D,1939,,1,1
48149,ack,11:66:F0:00:01:3D,,0,0,1
48153,send,11:66:F0:00:01:3D,1940,,1,1
48158,ack,11:66:F0:00:01:3D,,0,0,1
48162,send,11:66:F0:00:01:3D,1941,,1,1
48166,ack,11:66:F0:00:01:3D,,0,0,1
48170,send,11:66:F0:00:01:3D,1942,,1,1
48175,ack,11:66:F0:00:01:3D,,0,0,1
48179,send,11:66:F0:00:01:3D,1943,,1,1
48183,ack,11:66:F0:00:01:3D,,0,0,1
48189,send,11:66:F0:00:01:3D,1944,,1,1
48194,ack,11:66:F0:00:01:3D,,0,0,1
48200,send,11:66:F0:00:01:3D,1945,,1,1
48205,ack,11:66:F0:00:01:3D,,0,0,1
48210,send,11:66:F0:00:01:3D,1946,,1,1
48214,ack,11:66:F0:00:01:3D,,0,0,1
48220,send,11:66:F0:00:01:3D,1947,,1,1
48223,ack,11:66:F0:00:01:3D,,0,0,1
48229,send,11:66:F0:00:01:3D,1948,,1,1
48235,ack,11:66:F0:00:01:3D,,0,0,1
48238,send,11:66:F0:00:01:3D,1949,,1,1
48243,ack,11:66:F0:00:01:3D,,0,0,1
48247,send,11:66:F0:00:01:3D,1950,,1,1
48251,ack,11:66:F0:00:01:3D,,0,0,1
48255,send,11:66:F0:00:01:3D,1951,,1,1
48260,ack,11:66:F0:00:01:3D,,0,0,1
48265,send,11:66:F0:00:01:3D,1952,,1,1
48268,ack,11:66:F0:00:01:3D,,0,0,1
48275,send,11:66:F0:00:01:3D,1953,,1,1
48281,ack,11:66:F0:00:01:3D,,0,0,1
48286,send,11:66:F0:00:01:3D,1954,,1,1
48292,ack,11:66:F0:00:01:3D,,0,0,1
48297,send,11:66:F0:00:01:3D,1955,,1,1
48302,ack,11:66:F0:00:01:3D,,0,0,1
48306,send,11:66:F0:00:01:3D,1956,,1,1
48310,ack,11:66:F0:00:01:3D,,0,0,1
48314,send,11:66:F0:00:01:3D,1957,,1,1
48318,ack,11:66:F0:00:01:3D,,0,0,1
48323,send,11:66:F0:00:01:3D,1958,,1,1
48326,ack,11:66:F0:00:01:3D,,0,0,1
48331,send,11:66:F0:00:01:3D,1959,,1,1
48335,ack,11:66:F0:00:01:3D,,0,0,1
48340,send,11:66:F0:00:01:3D,1960,,1,1
48344,ack,11:66:F0:00:01:3D,,0,0,1
48348,send,11:66:F0:00:01:3D,1961,,1,1
48353,ack,11:66:F0:00:01:3D,,0,0,1
48356,send,11:66:F0:00:01:3D,1962,,1,1
48360,ack,11:66:F0:00:01:3D,,0,0,1
48365,send,11:66:F0:00:01:3D,1963,,1,1
48369,ack,11:66:F0:00:01:3D,,0,0,1
48373,send,11:66:F0:00:01:3D,1964,,1,1
48378,ack,11:66:F0:00:01:3D,,0,0,1
48382,send,11:66:F0:00:01:3D,1965,,1,1
48386,ack,11:66:F0:00:01:3D,,0,0,1
48391,send,11:66:F0:00:01:3D,1966,,1,1
48395,ack,11:66:F0:00:01:3D,,0,0,1
48401,send,11:66:F0:00:01:3D,1967,,1,1
48404,ack,11:66:F0:00:01:3D,,0,0,1
48410,send,11:66:F0:00:01:3D,1968,,1,1
48414,ack,11:66:F0:00:01:3D,,0,0,1
48421,send,11:66:F0:00:01:3D,1969,,1,1
48425,ack,11:66:F0:00:01:3D,,0,0,1
48431,send,11:66:F0:00:01:3D,1970,,1,1
48435,ack,11:66:F0:00:01:3D,,0,0,1
48441,send,11:66:F0:00:01:3D,1971,,1,1
48446,ack,11:66:F0:00:01:3D,,0,0,1
48452,send,11:66:F0:00:01:3D,1972,,1,1
48455,ack,11:66:F0:00:01:3D,,0,0,1
48462,send,11:66:F0:00:01:3D,1973,,1,1
48466,ack,11:66:F0:00:01:3D,,0,0,1
48471,send,11:66:F0:00:01:3D,1974,,1,1
48476,ack,11:66:F0:00:01:3D,,0,0,1
48480,send,11:66:F0:00:01:3D,1975,,1,1
48485,ack,11:66:F0:00:01:3D,,0,0,1
48491,send,11:66:F0:00:01:3D,1976,,1,1
48495,ack,11:66:F0:00:01:3D,,0,0,1
48515,send,11:66:F0:00:01:3D,1977,,1,1
48517,ack,11:66:F0:00:01:3D,,0,0,1
48524,send,11:66:F0:00:01:3D,1978,,1,1
48527,ack,11:66:F0:00:01:3D,,0,0,1
48533,send,11:66:F0:00:01:3D,1979,,1,1
48537,ack,11:66:F0:00:01:3D,,0,0,1
48542,send,11:66:F0:00:01:3D,1980,,1,1
48548,ack,11:66:F0:00:01:3D,,0,0,1
48552,send,11:66:F0:00:01:3D,1981,,1,1
48557,ack,11:66:F0:00:01:3D,,0,0,1
48560,send,11:66:F0:00:01:3D,1982,,1,1
48565,ack,11:66:F0:00:01:3D,,0,0,1
48569,send,11:66:F0:00:01:3D,1983,,1,1
48573,ack,11:66:F0:00:01:3D,,0,0,1
48579,send,11:66:F0:00:01:3D,1984,,1,1
48583,ack,11:66:F0:00:01:3D,,0,0,1
48587,send,11:66:F0:00:01:3D,1985,,1,1
48592,ack,11:66:F0:00:01:3D,,0,0,1
48596,send,11:66:F0:00:01:3D,1986,,1,1
48600,ack,11:66:F0:00:01:3D,,0,0,1
48606,send,11:66:F0:00:01:3D,1987,,1,1
48610,ack,11:66:F0:00:01:3D,,0,0,1
48616,send,11:66:F0:00:01:3D,1988,,1,1
48619,ack,11:66:F0:00:01:3D,,0,0,1
48625,send,11:66:F0:00:01:3D,1989,,1,1
48629,ack,11:66:F0:00:01:3D,,0,0,1
48635,send,11:66:F0:00:01:3D,1990,,1,1
48639,ack,11:66:F0:00:01:3D,,0,0,1
48644,send,11:66:F0:00:01:3D,1991,,1,1
48648,ack,11:66:F0:00:01:3D,,0,0,1
48653,send,11:66:F0:00:01:3D,1992,,1,1
48657,ack,11:66:F0:00:01:3D,,0,0,1
48662,send,11:66:F0:00:01:3D,1993,,1,1
48665,ack,11:66:F0:00:01:3D,,0,0,1
48669,send,11:66:F0:00:01:3D,1994,,1,1
48673,ack,11:66:F0:00:01:3D,,0,0,1
48679,send,11:66:F0:00:01:3D,1995,,1,1
48686,ack,11:66:F0:00:01:3D,,0,0,1
48689,send,11:66:F0:00:01:3D,1996,,1,1
48693,ack,11:66:F0:00:01:3D,,0,0,1
48701,send,11:66:F0:00:01:3D,1997,,1,1
48706,ack,11:66:F0:00:01:3D,,0,0,1
48711,send,11:66:F0:00:01:3D,1998,,1,1
48714,ack,11:66:F0:00:01:3D,,0,0,1
48720,send,11:66:F0:00:01:3D,1999,,1,1
48724,ack,11:66:F0:00:01:3D,,0,0,1
48728,send,11:66:F0:00:01:3D,2000,,1,1
48733,ack,11:66:F0:00:01:3D,,0,0,1
48737,send,11:66:F0:00:01:3D,2001,,1,1
48741,ack,11:66:F0:00:01:3D,,0,0,1
48747,send,11:66:F0:00:01:3D,2002,,1,1
48750,ack,11:66:F0:00:01:3D,,0,0,1
48754,send,11:66:F0:00:01:3D,2003,,1,1
48758,ack,11:66:F0:00:01:3D,,0,0,1
48763,send,11:66:F0:00:01:3D,2004,,1,1
48766,ack,11:66:F0:00:01:3D,,0,0,1
48771,send,11:66:F0:00:01:3D,2005,,1,1
48775,ack,11:66:F0:00:01:3D,,0,0,1
48780,send,11:66:F0:00:01:3D,2006,,1,1
48785,ack,11:66:F0:00:01:3D,,0,0,1
48788,send,11:66:F0:00:01:3D,2007,,1,1
48793,ack,11:66:F0:00:01:3D,,0,0,1
48797,send,11:66:F0:00:01:3D,2008,,1,1
48801,ack,11:66:F0:00:01:3D,,0,0,1
48806,send,11:66:F0:00:01:3D,2009,,1,1
48810,ack,11:66:F0:00:01:3D,,0,0,1
48815,send,11:66:F0:00:01:3D,2010,,1,1
48818,ack,11:66:F0:00:01:3D,,0,0,1
48822,send,11:66:F0:00:01:3D,2011,,1,1
48827,ack,11:66:F0:00:01:3D,,0,0,1
48831,send,11:66:F0:00:01:3D,2012,,1,1
48836,ack,11:66:F0:00:01:3D,,0,0,1
48838,send,11:66:F0:00:01:3D,2013,,1,1
48843,ack,11:66:F0:00:01:3D,,0,0,1
48847,send,11:66:F0:00:01:3D,2014,,1,1
48851,ack,11:66:F0:00:01:3D,,0,0,1
48855,send,11:66:F0:00:01:3D,2015,,1,1
48859,ack,11:66:F0:00:01:3D,,0,0,1
48864,send,11:66:F0:00:01:3D,2016,,1,1
48869,ack,11:66:F0:00:01:3D,,0,0,1
48872,send,11:66:F0:00:01:3D,2017,,1,1
48877,ack,11:66:F0:00:01:3D,,0,0,1
48881,send,11:66:F0:00:01:3D,2018,,1,1
48885,ack,11:66:F0:00:01:3D,,0,0,1
48891,send,11:66:F0:00:01:3D,2019,,1,1
48895,ack,11:66:F0:00:01:3D,,0,0,1
48901,send,11:66:F0:00:01:3D,2020,,1,1
48906,ack,11:66:F0:00:01:3D,,0,0,1
48910,send,11:66:F0:00:01:3D,2021,,1,1
48914,ack,11:66:F0:00:01:3D,,0,0,1
48919,send,11:66:F0:00:01:3D,2022,,1,1
48923,ack,11:66:F0:00:01:3D,,0,0,1
48927,send,11:66:F0:00:01:3D,2023,,1,1
48932,ack,11:66:F0:00:01:3D,,0,0,1
48935,send,11:66:F0:00:01:3D,2024,,1,1
48939,ack,11:66:F0:00:01:3D,,0,0,1
48945,send,11:66:F0:00:01:3D,2025,,1,1
48950,ack,11:66:F0:00:01:3D,,0,0,1
48954,send,11:66:F0:00:01:3D,2026,,1,1
48958,ack,11:66:F0:00:01:3D,,0,0,1
48964,send,11:66:F0:00:01:3D,2027,,1,1
48968,ack,11:66:F0:00:01:3D,,0,0,1
48974,send,11:66:F0:00:01:3D,2028,,1,1
48978,ack,11:66:F0:00:01:3D,,0,0,1
48981,send,11:66:F0:00:01:3D,2029,,1,1
48985,ack,11:66:F0:00:01:3D,,0,0,1
48990,send,11:66:F0:00:01:3D,2030,,1,1
48994,ack,11:66:F0:00:01:3D,,0,0,1
48999,send,11:66:F0:00:01:3D,2031,,1,1
49003,ack,11:66:F0:00:01:3D,,0,0,1
49007,send,11:66:F0:00:01:3D,2032,,1,1
49011,ack,11:66:F0:00:01:3D,,0,0,1
49016,send,11:66:F0:00:01:3D,2033,,1,1
49020,ack,11:66:F0:00:01:3D,,0,0,1
49025,send,11:66:F0:00:01:3D,2034,,1,1
49029,ack,11:66:F0:00:01:3D,,0,0,1
49034,send,11:66:F0:00:01:3D,2035,,1,1
49038,ack,11:66:F0:00:01:3D,,0,0,1
49043,send,11:66:F0:00:01:3D,2036,,1,1
49048,ack,11:66:F0:00:01:3D,,0,0,1
49052,send,11:66:F0:00:01:3D,2037,,1,1
49056,ack,11:66:F0:00:01:3D,,0,0,1
49061,send,11:66:F0:00:01:3D,2038,,1,1
49066,ack,11:66:F0:00:01:3D,,0,0,1
49071,send,11:66:F0:00:01:3D,2039,,1,1
49074,ack,11:66:F0:00:01:3D,,0,0,1
49081,send,11:66:F0:00:01:3D,2040,,1,1
49085,ack,11:66:F0:00:01:3D,,0,0,1
49091,send,11:66:F0:00:01:3D,2041,,1,1
49102,send,11:66:F0:00:01:3D,2042,,2,1
49107,send,11:66:F0:00:01:3D,2043,,3,1
49114,send,11:66:F0:00:01:3D,2044,,4,1
49120,send,11:66:F0:00:01:3D,2045,,5,1
49125,send,11:66:F0:00:01:3D,2046,,6,1
49131,send,11:66:F0:00:01:3D,2047,,7,1
49138,send,11:66:F0:00:01:3D,2048,,8,1
49144,send,11:66:F0:00:01:3D,2049,,9,1
49150,send,11:66:F0:00:01:3D,2050,,10,1
49156,send,11:66:F0:00:01:3D,2051,,11,1
49162,send,11:66:F0:00:01:3D,2052,,12,1
49168,send,11:66:F0:00:01:3D,2053,,13,1
49174,send,11:66:F0:00:01:3D,2054,,14,1
49180,send,11:66:F0:00:01:3D,2055,,15,1
49186,send,11:66:F0:00:01:3D,2056,,16,1
49191,send,11:66:F0:00:01:3D,2057,,17,1
49197,send,11:66:F0:00:01:3D,2058,,18,1
49203,send,11:66:F0:00:01:3D,2059,,19,1
49209,send,11:66:F0:00:01:3D,2060,,20,1
49215,send,11:66:F0:00:01:3D,2061,,21,1
49221,send,11:66:F0:00:01:3D,2062,,22,1
49227,send,11:66:F0:00:01:3D,2063,,23,1
49234,send,11:66:F0:00:01:3D,2064,,24,1
49239,send,11:66:F0:00:01:3D,2065,,25,1
49245,send,11:66:F0:00:01:3D,2066,,26,1
49251,send,11:66:F0:00:01:3D,2067,,27,1
49258,send,11:66:F0:00:01:3D,2068,,28,1
49265,send,11:66:F0:00:01:3D,2069,,29,1
49273,send,11:66:F0:00:01:3D,2070,,30,1
49280,send,11:66:F0:00:01:3D,2071,,31,1
49286,send,11:66:F0:00:01:3D,2072,,32,1
49292,send,11:66:F0:00:01:3D,2073,,33,1
49297,send,11:66:F0:00:01:3D,2074,,34,1
49303,send,11:66:F0:00:01:3D,2075,,35,1
49309,send,11:66:F0:00:01:3D,2076,,36,1
49315,send,11:66:F0:00:01:3D,2077,,37,1
49321,send,11:66:F0:00:01:3D,2078,,38,1
49327,send,11:66:F0:00:01:3D,2079,,39,1
49334,send,11:66:F0:00:01:3D,2080,,40,1
49340,send,11:66:F0:00:01:3D,2081,,41,1
49346,send,11:66:F0:00:01:3D,2082,,42,1
49352,send,11:66:F0:00:01:3D,2083,,43,1
49358,send,11:66:F0:00:01:3D,2084,,44,1
49365,send,11:66:F0:00:01:3D,2085,,45,1
49371,send,11:66:F0:00:01:3D,2086,,46,1
49376,send,11:66:F0:00:01:3D,2087,,47,1
49382,send,11:66:F0:00:01:3D,2088,,48,1
49388,send,11:66:F0:00:01:3D,2089,,49,1
49393,send,11:66:F0:00:01:3D,2090,,50,1
49399,send,11:66:F0:00:01:3D,2091,,51,1
49405,send,11:66:F0:00:01:3D,2092,,52,1
49411,send,11:66:F0:00:01:3D,2093,,53,1
49417,send,11:66:F0:00:01:3D,2094,,54,1
49423,send,11:66:F0:00:01:3D,2095,,55,1
49430,send,11:66:F0:00:01:3D,2096,,56,1
49436,send,11:66:F0:00:01:3D,2097,,57,1
49443,send,11:66:F0:00:01:3D,2098,,58,1
49448,send,11:66:F0:00:01:3D,2099,,59,1
49453,send,11:66:F0:00:01:3D,2100,,60,1
49459,send,11:66:F0:00:01:3D,2101,,61,1
49465,send,11:66:F0:00:01:3D,2102,,62,1
49472,send,11:66:F0:00:01:3D,2103,,63,1
49479,send,11:66:F0:00:01:3D,2104,,64,1
49485,send,11:66:F0:00:01:3D,2105,,65,1
49491,send,11:66:F0:00:01:3D,2106,,66,1
49497,send,11:66:F0:00:01:3D,2107,,67,1
49514,send,11:66:F0:00:01:3D,2108,,68,1
49520,send,11:66:F0:00:01:3D,2109,,69,1
49525,send,11:66:F0:00:01:3D,2110,,70,1
49531,send,11:66:F0:00:01:3D,2111,,71,1
49537,send,11:66:F0:00:01:3D,2112,,72,1
49542,send,11:66:F0:00:01:3D,2113,,73,1
49548,send,11:66:F0:00:01:3D,2114,,74,1
49555,send,11:66:F0:00:01:3D,2115,,75,1
49562,send,11:66:F0:00:01:3D,2116,,76,1
49568,send,11:66:F0:00:01:3D,2117,,77,1
49574,send,11:66:F0:00:01:3D,2118,,78,1
49580,send,11:66:F0:00:01:3D,2119,,79,1
49586,send,11:66:F0:00:01:3D,2120,,80,1
49592,send,11:66:F0:00:01:3D,2121,,81,1
49598,send,11:66:F0:00:01:3D,2122,,82,1
49604,send,11:66:F0:00:01:3D,2123,,83,1
49610,send,11:66:F0:00:01:3D,2124,,84,1
49616,send,11:66:F0:00:01:3D,2125,,85,1
49622,send,11:66:F0:00:01:3D,2126,,86,1
49628,send,11:66:F0:00:01:3D,2127,,87,1
49635,send,11:66:F0:00:01:3D,2128,,88,1
49641,send,11:66:F0:00:01:3D,2129,,89,1
49647,send,11:66:F0:00:01:3D,2130,,90,1
49654,send,11:66:F0:00:01:3D,2131,,91,1
49662,send,11:66:F0:00:01:3D,2132,,92,1
49669,send,11:66:F0:00:01:3D,2133,,93,1
49675,send,11:66:F0:00:01:3D,2134,,94,1
49680,send,11:66:F0:00:01:3D,2135,,95,1
49685,send,11:66:F0:00:01:3D,2136,,96,1
49691,send,11:66:F0:00:01:3D,2137,,97,1
49697,send,11:66:F0:00:01:3D,2138,,98,1
49702,send,11:66:F0:00:01:3D,2139,,99,1
49707,send,11:66:F0:00:01:3D,2140,,100,1
49713,send,11:66:F0:00:01:3D,2141,,101,1
49719,send,11:66:F0:00:01:3D,2142,,102,1
49725,send,11:66:F0:00:01:3D,2143,,103,1
49732,send,11:66:F0:00:01:3D,2144,,104,1
49739,send,11:66:F0:00:01:3D,2145,,105,1
49745,send,11:66:F0:00:01:3D,2146,,106,1
49750,send,11:66:F0:00:01:3D,2147,,107,1
49756,send,11:66:F0:00:01:3D,2148,,108,1
49762,send,11:66:F0:00:01:3D,2149,,109,1
49769,send,11:66:F0:00:01:3D,2150,,110,1
49775,send,11:66:F0:00:01:3D,2151,,111,1
49780,send,11:66:F0:00:01:3D,2152,,112,1
49785,send,11:66:F0:00:01:3D,2153,,113,1
49793,send,11:66:F0:00:01:3D,2154,,114,1
49799,send,11:66:F0:00:01:3D,2155,,115,1
49804,send,11:66:F0:00:01:3D,2156,,116,1
49810,send,11:66:F0:00:01:3D,2157,,117,1
49816,send,11:66:F0:00:01:3D,2158,,118,1
49822,send,11:66:F0:00:01:3D,2159,,119,1
49828,send,11:66:F0:00:01:3D,2160,,120,1
49836,send,11:66:F0:00:01:3D,2161,,121,1
49843,send,11:66:F0:00:01:3D,2162,,122,1
49849,send,11:66:F0:00:01:3D,2163,,123,1
49855,send,11:66:F0:00:01:3D,2164,,124,1
49860,send,11:66:F0:00:01:3D,2165,,125,1
49869,send,11:66:F0:00:01:3D,2166,,126,1
49875,send,11:66:F0:00:01:3D,2167,,127,1
49881,send,11:66:F0:00:01:3D,2168,,128,1
49887,send,11:66:F0:00:01:3D,2169,,129,1
49893,send,11:66:F0:00:01:3D,2170,,130,1
49899,send,11:66:F0:00:01:3D,2171,,131,1
49904,send,11:66:F0:00:01:3D,2172,,132,1
49911,send,11:66:F0:00:01:3D,2173,,133,1
49918,send,11:66:F0:00:01:3D,2174,,134,1
49926,send,11:66:F0:00:01:3D,2175,,135,1
49932,send,11:66:F0:00:01:3D,2176,,136,1
49938,send,11:66:F0:00:01:3D,2177,,137,1
49945,send,11:66:F0:00:01:3D,2178,,138,1
49951,send,11:66:F0:00:01:3D,2179,,139,1
49957,send,11:66:F0:00:01:3D,2180,,140,1
49963,send,11:66:F0:00:01:3D,2181,,141,1
49969,send,11:66:F0:00:01:3D,2182,,142,1
49975,send,11:66:F0:00:01:3D,2183,,143,1
49981,send,11:66:F0:00:01:3D,2184,,144,1
49987,send,11:66:F0:00:01:3D,2185,,145,1
49995,send,11:66:F0:00:01:3D,2186,,146,1
50002,send,11:66:F0:00:01:3D,2187,,147,1
50008,send,11:66:F0:00:01:3D,2188,,148,1
50015,send,11:66:F0:00:01:3D,2189,,149,1
50022,send,11:66:F0:00:01:3D,2190,,150,1
50028,send,11:66:F0:00:01:3D,2191,,151,1
50035,send,11:66:F0:00:01:3D,2192,,152,1
50043,send,11:66:F0:00:01:3D,2193,,153,1
50049,send,11:66:F0:00:01:3D,2194,,154,1
50054,send,11:66:F0:00:01:3D,2195,,155,1
50060,send,11:66:F0:00:01:3D,2196,,156,1
50066,send,11:66:F0:00:01:3D,2197,,157,1
50072,send,11:66:F0:00:01:3D,2198,,158,1
50078,send,11:66:F0:00:01:3D,2199,,159,1
50084,send,11:66:F0:00:01:3D,2200,,160,1
50091,send,11:66:F0:00:01:3D,2201,,161,1
50098,send,11:66:F0:00:01:3D,2202,,162,1
50104,send,11:66:F0:00:01:3D,2203,,163,1
50110,send,11:66:F0:00:01:3D,2204,,164,1
50116,send,11:66:F0:00:01:3D,2205,,165,1
50123,send,11:66:F0:00:01:3D,2206,,166,1
50130,send,11:66:F0:00:01:3D,2207,,167,1
50136,send,11:66:F0:00:01:3D,2208,,168,1
50142,send,11:66:F0:00:01:3D,2209,,169,1
50148,send,11:66:F0:00:01:3D,2210,,170,1
50154,send,11:66:F0:00:01:3D,2211,,171,1
50160,send,11:66:F0:00:01:3D,2212,,172,1
50166,send,11:66:F0:00:01:3D,2213,,173,1
50172,send,11:66:F0:00:01:3D,2214,,174,1
50179,send,11:66:F0:00:01:3D,2215,,175,1
50186,send,11:66:F0:00:01:3D,2216,,176,1
50193,send,11:66:F0:00:01:3D,2217,,177,1
50201,send,11:66:F0:00:01:3D,2218,,178,1
50208,send,11:66:F0:00:01:3D,2219,,179,1
50215,send,11:66:F0:00:01:3D,2220,,180,1
50221,send,11:66:F0:00:01:3D,2221,,181,1
50228,send,11:66:F0:00:01:3D,2222,,182,1
50235,send,11:66:F0:00:01:3D,2223,,183,1
50240,send,11:66:F0:00:01:3D,2224,,184,1
50246,send,11:66:F0:00:01:3D,2225,,185,1
50252,send,11:66:F0:00:01:3D,2226,,186,1
50258,send,11:66:F0:00:01:3D,2227,,187,1
50264,send,11:66:F0:00:01:3D,2228,,188,1
50270,send,11:66:F0:00:01:3D,2229,,189,1
50276,send,11:66:F0:00:01:3D,2230,,190,1
50283,send,11:66:F0:00:01:3D,2231,,191,1
50289,send,11:66:F0:00:01:3D,2232,,192,1
50295,send,11:66:F0:00:01:3D,2233,,193,1
50302,send,11:66:F0:00:01:3D,2234,,194,1
50309,send,11:66:F0:00:01:3D,2235,,195,1
50316,send,11:66:F0:00:01:3D,2236,,196,1
50322,send,11:66:F0:00:01:3D,2237,,197,1
50328,send,11:66:F0:00:01:3D,2238,,198,1
50335,send,11:66:F0:00:01:3D,2239,,199,1
50342,send,11:66:F0:00:01:3D,2240,,200,1
50348,send,11:66:F0:00:01:3D,2241,,201,1
50355,send,11:66:F0:00:01:3D,2242,,202,1
50361,send,11:66:F0:00:01:3D,2243,,203,1
50368,send,11:66:F0:00:01:3D,2244,,204,1
50374,send,11:66:F0:00:01:3D,2245,,205,1
50380,send,11:66:F0:00:01:3D,2246,,206,1
50386,send,11:66:F0:00:01:3D,2247,,207,1
50393,send,11:66:F0:00:01:3D,2248,,208,1
50400,send,11:66:F0:00:01:3D,2249,,209,1
50406,send,11:66:F0:00:01:3D,2250,,210,1
50412,send,11:66:F0:00:01:3D,2251,,211,1
50418,send,11:66:F0:00:01:3D,2252,,212,1
50424,send,11:66:F0:00:01:3D,2253,,213,1
50429,send,11:66:F0:00:01:3D,2254,,214,1
50436,send,11:66:F0:00:01:3D,2255,,215,1
50442,send,11:66:F0:00:01:3D,2256,,216,1
50447,ack,11:66:F0:00:01:3D,,0,215,1
50448,send,11:66:F0:00:01:3D,2257,,216,1
50452,ack,11:66:F0:00:01:3D,,0,215,1
50457,send,11:66:F0:00:01:3D,2258,,216,1
50458,ack,11:66:F0:00:01:3D,,0,215,1
50463,ack,11:66:F0:00:01:3D,,0,214,1
50463,send,11:66:F0:00:01:3D,2259,,215,1
50469,ack,11:66:F0:00:01:3D,,0,214,1
50474,send,11:66:F0:00:01:3D,2260,,215,1
50479,ack,11:66:F0:00:01:3D,,0,214,1
50484,send,11:66:F0:00:01:3D,2261,,215,1
50488,ack,11:66:F0:00:01:3D,,0,214,1
50494,send,11:66:F0:00:01:3D,2262,,215,1
50499,ack,11:66:F0:00:01:3D,,0,214,1
50516,send,11:66:F0:00:01:3D,2263,,215,1
50520,ack,11:66:F0:00:01:3D,,0,214,1
50524,send,11:66:F0:00:01:3D,2264,,215,1
50528,ack,11:66:F0:00:01:3D,,0,214,1
50533,send,11:66:F0:00:01:3D,2265,,215,1
50537,ack,11:66:F0:00:01:3D,,0,214,1
50541,send,11:66:F0:00:01:3D,2266,,215,1
50546,ack,11:66:F0:00:01:3D,,0,214,1
50549,send,11:66:F0:00:01:3D,2267,,215,1
50554,ack,11:66:F0:00:01:3D,,0,214,1
50559,send,11:66:F0:00:01:3D,2268,,215,1
50564,ack,11:66:F0:00:01:3D,,0,214,1
50569,send,11:66:F0:00:01:3D,2269,,215,1
50574,ack,11:66:F0:00:01:3D,,0,214,1
50578,send,11:66:F0:00:01:3D,2270,,215,1
50583,ack,11:66:F0:00:01:3D,,0,214,1
50588,send,11:66:F0:00:01:3D,2271,,215,1
50592,ack,11:66:F0:00:01:3D,,0,214,1
50596,send,11:66:F0:00:01:3D,2272,,215,1
50601,ack,11:66:F0:00:01:3D,,0,214,1
50606,send,11:66:F0:00:01:3D,2273,,215,1
50610,ack,11:66:F0:00:01:3D,,0,214,1
50615,send,11:66:F0:00:01:3D,2274,,215,1
50620,ack,11:66:F0:00:01:3D,,0,214,1
50625,send,11:66:F0:00:01:3D,2275,,215,1
50630,ack,11:66:F0:00:01:3D,,0,214,1
50636,send,11:66:F0:00:01:3D,2276,,215,1
50641,ack,11:66:F0:00:01:3D,,0,214,1
50644,send,11:66:F0:00:01:3D,2277,,215,1
50648,ack,11:66:F0:00:01:3D,,0,214,1
50653,send,11:66:F0:00:01:3D,2278,,215,1
50658,ack,11:66:F0:00:01:3D,,0,214,1
50664,send,11:66:F0:00:01:3D,2279,,215,1
50667,ack,11:66:F0:00:01:3D,,0,214,1
50675,send,11:66:F0:00:01:3D,2280,,215,1
50683,ack,11:66:F0:00:01:3D,,0,214,1
50685,send,11:66:F0:00:01:3D,2281,,215,1
50689,ack,11:66:F0:00:01:3D,,0,214,1
50695,send,11:66:F0:00:01:3D,2282,,215,1
50700,ack,11:66:F0:00:01:3D,,0,214,1
50705,send,11:66:F0:00:01:3D,2283,,215,1
50709,ack,11:66:F0:00:01:3D,,0,214,1
50715,send,11:66:F0:00:01:3D,2284,,215,1
50719,ack,11:66:F0:00:01:3D,,0,214,1
50725,send,11:66:F0:00:01:3D,2285,,215,1
50728,ack,11:66:F0:00:01:3D,,0,214,1
50733,send,11:66:F0:00:01:3D,2286,,215,1
50736,ack,11:66:F0:00:01:3D,,0,214,1
50741,send,11:66:F0:00:01:3D,2287,,215,1
50745,ack,11:66:F0:00:01:3D,,0,214,1
50750,send,11:66:F0:00:01:3D,2288,,215,1
50754,ack,11:66:F0:00:01:3D,,0,214,1
50759,send,11:66:F0:00:01:3D,2289,,215,1
50763,ack,11:66:F0:00:01:3D,,0,214,1
50769,send,11:66:F0:00:01:3D,2290,,215,1
50772,ack,11:66:F0:00:01:3D,,0,214,1
50778,send,11:66:F0:00:01:3D,2291,,215,1
50781,ack,11:66:F0:00:01:3D,,0,214,1
50787,send,11:66:F0:00:01:3D,2292,,215,1
50790,ack,11:66:F0:00:01:3D,,0,214,1
50795,send,11:66:F0:00:01:3D,2293,,215,1
50799,ack,11:66:F0:00:01:3D,,0,214,1
50803,send,11:66:F0:00:01:3D,2294,,215,1
50807,ack,11:66:F0:00:01:3D,,0,214,1
50812,send,11:66:F0:00:01:3D,2295,,215,1
50815,ack,11:66:F0:00:01:3D,,0,214,1
50820,send,11:66:F0:00:01:3D,2296,,215,1
50825,ack,11:66:F0:00:01:3D,,0,214,1
50829,send,11:66:F0:00:01:3D,2297,,215,1
50832,ack,11:66:F0:00:01:3D,,0,214,1
50838,send,11:66:F0:00:01:3D,2298,,215,1
50843,ack,11:66:F0:00:01:3D,,0,214,1
50848,send,11:66:F0:00:01:3D,2299,,215,1
50853,ack,11:66:F0:00:01:3D,,0,214,1
50857,send,11:66:F0:00:01:3D,2300,,215,1
50861,ack,11:66:F0:00:01:3D,,0,214,1
50865,send,11:66:F0:00:01:3D,2301,,215,1
50869,ack,11:66:F0:00:01:3D,,0,214,1
50874,send,11:66:F0:00:01:3D,2302,,215,1
50878,ack,11:66:F0:00:01:3D,,0,214,1
50882,send,11:66:F0:00:01:3D,2303,,215,1
50887,ack,11:66:F0:00:01:3D,,0,214,1
50892,send,11:66:F0:00:01:3D,2304,,215,1
50897,ack,11:66:F0:00:01:3D,,0,214,1
50902,send,11:66:F0:00:01:3D,2305,,215,1
50906,ack,11:66:F0:00:01:3D,,0,214,1
50911,send,11:66:F0:00:01:3D,2306,,215,1
50916,ack,11:66:F0:00:01:3D,,0,214,1
50920,send,11:66:F0:00:01:3D,2307,,215,1
50925,ack,11:66:F0:00:01:3D,,0,214,1
50929,send,11:66:F0:00:01:3D,2308,,215,1
50935,ack,11:66:F0:00:01:3D,,0,214,1
50938,send,11:66:F0:00:01:3D,2309,,215,1
50942,ack,11:66:F0:00:01:3D,,0,214,1
50947,send,11:66:F0:00:01:3D,2310,,215,1
50951,ack,11:66:F0:00:01:3D,,0,214,1
50957,send,11:66:F0:00:01:3D,2311,,215,1
50961,ack,11:66:F0:00:01:3D,,0,214,1
50969,send,11:66:F0:00:01:3D,2312,,215,1
50973,ack,11:66:F0:00:01:3D,,0,214,1
50977,send,11:66:F0:00:01:3D,2313,,215,1
50981,ack,11:66:F0:00:01:3D,,0,214,1
50986,send,11:66:F0:00:01:3D,2314,,215,1
50991,ack,11:66:F0:00:01:3D,,0,214,1
50996,send,11:66:F0:00:01:3D,2315,,215,1
51001,ack,11:66:F0:00:01:3D,,0,214,1
51004,send,11:66:F0:00:01:3D,2316,,215,1
51009,ack,11:66:F0:00:01:3D,,0,214,1
51014,send,11:66:F0:00:01:3D,2317,,215,1
51018,ack,11:66:F0:00:01:3D,,0,214,1
51023,send,11:66:F0:00:01:3D,2318,,215,1
51028,ack,11:66:F0:00:01:3D,,0,214,1
51033,send,11:66:F0:00:01:3D,2319,,215,1
51037,ack,11:66:F0:00:01:3D,,0,214,1
51041,send,11:66:F0:00:01:3D,2320,,215,1
51045,ack,11:66:F0:00:01:3D,,0,214,1
51050,send,11:66:F0:00:01:3D,2321,,215,1
51054,ack,11:66:F0:00:01:3D,,0,214,1
51059,send,11:66:F0:00:01:3D,2322,,215,1
51065,ack,11:66:F0:00:01:3D,,0,214,1
51069,send,11:66:F0:00:01:3D,2323,,215,1
51073,ack,11:66:F0:00:01:3D,,0,214,1
51078,send,11:66:F0:00:01:3D,2324,,215,1
51082,ack,11:66:F0:00:01:3D,,0,214,1
51087,send,11:66:F0:00:01:3D,2325,,215,1
51091,ack,11:66:F0:00:01:3D,,0,214,1
51097,send,11:66:F0:00:01:3D,2326,,215,1
51102,ack,11:66:F0:00:01:3D,,0,214,1
51105,send,11:66:F0:00:01:3D,2327,,215,1
51110,ack,11:66:F0:00:01:3D,,0,214,1
51115,send,11:66:F0:00:01:3D,2328,,215,1
51120,ack,11:66:F0:00:01:3D,,0,214,1
51126,send,11:66:F0:00:01:3D,2329,,215,1
51130,ack,11:66:F0:00:01:3D,,0,214,1
51136,send,11:66:F0:00:01:3D,2330,,215,1
51140,ack,11:66:F0:00:01:3D,,0,214,1
51145,send,11:66:F0:00:01:3D,2331,,215,1
51149,ack,11:66:F0:00:01:3D,,0,214,1
51154,send,11:66:F0:00:01:3D,2332,,215,1
51159,ack,11:66:F0:00:01:3D,,0,214,1
51164,send,11:66:F0:00:01:3D,2333,,215,1
51168,ack,11:66:F0:00:01:3D,,0,214,1
51174,send,11:66:F0:00:01:3D,2334,,215,1
51178,ack,11:66:F0:00:01:3D,,0,214,1
51183,send,11:66:F0:00:01:3D,2335,,215,1
51186,ack,11:66:F0:00:01:3D,,0,214,1
51191,send,11:66:F0:00:01:3D,2336,,215,1
51195,ack,11:66:F0:00:01:3D,,0,214,1
51200,send,11:66:F0:00:01:3D,2337,,215,1
51205,ack,11:66:F0:00:01:3D,,0,214,1
51210,send,11:66:F0:00:01:3D,2338,,215,1
51214,ack,11:66:F0:00:01:3D,,0,214,1
51218,send,11:66:F0:00:01:3D,2339,,215,1
51223,ack,11:66:F0:00:01:3D,,0,214,1
51227,send,11:66:F0:00:01:3D,2340,,215,1
51231,ack,11:66:F0:00:01:3D,,0,214,1
51236,send,11:66:F0:00:01:3D,2341,,215,1
51240,ack,11:66:F0:00:01:3D,,0,214,1
51244,send,11:66:F0:00:01:3D,2342,,215,1
51248,ack,11:66:F0:00:01:3D,,0,214,1
51254,send,11:66:F0:00:01:3D,2343,,215,1
51258,ack,11:66:F0:00:01:3D,,0,214,1
51262,send,11:66:F0:00:01:3D,2344,,215,1
51269,ack,11:66:F0:00:01:3D,,0,214,1
51273,send,11:66:F0:00:01:3D,2345,,215,1
51277,ack,11:66:F0:00:01:3D,,0,214,1
51281,send,11:66:F0:00:01:3D,2346,,215,1
51285,ack,11:66:F0:00:01:3D,,0,214,1
51289,send,11:66:F0:00:01:3D,2347,,215,1
51293,ack,11:66:F0:00:01:3D,,0,214,1
51299,send,11:66:F0:00:01:3D,2348,,215,1
51303,ack,11:66:F0:00:01:3D,,0,214,1
51307,send,11:66:F0:00:01:3D,2349,,215,1
51311,ack,11:66:F0:00:01:3D,,0,214,1
51316,send,11:66:F0:00:01:3D,2350,,215,1
51320,ack,11:66:F0:00:01:3D,,0,214,1
51326,send,11:66:F0:00:01:3D,2351,,215,1
51331,ack,11:66:F0:00:01:3D,,0,214,1
51335,send,11:66:F0:00:01:3D,2352,,215,1
51339,ack,11:66:F0:00:01:3D,,0,214,1
51343,send,11:66:F0:00:01:3D,2353,,215,1
51347,ack,11:66:F0:00:01:3D,,0,214,1
51353,send,11:66:F0:00:01:3D,2354,,215,1
51358,ack,11:66:F0:00:01:3D,,0,214,1
51364,send,11:66:F0:00:01:3D,2355,,215,1
51369,ack,11:66:F0:00:01:3D,,0,214,1
51373,send,11:66:F0:00:01:3D,2356,,215,1
51376,ack,11:66:F0:00:01:3D,,0,214,1
51383,send,11:66:F0:00:01:3D,2357,,215,1
51389,ack,11:66:F0:00:01:3D,,0,214,1
51393,send,11:66:F0:00:01:3D,2358,,215,1
51398,ack,11:66:F0:00:01:3D,,0,214,1
51403,send,11:66:F0:00:01:3D,2359,,215,1
51406,ack,11:66:F0:00:01:3D,,0,214,1
51414,send,11:66:F0:00:01:3D,2360,,215,1
51417,ack,11:66:F0:00:01:3D,,0,214,1
51424,send,11:66:F0:00:01:3D,2361,,215,1
51430,ack,11:66:F0:00:01:3D,,0,214,1
51436,send,11:66:F0:00:01:3D,2362,,215,1
51440,ack,11:66:F0:00:01:3D,,0,214,1
51446,send,11:66:F0:00:01:3D,2363,,215,1
51450,ack,11:66:F0:00:01:3D,,0,214,1
51457,send,11:66:F0:00:01:3D,2364,,215,1
51461,ack,11:66:F0:00:01:3D,,0,214,1
51466,send,11:66:F0:00:01:3D,2365,,215,1
51471,ack,11:66:F0:00:01:3D,,0,214,1
51477,send,11:66:F0:00:01:3D,2366,,215,1
51480,ack,11:66:F0:00:01:3D,,0,214,1
51488,send,11:66:F0:00:01:3D,2367,,215,1
51492,ack,11:66:F0:00:01:3D,,0,214,1
51498,send,11:66:F0:00:01:3D,2368,,215,1
51502,ack,11:66:F0:00:01:3D,,0,214,1
51519,send,11:66:F0:00:01:3D,2369,,215,1
51522,ack,11:66:F0:00:01:3D,,0,214,1
51527,send,11:66:F0:00:01:3D,2370,,215,1
51531,ack,11:66:F0:00:01:3D,,0,214,1
51535,send,11:66:F0:00:01:3D,2371,,215,1
51540,ack,11:66:F0:00:01:3D,,0,214,1
51543,send,11:66:F0:00:01:3D,2372,,215,1
51548,ack,11:66:F0:00:01:3D,,0,214,1
51552,send,11:66:F0:00:01:3D,2373,,215,1
51558,ack,11:66:F0:00:01:3D,,0,214,1
51561,send,11:66:F0:00:01:3D,2374,,215,1
51566,ack,11:66:F0:00:01:3D,,0,214,1
51570,send,11:66:F0:00:01:3D,2375,,215,1
51574,ack,11:66:F0:00:01:3D,,0,214,1
51579,send,11:66:F0:00:01:3D,2376,,215,1
51583,ack,11:66:F0:00:01:3D,,0,214,1
51588,send,11:66:F0:00:01:3D,2377,,215,1
51592,ack,11:66:F0:00:01:3D,,0,214,1
51597,send,11:66:F0:00:01:3D,2378,,215,1
51602,ack,11:66:F0:00:01:3D,,0,214,1
51608,send,11:66:F0:00:01:3D,2379,,215,1
51612,ack,11:66:F0:00:01:3D,,0,214,1
51616,send,11:66:F0:00:01:3D,2380,,215,1
51623,ack,11:66:F0:00:01:3D,,0,214,1
51624,send,11:66:F0:00:01:3D,2381,,215,1
51628,ack,11:66:F0:00:01:3D,,0,214,1
51633,send,11:66:F0:00:01:3D,2382,,215,1
51636,ack,11:66:F0:00:01:3D,,0,214,1
51641,send,11:66:F0:00:01:3D,2383,,215,1
51646,ack,11:66:F0:00:01:3D,,0,214,1
51650,send,11:66:F0:00:01:3D,2384,,215,1
51654,ack,11:66:F0:00:01:3D,,0,214,1
51658,send,11:66:F0:00:01:3D,2385,,215,1
51662,ack,11:66:F0:00:01:3D,,0,214,1
51667,send,11:66:F0:00:01:3D,2386,,215,1
51671,ack,11:66:F0:00:01:3D,,0,214,1
51674,send,11:66:F0:00:01:3D,2387,,215,1
51678,ack,11:66:F0:00:01:3D,,0,214,1
51683,send,11:66:F0:00:01:3D,2388,,215,1
51686,ack,11:66:F0:00:01:3D,,0,214,1
51691,send,11:66:F0:00:01:3D,2389,,215,1
51695,ack,11:66:F0:00:01:3D,,0,214,1
51699,send,11:66:F0:00:01:3D,2390,,215,1
51704,ack,11:66:F0:00:01:3D,,0,214,1
51708,send,11:66:F0:00:01:3D,2391,,215,1
51712,ack,11:66:F0:00:01:3D,,0,214,1
51716,send,11:66:F0:00:01:3D,2392,,215,1
51721,ack,11:66:F0:00:01:3D,,0,214,1
51725,send,11:66:F0:00:01:3D,2393,,215,1
51729,ack,11:66:F0:00:01:3D,,0,214,1
51735,send,11:66:F0:00:01:3D,2394,,215,1
51739,ack,11:66:F0:00:01:3D,,0,214,1
51743,send,11:66:F0:00:01:3D,2395,,215,1
51747,ack,11:66:F0:00:01:3D,,0,214,1
51753,send,11:66:F0:00:01:3D,2396,,215,1
51757,ack,11:66:F0:00:01:3D,,0,214,1
51761,send,11:66:F0:00:01:3D,2397,,215,1
51766,ack,11:66:F0:00:01:3D,,0,214,1
51769,send,11:66:F0:00:01:3D,2398,,215,1
51774,ack,11:66:F0:00:01:3D,,0,214,1
51778,send,11:66:F0:00:01:3D,2399,,215,1
51781,ack,11:66:F0:00:01:3D,,0,214,1
51787,send,11:66:F0:00:01:3D,2400,,215,1
51791,ack,11:66:F0:00:01:3D,,0,214,1
51797,send,11:66:F0:00:01:3D,2401,,215,1
51801,ack,11:66:F0:00:01:3D,,0,214,1
51807,send,11:66:F0:00:01:3D,2402,,215,1
51811,ack,11:66:F0:00:01:3D,,0,214,1
51815,send,11:66:F0:00:01:3D,2403,,215,1
51820,ack,11:66:F0:00:01:3D,,0,214,1
51824,send,11:66:F0:00:01:3D,2404,,215,1
51829,ack,11:66:F0:00:01:3D,,0,214,1
51833,send,11:66:F0:00:01:3D,2405,,215,1
51838,ack,11:66:F0:00:01:3D,,0,214,1
51842,send,11:66:F0:00:01:3D,2406,,215,1
51847,ack,11:66:F0:00:01:3D,,0,214,1
51852,send,11:66:F0:00:01:3D,2407,,215,1
51855,ack,11:66:F0:00:01:3D,,0,214,1
51861,send,11:66:F0:00:01:3D,2408,,215,1
51865,ack,11:66:F0:00:01:3D,,0,214,1
51870,send,11:66:F0:00:01:3D,2409,,215,1
51874,ack,11:66:F0:00:01:3D,,0,214,1
51879,send,11:66:F0:00:01:3D,2410,,215,1
51884,ack,11:66:F0:00:01:3D,,0,214,1
51888,send,11:66:F0:00:01:3D,2411,,215,1
51893,ack,11:66:F0:00:01:3D,,0,214,1
51897,send,11:66:F0:00:01:3D,2412,,215,1
51901,ack,11:66:F0:00:01:3D,,0,214,1
51906,send,11:66:F0:00:01:3D,2413,,215,1
51910,ack,11:66:F0:00:01:3D,,0,214,1
51915,send,11:66:F0:00:01:3D,2414,,215,1
51919,ack,11:66:F0:00:01:3D,,0,214,1
51923,send,11:66:F0:00:01:3D,2415,,215,1
51927,ack,11:66:F0:00:01:3D,,0,214,1
51932,send,11:66:F0:00:01:3D,2416,,215,1
51937,ack,11:66:F0:00:01:3D,,0,214,1
51942,send,11:66:F0:00:01:3D,2417,,215,1
51947,ack,11:66:F0:00:01:3D,,0,214,1
51951,send,11:66:F0:00:01:3D,2418,,215,1
51956,ack,11:66:F0:00:01:3D,,0,214,1
51960,send,11:66:F0:00:01:3D,2419,,215,1
51964,ack,11:66:F0:00:01:3D,,0,214,1
51970,send,11:66:F0:00:01:3D,2420,,215,1
51974,ack,11:66:F0:00:01:3D,,0,214,1
51979,send,11:66:F0:00:01:3D,2421,,215,1
51985,ack,11:66:F0:00:01:3D,,0,214,1
51990,send,11:66:F0:00:01:3D,2422,,215,1
51994,ack,11:66:F0:00:01:3D,,0,214,1
52000,send,11:66:F0:00:01:3D,2423,,215,1
52006,ack,11:66:F0:00:01:3D,,0,214,1
52010,send,11:66:F0:00:01:3D,2424,,215,1
52015,ack,11:66:F0:00:01:3D,,0,214,1
52020,send,11:66:F0:00:01:3D,2425,,215,1
52026,ack,11:66:F0:00:01:3D,,0,214,1
52030,send,11:66:F0:00:01:3D,2426,,215,1
52034,ack,11:66:F0:00:01:3D,,0,214,1
52041,send,11:66:F0:00:01:3D,2427,,215,1
52044,ack,11:66:F0:00:01:3D,,0,214,1
52050,send,11:66:F0:00:01:3D,2428,,215,1
52055,ack,11:66:F0:00:01:3D,,0,214,1
52061,send,11:66:F0:00:01:3D,2429,,215,1
52065,ack,11:66:F0:00:01:3D,,0,214,1
52071,send,11:66:F0:00:01:3D,2430,,215,1
52074,ack,11:66:F0:00:01:3D,,0,214,1
52081,send,11:66:F0:00:01:3D,2431,,215,1
52086,ack,11:66:F0:00:01:3D,,0,214,1
52092,send,11:66:F0:00:01:3D,2432,,215,1
52097,ack,11:66:F0:00:01:3D,,0,214,1
52103,send,11:66:F0:00:01:3D,2433,,215,1
52108,ack,11:66:F0:00:01:3D,,0,214,1
52112,send,11:66:F0:00:01:3D,2434,,215,1
52116,ack,11:66:F0:00:01:3D,,0,214,1
52122,send,11:66:F0:00:01:3D,2435,,215,1
52126,ack,11:66:F0:00:01:3D,,0,214,1
52133,send,11:66:F0:00:01:3D,2436,,215,1
52137,ack,11:66:F0:00:01:3D,,0,214,1
52142,send,11:66:F0:00:01:3D,2437,,215,1
52149,ack,11:66:F0:00:01:3D,,0,214,1
52152,send,11:66:F0:00:01:3D,2438,,215,1
52158,ack,11:66:F0:00:01:3D,,0,214,1
52162,send,11:66:F0:00:01:3D,2439,,215,1
52166,ack,11:66:F0:00:01:3D,,0,214,1
52170,send,11:66:F0:00:01:3D,2440,,215,1
52174,ack,11:66:F0:00:01:3D,,0,214,1
52178,send,11:66:F0:00:01:3D,2441,,215,1
52182,ack,11:66:F0:00:01:3D,,0,214,1
52186,send,11:66:F0:00:01:3D,2442,,215,1
52192,ack,11:66:F0:00:01:3D,,0,214,1
52195,send,11:66:F0:00:01:3D,2443,,215,1
52200,ack,11:66:F0:00:01:3D,,0,214,1
52204,send,11:66:F0:00:01:3D,2444,,215,1
52208,ack,11:66:F0:00:01:3D,,0,214,1
52212,send,11:66:F0:00:01:3D,2445,,215,1
52216,ack,11:66:F0:00:01:3D,,0,214,1
52221,send,11:66:F0:00:01:3D,2446,,215,1
52224,ack,11:66:F0:00:01:3D,,0,214,1
52230,send,11:66:F0:00:01:3D,2447,,215,1
52233,ack,11:66:F0:00:01:3D,,0,214,1
52238,send,11:66:F0:00:01:3D,2448,,215,1
52242,ack,11:66:F0:00:01:3D,,0,214,1
52246,send,11:66:F0:00:01:3D,2449,,215,1
52250,ack,11:66:F0:00:01:3D,,0,214,1
52255,send,11:66:F0:00:01:3D,2450,,215,1
52258,ack,11:66:F0:00:01:3D,,0,214,1
52262,send,11:66:F0:00:01:3D,2451,,215,1
52265,ack,11:66:F0:00:01:3D,,0,214,1
52270,send,11:66:F0:00:01:3D,2452,,215,1
52275,ack,11:66:F0:00:01:3D,,0,214,1
52279,send,11:66:F0:00:01:3D,2453,,215,1
52284,ack,11:66:F0:00:01:3D,,0,214,1
52288,send,11:66:F0:00:01:3D,2454,,215,1
52293,ack,11:66:F0:00:01:3D,,0,214,1
52300,send,11:66:F0:00:01:3D,2455,,215,1
52305,ack,11:66:F0:00:01:3D,,0,214,1
52308,send,11:66:F0:00:01:3D,2456,,215,1
52312,ack,11:66:F0:00:01:3D,,0,214,1
52319,send,11:66:F0:00:01:3D,2457,,215,1
52322,ack,11:66:F0:00:01:3D,,0,214,1
52329,send,11:66:F0:00:01:3D,2458,,215,1
52333,ack,11:66:F0:00:01:3D,,0,214,1
52337,send,11:66:F0:00:01:3D,2459,,215,1
52341,ack,11:66:F0:00:01:3D,,0,214,1
52346,send,11:66:F0:00:01:3D,2460,,215,1
52349,ack,11:66:F0:00:01:3D,,0,214,1
52354,send,11:66:F0:00:01:3D,2461,,215,1
52357,ack,11:66:F0:00:01:3D,,0,214,1
52363,send,11:66:F0:00:01:3D,2462,,215,1
52367,ack,11:66:F0:00:01:3D,,0,214,1
52371,send,11:66:F0:00:01:3D,2463,,215,1
52375,ack,11:66:F0:00:01:3D,,0,214,1
52379,send,11:66:F0:00:01:3D,2464,,215,1
52384,ack,11:66:F0:00:01:3D,,0,214,1
52388,send,11:66:F0:00:01:3D,2465,,215,1
52392,ack,11:66:F0:00:01:3D,,0,214,1
52396,send,11:66:F0:00:01:3D,2466,,215,1
52399,ack,11:66:F0:00:01:3D,,0,214,1
52405,send,11:66:F0:00:01:3D,2467,,215,1
52408,ack,11:66:F0:00:01:3D,,0,214,1
52414,send,11:66:F0:00:01:3D,2468,,215,1
52417,ack,11:66:F0:00:01:3D,,0,214,1
52424,send,11:66:F0:00:01:3D,2469,,215,1
52427,ack,11:66:F0:00:01:3D,,0,214,1
52431,send,11:66:F0:00:01:3D,2470,,215,1
52435,ack,11:66:F0:00:01:3D,,0,214,1
52440,send,11:66:F0:00:01:3D,2471,,215,1
52444,ack,11:66:F0:00:01:3D,,0,214,1
52448,send,11:66:F0:00:01:3D,2472,,215,1
52452,ack,11:66:F0:00:01:3D,,0,214,1
52456,send,11:66:F0:00:01:3D,2473,,215,1
52461,ack,11:66:F0:00:01:3D,,0,214,1
52465,send,11:66:F0:00:01:3D,2474,,215,1
52469,ack,11:66:F0:00:01:3D,,0,214,1
52474,send,11:66:F0:00:01:3D,2475,,215,1
52478,ack,11:66:F0:00:01:3D,,0,214,1
52483,send,11:66:F0:00:01:3D,2476,,215,1
52487,ack,11:66:F0:00:01:3D,,0,214,1
52492,send,11:66:F0:00:01:3D,2477,,215,1
52494,ack,11:66:F0:00:01:3D,,0,214,1
52500,send,11:66:F0:00:01:3D,2478,,215,1
52503,ack,11:66:F0:00:01:3D,,0,214,1
52519,send,11:66:F0:00:01:3D,2479,,215,1
52522,ack,11:66:F0:00:01:3D,,0,214,1
52526,send,11:66:F0:00:01:3D,2480,,215,1
52530,ack,11:66:F0:00:01:3D,,0,214,1
52534,send,11:66:F0:00:01:3D,2481,,215,1
52537,ack,11:66:F0:00:01:3D,,0,214,1
52542,send,11:66:F0:00:01:3D,2482,,215,1
52546,ack,11:66:F0:00:01:3D,,0,214,1
52550,send,11:66:F0:00:01:3D,2483,,215,1
52554,ack,11:66:F0:00:01:3D,,0,214,1
52559,send,11:66:F0:00:01:3D,2484,,215,1
52564,ack,11:66:F0:00:01:3D,,0,214,1
52570,send,11:66:F0:00:01:3D,2485,,215,1
52574,ack,11:66:F0:00:01:3D,,0,214,1
52579,send,11:66:F0:00:01:3D,2486,,215,1
52582,ack,11:66:F0:00:01:3D,,0,214,1
52586,send,11:66:F0:00:01:3D,2487,,215,1
52590,ack,11:66:F0:00:01:3D,,0,214,1
52595,send,11:66:F0:00:01:3D,2488,,215,1
52598,ack,11:66:F0:00:01:3D,,0,214,1
52604,send,11:66:F0:00:01:3D,2489,,215,1
52608,ack,11:66:F0:00:01:3D,,0,214,1
52612,send,11:66:F0:00:01:3D,2490,,215,1
52617,ack,11:66:F0:00:01:3D,,0,214,1
52621,send,11:66:F0:00:01:3D,2491,,215,1
52625,ack,11:66:F0:00:01:3D,,0,214,1
52631,send,11:66:F0:00:01:3D,2492,,215,1
52635,ack,11:66:F0:00:01:3D,,0,214,1
52641,send,11:66:F0:00:01:3D,2493,,215,1
52645,ack,11:66:F0:00:01:3D,,0,214,1
52650,send,11:66:F0:00:01:3D,2494,,215,1
52655,ack,11:66:F0:00:01:3D,,0,214,1
52659,send,11:66:F0:00:01:3D,2495,,215,1
52662,ack,11:66:F0:00:01:3D,,0,214,1
52669,send,11:66:F0:00:01:3D,2496,,215,1
52673,ack,11:66:F0:00:01:3D,,0,214,1
52678,send,11:66:F0:00:01:3D,2497,,215,1
52682,ack,11:66:F0:00:01:3D,,0,214,1
52686,send,11:66:F0:00:01:3D,2498,,215,1
52689,ack,11:66:F0:00:01:3D,,0,214,1
52695,send,11:66:F0:00:01:3D,2499,,215,1
52699,ack,11:66:F0:00:01:3D,,0,214,1
52704,send,11:66:F0:00:01:3D,2500,,215,1
52707,ack,11:66:F0:00:01:3D,,0,214,1
52712,send,11:66:F0:00:01:3D,2501,,215,1
52716,ack,11:66:F0:00:01:3D,,0,214,1
52721,send,11:66:F0:00:01:3D,2502,,215,1
52726,ack,11:66:F0:00:01:3D,,0,214,1
52730,send,11:66:F0:00:01:3D,2503,,215,1
52735,ack,11:66:F0:00:01:3D,,0,214,1
52740,send,11:66:F0:00:01:3D,2504,,215,1
52745,ack,11:66:F0:00:01:3D,,0,214,1
52749,send,11:66:F0:00:01:3D,2505,,215,1
52753,ack,11:66:F0:00:01:3D,,0,214,1
52757,send,11:66:F0:00:01:3D,2506,,215,1
52760,ack,11:66:F0:00:01:3D,,0,214,1
52765,send,11:66:F0:00:01:3D,2507,,215,1
52770,ack,11:66:F0:00:01:3D,,0,214,1
52773,send,11:66:F0:00:01:3D,2508,,215,1
52777,ack,11:66:F0:00:01:3D,,0,214,1
52782,send,11:66:F0:00:01:3D,2509,,215,1
52786,ack,11:66:F0:00:01:3D,,0,214,1
52790,send,11:66:F0:00:01:3D,2510,,215,1
52794,ack,11:66:F0:00:01:3D,,0,214,1
52799,send,11:66:F0:00:01:3D,2511,,215,1
52804,ack,11:66:F0:00:01:3D,,0,214,1
52807,send,11:66:F0:00:01:3D,2512,,215,1
52812,ack,11:66:F0:00:01:3D,,0,214,1
52817,send,11:66:F0:00:01:3D,2513,,215,1
52821,ack,11:66:F0:00:01:3D,,0,214,1
52828,send,11:66:F0:00:01:3D,2514,,215,1
52833,ack,11:66:F0:00:01:3D,,0,214,1
52838,send,11:66:F0:00:01:3D,2515,,215,1
52843,ack,11:66:F0:00:01:3D,,0,214,1
52847,send,11:66:F0:00:01:3D,2516,,215,1
52851,ack,11:66:F0:00:01:3D,,0,214,1
52854,send,11:66:F0:00:01:3D,2517,,215,1
52858,ack,11:66:F0:00:01:3D,,0,214,1
52865,send,11:66:F0:00:01:3D,2518,,215,1
52869,ack,11:66:F0:00:01:3D,,0,214,1
52874,send,11:66:F0:00:01:3D,2519,,215,1
52877,ack,11:66:F0:00:01:3D,,0,214,1
52884,send,11:66:F0:00:01:3D,2520,,215,1
52888,ack,11:66:F0:00:01:3D,,0,214,1
52894,send,11:66:F0:00:01:3D,2521,,215,1
52898,ack,11:66:F0:00:01:3D,,0,214,1
52903,send,11:66:F0:00:01:3D,2522,,215,1
52908,ack,11:66:F0:00:01:3D,,0,214,1
52912,send,11:66:F0:00:01:3D,2523,,215,1
52917,ack,11:66:F0:00:01:3D,,0,214,1
52921,send,11:66:F0:00:01:3D,2524,,215,1
52925,ack,11:66:F0:00:01:3D,,0,214,1
52928,send,11:66:F0:00:01:3D,2525,,215,1
52932,ack,11:66:F0:00:01:3D,,0,214,1
52937,send,11:66:F0:00:01:3D,2526,,215,1
52941,ack,11:66:F0:00:01:3D,,0,214,1
52945,send,11:66:F0:00:01:3D,2527,,215,1
52949,ack,11:66:F0:00:01:3D,,0,214,1
52954,send,11:66:F0:00:01:3D,2528,,215,1
52958,ack,11:66:F0:00:01:3D,,0,214,1
52962,send,11:66:F0:00:01:3D,2529,,215,1
52966,ack,11:66:F0:00:01:3D,,0,214,1
52971,send,11:66:F0:00:01:3D,2530,,215,1
52975,ack,11:66:F0:00:01:3D,,0,214,1
52980,send,11:66:F0:00:01:3D,2531,,215,1
52984,ack,11:66:F0:00:01:3D,,0,214,1
52989,send,11:66:F0:00:01:3D,2532,,215,1
52992,ack,11:66:F0:00:01:3D,,0,214,1
52998,send,11:66:F0:00:01:3D,2533,,215,1
53002,ack,11:66:F0:00:01:3D,,0,214,1
53006,send,11:66:F0:00:01:3D,2534,,215,1
53010,ack,11:66:F0:00:01:3D,,0,214,1
53015,send,11:66:F0:00:01:3D,2535,,215,1
53020,ack,11:66:F0:00:01:3D,,0,214,1
53024,send,11:66:F0:00:01:3D,2536,,215,1
53029,ack,11:66:F0:00:01:3D,,0,214,1
53033,send,11:66:F0:00:01:3D,2537,,215,1
53036,ack,11:66:F0:00:01:3D,,0,214,1
53042,send,11:66:F0:00:01:3D,2538,,215,1
53046,ack,11:66:F0:00:01:3D,,0,214,1
53051,send,11:66:F0:00:01:3D,2539,,215,1
53055,ack,11:66:F0:00:01:3D,,0,214,1
53060,send,11:66:F0:00:01:3D,2540,,215,1
53063,ack,11:66:F0:00:01:3D,,0,214,1
53070,send,11:66:F0:00:01:3D,2541,,215,1
53075,ack,11:66:F0:00:01:3D,,0,214,1
53079,send,11:66:F0:00:01:3D,2542,,215,1
53083,ack,11:66:F0:00:01:3D,,0,214,1
53087,send,11:66:F0:00:01:3D,2543,,215,1
53091,ack,11:66:F0:00:01:3D,,0,214,1
53095,send,11:66:F0:00:01:3D,2544,,215,1
53100,ack,11:66:F0:00:01:3D,,0,214,1
53103,send,11:66:F0:00:01:3D,2545,,215,1
53107,ack,11:66:F0:00:01:3D,,0,214,1
53113,send,11:66:F0:00:01:3D,2546,,215,1
53117,ack,11:66:F0:00:01:3D,,0,214,1
53122,send,11:66:F0:00:01:3D,2547,,215,1
53126,ack,11:66:F0:00:01:3D,,0,214,1
53131,send,11:66:F0:00:01:3D,2548,,215,1
53137,ack,11:66:F0:00:01:3D,,0,214,1
53142,send,11:66:F0:00:01:3D,2549,,215,1
53147,ack,11:66:F0:00:01:3D,,0,214,1
53151,send,11:66:F0:00:01:3D,2550,,215,1
53155,ack,11:66:F0:00:01:3D,,0,214,1
53159,send,11:66:F0:00:01:3D,2551,,215,1
53164,ack,11:66:F0:00:01:3D,,0,214,1
53170,send,11:66:F0:00:01:3D,2552,,215,1
53175,ack,11:66:F0:00:01:3D,,0,214,1
53179,send,11:66:F0:00:01:3D,2553,,215,1
53187,ack,11:66:F0:00:01:3D,,0,214,1
53191,send,11:66:F0:00:01:3D,2554,,215,1
53198,ack,11:66:F0:00:01:3D,,0,214,1
53204,send,11:66:F0:00:01:3D,2555,,215,1
53210,ack,11:66:F0:00:01:3D,,0,214,1
53213,send,11:66:F0:00:01:3D,2556,,215,1
53217,ack,11:66:F0:00:01:3D,,0,214,1
53223,send,11:66:F0:00:01:3D,2557,,215,1
53228,ack,11:66:F0:00:01:3D,,0,214,1
