elapsed_ms,event,address,seq,status,outstanding,devices
4,send,11:66:F0:00:01:3D,1,,1,2
11,send,BE:16:0A:00:3B:DA,1,,1,2
13,ack,11:66:F0:00:01:3D,,0,0,2
16,ack,BE:16:0A:00:3B:DA,,0,0,2
417,send,11:66:F0:00:01:3D,2,,1,2
427,send,BE:16:0A:00:3B:DA,2,,1,2
428,ack,11:66:F0:00:01:3D,,0,0,2
432,ack,BE:16:0A:00:3B:DA,,0,0,2
1432,send,11:66:F0:00:01:3D,3,,1,2
1439,send,BE:16:0A:00:3B:DA,3,,1,2
1440,ack,11:66:F0:00:01:3D,,0,0,2
1446,ack,BE:16:0A:00:3B:DA,,0,0,2
1566,send,11:66:F0:00:01:3D,4,,1,2
1574,send,BE:16:0A:00:3B:DA,4,,1,2
1576,ack,11:66:F0:00:01:3D,,0,0,2
1583,ack,BE:16:0A:00:3B:DA,,0,0,2
1864,send,11:66:F0:00:01:3D,5,,1,2
1873,send,BE:16:0A:00:3B:DA,5,,1,2
1875,ack,11:66:F0:00:01:3D,,0,0,2
1879,ack,BE:16:0A:00:3B:DA,,0,0,2
1999,send,11:66:F0:00:01:3D,6,,1,2
2005,send,BE:16:0A:00:3B:DA,6,,1,2
2007,ack,11:66:F0:00:01:3D,,0,0,2
2011,ack,BE:16:0A:00:3B:DA,,0,0,2
2293,send,11:66:F0:00:01:3D,7,,1,2
2301,send,BE:16:0A:00:3B:DA,7,,1,2
2304,ack,11:66:F0:00:01:3D,,0,0,2
2310,ack,BE:16:0A:00:3B:DA,,0,0,2
2432,send,11:66:F0:00:01:3D,8,,1,2
2441,send,BE:16:0A:00:3B:DA,8,,1,2
2441,ack,11:66:F0:00:01:3D,,0,0,2
2448,ack,BE:16:0A:00:3B:DA,,0,0,2
4229,send,11:66:F0:00:01:3D,9,,1,2
4236,send,BE:16:0A:00:3B:DA,9,,1,2
4236,ack,11:66:F0:00:01:3D,,0,0,2
4242,ack,BE:16:0A:00:3B:DA,,0,0,2
6242,send,11:66:F0:00:01:3D,10,,1,2
6251,send,BE:16:0A:00:3B:DA,10,,1,2
6252,ack,11:66:F0:00:01:3D,,0,0,2
6257,ack,BE:16:0A:00:3B:DA,,0,0,2
8257,send,11:66:F0:00:01:3D,11,,1,2
8264,send,BE:16:0A:00:3B:DA,11,,1,2
8264,ack,11:66:F0:00:01:3D,,0,0,2
8269,ack,BE:16:0A:00:3B:DA,,0,0,2
10271,send,11:66:F0:00:01:3D,12,,1,2
10281,send,BE:16:0A:00:3B:DA,12,,1,2
10282,ack,11:66:F0:00:01:3D,,0,0,2
10290,ack,BE:16:0A:00:3B:DA,,0,0,2
12287,send,11:66:F0:00:01:3D,13,,1,2
12294,ack,11:66:F0:00:01:3D,,0,0,2
12295,send,BE:16:0A:00:3B:DA,13,,1,2
12302,ack,BE:16:0A:00:3B:DA,,0,0,2
14301,send,11:66:F0:00:01:3D,14,,1,2
14308,send,BE:16:0A:00:3B:DA,14,,1,2
14310,ack,11:66:F0:00:01:3D,,0,0,2
14314,ack,BE:16:0A:00:3B:DA,,0,0,2
16314,send,11:66:F0:00:01:3D,15,,1,2
16321,ack,11:66:F0:00:01:3D,,0,0,2
16321,send,BE:16:0A:00:3B:DA,15,,1,2
16328,ack,BE:16:0A:00:3B:DA,,0,0,2
18327,send,11:66:F0:00:01:3D,16,,1,2
18335,send,BE:16:0A:00:3B:DA,16,,1,2
18336,ack,11:66:F0:00:01:3D,,0,0,2
18341,ack,BE:16:0A:00:3B:DA,,0,0,2
20340,send,11:66:F0:00:01:3D,17,,1,2
20348,send,BE:16:0A:00:3B:DA,17,,1,2
20349,ack,11:66:F0:00:01:3D,,0,0,2
20357,ack,BE:16:0A:00:3B:DA,,0,0,2
22357,send,11:66:F0:00:01:3D,18,,1,2
22366,send,BE:16:0A:00:3B:DA,18,,1,2
22368,ack,11:66:F0:00:01:3D,,0,0,2
22372,ack,BE:16:0A:00:3B:DA,,0,0,2
24371,send,11:66:F0:00:01:3D,19,,1,2
24380,send,BE:16:0A:00:3B:DA,19,,1,2
24381,ack,11:66:F0:00:01:3D,,0,0,2
24387,ack,BE:16:0A:00:3B:DA,,0,0,2
26388,send,11:66:F0:00:01:3D,20,,1,2
26397,send,BE:16:0A:00:3B:DA,20,,1,2
26398,ack,11:66:F0:00:01:3D,,0,0,2
26403,ack,BE:16:0A:00:3B:DA,,0,0,2
28405,send,11:66:F0:00:01:3D,21,,1,2
28413,send,BE:16:0A:00:3B:DA,21,,1,2
28416,ack,11:66:F0:00:01:3D,,0,0,2
28419,ack,BE:16:0A:00:3B:DA,,0,0,2
30418,send,11:66:F0:00:01:3D,22,,1,2
30425,send,BE:16:0A:00:3B:DA,22,,1,2
30427,ack,11:66:F0:00:01:3D,,0,0,2
30432,ack,BE:16:0A:00:3B:DA,,0,0,2
32433,send,11:66:F0:00:01:3D,23,,1,2
32439,send,BE:16:0A:00:3B:DA,23,,1,2
32440,ack,11:66:F0:00:01:3D,,0,0,2
32448,ack,BE:16:0A:00:3B:DA,,0,0,2
34459,send,11:66:F0:00:01:3D,24,,1,2
34465,send,BE:16:0A:00:3B:DA,24,,1,2
34466,ack,11:66:F0:00:01:3D,,0,0,2
34468,ack,BE:16:0A:00:3B:DA,,0,0,2
35669,send,11:66:F0:00:01:3D,25,,1,2
35680,send,BE:16:0A:00:3B:DA,25,,1,2
35681,ack,11:66:F0:00:01:3D,,0,0,2
35689,ack,BE:16:0A:00:3B:DA,,0,0,2
36892,send,11:66:F0:00:01:3D,26,,1,2
36896,send,BE:16:0A:00:3B:DA,26,,1,2
36898,ack,11:66:F0:00:01:3D,,0,0,2
36902,ack,BE:16:0A:00:3B:DA,,0,0,2
38101,send,11:66:F0:00:01:3D,27,,1,2
38108,send,BE:16:0A:00:3B:DA,27,,1,2
38110,ack,11:66:F0:00:01:3D,,0,0,2
38116,ack,BE:16:0A:00:3B:DA,,0,0,2
39314,send,11:66:F0:00:01:3D,28,,1,2
39321,send,BE:16:0A:00:3B:DA,28,,1,2
39322,ack,11:66:F0:00:01:3D,,0,0,2
39328,ack,BE:16:0A:00:3B:DA,,0,0,2
40529,send,11:66:F0:00:01:3D,29,,1,2
40533,send,BE:16:0A:00:3B:DA,29,,1,2
40533,ack,11:66:F0:00:01:3D,,0,0,2
40536,ack,BE:16:0A:00:3B:DA,,0,0,2
41737,send,11:66:F0:00:01:3D,30,,1,2
41746,send,BE:16:0A:00:3B:DA,30,,1,2
41748,ack,11:66:F0:00:01:3D,,0,0,2
41752,ack,BE:16:0A:00:3B:DA,,0,0,2
42954,send,11:66:F0:00:01:3D,31,,1,2
42964,send,BE:16:0A:00:3B:DA,31,,1,2
42965,ack,11:66:F0:00:01:3D,,0,0,2
42972,ack,BE:16:0A:00:3B:DA,,0,0,2
44174,send,11:66:F0:00:01:3D,32,,1,2
44183,send,BE:16:0A:00:3B:DA,32,,1,2
44185,ack,11:66:F0:00:01:3D,,0,0,2
44189,ack,BE:16:0A:00:3B:DA,,0,0,2
45390,send,11:66:F0:00:01:3D,33,,1,2
45396,send,BE:16:0A:00:3B:DA,33,,1,2
45399,ack,11:66:F0:00:01:3D,,0,0,2
45402,ack,BE:16:0A:00:3B:DA,,0,0,2
46605,send,11:66:F0:00:01:3D,34,,1,2
46614,send,BE:16:0A:00:3B:DA,34,,1,2
46616,ack,11:66:F0:00:01:3D,,0,0,2
46621,ack,BE:16:0A:00:3B:DA,,0,0,2
47822,send,11:66:F0:00:01:3D,35,,1,2
47832,send,BE:16:0A:00:3B:DA,35,,1,2
47833,ack,11:66:F0:00:01:3D,,0,0,2
47840,ack,BE:16:0A:00:3B:DA,,0,0,2
49040,send,11:66:F0:00:01:3D,36,,1,2
49048,send,BE:16:0A:00:3B:DA,36,,1,2
49048,ack,11:66:F0:00:01:3D,,0,0,2
49055,ack,BE:16:0A:00:3B:DA,,0,0,2
50254,send,11:66:F0:00:01:3D,37,,1,2
50263,send,BE:16:0A:00:3B:DA,37,,1,2
50265,ack,11:66:F0:00:01:3D,,0,0,2
50269,ack,BE:16:0A:00:3B:DA,,0,0,2
51469,send,11:66:F0:00:01:3D,38,,1,2
51475,send,BE:16:0A:00:3B:DA,38,,1,2
51476,ack,11:66:F0:00:01:3D,,0,0,2
51480,ack,BE:16:0A:00:3B:DA,,0,0,2
52681,send,11:66:F0:00:01:3D,39,,1,2
52689,send,BE:16:0A:00:3B:DA,39,,1,2
52690,ack,11:66:F0:00:01:3D,,0,0,2
52696,ack,BE:16:0A:00:3B:DA,,0,0,2
53696,send,11:66:F0:00:01:3D,40,,1,2
53703,ack,11:66:F0:00:01:3D,,0,0,2
53703,send,BE:16:0A:00:3B:DA,40,,1,2
53710,ack,BE:16:0A:00:3B:DA,,0,0,2
53830,send,11:66:F0:00:01:3D,41,,1,2
53837,send,BE:16:0A:00:3B:DA,41,,1,2
53840,ack,11:66:F0:00:01:3D,,0,0,2
53844,ack,BE:16:0A:00:3B:DA,,0,0,2
54124,send,11:66:F0:00:01:3D,42,,1,2
54131,send,BE:16:0A:00:3B:DA,42,,1,2
54135,ack,11:66:F0:00:01:3D,,0,0,2
54138,ack,BE:16:0A:00:3B:DA,,0,0,2
54256,send,11:66:F0:00:01:3D,43,,1,2
54263,ack,11:66:F0:00:01:3D,,0,0,2
54263,send,BE:16:0A:00:3B:DA,43,,1,2
54268,ack,BE:16:0A:00:3B:DA,,0,0,2
54552,send,11:66:F0:00:01:3D,44,,1,2
54558,ack,11:66:F0:00:01:3D,,0,0,2
54558,send,BE:16:0A:00:3B:DA,44,,1,2
54564,ack,BE:16:0A:00:3B:DA,,0,0,2
54688,send,11:66:F0:00:01:3D,45,,1,2
54695,send,BE:16:0A:00:3B:DA,45,,1,2
54696,ack,11:66:F0:00:01:3D,,0,0,2
54700,ack,BE:16:0A:00:3B:DA,,0,0,2
56482,send,11:66:F0:00:01:3D,46,,1,2
56491,send,BE:16:0A:00:3B:DA,46,,1,2
56493,ack,11:66:F0:00:01:3D,,0,0,2
56498,ack,BE:16:0A:00:3B:DA,,0,0,2
57996,send,11:66:F0:00:01:3D,47,,1,2
58001,send,BE:16:0A:00:3B:DA,47,,1,2
58003,ack,11:66:F0:00:01:3D,,0,0,2
58009,ack,BE:16:0A:00:3B:DA,,0,0,2
59508,send,11:66:F0:00:01:3D,48,,1,2
59515,send,BE:16:0A:00:3B:DA,48,,1,2
59518,ack,11:66:F0:00:01:3D,,0,0,2
59523,ack,BE:16:0A:00:3B:DA,,0,0,2
61024,send,11:66:F0:00:01:3D,49,,1,2
61031,send,BE:16:0A:00:3B:DA,49,,1,2
61032,ack,11:66:F0:00:01:3D,,0,0,2
61036,ack,BE:16:0A:00:3B:DA,,0,0,2
62542,send,11:66:F0:00:01:3D,50,,1,2
62547,send,BE:16:0A:00:3B:DA,50,,1,2
62547,ack,11:66:F0:00:01:3D,,0,0,2
62555,ack,BE:16:0A:00:3B:DA,,0,0,2
64053,send,11:66:F0:00:01:3D,51,,1,2
64059,send,BE:16:0A:00:3B:DA,51,,1,2
64060,ack,11:66:F0:00:01:3D,,0,0,2
64065,ack,BE:16:0A:00:3B:DA,,0,0,2
65565,send,11:66:F0:00:01:3D,52,,1,2
65570,send,BE:16:0A:00:3B:DA,52,,1,2
65570,ack,11:66:F0:00:01:3D,,0,0,2
65575,ack,BE:16:0A:00:3B:DA,,0,0,2
67076,send,11:66:F0:00:01:3D,53,,1,2
67082,send,BE:16:0A:00:3B:DA,53,,1,2
67083,ack,11:66:F0:00:01:3D,,0,0,2
67089,ack,BE:16:0A:00:3B:DA,,0,0,2
68591,send,11:66:F0:00:01:3D,54,,1,2
68601,send,BE:16:0A:00:3B:DA,54,,1,2
68602,ack,11:66:F0:00:01:3D,,0,0,2
68607,ack,BE:16:0A:00:3B:DA,,0,0,2
70109,send,11:66:F0:00:01:3D,55,,1,2
70119,send,BE:16:0A:00:3B:DA,55,,1,2
70122,ack,11:66:F0:00:01:3D,,0,0,2
70128,ack,BE:16:0A:00:3B:DA,,0,0,2
71627,send,11:66:F0:00:01:3D,56,,1,2
71636,send,BE:16:0A:00:3B:DA,56,,1,2
71638,ack,11:66:F0:00:01:3D,,0,0,2
71643,ack,BE:16:0A:00:3B:DA,,0,0,2
73146,send,11:66:F0:00:01:3D,57,,1,2
73155,send,BE:16:0A:00:3B:DA,57,,1,2
73155,ack,11:66:F0:00:01:3D,,0,0,2
73161,ack,BE:16:0A:00:3B:DA,,0,0,2
74662,send,11:66:F0:00:01:3D,58,,1,2
74669,send,BE:16:0A:00:3B:DA,58,,1,2
74670,ack,11:66:F0:00:01:3D,,0,0,2
74674,ack,BE:16:0A:00:3B:DA,,0,0,2
76174,send,11:66:F0:00:01:3D,59,,1,2
76183,send,BE:16:0A:00:3B:DA,59,,1,2
76183,ack,11:66:F0:00:01:3D,,0,0,2
76190,ack,BE:16:0A:00:3B:DA,,0,0,2
77692,send,11:66:F0:00:01:3D,60,,1,2
77701,send,BE:16:0A:00:3B:DA,60,,1,2
77702,ack,11:66:F0:00:01:3D,,0,0,2
77707,ack,BE:16:0A:00:3B:DA,,0,0,2
79208,send,11:66:F0:00:01:3D,61,,1,2
79216,ack,11:66:F0:00:01:3D,,0,0,2
79217,send,BE:16:0A:00:3B:DA,61,,1,2
79223,ack,BE:16:0A:00:3B:DA,,0,0,2
80721,send,11:66:F0:00:01:3D,62,,1,2
80728,send,BE:16:0A:00:3B:DA,62,,1,2
80728,ack,11:66:F0:00:01:3D,,0,0,2
80736,ack,BE:16:0A:00:3B:DA,,0,0,2
82235,send,11:66:F0:00:01:3D,63,,1,2
82243,send,BE:16:0A:00:3B:DA,63,,1,2
82243,ack,11:66:F0:00:01:3D,,0,0,2
82249,ack,BE:16:0A:00:3B:DA,,0,0,2
83752,send,11:66:F0:00:01:3D,64,,1,2
83760,ack,11:66:F0:00:01:3D,,0,0,2
83761,send,BE:16:0A:00:3B:DA,64,,1,2
83767,ack,BE:16:0A:00:3B:DA,,0,0,2
85267,send,11:66:F0:00:01:3D,65,,1,2
85276,ack,11:66:F0:00:01:3D,,0,0,2
85277,send,BE:16:0A:00:3B:DA,65,,1,2
85284,ack,BE:16:0A:00:3B:DA,,0,0,2
86785,send,11:66:F0:00:01:3D,66,,1,2
86793,send,BE:16:0A:00:3B:DA,66,,1,2
86795,ack,11:66:F0:00:01:3D,,0,0,2
86802,ack,BE:16:0A:00:3B:DA,,0,0,2
88303,send,11:66:F0:00:01:3D,67,,1,2
88312,send,BE:16:0A:00:3B:DA,67,,1,2
88313,ack,11:66:F0:00:01:3D,,0,0,2
88319,ack,BE:16:0A:00:3B:DA,,0,0,2
89821,send,11:66:F0:00:01:3D,68,,1,2
89832,send,BE:16:0A:00:3B:DA,68,,1,2
89832,ack,11:66:F0:00:01:3D,,0,0,2
89839,ack,BE:16:0A:00:3B:DA,,0,0,2
91339,send,11:66:F0:00:01:3D,69,,1,2
91346,send,BE:16:0A:00:3B:DA,69,,1,2
91348,ack,11:66:F0:00:01:3D,,0,0,2
91353,ack,BE:16:0A:00:3B:DA,,0,0,2
92854,send,11:66:F0:00:01:3D,70,,1,2
92863,send,BE:16:0A:00:3B:DA,70,,1,2
92863,ack,11:66:F0:00:01:3D,,0,0,2
92870,ack,BE:16:0A:00:3B:DA,,0,0,2
94372,send,11:66:F0:00:01:3D,71,,1,2
94379,send,BE:16:0A:00:3B:DA,71,,1,2
94381,ack,11:66:F0:00:01:3D,,0,0,2
94386,ack,BE:16:0A:00:3B:DA,,0,0,2
95886,send,11:66:F0:00:01:3D,72,,1,2
95897,send,BE:16:0A:00:3B:DA,72,,1,2
95898,ack,11:66:F0:00:01:3D,,0,0,2
95907,ack,BE:16:0A:00:3B:DA,,0,0,2
97408,send,11:66:F0:00:01:3D,73,,1,2
97418,send,BE:16:0A:00:3B:DA,73,,1,2
97419,ack,11:66:F0:00:01:3D,,0,0,2
97430,ack,BE:16:0A:00:3B:DA,,0,0,2
98929,send,11:66:F0:00:01:3D,74,,1,2
98939,send,BE:16:0A:00:3B:DA,74,,1,2
98941,ack,11:66:F0:00:01:3D,,0,0,2
98946,ack,BE:16:0A:00:3B:DA,,0,0,2
100445,send,11:66:F0:00:01:3D,75,,1,2
100452,send,BE:16:0A:00:3B:DA,75,,1,2
100454,ack,11:66:F0:00:01:3D,,0,0,2
100458,ack,BE:16:0A:00:3B:DA,,0,0,2
101959,send,11:66:F0:00:01:3D,76,,1,2
101968,send,BE:16:0A:00:3B:DA,76,,1,2
101969,ack,11:66:F0:00:01:3D,,0,0,2
101974,ack,BE:16:0A:00:3B:DA,,0,0,2
103475,send,11:66:F0:00:01:3D,77,,1,2
103484,send,BE:16:0A:00:3B:DA,77,,1,2
103486,ack,11:66:F0:00:01:3D,,0,0,2
103490,ack,BE:16:0A:00:3B:DA,,0,0,2
104989,send,11:66:F0:00:01:3D,78,,1,2
104996,send,BE:16:0A:00:3B:DA,78,,1,2
104996,ack,11:66:F0:00:01:3D,,0,0,2
105004,ack,BE:16:0A:00:3B:DA,,0,0,2
106502,send,11:66:F0:00:01:3D,79,,1,2
106510,send,BE:16:0A:00:3B:DA,79,,1,2
106510,ack,11:66:F0:00:01:3D,,0,0,2
106518,ack,BE:16:0A:00:3B:DA,,0,0,2
107517,send,11:66:F0:00:01:3D,80,,1,2
107523,send,BE:16:0A:00:3B:DA,80,,1,2
107525,ack,11:66:F0:00:01:3D,,0,0,2
107530,ack,BE:16:0A:00:3B:DA,,0,0,2
108531,send,11:66:F0:00:01:3D,81,,1,2
108540,send,BE:16:0A:00:3B:DA,81,,1,2
108541,ack,11:66:F0:00:01:3D,,0,0,2
108550,ack,BE:16:0A:00:3B:DA,,0,0,2
109549,send,11:66:F0:00:01:3D,82,,1,2
109558,send,BE:16:0A:00:3B:DA,82,,1,2
109561,ack,11:66:F0:00:01:3D,,0,0,2
109567,ack,BE:16:0A:00:3B:DA,,0,0,2
110568,send,11:66:F0:00:01:3D,83,,1,2
110577,send,BE:16:0A:00:3B:DA,83,,1,2
110577,ack,11:66:F0:00:01:3D,,0,0,2
110582,ack,BE:16:0A:00:3B:DA,,0,0,2
111583,send,11:66:F0:00:01:3D,84,,1,2
111590,send,BE:16:0A:00:3B:DA,84,,1,2
111592,ack,11:66:F0:00:01:3D,,0,0,2
111597,ack,BE:16:0A:00:3B:DA,,0,0,2
112597,send,11:66:F0:00:01:3D,85,,1,2
112605,send,BE:16:0A:00:3B:DA,85,,1,2
112606,ack,11:66:F0:00:01:3D,,0,0,2
112610,ack,BE:16:0A:00:3B:DA,,0,0,2
113611,send,11:66:F0:00:01:3D,86,,1,2
113617,send,BE:16:0A:00:3B:DA,86,,1,2
113619,ack,11:66:F0:00:01:3D,,0,0,2
113623,ack,BE:16:0A:00:3B:DA,,0,0,2
114623,send,11:66:F0:00:01:3D,87,,1,2
114631,send,BE:16:0A:00:3B:DA,87,,1,2
114632,ack,11:66:F0:00:01:3D,,0,0,2
114637,ack,BE:16:0A:00:3B:DA,,0,0,2
115636,send,11:66:F0:00:01:3D,88,,1,2
115643,ack,11:66:F0:00:01:3D,,0,0,2
115643,send,BE:16:0A:00:3B:DA,88,,1,2
115649,ack,BE:16:0A:00:3B:DA,,0,0,2
117161,send,11:66:F0:00:01:3D,89,,1,2
117166,send,BE:16:0A:00:3B:DA,89,,1,2
117166,ack,11:66:F0:00:01:3D,,0,0,2
117169,send,11:66:F0:00:01:3D,90,,1,2
117169,send,BE:16:0A:00:3B:DA,90,,2,2
117170,ack,BE:16:0A:00:3B:DA,,0,1,2
117227,ack,11:66:F0:00:01:3D,,0,0,2
117228,ack,BE:16:0A:00:3B:DA,,0,0,2
118672,send,11:66:F0:00:01:3D,91,,1,2
118680,send,BE:16:0A:00:3B:DA,91,,1,2
118681,ack,11:66:F0:00:01:3D,,0,0,2
118687,send,11:66:F0:00:01:3D,92,,1,2
118688,send,BE:16:0A:00:3B:DA,92,,2,2
118689,ack,BE:16:0A:00:3B:DA,,0,1,2
118742,ack,11:66:F0:00:01:3D,,0,0,2
118747,ack,BE:16:0A:00:3B:DA,,0,0,2
120194,send,11:66:F0:00:01:3D,93,,1,2
120202,send,BE:16:0A:00:3B:DA,93,,1,2
120204,ack,11:66:F0:00:01:3D,,0,0,2
120207,send,11:66:F0:00:01:3D,94,,1,2
120208,send,BE:16:0A:00:3B:DA,94,,2,2
120208,ack,BE:16:0A:00:3B:DA,,0,1,2
120267,ack,11:66:F0:00:01:3D,,0,0,2
120269,ack,BE:16:0A:00:3B:DA,,0,0,2
121711,send,11:66:F0:00:01:3D,95,,1,2
121720,send,BE:16:0A:00:3B:DA,95,,1,2
121721,ack,11:66:F0:00:01:3D,,0,0,2
121725,send,11:66:F0:00:01:3D,96,,1,2
121726,ack,BE:16:0A:00:3B:DA,,0,0,2
121726,send,BE:16:0A:00:3B:DA,96,,1,2
121780,ack,11:66:F0:00:01:3D,,0,0,2
121782,ack,BE:16:0A:00:3B:DA,,0,0,2
123229,send,11:66:F0:00:01:3D,97,,1,2
123236,send,BE:16:0A:00:3B:DA,97,,1,2
123237,ack,11:66:F0:00:01:3D,,0,0,2
123241,send,11:66:F0:00:01:3D,98,,1,2
123242,send,BE:16:0A:00:3B:DA,98,,2,2
123242,ack,BE:16:0A:00:3B:DA,,0,1,2
123302,ack,BE:16:0A:00:3B:DA,,0,0,2
123302,ack,11:66:F0:00:01:3D,,0,0,2
124744,send,11:66:F0:00:01:3D,99,,1,2
124753,send,BE:16:0A:00:3B:DA,99,,1,2
124754,ack,11:66:F0:00:01:3D,,0,0,2
124758,send,11:66:F0:00:01:3D,100,,1,2
124760,send,BE:16:0A:00:3B:DA,100,,2,2
124760,ack,BE:16:0A:00:3B:DA,,0,1,2
124814,ack,11:66:F0:00:01:3D,,0,0,2
124819,ack,BE:16:0A:00:3B:DA,,0,0,2
126261,send,11:66:F0:00:01:3D,101,,1,2
126269,send,BE:16:0A:00:3B:DA,101,,1,2
126270,ack,11:66:F0:00:01:3D,,0,0,2
126274,send,11:66:F0:00:01:3D,102,,1,2
126275,ack,BE:16:0A:00:3B:DA,,0,0,2
126275,send,BE:16:0A:00:3B:DA,102,,1,2
126330,ack,11:66:F0:00:01:3D,,0,0,2
126334,ack,BE:16:0A:00:3B:DA,,0,0,2
127776,send,11:66:F0:00:01:3D,103,,1,2
127784,send,BE:16:0A:00:3B:DA,103,,1,2
127787,ack,11:66:F0:00:01:3D,,0,0,2
127789,send,11:66:F0:00:01:3D,104,,1,2
127790,send,BE:16:0A:00:3B:DA,104,,2,2
127790,ack,BE:16:0A:00:3B:DA,,0,1,2
127846,ack,11:66:F0:00:01:3D,,0,0,2
127849,ack,BE:16:0A:00:3B:DA,,0,0,2
129293,send,11:66:F0:00:01:3D,105,,1,2
129298,send,BE:16:0A:00:3B:DA,105,,1,2
129300,ack,11:66:F0:00:01:3D,,0,0,2
129303,send,11:66:F0:00:01:3D,106,,1,2
129304,ack,BE:16:0A:00:3B:DA,,0,0,2
129304,send,BE:16:0A:00:3B:DA,106,,1,2
129358,ack,11:66:F0:00:01:3D,,0,0,2
129360,ack,BE:16:0A:00:3B:DA,,0,0,2
130806,send,11:66:F0:00:01:3D,107,,1,2
130811,send,BE:16:0A:00:3B:DA,107,,1,2
130814,ack,11:66:F0:00:01:3D,,0,0,2
130816,send,11:66:F0:00:01:3D,108,,1,2
130817,send,BE:16:0A:00:3B:DA,108,,2,2
130818,ack,BE:16:0A:00:3B:DA,,0,1,2
130872,ack,11:66:F0:00:01:3D,,0,0,2
130875,ack,BE:16:0A:00:3B:DA,,0,0,2
132318,send,11:66:F0:00:01:3D,109,,1,2
132327,send,BE:16:0A:00:3B:DA,109,,1,2
132328,ack,11:66:F0:00:01:3D,,0,0,2
132332,send,11:66:F0:00:01:3D,110,,1,2
132333,send,BE:16:0A:00:3B:DA,110,,2,2
132334,ack,BE:16:0A:00:3B:DA,,0,1,2
132390,ack,11:66:F0:00:01:3D,,0,0,2
132392,ack,BE:16:0A:00:3B:DA,,0,0,2
133837,send,11:66:F0:00:01:3D,111,,1,2
133843,send,BE:16:0A:00:3B:DA,111,,1,2
133844,ack,11:66:F0:00:01:3D,,0,0,2
133848,send,11:66:F0:00:01:3D,112,,1,2
133849,send,BE:16:0A:00:3B:DA,112,,2,2
133849,ack,BE:16:0A:00:3B:DA,,0,1,2
133906,ack,11:66:F0:00:01:3D,,0,0,2
133906,ack,BE:16:0A:00:3B:DA,,0,0,2
135350,send,11:66:F0:00:01:3D,113,,1,2
135359,send,BE:16:0A:00:3B:DA,113,,1,2
135360,ack,11:66:F0:00:01:3D,,0,0,2
135365,send,11:66:F0:00:01:3D,114,,1,2
135366,send,BE:16:0A:00:3B:DA,114,,2,2
135368,ack,BE:16:0A:00:3B:DA,,0,1,2
135418,ack,11:66:F0:00:01:3D,,0,0,2
135426,ack,BE:16:0A:00:3B:DA,,0,0,2
136869,send,11:66:F0:00:01:3D,115,,1,2
136878,send,BE:16:0A:00:3B:DA,115,,1,2
136880,ack,11:66:F0:00:01:3D,,0,0,2
136885,send,11:66:F0:00:01:3D,116,,1,2
136887,ack,BE:16:0A:00:3B:DA,,0,0,2
136889,send,BE:16:0A:00:3B:DA,116,,1,2
136947,ack,11:66:F0:00:01:3D,,0,0,2
136949,ack,BE:16:0A:00:3B:DA,,0,0,2
138391,send,11:66:F0:00:01:3D,117,,1,2
138397,send,BE:16:0A:00:3B:DA,117,,1,2
138398,ack,11:66:F0:00:01:3D,,0,0,2
138401,send,11:66:F0:00:01:3D,118,,1,2
138402,send,BE:16:0A:00:3B:DA,118,,2,2
138403,ack,BE:16:0A:00:3B:DA,,0,1,2
138456,ack,11:66:F0:00:01:3D,,0,0,2
138460,ack,BE:16:0A:00:3B:DA,,0,0,2
139904,send,11:66:F0:00:01:3D,119,,1,2
139912,send,BE:16:0A:00:3B:DA,119,,1,2
139913,ack,11:66:F0:00:01:3D,,0,0,2
139917,send,11:66:F0:00:01:3D,120,,1,2
139918,send,BE:16:0A:00:3B:DA,120,,2,2
139919,ack,BE:16:0A:00:3B:DA,,0,1,2
139975,ack,11:66:F0:00:01:3D,,0,0,2
139980,ack,BE:16:0A:00:3B:DA,,0,0,2
141421,send,11:66:F0:00:01:3D,121,,1,2
141431,send,BE:16:0A:00:3B:DA,121,,1,2
141432,ack,11:66:F0:00:01:3D,,0,0,2
141437,send,11:66:F0:00:01:3D,122,,1,2
141438,send,BE:16:0A:00:3B:DA,122,,2,2
141439,ack,BE:16:0A:00:3B:DA,,0,1,2
141491,ack,11:66:F0:00:01:3D,,0,0,2
141498,ack,BE:16:0A:00:3B:DA,,0,0,2
142940,send,11:66:F0:00:01:3D,123,,1,2
142949,send,BE:16:0A:00:3B:DA,123,,1,2
142951,ack,11:66:F0:00:01:3D,,0,0,2
142955,send,11:66:F0:00:01:3D,124,,1,2
142956,send,BE:16:0A:00:3B:DA,124,,2,2
142956,ack,BE:16:0A:00:3B:DA,,0,1,2
143013,ack,11:66:F0:00:01:3D,,0,0,2
143015,ack,BE:16:0A:00:3B:DA,,0,0,2
144459,send,11:66:F0:00:01:3D,125,,1,2
144467,ack,11:66:F0:00:01:3D,,0,0,2
144468,send,BE:16:0A:00:3B:DA,125,,1,2
144473,send,11:66:F0:00:01:3D,126,,1,2
144473,ack,BE:16:0A:00:3B:DA,,0,0,2
144474,send,BE:16:0A:00:3B:DA,126,,1,2
144528,ack,11:66:F0:00:01:3D,,0,0,2
144532,ack,BE:16:0A:00:3B:DA,,0,0,2
145975,send,11:66:F0:00:01:3D,127,,1,2
145983,send,BE:16:0A:00:3B:DA,127,,1,2
145985,ack,11:66:F0:00:01:3D,,0,0,2
145989,send,11:66:F0:00:01:3D,128,,1,2
145990,send,BE:16:0A:00:3B:DA,128,,2,2
145991,ack,BE:16:0A:00:3B:DA,,0,1,2
146046,ack,11:66:F0:00:01:3D,,0,0,2
146048,ack,BE:16:0A:00:3B:DA,,0,0,2
147494,send,11:66:F0:00:01:3D,129,,1,2
147503,send,BE:16:0A:00:3B:DA,129,,1,2
147504,ack,11:66:F0:00:01:3D,,0,0,2
147509,send,11:66:F0:00:01:3D,130,,1,2
147510,send,BE:16:0A:00:3B:DA,130,,2,2
147510,ack,BE:16:0A:00:3B:DA,,0,1,2
147567,ack,11:66:F0:00:01:3D,,0,0,2
147569,ack,BE:16:0A:00:3B:DA,,0,0,2
148512,send,11:66:F0:00:01:3D,131,,1,2
148521,send,BE:16:0A:00:3B:DA,131,,1,2
148522,ack,11:66:F0:00:01:3D,,0,0,2
148528,ack,BE:16:0A:00:3B:DA,,0,0,2
148647,send,11:66:F0:00:01:3D,132,,1,2
148657,send,BE:16:0A:00:3B:DA,132,,1,2
148658,ack,11:66:F0:00:01:3D,,0,0,2
148663,ack,BE:16:0A:00:3B:DA,,0,0,2
148943,send,11:66:F0:00:01:3D,133,,1,2
148949,send,BE:16:0A:00:3B:DA,133,,1,2
148949,ack,11:66:F0:00:01:3D,,0,0,2
148955,ack,BE:16:0A:00:3B:DA,,0,0,2
149077,send,11:66:F0:00:01:3D,134,,1,2
149084,send,BE:16:0A:00:3B:DA,134,,1,2
149085,ack,11:66:F0:00:01:3D,,0,0,2
149091,ack,BE:16:0A:00:3B:DA,,0,0,2
149371,send,11:66:F0:00:01:3D,135,,1,2
149379,ack,11:66:F0:00:01:3D,,0,0,2
149379,send,BE:16:0A:00:3B:DA,135,,1,2
149385,ack,BE:16:0A:00:3B:DA,,0,0,2
149504,send,11:66:F0:00:01:3D,136,,1,2
149509,send,BE:16:0A:00:3B:DA,136,,1,2
149510,ack,11:66:F0:00:01:3D,,0,0,2
149515,ack,BE:16:0A:00:3B:DA,,0,0,2
151298,send,11:66:F0:00:01:3D,137,,1,2
151308,send,BE:16:0A:00:3B:DA,137,,1,2
151310,ack,11:66:F0:00:01:3D,,0,0,2
151315,ack,BE:16:0A:00:3B:DA,,0,0,2
152814,send,11:66:F0:00:01:3D,138,,1,2
152822,send,BE:16:0A:00:3B:DA,138,,1,2
152823,ack,11:66:F0:00:01:3D,,0,0,2
152828,ack,BE:16:0A:00:3B:DA,,0,0,2
154330,send,11:66:F0:00:01:3D,139,,1,2
154340,send,BE:16:0A:00:3B:DA,139,,1,2
154340,ack,11:66:F0:00:01:3D,,0,0,2
154345,ack,BE:16:0A:00:3B:DA,,0,0,2
155846,send,11:66:F0:00:01:3D,140,,1,2
155854,send,BE:16:0A:00:3B:DA,140,,1,2
155855,ack,11:66:F0:00:01:3D,,0,0,2
155862,ack,BE:16:0A:00:3B:DA,,0,0,2
157363,send,11:66:F0:00:01:3D,141,,1,2
157369,send,BE:16:0A:00:3B:DA,141,,1,2
157369,ack,11:66:F0:00:01:3D,,0,0,2
157374,ack,BE:16:0A:00:3B:DA,,0,0,2
158874,send,11:66:F0:00:01:3D,142,,1,2
158881,send,BE:16:0A:00:3B:DA,142,,1,2
158882,ack,11:66:F0:00:01:3D,,0,0,2
158887,ack,BE:16:0A:00:3B:DA,,0,0,2
160386,send,11:66:F0:00:01:3D,143,,1,2
160396,send,BE:16:0A:00:3B:DA,143,,1,2
160396,ack,11:66:F0:00:01:3D,,0,0,2
160406,ack,BE:16:0A:00:3B:DA,,0,0,2
161904,send,11:66:F0:00:01:3D,144,,1,2
161909,send,BE:16:0A:00:3B:DA,144,,1,2
161909,ack,11:66:F0:00:01:3D,,0,0,2
161913,ack,BE:16:0A:00:3B:DA,,0,0,2
163413,send,11:66:F0:00:01:3D,145,,1,2
163422,ack,11:66:F0:00:01:3D,,0,0,2
163422,send,BE:16:0A:00:3B:DA,145,,1,2
163431,ack,BE:16:0A:00:3B:DA,,0,0,2
164930,send,11:66:F0:00:01:3D,146,,1,2
164939,send,BE:16:0A:00:3B:DA,146,,1,2
164942,ack,11:66:F0:00:01:3D,,0,0,2
164948,ack,BE:16:0A:00:3B:DA,,0,0,2
166448,send,11:66:F0:00:01:3D,147,,1,2
166456,send,BE:16:0A:00:3B:DA,147,,1,2
166459,ack,11:66:F0:00:01:3D,,0,0,2
166465,ack,BE:16:0A:00:3B:DA,,0,0,2
167968,send,11:66:F0:00:01:3D,148,,1,2
167976,send,BE:16:0A:00:3B:DA,148,,1,2
167977,ack,11:66:F0:00:01:3D,,0,0,2
167982,ack,BE:16:0A:00:3B:DA,,0,0,2
169484,send,11:66:F0:00:01:3D,149,,1,2
169492,send,BE:16:0A:00:3B:DA,149,,1,2
169493,ack,11:66:F0:00:01:3D,,0,0,2
169501,ack,BE:16:0A:00:3B:DA,,0,0,2
171002,send,11:66:F0:00:01:3D,150,,1,2
171009,send,BE:16:0A:00:3B:DA,150,,1,2
171009,ack,11:66:F0:00:01:3D,,0,0,2
171014,ack,BE:16:0A:00:3B:DA,,0,0,2
172515,send,11:66:F0:00:01:3D,151,,1,2
172521,ack,11:66:F0:00:01:3D,,0,0,2
172521,send,BE:16:0A:00:3B:DA,151,,1,2
172527,ack,BE:16:0A:00:3B:DA,,0,0,2
174027,send,11:66:F0:00:01:3D,152,,1,2
174032,send,BE:16:0A:00:3B:DA,152,,1,2
174033,ack,11:66:F0:00:01:3D,,0,0,2
174037,ack,BE:16:0A:00:3B:DA,,0,0,2
175536,send,11:66:F0:00:01:3D,153,,1,2
175542,send,BE:16:0A:00:3B:DA,153,,1,2
175544,ack,11:66:F0:00:01:3D,,0,0,2
175548,ack,BE:16:0A:00:3B:DA,,0,0,2
177049,send,11:66:F0:00:01:3D,154,,1,2
177057,send,BE:16:0A:00:3B:DA,154,,1,2
177059,ack,11:66:F0:00:01:3D,,0,0,2
177064,ack,BE:16:0A:00:3B:DA,,0,0,2
178565,send,11:66:F0:00:01:3D,155,,1,2
178573,send,BE:16:0A:00:3B:DA,155,,1,2
178573,ack,11:66:F0:00:01:3D,,0,0,2
178578,ack,BE:16:0A:00:3B:DA,,0,0,2
180078,send,11:66:F0:00:01:3D,156,,1,2
180087,send,BE:16:0A:00:3B:DA,156,,1,2
180089,ack,11:66:F0:00:01:3D,,0,0,2
180093,ack,BE:16:0A:00:3B:DA,,0,0,2
181595,send,11:66:F0:00:01:3D,157,,1,2
181604,send,BE:16:0A:00:3B:DA,157,,1,2
181605,ack,11:66:F0:00:01:3D,,0,0,2
181611,ack,BE:16:0A:00:3B:DA,,0,0,2
183111,send,11:66:F0:00:01:3D,158,,1,2
183117,send,BE:16:0A:00:3B:DA,158,,1,2
183117,ack,11:66:F0:00:01:3D,,0,0,2
183122,ack,BE:16:0A:00:3B:DA,,0,0,2
184623,send,11:66:F0:00:01:3D,159,,1,2
184625,send,BE:16:0A:00:3B:DA,159,,1,2
184627,ack,11:66:F0:00:01:3D,,0,0,2
184629,ack,BE:16:0A:00:3B:DA,,0,0,2
186129,send,11:66:F0:00:01:3D,160,,1,2
186136,send,BE:16:0A:00:3B:DA,160,,1,2
186137,ack,11:66:F0:00:01:3D,,0,0,2
186145,ack,BE:16:0A:00:3B:DA,,0,0,2
187644,send,11:66:F0:00:01:3D,161,,1,2
187652,send,BE:16:0A:00:3B:DA,161,,1,2
187654,ack,11:66:F0:00:01:3D,,0,0,2
187659,ack,BE:16:0A:00:3B:DA,,0,0,2
189160,send,11:66:F0:00:01:3D,162,,1,2
189170,send,BE:16:0A:00:3B:DA,162,,1,2
189171,ack,11:66:F0:00:01:3D,,0,0,2
189176,ack,BE:16:0A:00:3B:DA,,0,0,2
190675,send,11:66:F0:00:01:3D,163,,1,2
190684,send,BE:16:0A:00:3B:DA,163,,1,2
190685,ack,11:66:F0:00:01:3D,,0,0,2
190689,ack,BE:16:0A:00:3B:DA,,0,0,2
192191,send,11:66:F0:00:01:3D,164,,1,2
192199,send,BE:16:0A:00:3B:DA,164,,1,2
192201,ack,11:66:F0:00:01:3D,,0,0,2
192206,ack,BE:16:0A:00:3B:DA,,0,0,2
193705,send,11:66:F0:00:01:3D,165,,1,2
193709,send,BE:16:0A:00:3B:DA,165,,1,2
193710,ack,11:66:F0:00:01:3D,,0,0,2
193714,ack,BE:16:0A:00:3B:DA,,0,0,2
195215,send,11:66:F0:00:01:3D,166,,1,2
195222,send,BE:16:0A:00:3B:DA,166,,1,2
195223,ack,11:66:F0:00:01:3D,,0,0,2
195229,ack,BE:16:0A:00:3B:DA,,0,0,2
196729,send,11:66:F0:00:01:3D,167,,1,2
196739,ack,11:66:F0:00:01:3D,,0,0,2
196739,send,BE:16:0A:00:3B:DA,167,,1,2
196745,ack,BE:16:0A:00:3B:DA,,0,0,2
198246,send,11:66:F0:00:01:3D,168,,1,2
198255,send,BE:16:0A:00:3B:DA,168,,1,2
198256,ack,11:66:F0:00:01:3D,,0,0,2
198262,ack,BE:16:0A:00:3B:DA,,0,0,2
199762,send,11:66:F0:00:01:3D,169,,1,2
199771,send,BE:16:0A:00:3B:DA,169,,1,2
199774,ack,11:66:F0:00:01:3D,,0,0,2
199778,ack,BE:16:0A:00:3B:DA,,0,0,2
201277,send,11:66:F0:00:01:3D,170,,1,2
201284,send,BE:16:0A:00:3B:DA,170,,1,2
201284,ack,11:66:F0:00:01:3D,,0,0,2
201289,ack,BE:16:0A:00:3B:DA,,0,0,2
202790,send,11:66:F0:00:01:3D,171,,1,2
202797,send,BE:16:0A:00:3B:DA,171,,1,2
202800,ack,11:66:F0:00:01:3D,,0,0,2
202805,ack,BE:16:0A:00:3B:DA,,0,0,2
204306,send,11:66:F0:00:01:3D,172,,1,2
204316,send,BE:16:0A:00:3B:DA,172,,1,2
204319,ack,11:66:F0:00:01:3D,,0,0,2
204324,ack,BE:16:0A:00:3B:DA,,0,0,2
205824,send,11:66:F0:00:01:3D,173,,1,2
205829,send,BE:16:0A:00:3B:DA,173,,1,2
205830,ack,11:66:F0:00:01:3D,,0,0,2
205833,ack,BE:16:0A:00:3B:DA,,0,0,2
207334,send,11:66:F0:00:01:3D,174,,1,2
207342,send,BE:16:0A:00:3B:DA,174,,1,2
207344,ack,11:66:F0:00:01:3D,,0,0,2
207350,ack,BE:16:0A:00:3B:DA,,0,0,2
208349,send,11:66:F0:00:01:3D,175,,1,2
208359,send,BE:16:0A:00:3B:DA,175,,1,2
208361,ack,11:66:F0:00:01:3D,,0,0,2
208368,ack,BE:16:0A:00:3B:DA,,0,0,2
208490,send,11:66:F0:00:01:3D,176,,1,2
208496,send,BE:16:0A:00:3B:DA,176,,1,2
208498,ack,11:66:F0:00:01:3D,,0,0,2
208504,ack,BE:16:0A:00:3B:DA,,0,0,2
208786,send,11:66:F0:00:01:3D,177,,1,2
208794,send,BE:16:0A:00:3B:DA,177,,1,2
208796,ack,11:66:F0:00:01:3D,,0,0,2
208801,ack,BE:16:0A:00:3B:DA,,0,0,2
208919,send,11:66:F0:00:01:3D,178,,1,2
208925,send,BE:16:0A:00:3B:DA,178,,1,2
208925,ack,11:66:F0:00:01:3D,,0,0,2
208931,ack,BE:16:0A:00:3B:DA,,0,0,2
209212,send,11:66:F0:00:01:3D,179,,1,2
209221,send,BE:16:0A:00:3B:DA,179,,1,2
209223,ack,11:66:F0:00:01:3D,,0,0,2
209228,ack,BE:16:0A:00:3B:DA,,0,0,2
209347,send,11:66:F0:00:01:3D,180,,1,2
209355,send,BE:16:0A:00:3B:DA,180,,1,2
209356,ack,11:66:F0:00:01:3D,,0,0,2
209361,ack,BE:16:0A:00:3B:DA,,0,0,2
211144,send,11:66:F0:00:01:3D,181,,1,2
211151,send,BE:16:0A:00:3B:DA,181,,1,2
211152,ack,11:66:F0:00:01:3D,,0,0,2
211157,ack,BE:16:0A:00:3B:DA,,0,0,2
211757,send,11:66:F0:00:01:3D,182,,1,2
211763,send,BE:16:0A:00:3B:DA,182,,1,2
211763,ack,11:66:F0:00:01:3D,,0,0,2
211770,ack,BE:16:0A:00:3B:DA,,0,0,2
213271,send,11:66:F0:00:01:3D,183,,1,2
213280,ack,11:66:F0:00:01:3D,,0,0,2
213280,send,BE:16:0A:00:3B:DA,183,,1,2
213286,ack,BE:16:0A:00:3B:DA,,0,0,2
214787,send,11:66:F0:00:01:3D,184,,1,2
214794,send,BE:16:0A:00:3B:DA,184,,1,2
214796,ack,11:66:F0:00:01:3D,,0,0,2
214800,ack,BE:16:0A:00:3B:DA,,0,0,2
216299,send,11:66:F0:00:01:3D,185,,1,2
216306,send,BE:16:0A:00:3B:DA,185,,1,2
216308,ack,11:66:F0:00:01:3D,,0,0,2
216313,ack,BE:16:0A:00:3B:DA,,0,0,2
217814,send,11:66:F0:00:01:3D,186,,1,2
217823,ack,11:66:F0:00:01:3D,,0,0,2
217823,send,BE:16:0A:00:3B:DA,186,,1,2
217828,ack,BE:16:0A:00:3B:DA,,0,0,2
219328,send,11:66:F0:00:01:3D,187,,1,2
219337,send,BE:16:0A:00:3B:DA,187,,1,2
219339,ack,11:66:F0:00:01:3D,,0,0,2
219344,ack,BE:16:0A:00:3B:DA,,0,0,2
219945,send,11:66:F0:00:01:3D,188,,1,2
219952,send,BE:16:0A:00:3B:DA,188,,1,2
219954,ack,11:66:F0:00:01:3D,,0,0,2
219959,ack,BE:16:0A:00:3B:DA,,0,0,2
221460,send,11:66:F0:00:01:3D,189,,1,2
221468,send,BE:16:0A:00:3B:DA,189,,1,2
221470,ack,11:66:F0:00:01:3D,,0,0,2
221475,ack,BE:16:0A:00:3B:DA,,0,0,2
222976,send,11:66:F0:00:01:3D,190,,1,2
222984,send,BE:16:0A:00:3B:DA,190,,1,2
222986,ack,11:66:F0:00:01:3D,,0,0,2
222991,ack,BE:16:0A:00:3B:DA,,0,0,2
224491,send,11:66:F0:00:01:3D,191,,1,2
224497,send,BE:16:0A:00:3B:DA,191,,1,2
224501,ack,11:66:F0:00:01:3D,,0,0,2
224504,ack,BE:16:0A:00:3B:DA,,0,0,2
226004,send,11:66:F0:00:01:3D,192,,1,2
226013,send,BE:16:0A:00:3B:DA,192,,1,2
226013,ack,11:66:F0:00:01:3D,,0,0,2
226022,ack,BE:16:0A:00:3B:DA,,0,0,2
227521,send,11:66:F0:00:01:3D,193,,1,2
227530,send,BE:16:0A:00:3B:DA,193,,1,2
227532,ack,11:66:F0:00:01:3D,,0,0,2
227539,ack,BE:16:0A:00:3B:DA,,0,0,2
228138,send,11:66:F0:00:01:3D,194,,1,2
228145,send,BE:16:0A:00:3B:DA,194,,1,2
228145,ack,11:66:F0:00:01:3D,,0,0,2
228149,ack,BE:16:0A:00:3B:DA,,0,0,2
229653,send,11:66:F0:00:01:3D,195,,1,2
229664,send,BE:16:0A:00:3B:DA,195,,1,2
229667,ack,11:66:F0:00:01:3D,,0,0,2
229671,ack,BE:16:0A:00:3B:DA,,0,0,2
231171,send,11:66:F0:00:01:3D,196,,1,2
231179,send,BE:16:0A:00:3B:DA,196,,1,2
231180,ack,11:66:F0:00:01:3D,,0,0,2
231186,ack,BE:16:0A:00:3B:DA,,0,0,2
232687,send,11:66:F0:00:01:3D,197,,1,2
232694,send,BE:16:0A:00:3B:DA,197,,1,2
232694,ack,11:66:F0:00:01:3D,,0,0,2
232701,ack,BE:16:0A:00:3B:DA,,0,0,2
234201,send,11:66:F0:00:01:3D,198,,1,2
234207,send,BE:16:0A:00:3B:DA,198,,1,2
234209,ack,11:66:F0:00:01:3D,,0,0,2
234217,ack,BE:16:0A:00:3B:DA,,0,0,2
235715,send,11:66:F0:00:01:3D,199,,1,2
235723,send,BE:16:0A:00:3B:DA,199,,1,2
235726,ack,11:66:F0:00:01:3D,,0,0,2
235732,ack,BE:16:0A:00:3B:DA,,0,0,2
236333,send,11:66:F0:00:01:3D,200,,1,2
236342,send,BE:16:0A:00:3B:DA,200,,1,2
236343,ack,11:66:F0:00:01:3D,,0,0,2
236348,ack,BE:16:0A:00:3B:DA,,0,0,2
237848,send,11:66:F0:00:01:3D,201,,1,2
237856,send,BE:16:0A:00:3B:DA,201,,1,2
237856,ack,11:66:F0:00:01:3D,,0,0,2
237863,ack,BE:16:0A:00:3B:DA,,0,0,2
239363,send,11:66:F0:00:01:3D,202,,1,2
239370,send,BE:16:0A:00:3B:DA,202,,1,2
239371,ack,11:66:F0:00:01:3D,,0,0,2
239376,ack,BE:16:0A:00:3B:DA,,0,0,2
240879,send,11:66:F0:00:01:3D,203,,1,2
240888,send,BE:16:0A:00:3B:DA,203,,1,2
240890,ack,11:66:F0:00:01:3D,,0,0,2
240893,ack,BE:16:0A:00:3B:DA,,0,0,2
242396,send,11:66:F0:00:01:3D,204,,1,2
242404,send,BE:16:0A:00:3B:DA,204,,1,2
242407,ack,11:66:F0:00:01:3D,,0,0,2
242413,ack,BE:16:0A:00:3B:DA,,0,0,2
243912,send,11:66:F0:00:01:3D,205,,1,2
243921,send,BE:16:0A:00:3B:DA,205,,1,2
243922,ack,11:66:F0:00:01:3D,,0,0,2
243927,ack,BE:16:0A:00:3B:DA,,0,0,2
244531,send,11:66:F0:00:01:3D,206,,1,2
244539,send,BE:16:0A:00:3B:DA,206,,1,2
244541,ack,11:66:F0:00:01:3D,,0,0,2
244546,ack,BE:16:0A:00:3B:DA,,0,0,2
246045,send,11:66:F0:00:01:3D,207,,1,2
246054,ack,11:66:F0:00:01:3D,,0,0,2
246054,send,BE:16:0A:00:3B:DA,207,,1,2
246060,ack,BE:16:0A:00:3B:DA,,0,0,2
247559,send,11:66:F0:00:01:3D,208,,1,2
247562,send,BE:16:0A:00:3B:DA,208,,1,2
247563,ack,BE:16:0A:00:3B:DA,,0,0,2
247564,ack,11:66:F0:00:01:3D,,0,0,2
249065,send,11:66:F0:00:01:3D,209,,1,2
249073,ack,11:66:F0:00:01:3D,,0,0,2
249073,send,BE:16:0A:00:3B:DA,209,,1,2
249080,ack,BE:16:0A:00:3B:DA,,0,0,2
250583,send,11:66:F0:00:01:3D,210,,1,2
250586,send,BE:16:0A:00:3B:DA,210,,1,2
250587,ack,11:66:F0:00:01:3D,,0,0,2
250590,ack,BE:16:0A:00:3B:DA,,0,0,2
252090,send,11:66:F0:00:01:3D,211,,1,2
252098,send,BE:16:0A:00:3B:DA,211,,1,2
252098,ack,11:66:F0:00:01:3D,,0,0,2
252104,ack,BE:16:0A:00:3B:DA,,0,0,2
252506,send,11:66:F0:00:01:3D,212,,1,2
252512,send,BE:16:0A:00:3B:DA,212,,1,2
252515,ack,11:66:F0:00:01:3D,,0,0,2
252519,ack,BE:16:0A:00:3B:DA,,0,0,2
253519,send,11:66:F0:00:01:3D,213,,1,2
253526,send,BE:16:0A:00:3B:DA,213,,1,2
253526,ack,11:66:F0:00:01:3D,,0,0,2
253533,ack,BE:16:0A:00:3B:DA,,0,0,2
253653,send,11:66:F0:00:01:3D,214,,1,2
253656,send,BE:16:0A:00:3B:DA,214,,1,2
253662,ack,11:66:F0:00:01:3D,,0,0,2
253663,ack,BE:16:0A:00:3B:DA,,0,0,2
253941,send,11:66:F0:00:01:3D,215,,1,2
253949,send,BE:16:0A:00:3B:DA,215,,1,2
253951,ack,11:66:F0:00:01:3D,,0,0,2
253954,ack,BE:16:0A:00:3B:DA,,0,0,2
254074,send,11:66:F0:00:01:3D,216,,1,2
254081,send,BE:16:0A:00:3B:DA,216,,1,2
254082,ack,11:66:F0:00:01:3D,,0,0,2
254088,ack,BE:16:0A:00:3B:DA,,0,0,2
254368,send,11:66:F0:00:01:3D,217,,1,2
254375,send,BE:16:0A:00:3B:DA,217,,1,2
254378,ack,11:66:F0:00:01:3D,,0,0,2
254380,ack,BE:16:0A:00:3B:DA,,0,0,2
254500,send,11:66:F0:00:01:3D,218,,1,2
254507,send,BE:16:0A:00:3B:DA,218,,1,2
254507,ack,11:66:F0:00:01:3D,,0,0,2
254514,ack,BE:16:0A:00:3B:DA,,0,0,2
256297,send,11:66:F0:00:01:3D,219,,1,2
256304,send,BE:16:0A:00:3B:DA,219,,1,2
256305,ack,11:66:F0:00:01:3D,,0,0,2
256310,ack,BE:16:0A:00:3B:DA,,0,0,2
257110,send,11:66:F0:00:01:3D,220,,1,2
257119,send,BE:16:0A:00:3B:DA,220,,1,2
257120,ack,11:66:F0:00:01:3D,,0,0,2
257126,ack,BE:16:0A:00:3B:DA,,0,0,2
258626,send,11:66:F0:00:01:3D,221,,1,2
258630,send,BE:16:0A:00:3B:DA,221,,1,2
258632,ack,11:66:F0:00:01:3D,,0,0,2
258634,ack,BE:16:0A:00:3B:DA,,0,0,2
260135,send,11:66:F0:00:01:3D,222,,1,2
260142,send,BE:16:0A:00:3B:DA,222,,1,2
260143,ack,11:66:F0:00:01:3D,,0,0,2
260149,ack,BE:16:0A:00:3B:DA,,0,0,2
261649,send,11:66:F0:00:01:3D,223,,1,2
261654,send,BE:16:0A:00:3B:DA,223,,1,2
261656,ack,11:66:F0:00:01:3D,,0,0,2
261661,ack,BE:16:0A:00:3B:DA,,0,0,2
263161,send,11:66:F0:00:01:3D,224,,1,2
263169,send,BE:16:0A:00:3B:DA,224,,1,2
263171,ack,11:66:F0:00:01:3D,,0,0,2
263174,ack,BE:16:0A:00:3B:DA,,0,0,2
264675,send,11:66:F0:00:01:3D,225,,1,2
264680,send,BE:16:0A:00:3B:DA,225,,1,2
264682,ack,11:66:F0:00:01:3D,,0,0,2
264686,ack,BE:16:0A:00:3B:DA,,0,0,2
266190,send,11:66:F0:00:01:3D,226,,1,2
266195,send,BE:16:0A:00:3B:DA,226,,1,2
266196,ack,11:66:F0:00:01:3D,,0,0,2
266201,ack,BE:16:0A:00:3B:DA,,0,0,2
267701,send,11:66:F0:00:01:3D,227,,1,2
267708,send,BE:16:0A:00:3B:DA,227,,1,2
267710,ack,11:66:F0:00:01:3D,,0,0,2
267716,ack,BE:16:0A:00:3B:DA,,0,0,2
269214,send,11:66:F0:00:01:3D,228,,1,2
269222,send,BE:16:0A:00:3B:DA,228,,1,2
269224,ack,11:66:F0:00:01:3D,,0,0,2
269230,ack,BE:16:0A:00:3B:DA,,0,0,2
270732,send,11:66:F0:00:01:3D,229,,1,2
270742,send,BE:16:0A:00:3B:DA,229,,1,2
270743,ack,11:66:F0:00:01:3D,,0,0,2
270747,ack,BE:16:0A:00:3B:DA,,0,0,2
272248,send,11:66:F0:00:01:3D,230,,1,2
272254,send,BE:16:0A:00:3B:DA,230,,1,2
272255,ack,11:66:F0:00:01:3D,,0,0,2
272262,ack,BE:16:0A:00:3B:DA,,0,0,2
273763,send,11:66:F0:00:01:3D,231,,1,2
273770,send,BE:16:0A:00:3B:DA,231,,1,2
273771,ack,11:66:F0:00:01:3D,,0,0,2
273777,ack,BE:16:0A:00:3B:DA,,0,0,2
275279,send,11:66:F0:00:01:3D,232,,1,2
275288,send,BE:16:0A:00:3B:DA,232,,1,2
275289,ack,11:66:F0:00:01:3D,,0,0,2
275293,ack,BE:16:0A:00:3B:DA,,0,0,2
276794,send,11:66:F0:00:01:3D,233,,1,2
276800,send,BE:16:0A:00:3B:DA,233,,1,2
276802,ack,11:66:F0:00:01:3D,,0,0,2
276807,ack,BE:16:0A:00:3B:DA,,0,0,2
278310,send,11:66:F0:00:01:3D,234,,1,2
278316,send,BE:16:0A:00:3B:DA,234,,1,2
278317,ack,11:66:F0:00:01:3D,,0,0,2
278323,ack,BE:16:0A:00:3B:DA,,0,0,2
279821,send,11:66:F0:00:01:3D,235,,1,2
279829,send,BE:16:0A:00:3B:DA,235,,1,2
279830,ack,11:66:F0:00:01:3D,,0,0,2
279835,ack,BE:16:0A:00:3B:DA,,0,0,2
281337,send,11:66:F0:00:01:3D,236,,1,2
281346,send,BE:16:0A:00:3B:DA,236,,1,2
281347,ack,11:66:F0:00:01:3D,,0,0,2
281352,ack,BE:16:0A:00:3B:DA,,0,0,2
282853,send,11:66:F0:00:01:3D,237,,1,2
282860,send,BE:16:0A:00:3B:DA,237,,1,2
282861,ack,11:66:F0:00:01:3D,,0,0,2
282865,ack,BE:16:0A:00:3B:DA,,0,0,2
284366,send,11:66:F0:00:01:3D,238,,1,2
284375,send,BE:16:0A:00:3B:DA,238,,1,2
284376,ack,11:66:F0:00:01:3D,,0,0,2
284382,ack,BE:16:0A:00:3B:DA,,0,0,2
285882,send,11:66:F0:00:01:3D,239,,1,2
285890,send,BE:16:0A:00:3B:DA,239,,1,2
285893,ack,11:66:F0:00:01:3D,,0,0,2
285898,ack,BE:16:0A:00:3B:DA,,0,0,2
287400,send,11:66:F0:00:01:3D,240,,1,2
287410,send,BE:16:0A:00:3B:DA,240,,1,2
287412,ack,11:66:F0:00:01:3D,,0,0,2
287418,ack,BE:16:0A:00:3B:DA,,0,0,2
288918,send,11:66:F0:00:01:3D,241,,1,2
288927,send,BE:16:0A:00:3B:DA,241,,1,2
288928,ack,11:66:F0:00:01:3D,,0,0,2
288932,ack,BE:16:0A:00:3B:DA,,0,0,2
290433,send,11:66:F0:00:01:3D,242,,1,2
290443,send,BE:16:0A:00:3B:DA,242,,1,2
290443,ack,11:66:F0:00:01:3D,,0,0,2
290450,ack,BE:16:0A:00:3B:DA,,0,0,2
291949,send,11:66:F0:00:01:3D,243,,1,2
291955,send,BE:16:0A:00:3B:DA,243,,1,2
291956,ack,11:66:F0:00:01:3D,,0,0,2
291960,ack,BE:16:0A:00:3B:DA,,0,0,2
293460,send,11:66:F0:00:01:3D,244,,1,2
293468,send,BE:16:0A:00:3B:DA,244,,1,2
293470,ack,11:66:F0:00:01:3D,,0,0,2
293475,ack,BE:16:0A:00:3B:DA,,0,0,2
294975,send,11:66:F0:00:01:3D,245,,1,2
294985,send,BE:16:0A:00:3B:DA,245,,1,2
294985,ack,11:66:F0:00:01:3D,,0,0,2
294993,ack,BE:16:0A:00:3B:DA,,0,0,2
295994,send,11:66:F0:00:01:3D,246,,1,2
296000,send,BE:16:0A:00:3B:DA,246,,1,2
296001,ack,11:66:F0:00:01:3D,,0,0,2
296006,ack,BE:16:0A:00:3B:DA,,0,0,2
296128,send,11:66:F0:00:01:3D,247,,1,2
296136,send,BE:16:0A:00:3B:DA,247,,1,2
296137,ack,11:66:F0:00:01:3D,,0,0,2
296141,ack,BE:16:0A:00:3B:DA,,0,0,2
296422,send,11:66:F0:00:01:3D,248,,1,2
296426,send,BE:16:0A:00:3B:DA,248,,1,2
296429,ack,11:66:F0:00:01:3D,,0,0,2
296433,ack,BE:16:0A:00:3B:DA,,0,0,2
296552,send,11:66:F0:00:01:3D,249,,1,2
296554,send,BE:16:0A:00:3B:DA,249,,1,2
296555,ack,11:66:F0:00:01:3D,,0,0,2
296557,ack,BE:16:0A:00:3B:DA,,0,0,2
296838,send,11:66:F0:00:01:3D,250,,1,2
296845,send,BE:16:0A:00:3B:DA,250,,1,2
296847,ack,11:66:F0:00:01:3D,,0,0,2
296853,ack,BE:16:0A:00:3B:DA,,0,0,2
296971,send,11:66:F0:00:01:3D,251,,1,2
296978,send,BE:16:0A:00:3B:DA,251,,1,2
296978,ack,11:66:F0:00:01:3D,,0,0,2
296984,ack,BE:16:0A:00:3B:DA,,0,0,2
298764,send,11:66:F0:00:01:3D,252,,1,2
298770,send,BE:16:0A:00:3B:DA,252,,1,2
298772,ack,11:66:F0:00:01:3D,,0,0,2
298776,ack,BE:16:0A:00:3B:DA,,0,0,2
300576,send,11:66:F0:00:01:3D,253,,1,2
300583,send,BE:16:0A:00:3B:DA,253,,1,2
300585,ack,11:66:F0:00:01:3D,,0,0,2
300591,ack,BE:16:0A:00:3B:DA,,0,0,2
302390,send,11:66:F0:00:01:3D,254,,1,2
302395,send,BE:16:0A:00:3B:DA,254,,1,2
302397,ack,11:66:F0:00:01:3D,,0,0,2
302402,ack,BE:16:0A:00:3B:DA,,0,0,2
304202,send,11:66:F0:00:01:3D,255,,1,2
304209,send,BE:16:0A:00:3B:DA,255,,1,2
304211,ack,11:66:F0:00:01:3D,,0,0,2
304215,ack,BE:16:0A:00:3B:DA,,0,0,2
306014,send,11:66:F0:00:01:3D,256,,1,2
306023,send,BE:16:0A:00:3B:DA,256,,1,2
306024,ack,11:66:F0:00:01:3D,,0,0,2
306029,ack,BE:16:0A:00:3B:DA,,0,0,2
307828,send,11:66:F0:00:01:3D,257,,1,2
307835,send,BE:16:0A:00:3B:DA,257,,1,2
307836,ack,11:66:F0:00:01:3D,,0,0,2
307842,ack,BE:16:0A:00:3B:DA,,0,0,2
309643,send,11:66:F0:00:01:3D,258,,1,2
309650,send,BE:16:0A:00:3B:DA,258,,1,2
309652,ack,11:66:F0:00:01:3D,,0,0,2
309658,ack,BE:16:0A:00:3B:DA,,0,0,2
311460,send,11:66:F0:00:01:3D,259,,1,2
311468,send,BE:16:0A:00:3B:DA,259,,1,2
311470,ack,11:66:F0:00:01:3D,,0,0,2
311477,ack,BE:16:0A:00:3B:DA,,0,0,2
313277,send,11:66:F0:00:01:3D,260,,1,2
313283,send,BE:16:0A:00:3B:DA,260,,1,2
313284,ack,11:66:F0:00:01:3D,,0,0,2
313290,ack,BE:16:0A:00:3B:DA,,0,0,2
315091,send,11:66:F0:00:01:3D,261,,1,2
315100,send,BE:16:0A:00:3B:DA,261,,1,2
315101,ack,11:66:F0:00:01:3D,,0,0,2
315107,ack,BE:16:0A:00:3B:DA,,0,0,2
316909,send,11:66:F0:00:01:3D,262,,1,2
316916,send,BE:16:0A:00:3B:DA,262,,1,2
316917,ack,11:66:F0:00:01:3D,,0,0,2
316924,ack,BE:16:0A:00:3B:DA,,0,0,2
318724,send,11:66:F0:00:01:3D,263,,1,2
318734,send,BE:16:0A:00:3B:DA,263,,1,2
318736,ack,11:66:F0:00:01:3D,,0,0,2
318742,ack,BE:16:0A:00:3B:DA,,0,0,2
320543,send,11:66:F0:00:01:3D,264,,1,2
320550,send,BE:16:0A:00:3B:DA,264,,1,2
320550,ack,11:66:F0:00:01:3D,,0,0,2
320555,ack,BE:16:0A:00:3B:DA,,0,0,2
322366,send,11:66:F0:00:01:3D,265,,1,2
322374,send,BE:16:0A:00:3B:DA,265,,1,2
322375,ack,11:66:F0:00:01:3D,,0,0,2
322381,ack,BE:16:0A:00:3B:DA,,0,0,2
324182,send,11:66:F0:00:01:3D,266,,1,2
324191,send,BE:16:0A:00:3B:DA,266,,1,2
324191,ack,11:66:F0:00:01:3D,,0,0,2
324198,ack,BE:16:0A:00:3B:DA,,0,0,2
325998,send,11:66:F0:00:01:3D,267,,1,2
326006,send,BE:16:0A:00:3B:DA,267,,1,2
326007,ack,11:66:F0:00:01:3D,,0,0,2
326014,ack,BE:16:0A:00:3B:DA,,0,0,2
327815,send,11:66:F0:00:01:3D,268,,1,2
327824,send,BE:16:0A:00:3B:DA,268,,1,2
327828,ack,11:66:F0:00:01:3D,,0,0,2
327832,ack,BE:16:0A:00:3B:DA,,0,0,2
329630,send,11:66:F0:00:01:3D,269,,1,2
329638,send,BE:16:0A:00:3B:DA,269,,1,2
329639,ack,11:66:F0:00:01:3D,,0,0,2
329644,ack,BE:16:0A:00:3B:DA,,0,0,2
331444,send,11:66:F0:00:01:3D,270,,1,2
331452,send,BE:16:0A:00:3B:DA,270,,1,2
331455,ack,11:66:F0:00:01:3D,,0,0,2
331459,ack,BE:16:0A:00:3B:DA,,0,0,2
333262,send,11:66:F0:00:01:3D,271,,1,2
333272,send,BE:16:0A:00:3B:DA,271,,1,2
333273,ack,11:66:F0:00:01:3D,,0,0,2
333277,ack,BE:16:0A:00:3B:DA,,0,0,2
335079,send,11:66:F0:00:01:3D,272,,1,2
335089,send,BE:16:0A:00:3B:DA,272,,1,2
335090,ack,11:66:F0:00:01:3D,,0,0,2
335098,ack,BE:16:0A:00:3B:DA,,0,0,2
336899,send,11:66:F0:00:01:3D,273,,1,2
336909,send,BE:16:0A:00:3B:DA,273,,1,2
336910,ack,11:66:F0:00:01:3D,,0,0,2
336918,ack,BE:16:0A:00:3B:DA,,0,0,2
338718,send,11:66:F0:00:01:3D,274,,1,2
338726,send,BE:16:0A:00:3B:DA,274,,1,2
338727,ack,11:66:F0:00:01:3D,,0,0,2
338734,ack,BE:16:0A:00:3B:DA,,0,0,2
340534,send,11:66:F0:00:01:3D,275,,1,2
340541,send,BE:16:0A:00:3B:DA,275,,1,2
340542,ack,11:66:F0:00:01:3D,,0,0,2
340549,ack,BE:16:0A:00:3B:DA,,0,0,2
342350,send,11:66:F0:00:01:3D,276,,1,2
342360,send,BE:16:0A:00:3B:DA,276,,1,2
342362,ack,11:66:F0:00:01:3D,,0,0,2
342366,ack,BE:16:0A:00:3B:DA,,0,0,2
343367,send,11:66:F0:00:01:3D,277,,1,2
343371,send,BE:16:0A:00:3B:DA,277,,1,2
343371,ack,11:66:F0:00:01:3D,,0,0,2
343374,ack,BE:16:0A:00:3B:DA,,0,0,2
343494,send,11:66:F0:00:01:3D,278,,1,2
343498,send,BE:16:0A:00:3B:DA,278,,1,2
343501,ack,11:66:F0:00:01:3D,,0,0,2
343504,ack,BE:16:0A:00:3B:DA,,0,0,2
343785,send,11:66:F0:00:01:3D,279,,1,2
343791,send,BE:16:0A:00:3B:DA,279,,1,2
343794,ack,11:66:F0:00:01:3D,,0,0,2
343798,ack,BE:16:0A:00:3B:DA,,0,0,2
343917,send,11:66:F0:00:01:3D,280,,1,2
343921,send,BE:16:0A:00:3B:DA,280,,1,2
343922,ack,11:66:F0:00:01:3D,,0,0,2
343927,ack,BE:16:0A:00:3B:DA,,0,0,2
344205,send,11:66:F0:00:01:3D,281,,1,2
344214,send,BE:16:0A:00:3B:DA,281,,1,2
344215,ack,11:66:F0:00:01:3D,,0,0,2
344220,ack,BE:16:0A:00:3B:DA,,0,0,2
344340,send,11:66:F0:00:01:3D,282,,1,2
344347,send,BE:16:0A:00:3B:DA,282,,1,2
344349,ack,11:66:F0:00:01:3D,,0,0,2
344353,ack,BE:16:0A:00:3B:DA,,0,0,2
346138,send,11:66:F0:00:01:3D,283,,1,2
346149,send,BE:16:0A:00:3B:DA,283,,1,2
346151,ack,11:66:F0:00:01:3D,,0,0,2
346157,ack,BE:16:0A:00:3B:DA,,0,0,2
347357,send,11:66:F0:00:01:3D,284,,1,2
347364,send,BE:16:0A:00:3B:DA,284,,1,2
347365,ack,11:66:F0:00:01:3D,,0,0,2
347370,ack,BE:16:0A:00:3B:DA,,0,0,2
348571,send,11:66:F0:00:01:3D,285,,1,2
348580,send,BE:16:0A:00:3B:DA,285,,1,2
348580,ack,11:66:F0:00:01:3D,,0,0,2
348587,ack,BE:16:0A:00:3B:DA,,0,0,2
349787,send,11:66:F0:00:01:3D,286,,1,2
349794,send,BE:16:0A:00:3B:DA,286,,1,2
349796,ack,11:66:F0:00:01:3D,,0,0,2
349802,ack,BE:16:0A:00:3B:DA,,0,0,2
351004,send,11:66:F0:00:01:3D,287,,1,2
351010,send,BE:16:0A:00:3B:DA,287,,1,2
351012,ack,11:66:F0:00:01:3D,,0,0,2
351017,ack,BE:16:0A:00:3B:DA,,0,0,2
352217,send,11:66:F0:00:01:3D,288,,1,2
352223,send,BE:16:0A:00:3B:DA,288,,1,2
352224,ack,11:66:F0:00:01:3D,,0,0,2
352229,ack,BE:16:0A:00:3B:DA,,0,0,2
353430,send,11:66:F0:00:01:3D,289,,1,2
353435,send,BE:16:0A:00:3B:DA,289,,1,2
353436,ack,11:66:F0:00:01:3D,,0,0,2
353441,ack,BE:16:0A:00:3B:DA,,0,0,2
354641,send,11:66:F0:00:01:3D,290,,1,2
354649,send,BE:16:0A:00:3B:DA,290,,1,2
354649,ack,11:66:F0:00:01:3D,,0,0,2
354656,ack,BE:16:0A:00:3B:DA,,0,0,2
355857,send,11:66:F0:00:01:3D,291,,1,2
355865,send,BE:16:0A:00:3B:DA,291,,1,2
355868,ack,11:66:F0:00:01:3D,,0,0,2
355872,ack,BE:16:0A:00:3B:DA,,0,0,2
357071,send,11:66:F0:00:01:3D,292,,1,2
357079,send,BE:16:0A:00:3B:DA,292,,1,2
357080,ack,11:66:F0:00:01:3D,,0,0,2
357087,ack,BE:16:0A:00:3B:DA,,0,0,2
358288,send,11:66:F0:00:01:3D,293,,1,2
358296,send,BE:16:0A:00:3B:DA,293,,1,2
358296,ack,11:66:F0:00:01:3D,,0,0,2
358302,ack,BE:16:0A:00:3B:DA,,0,0,2
359502,send,11:66:F0:00:01:3D,294,,1,2
359509,send,BE:16:0A:00:3B:DA,294,,1,2
359509,ack,11:66:F0:00:01:3D,,0,0,2
359513,ack,BE:16:0A:00:3B:DA,,0,0,2
360715,send,11:66:F0:00:01:3D,295,,1,2
360724,send,BE:16:0A:00:3B:DA,295,,1,2
360725,ack,11:66:F0:00:01:3D,,0,0,2
360731,ack,BE:16:0A:00:3B:DA,,0,0,2
361931,send,11:66:F0:00:01:3D,296,,1,2
361941,send,BE:16:0A:00:3B:DA,296,,1,2
361943,ack,11:66:F0:00:01:3D,,0,0,2
361947,ack,BE:16:0A:00:3B:DA,,0,0,2
363150,send,11:66:F0:00:01:3D,297,,1,2
363157,send,BE:16:0A:00:3B:DA,297,,1,2
363158,ack,11:66:F0:00:01:3D,,0,0,2
363166,ack,BE:16:0A:00:3B:DA,,0,0,2
364365,send,11:66:F0:00:01:3D,298,,1,2
364372,ack,11:66:F0:00:01:3D,,0,0,2
364373,send,BE:16:0A:00:3B:DA,298,,1,2
364379,ack,BE:16:0A:00:3B:DA,,0,0,2
365580,send,11:66:F0:00:01:3D,299,,1,2
365586,send,BE:16:0A:00:3B:DA,299,,1,2
365586,ack,11:66:F0:00:01:3D,,0,0,2
365591,ack,BE:16:0A:00:3B:DA,,0,0,2
366791,send,11:66:F0:00:01:3D,300,,1,2
366797,send,BE:16:0A:00:3B:DA,300,,1,2
366799,ack,11:66:F0:00:01:3D,,0,0,2
366804,ack,BE:16:0A:00:3B:DA,,0,0,2
368005,send,11:66:F0:00:01:3D,301,,1,2
368013,send,BE:16:0A:00:3B:DA,301,,1,2
368013,ack,11:66:F0:00:01:3D,,0,0,2
368019,ack,BE:16:0A:00:3B:DA,,0,0,2
369219,send,11:66:F0:00:01:3D,302,,1,2
369227,send,BE:16:0A:00:3B:DA,302,,1,2
369230,ack,11:66:F0:00:01:3D,,0,0,2
369234,ack,BE:16:0A:00:3B:DA,,0,0,2
370433,send,11:66:F0:00:01:3D,303,,1,2
370436,send,BE:16:0A:00:3B:DA,303,,1,2
370456,ack,11:66:F0:00:01:3D,,0,0,2
370456,ack,BE:16:0A:00:3B:DA,,0,0,2
371641,send,11:66:F0:00:01:3D,304,,1,2
371647,send,BE:16:0A:00:3B:DA,304,,1,2
371647,ack,11:66:F0:00:01:3D,,0,0,2
371652,ack,BE:16:0A:00:3B:DA,,0,0,2
372851,send,11:66:F0:00:01:3D,305,,1,2
372859,send,BE:16:0A:00:3B:DA,305,,1,2
372861,ack,11:66:F0:00:01:3D,,0,0,2
372866,ack,BE:16:0A:00:3B:DA,,0,0,2
374067,send,11:66:F0:00:01:3D,306,,1,2
374074,send,BE:16:0A:00:3B:DA,306,,1,2
374077,ack,11:66:F0:00:01:3D,,0,0,2
374081,ack,BE:16:0A:00:3B:DA,,0,0,2
375282,send,11:66:F0:00:01:3D,307,,1,2
375290,send,BE:16:0A:00:3B:DA,307,,1,2
375292,ack,11:66:F0:00:01:3D,,0,0,2
375297,send,11:66:F0:00:01:3D,308,,1,2
375298,send,BE:16:0A:00:3B:DA,308,,2,2
375299,send,11:66:F0:00:01:3D,309,,2,2
375299,ack,BE:16:0A:00:3B:DA,,0,1,2
375299,send,BE:16:0A:00:3B:DA,309,,2,2
375300,send,11:66:F0:00:01:3D,310,,3,2
375300,send,BE:16:0A:00:3B:DA,310,,3,2
375301,send,11:66:F0:00:01:3D,311,,4,2
375301,send,BE:16:0A:00:3B:DA,311,,4,2
375302,send,11:66:F0:00:01:3D,312,,5,2
375302,send,BE:16:0A:00:3B:DA,312,,5,2
375302,send,11:66:F0:00:01:3D,313,,6,2
375303,send,BE:16:0A:00:3B:DA,313,,6,2
375303,send,11:66:F0:00:01:3D,314,,7,2
375304,send,BE:16:0A:00:3B:DA,314,,7,2
375304,send,11:66:F0:00:01:3D,315,,8,2
375305,send,BE:16:0A:00:3B:DA,315,,8,2
375305,send,11:66:F0:00:01:3D,316,,9,2
375305,send,BE:16:0A:00:3B:DA,316,,9,2
375306,send,11:66:F0:00:01:3D,317,,10,2
375306,send,BE:16:0A:00:3B:DA,317,,10,2
375307,send,11:66:F0:00:01:3D,318,,11,2
375307,send,BE:16:0A:00:3B:DA,318,,11,2
375307,send,11:66:F0:00:01:3D,319,,12,2
375307,send,BE:16:0A:00:3B:DA,319,,12,2
375307,send,11:66:F0:00:01:3D,320,,13,2
375308,send,BE:16:0A:00:3B:DA,320,,13,2
375308,send,11:66:F0:00:01:3D,321,,14,2
375308,send,BE:16:0A:00:3B:DA,321,,14,2
375308,send,11:66:F0:00:01:3D,322,,15,2
375309,send,BE:16:0A:00:3B:DA,322,,15,2
375309,send,11:66:F0:00:01:3D,323,,16,2
375309,send,BE:16:0A:00:3B:DA,323,,16,2
375309,send,11:66:F0:00:01:3D,324,,17,2
375309,send,BE:16:0A:00:3B:DA,324,,17,2
375310,send,11:66:F0:00:01:3D,325,,18,2
375310,send,BE:16:0A:00:3B:DA,325,,18,2
375310,send,11:66:F0:00:01:3D,326,,19,2
375310,send,BE:16:0A:00:3B:DA,326,,19,2
375311,send,11:66:F0:00:01:3D,327,,20,2
375311,send,BE:16:0A:00:3B:DA,327,,20,2
375311,send,11:66:F0:00:01:3D,328,,21,2
375311,send,BE:16:0A:00:3B:DA,328,,21,2
375311,send,11:66:F0:00:01:3D,329,,22,2
375311,send,BE:16:0A:00:3B:DA,329,,22,2
375312,send,11:66:F0:00:01:3D,330,,23,2
375312,send,BE:16:0A:00:3B:DA,330,,23,2
375312,send,11:66:F0:00:01:3D,331,,24,2
375312,send,BE:16:0A:00:3B:DA,331,,24,2
375312,send,11:66:F0:00:01:3D,332,,25,2
375312,send,BE:16:0A:00:3B:DA,332,,25,2
375312,send,11:66:F0:00:01:3D,333,,26,2
375313,send,BE:16:0A:00:3B:DA,333,,26,2
375313,send,11:66:F0:00:01:3D,334,,27,2
375313,send,BE:16:0A:00:3B:DA,334,,27,2
375313,send,11:66:F0:00:01:3D,335,,28,2
375313,send,BE:16:0A:00:3B:DA,335,,28,2
375313,send,11:66:F0:00:01:3D,336,,29,2
375314,send,BE:16:0A:00:3B:DA,336,,29,2
375314,send,11:66:F0:00:01:3D,337,,30,2
375314,send,BE:16:0A:00:3B:DA,337,,30,2
375314,send,11:66:F0:00:01:3D,338,,31,2
375314,send,BE:16:0A:00:3B:DA,338,,31,2
375314,send,11:66:F0:00:01:3D,339,,32,2
375315,send,BE:16:0A:00:3B:DA,339,,32,2
375315,send,11:66:F0:00:01:3D,340,,33,2
375315,send,BE:16:0A:00:3B:DA,340,,33,2
375315,send,11:66:F0:00:01:3D,341,,34,2
375315,send,BE:16:0A:00:3B:DA,341,,34,2
375315,send,11:66:F0:00:01:3D,342,,35,2
375315,send,BE:16:0A:00:3B:DA,342,,35,2
375316,send,11:66:F0:00:01:3D,343,,36,2
375316,send,BE:16:0A:00:3B:DA,343,,36,2
375316,send,11:66:F0:00:01:3D,344,,37,2
375316,send,BE:16:0A:00:3B:DA,344,,37,2
375316,send,11:66:F0:00:01:3D,345,,38,2
375316,send,BE:16:0A:00:3B:DA,345,,38,2
375316,send,11:66:F0:00:01:3D,346,,39,2
375316,send,BE:16:0A:00:3B:DA,346,,39,2
375317,send,11:66:F0:00:01:3D,347,,40,2
375317,send,BE:16:0A:00:3B:DA,347,,40,2
375317,send,11:66:F0:00:01:3D,348,,41,2
375317,send,BE:16:0A:00:3B:DA,348,,41,2
375317,send,11:66:F0:00:01:3D,349,,42,2
375317,send,BE:16:0A:00:3B:DA,349,,42,2
375317,send,11:66:F0:00:01:3D,350,,43,2
375317,send,BE:16:0A:00:3B:DA,350,,43,2
375318,send,11:66:F0:00:01:3D,351,,44,2
375318,send,BE:16:0A:00:3B:DA,351,,44,2
375318,send,11:66:F0:00:01:3D,352,,45,2
375318,send,BE:16:0A:00:3B:DA,352,,45,2
375318,send,11:66:F0:00:01:3D,353,,46,2
375318,send,BE:16:0A:00:3B:DA,353,,46,2
375318,send,11:66:F0:00:01:3D,354,,47,2
375319,send,BE:16:0A:00:3B:DA,354,,47,2
375319,send,11:66:F0:00:01:3D,355,,48,2
375319,send,BE:16:0A:00:3B:DA,355,,48,2
375319,send,11:66:F0:00:01:3D,356,,49,2
375319,send,BE:16:0A:00:3B:DA,356,,49,2
375319,send,11:66:F0:00:01:3D,357,,50,2
375319,send,BE:16:0A:00:3B:DA,357,,50,2
375319,send,11:66:F0:00:01:3D,358,,51,2
375319,send,BE:16:0A:00:3B:DA,358,,51,2
375320,send,11:66:F0:00:01:3D,359,,52,2
375320,send,BE:16:0A:00:3B:DA,359,,52,2
375320,send,11:66:F0:00:01:3D,360,,53,2
375320,send,BE:16:0A:00:3B:DA,360,,53,2
375320,send,11:66:F0:00:01:3D,361,,54,2
375320,send,BE:16:0A:00:3B:DA,361,,54,2
375320,send,11:66:F0:00:01:3D,362,,55,2
375320,send,BE:16:0A:00:3B:DA,362,,55,2
375320,send,11:66:F0:00:01:3D,363,,56,2
375321,send,BE:16:0A:00:3B:DA,363,,56,2
375321,send,11:66:F0:00:01:3D,364,,57,2
375321,send,BE:16:0A:00:3B:DA,364,,57,2
375321,send,11:66:F0:00:01:3D,365,,58,2
375321,send,BE:16:0A:00:3B:DA,365,,58,2
375321,send,11:66:F0:00:01:3D,366,,59,2
375321,send,BE:16:0A:00:3B:DA,366,,59,2
375321,send,11:66:F0:00:01:3D,367,,60,2
375321,send,BE:16:0A:00:3B:DA,367,,60,2
375321,send,11:66:F0:00:01:3D,368,,61,2
375322,send,BE:16:0A:00:3B:DA,368,,61,2
375322,send,11:66:F0:00:01:3D,369,,62,2
375322,send,BE:16:0A:00:3B:DA,369,,62,2
375322,send,11:66:F0:00:01:3D,370,,63,2
375322,send,BE:16:0A:00:3B:DA,370,,63,2
375322,send,11:66:F0:00:01:3D,371,,64,2
375322,send,BE:16:0A:00:3B:DA,371,,64,2
375322,send,11:66:F0:00:01:3D,372,,65,2
375322,send,BE:16:0A:00:3B:DA,372,,65,2
375322,send,11:66:F0:00:01:3D,373,,66,2
375323,send,BE:16:0A:00:3B:DA,373,,66,2
375323,send,11:66:F0:00:01:3D,374,,67,2
375323,send,BE:16:0A:00:3B:DA,374,,67,2
375323,send,11:66:F0:00:01:3D,375,,68,2
375323,send,BE:16:0A:00:3B:DA,375,,68,2
375323,send,11:66:F0:00:01:3D,376,,69,2
375323,send,BE:16:0A:00:3B:DA,376,,69,2
375323,send,11:66:F0:00:01:3D,377,,70,2
375323,send,BE:16:0A:00:3B:DA,377,,70,2
375323,send,11:66:F0:00:01:3D,378,,71,2
375323,send,BE:16:0A:00:3B:DA,378,,71,2
375324,send,11:66:F0:00:01:3D,379,,72,2
375324,send,BE:16:0A:00:3B:DA,379,,72,2
375324,send,11:66:F0:00:01:3D,380,,73,2
375324,send,BE:16:0A:00:3B:DA,380,,73,2
375324,send,11:66:F0:00:01:3D,381,,74,2
375324,send,BE:16:0A:00:3B:DA,381,,74,2
375324,send,11:66:F0:00:01:3D,382,,75,2
375324,send,BE:16:0A:00:3B:DA,382,,75,2
375324,send,11:66:F0:00:01:3D,383,,76,2
375324,send,BE:16:0A:00:3B:DA,383,,76,2
375325,send,11:66:F0:00:01:3D,384,,77,2
375325,send,BE:16:0A:00:3B:DA,384,,77,2
375325,send,11:66:F0:00:01:3D,385,,78,2
375325,send,BE:16:0A:00:3B:DA,385,,78,2
375325,send,11:66:F0:00:01:3D,386,,79,2
375325,send,BE:16:0A:00:3B:DA,386,,79,2
375325,send,11:66:F0:00:01:3D,387,,80,2
375325,send,BE:16:0A:00:3B:DA,387,,80,2
375325,send,11:66:F0:00:01:3D,388,,81,2
375325,send,BE:16:0A:00:3B:DA,388,,81,2
375326,send,11:66:F0:00:01:3D,389,,82,2
375326,send,BE:16:0A:00:3B:DA,389,,82,2
375326,send,11:66:F0:00:01:3D,390,,83,2
375326,send,BE:16:0A:00:3B:DA,390,,83,2
375326,send,11:66:F0:00:01:3D,391,,84,2
375326,send,BE:16:0A:00:3B:DA,391,,84,2
375326,send,11:66:F0:00:01:3D,392,,85,2
375326,send,BE:16:0A:00:3B:DA,392,,85,2
375326,send,11:66:F0:00:01:3D,393,,86,2
375327,send,BE:16:0A:00:3B:DA,393,,86,2
375327,send,11:66:F0:00:01:3D,394,,87,2
375327,send,BE:16:0A:00:3B:DA,394,,87,2
375327,send,11:66:F0:00:01:3D,395,,88,2
375327,send,BE:16:0A:00:3B:DA,395,,88,2
375327,send,11:66:F0:00:01:3D,396,,89,2
375327,send,BE:16:0A:00:3B:DA,396,,89,2
375327,send,11:66:F0:00:01:3D,397,,90,2
375327,send,BE:16:0A:00:3B:DA,397,,90,2
375327,send,11:66:F0:00:01:3D,398,,91,2
375327,send,BE:16:0A:00:3B:DA,398,,91,2
375327,send,11:66:F0:00:01:3D,399,,92,2
375328,send,BE:16:0A:00:3B:DA,399,,92,2
375328,send,11:66:F0:00:01:3D,400,,93,2
375328,send,BE:16:0A:00:3B:DA,400,,93,2
375328,send,11:66:F0:00:01:3D,401,,94,2
375328,send,BE:16:0A:00:3B:DA,401,,94,2
375328,send,11:66:F0:00:01:3D,402,,95,2
375328,send,BE:16:0A:00:3B:DA,402,,95,2
375328,send,11:66:F0:00:01:3D,403,,96,2
375328,send,BE:16:0A:00:3B:DA,403,,96,2
375328,send,11:66:F0:00:01:3D,404,,97,2
375328,send,BE:16:0A:00:3B:DA,404,,97,2
375328,send,11:66:F0:00:01:3D,405,,98,2
375329,send,BE:16:0A:00:3B:DA,405,,98,2
375329,send,11:66:F0:00:01:3D,406,,99,2
375329,send,BE:16:0A:00:3B:DA,406,,99,2
375329,send,11:66:F0:00:01:3D,407,,100,2
375329,send,BE:16:0A:00:3B:DA,407,,100,2
375329,send,11:66:F0:00:01:3D,408,,101,2
375329,send,BE:16:0A:00:3B:DA,408,,101,2
375329,send,11:66:F0:00:01:3D,409,,102,2
375329,send,BE:16:0A:00:3B:DA,409,,102,2
375329,send,11:66:F0:00:01:3D,410,,103,2
375329,send,BE:16:0A:00:3B:DA,410,,103,2
375329,send,11:66:F0:00:01:3D,411,,104,2
375330,send,BE:16:0A:00:3B:DA,411,,104,2
375330,send,11:66:F0:00:01:3D,412,,105,2
375330,send,BE:16:0A:00:3B:DA,412,,105,2
375330,send,11:66:F0:00:01:3D,413,,106,2
375330,send,BE:16:0A:00:3B:DA,413,,106,2
375330,send,11:66:F0:00:01:3D,414,,107,2
375330,send,BE:16:0A:00:3B:DA,414,,107,2
375330,send,11:66:F0:00:01:3D,415,,108,2
375330,send,BE:16:0A:00:3B:DA,415,,108,2
375330,send,11:66:F0:00:01:3D,416,,109,2
375330,send,BE:16:0A:00:3B:DA,416,,109,2
375331,send,11:66:F0:00:01:3D,417,,110,2
375331,send,BE:16:0A:00:3B:DA,417,,110,2
375331,send,11:66:F0:00:01:3D,418,,111,2
375331,send,BE:16:0A:00:3B:DA,418,,111,2
375331,send,11:66:F0:00:01:3D,419,,112,2
375331,send,BE:16:0A:00:3B:DA,419,,112,2
375331,send,11:66:F0:00:01:3D,420,,113,2
375331,send,BE:16:0A:00:3B:DA,420,,113,2
375331,send,11:66:F0:00:01:3D,421,,114,2
375331,send,BE:16:0A:00:3B:DA,421,,114,2
375331,send,11:66:F0:00:01:3D,422,,115,2
375331,send,BE:16:0A:00:3B:DA,422,,115,2
375331,send,11:66:F0:00:01:3D,423,,116,2
375332,send,BE:16:0A:00:3B:DA,423,,116,2
375332,send,11:66:F0:00:01:3D,424,,117,2
375332,send,BE:16:0A:00:3B:DA,424,,117,2
375332,send,11:66:F0:00:01:3D,425,,118,2
375332,send,BE:16:0A:00:3B:DA,425,,118,2
375332,send,11:66:F0:00:01:3D,426,,119,2
375332,send,BE:16:0A:00:3B:DA,426,,119,2
375332,send,11:66:F0:00:01:3D,427,,120,2
375332,send,BE:16:0A:00:3B:DA,427,,120,2
375332,send,11:66:F0:00:01:3D,428,,121,2
375332,send,BE:16:0A:00:3B:DA,428,,121,2
375332,send,11:66:F0:00:01:3D,429,,122,2
375332,send,BE:16:0A:00:3B:DA,429,,122,2
375333,send,11:66:F0:00:01:3D,430,,123,2
375333,send,BE:16:0A:00:3B:DA,430,,123,2
375333,send,11:66:F0:00:01:3D,431,,124,2
375333,send,BE:16:0A:00:3B:DA,431,,124,2
375333,send,11:66:F0:00:01:3D,432,,125,2
375333,send,BE:16:0A:00:3B:DA,432,,125,2
375333,send,11:66:F0:00:01:3D,433,,126,2
375333,send,BE:16:0A:00:3B:DA,433,,126,2
375333,send,11:66:F0:00:01:3D,434,,127,2
375333,send,BE:16:0A:00:3B:DA,434,,127,2
375333,send,11:66:F0:00:01:3D,435,,128,2
375333,send,BE:16:0A:00:3B:DA,435,,128,2
375334,send,11:66:F0:00:01:3D,436,,129,2
375334,send,BE:16:0A:00:3B:DA,436,,129,2
375334,send,11:66:F0:00:01:3D,437,,130,2
375334,send,BE:16:0A:00:3B:DA,437,,130,2
375334,send,11:66:F0:00:01:3D,438,,131,2
375334,send,BE:16:0A:00:3B:DA,438,,131,2
375334,send,11:66:F0:00:01:3D,439,,132,2
375334,send,BE:16:0A:00:3B:DA,439,,132,2
375334,send,11:66:F0:00:01:3D,440,,133,2
375334,send,BE:16:0A:00:3B:DA,440,,133,2
375334,send,11:66:F0:00:01:3D,441,,134,2
375334,send,BE:16:0A:00:3B:DA,441,,134,2
375334,send,11:66:F0:00:01:3D,442,,135,2
375335,send,BE:16:0A:00:3B:DA,442,,135,2
375335,send,11:66:F0:00:01:3D,443,,136,2
375335,send,BE:16:0A:00:3B:DA,443,,136,2
375335,send,11:66:F0:00:01:3D,444,,137,2
375335,send,BE:16:0A:00:3B:DA,444,,137,2
375335,send,11:66:F0:00:01:3D,445,,138,2
375335,send,BE:16:0A:00:3B:DA,445,,138,2
375335,send,11:66:F0:00:01:3D,446,,139,2
375335,send,BE:16:0A:00:3B:DA,446,,139,2
375335,send,11:66:F0:00:01:3D,447,,140,2
375335,send,BE:16:0A:00:3B:DA,447,,140,2
375335,send,11:66:F0:00:01:3D,448,,141,2
375335,send,BE:16:0A:00:3B:DA,448,,141,2
375335,send,11:66:F0:00:01:3D,449,,142,2
375336,send,BE:16:0A:00:3B:DA,449,,142,2
375336,send,11:66:F0:00:01:3D,450,,143,2
375336,send,BE:16:0A:00:3B:DA,450,,143,2
375336,send,11:66:F0:00:01:3D,451,,144,2
375336,send,BE:16:0A:00:3B:DA,451,,144,2
375336,send,11:66:F0:00:01:3D,452,,145,2
375336,send,BE:16:0A:00:3B:DA,452,,145,2
375336,send,11:66:F0:00:01:3D,453,,146,2
375336,send,BE:16:0A:00:3B:DA,453,,146,2
375336,send,11:66:F0:00:01:3D,454,,147,2
375336,send,BE:16:0A:00:3B:DA,454,,147,2
375336,send,11:66:F0:00:01:3D,455,,148,2
375336,send,BE:16:0A:00:3B:DA,455,,148,2
375336,send,11:66:F0:00:01:3D,456,,149,2
375337,send,BE:16:0A:00:3B:DA,456,,149,2
375337,send,11:66:F0:00:01:3D,457,,150,2
375337,send,BE:16:0A:00:3B:DA,457,,150,2
375337,send,11:66:F0:00:01:3D,458,,151,2
375337,send,BE:16:0A:00:3B:DA,458,,151,2
375337,send,11:66:F0:00:01:3D,459,,152,2
375337,send,BE:16:0A:00:3B:DA,459,,152,2
375337,send,11:66:F0:00:01:3D,460,,153,2
375337,send,BE:16:0A:00:3B:DA,460,,153,2
375337,send,11:66:F0:00:01:3D,461,,154,2
375337,send,BE:16:0A:00:3B:DA,461,,154,2
375337,send,11:66:F0:00:01:3D,462,,155,2
375337,send,BE:16:0A:00:3B:DA,462,,155,2
375337,send,11:66:F0:00:01:3D,463,,156,2
375338,send,BE:16:0A:00:3B:DA,463,,156,2
375338,send,11:66:F0:00:01:3D,464,,157,2
375338,send,BE:16:0A:00:3B:DA,464,,157,2
375338,send,11:66:F0:00:01:3D,465,,158,2
375338,send,BE:16:0A:00:3B:DA,465,,158,2
375338,send,11:66:F0:00:01:3D,466,,159,2
375338,send,BE:16:0A:00:3B:DA,466,,159,2
375338,send,11:66:F0:00:01:3D,467,,160,2
375338,send,BE:16:0A:00:3B:DA,467,,160,2
375338,send,11:66:F0:00:01:3D,468,,161,2
375338,send,BE:16:0A:00:3B:DA,468,,161,2
375338,send,11:66:F0:00:01:3D,469,,162,2
375338,send,BE:16:0A:00:3B:DA,469,,162,2
375338,send,11:66:F0:00:01:3D,470,,163,2
375339,send,BE:16:0A:00:3B:DA,470,,163,2
375339,send,11:66:F0:00:01:3D,471,,164,2
375339,send,BE:16:0A:00:3B:DA,471,,164,2
375339,send,11:66:F0:00:01:3D,472,,165,2
375339,send,BE:16:0A:00:3B:DA,472,,165,2
375339,send,11:66:F0:00:01:3D,473,,166,2
375339,send,BE:16:0A:00:3B:DA,473,,166,2
375339,send,11:66:F0:00:01:3D,474,,167,2
375339,send,BE:16:0A:00:3B:DA,474,,167,2
375339,send,11:66:F0:00:01:3D,475,,168,2
375339,send,BE:16:0A:00:3B:DA,475,,168,2
375339,send,11:66:F0:00:01:3D,476,,169,2
375339,send,BE:16:0A:00:3B:DA,476,,169,2
375339,send,11:66:F0:00:01:3D,477,,170,2
375339,send,BE:16:0A:00:3B:DA,477,,170,2
375339,send,11:66:F0:00:01:3D,478,,171,2
375339,send,BE:16:0A:00:3B:DA,478,,171,2
375340,send,11:66:F0:00:01:3D,479,,172,2
375340,send,BE:16:0A:00:3B:DA,479,,172,2
375340,send,11:66:F0:00:01:3D,480,,173,2
375340,send,BE:16:0A:00:3B:DA,480,,173,2
375340,send,11:66:F0:00:01:3D,481,,174,2
375340,send,BE:16:0A:00:3B:DA,481,,174,2
375340,send,11:66:F0:00:01:3D,482,,175,2
375340,send,BE:16:0A:00:3B:DA,482,,175,2
375340,send,11:66:F0:00:01:3D,483,,176,2
375340,send,BE:16:0A:00:3B:DA,483,,176,2
375340,send,11:66:F0:00:01:3D,484,,177,2
375340,send,BE:16:0A:00:3B:DA,484,,177,2
375340,send,11:66:F0:00:01:3D,485,,178,2
375340,send,BE:16:0A:00:3B:DA,485,,178,2
375341,send,11:66:F0:00:01:3D,486,,179,2
375341,send,BE:16:0A:00:3B:DA,486,,179,2
375341,send,11:66:F0:00:01:3D,487,,180,2
375341,send,BE:16:0A:00:3B:DA,487,,180,2
375341,send,11:66:F0:00:01:3D,488,,181,2
375341,send,BE:16:0A:00:3B:DA,488,,181,2
375341,send,11:66:F0:00:01:3D,489,,182,2
375341,send,BE:16:0A:00:3B:DA,489,,182,2
375341,send,11:66:F0:00:01:3D,490,,183,2
375341,send,BE:16:0A:00:3B:DA,490,,183,2
375341,send,11:66:F0:00:01:3D,491,,184,2
375341,send,BE:16:0A:00:3B:DA,491,,184,2
375341,send,11:66:F0:00:01:3D,492,,185,2
375341,send,BE:16:0A:00:3B:DA,492,,185,2
375342,send,11:66:F0:00:01:3D,493,,186,2
375344,send,BE:16:0A:00:3B:DA,493,,186,2
375344,send,11:66:F0:00:01:3D,494,,187,2
375344,send,BE:16:0A:00:3B:DA,494,,187,2
375344,send,11:66:F0:00:01:3D,495,,188,2
375344,send,BE:16:0A:00:3B:DA,495,,188,2
375344,send,11:66:F0:00:01:3D,496,,189,2
375344,send,BE:16:0A:00:3B:DA,496,,189,2
375344,send,11:66:F0:00:01:3D,497,,190,2
375345,send,BE:16:0A:00:3B:DA,497,,190,2
375345,send,11:66:F0:00:01:3D,498,,191,2
375345,send,BE:16:0A:00:3B:DA,498,,191,2
375345,send,11:66:F0:00:01:3D,499,,192,2
375345,send,BE:16:0A:00:3B:DA,499,,192,2
375345,send,11:66:F0:00:01:3D,500,,193,2
375345,send,BE:16:0A:00:3B:DA,500,,193,2
375345,send,11:66:F0:00:01:3D,501,,194,2
375345,send,BE:16:0A:00:3B:DA,501,,194,2
375345,send,11:66:F0:00:01:3D,502,,195,2
375345,send,BE:16:0A:00:3B:DA,502,,195,2
375345,send,11:66:F0:00:01:3D,503,,196,2
375345,ack,11:66:F0:00:01:3D,,0,195,2
375345,send,BE:16:0A:00:3B:DA,503,,196,2
375346,send,11:66:F0:00:01:3D,504,,196,2
375347,send,BE:16:0A:00:3B:DA,504,,197,2
375348,send,11:66:F0:00:01:3D,505,,197,2
375348,send,BE:16:0A:00:3B:DA,505,,198,2
375348,send,11:66:F0:00:01:3D,506,,198,2
375348,send,BE:16:0A:00:3B:DA,506,,199,2
375357,ack,BE:16:0A:00:3B:DA,,0,198,2
375404,ack,11:66:F0:00:01:3D,,0,197,2
377349,send,11:66:F0:00:01:3D,507,,198,2
377356,send,BE:16:0A:00:3B:DA,507,,199,2
377357,ack,11:66:F0:00:01:3D,,0,197,2
377361,send,11:66:F0:00:01:3D,508,,198,2
377362,send,BE:16:0A:00:3B:DA,508,,200,2
377363,send,11:66:F0:00:01:3D,509,,199,2
377363,send,BE:16:0A:00:3B:DA,509,,201,2
377363,ack,BE:16:0A:00:3B:DA,,0,200,2
377364,send,11:66:F0:00:01:3D,510,,200,2
377365,send,BE:16:0A:00:3B:DA,510,,201,2
377366,send,11:66:F0:00:01:3D,511,,201,2
377366,send,BE:16:0A:00:3B:DA,511,,202,2
377367,send,11:66:F0:00:01:3D,512,,202,2
377367,send,BE:16:0A:00:3B:DA,512,,203,2
377368,send,11:66:F0:00:01:3D,513,,203,2
377368,send,BE:16:0A:00:3B:DA,513,,204,2
377368,send,11:66:F0:00:01:3D,514,,204,2
377369,send,BE:16:0A:00:3B:DA,514,,205,2
377369,send,11:66:F0:00:01:3D,515,,205,2
377370,send,BE:16:0A:00:3B:DA,515,,206,2
377370,send,11:66:F0:00:01:3D,516,,206,2
377371,send,BE:16:0A:00:3B:DA,516,,207,2
377371,send,11:66:F0:00:01:3D,517,,207,2
377371,send,BE:16:0A:00:3B:DA,517,,208,2
377372,send,11:66:F0:00:01:3D,518,,208,2
377372,send,BE:16:0A:00:3B:DA,518,,209,2
377372,send,11:66:F0:00:01:3D,519,,209,2
377372,send,BE:16:0A:00:3B:DA,519,,210,2
377373,send,11:66:F0:00:01:3D,520,,210,2
377373,send,BE:16:0A:00:3B:DA,520,,211,2
377373,send,11:66:F0:00:01:3D,521,,211,2
377373,send,BE:16:0A:00:3B:DA,521,,212,2
377373,send,11:66:F0:00:01:3D,522,,212,2
377374,send,BE:16:0A:00:3B:DA,522,,213,2
377374,send,11:66:F0:00:01:3D,523,,213,2
377374,send,BE:16:0A:00:3B:DA,523,,214,2
377374,send,11:66:F0:00:01:3D,524,,214,2
377375,send,BE:16:0A:00:3B:DA,524,,215,2
377375,send,11:66:F0:00:01:3D,525,,215,2
377375,send,BE:16:0A:00:3B:DA,525,,216,2
377375,send,11:66:F0:00:01:3D,526,,216,2
377375,send,BE:16:0A:00:3B:DA,526,,217,2
377375,send,11:66:F0:00:01:3D,527,,217,2
377376,send,BE:16:0A:00:3B:DA,527,,218,2
377376,send,11:66:F0:00:01:3D,528,,218,2
377376,send,BE:16:0A:00:3B:DA,528,,219,2
377376,send,11:66:F0:00:01:3D,529,,219,2
377376,send,BE:16:0A:00:3B:DA,529,,220,2
377376,send,11:66:F0:00:01:3D,530,,220,2
377376,send,BE:16:0A:00:3B:DA,530,,221,2
377376,send,11:66:F0:00:01:3D,531,,221,2
377377,send,BE:16:0A:00:3B:DA,531,,222,2
377377,send,11:66:F0:00:01:3D,532,,222,2
377377,send,BE:16:0A:00:3B:DA,532,,223,2
377377,send,11:66:F0:00:01:3D,533,,223,2
377377,send,BE:16:0A:00:3B:DA,533,,224,2
377377,send,11:66:F0:00:01:3D,534,,224,2
377378,send,BE:16:0A:00:3B:DA,534,,225,2
377378,send,11:66:F0:00:01:3D,535,,225,2
377378,send,BE:16:0A:00:3B:DA,535,,226,2
377378,send,11:66:F0:00:01:3D,536,,226,2
377378,send,BE:16:0A:00:3B:DA,536,,227,2
377379,send,11:66:F0:00:01:3D,537,,227,2
377379,send,BE:16:0A:00:3B:DA,537,,228,2
377379,send,11:66:F0:00:01:3D,538,,228,2
377379,send,BE:16:0A:00:3B:DA,538,,229,2
377379,send,11:66:F0:00:01:3D,539,,229,2
377379,send,BE:16:0A:00:3B:DA,539,,230,2
377379,send,11:66:F0:00:01:3D,540,,230,2
377380,send,BE:16:0A:00:3B:DA,540,,231,2
377380,send,11:66:F0:00:01:3D,541,,231,2
377380,send,BE:16:0A:00:3B:DA,541,,232,2
377380,send,11:66:F0:00:01:3D,542,,232,2
377380,send,BE:16:0A:00:3B:DA,542,,233,2
377380,send,11:66:F0:00:01:3D,543,,233,2
377380,send,BE:16:0A:00:3B:DA,543,,234,2
377380,send,11:66:F0:00:01:3D,544,,234,2
377381,send,BE:16:0A:00:3B:DA,544,,235,2
377381,send,11:66:F0:00:01:3D,545,,235,2
377381,send,BE:16:0A:00:3B:DA,545,,236,2
377381,send,11:66:F0:00:01:3D,546,,236,2
377381,send,BE:16:0A:00:3B:DA,546,,237,2
377381,send,11:66:F0:00:01:3D,547,,237,2
377381,send,BE:16:0A:00:3B:DA,547,,238,2
377381,send,11:66:F0:00:01:3D,548,,238,2
377382,send,BE:16:0A:00:3B:DA,548,,239,2
377382,send,11:66:F0:00:01:3D,549,,239,2
377382,send,BE:16:0A:00:3B:DA,549,,240,2
377382,send,11:66:F0:00:01:3D,550,,240,2
377382,send,BE:16:0A:00:3B:DA,550,,241,2
377382,send,11:66:F0:00:01:3D,551,,241,2
377382,send,BE:16:0A:00:3B:DA,551,,242,2
377382,send,11:66:F0:00:01:3D,552,,242,2
377382,send,BE:16:0A:00:3B:DA,552,,243,2
377383,send,11:66:F0:00:01:3D,553,,243,2
377383,send,BE:16:0A:00:3B:DA,553,,244,2
377383,send,11:66:F0:00:01:3D,554,,244,2
377383,send,BE:16:0A:00:3B:DA,554,,245,2
377383,send,11:66:F0:00:01:3D,555,,245,2
377383,send,BE:16:0A:00:3B:DA,555,,246,2
377383,send,11:66:F0:00:01:3D,556,,246,2
377383,send,BE:16:0A:00:3B:DA,556,,247,2
377383,send,11:66:F0:00:01:3D,557,,247,2
377384,send,BE:16:0A:00:3B:DA,557,,248,2
377384,send,11:66:F0:00:01:3D,558,,248,2
377384,send,BE:16:0A:00:3B:DA,558,,249,2
377384,send,11:66:F0:00:01:3D,559,,249,2
377384,send,BE:16:0A:00:3B:DA,559,,250,2
377384,send,11:66:F0:00:01:3D,560,,250,2
377384,send,BE:16:0A:00:3B:DA,560,,251,2
377385,send,11:66:F0:00:01:3D,561,,251,2
377385,send,BE:16:0A:00:3B:DA,561,,252,2
377385,send,11:66:F0:00:01:3D,562,,252,2
377385,send,BE:16:0A:00:3B:DA,562,,253,2
377385,send,11:66:F0:00:01:3D,563,,253,2
377385,send,BE:16:0A:00:3B:DA,563,,254,2
377385,send,11:66:F0:00:01:3D,564,,254,2
377385,send,BE:16:0A:00:3B:DA,564,,255,2
377385,send,11:66:F0:00:01:3D,565,,255,2
377386,send,BE:16:0A:00:3B:DA,565,,256,2
377386,send,11:66:F0:00:01:3D,566,,256,2
377386,send,BE:16:0A:00:3B:DA,566,,257,2
377386,send,11:66:F0:00:01:3D,567,,257,2
377386,send,BE:16:0A:00:3B:DA,567,,258,2
377386,send,11:66:F0:00:01:3D,568,,258,2
377386,send,BE:16:0A:00:3B:DA,568,,259,2
377386,send,11:66:F0:00:01:3D,569,,259,2
377386,send,BE:16:0A:00:3B:DA,569,,260,2
377387,send,11:66:F0:00:01:3D,570,,260,2
377387,send,BE:16:0A:00:3B:DA,570,,261,2
377387,send,11:66:F0:00:01:3D,571,,261,2
377387,send,BE:16:0A:00:3B:DA,571,,262,2
377387,send,11:66:F0:00:01:3D,572,,262,2
377387,send,BE:16:0A:00:3B:DA,572,,263,2
377387,send,11:66:F0:00:01:3D,573,,263,2
377387,send,BE:16:0A:00:3B:DA,573,,264,2
377387,send,11:66:F0:00:01:3D,574,,264,2
377387,send,BE:16:0A:00:3B:DA,574,,265,2
377388,send,11:66:F0:00:01:3D,575,,265,2
377388,send,BE:16:0A:00:3B:DA,575,,266,2
377388,send,11:66:F0:00:01:3D,576,,266,2
377388,send,BE:16:0A:00:3B:DA,576,,267,2
377388,send,11:66:F0:00:01:3D,577,,267,2
377388,send,BE:16:0A:00:3B:DA,577,,268,2
377388,send,11:66:F0:00:01:3D,578,,268,2
377388,send,BE:16:0A:00:3B:DA,578,,269,2
377388,send,11:66:F0:00:01:3D,579,,269,2
377388,send,BE:16:0A:00:3B:DA,579,,270,2
377389,send,11:66:F0:00:01:3D,580,,270,2
377389,send,BE:16:0A:00:3B:DA,580,,271,2
377389,send,11:66:F0:00:01:3D,581,,271,2
377389,send,BE:16:0A:00:3B:DA,581,,272,2
377389,send,11:66:F0:00:01:3D,582,,272,2
377389,send,BE:16:0A:00:3B:DA,582,,273,2
377389,send,11:66:F0:00:01:3D,583,,273,2
377389,send,BE:16:0A:00:3B:DA,583,,274,2
377389,send,11:66:F0:00:01:3D,584,,274,2
377389,send,BE:16:0A:00:3B:DA,584,,275,2
377389,send,11:66:F0:00:01:3D,585,,275,2
377390,send,BE:16:0A:00:3B:DA,585,,276,2
377390,send,11:66:F0:00:01:3D,586,,276,2
377390,send,BE:16:0A:00:3B:DA,586,,277,2
377390,send,11:66:F0:00:01:3D,587,,277,2
377390,send,BE:16:0A:00:3B:DA,587,,278,2
377390,send,11:66:F0:00:01:3D,588,,278,2
377390,send,BE:16:0A:00:3B:DA,588,,279,2
377390,send,11:66:F0:00:01:3D,589,,279,2
377390,send,BE:16:0A:00:3B:DA,589,,280,2
377390,send,11:66:F0:00:01:3D,590,,280,2
377391,send,BE:16:0A:00:3B:DA,590,,281,2
377391,send,11:66:F0:00:01:3D,591,,281,2
377391,send,BE:16:0A:00:3B:DA,591,,282,2
377391,send,11:66:F0:00:01:3D,592,,282,2
377391,send,BE:16:0A:00:3B:DA,592,,283,2
377391,send,11:66:F0:00:01:3D,593,,283,2
377391,send,BE:16:0A:00:3B:DA,593,,284,2
377391,send,11:66:F0:00:01:3D,594,,284,2
377391,send,BE:16:0A:00:3B:DA,594,,285,2
377391,send,11:66:F0:00:01:3D,595,,285,2
377391,send,BE:16:0A:00:3B:DA,595,,286,2
377391,send,11:66:F0:00:01:3D,596,,286,2
377392,send,BE:16:0A:00:3B:DA,596,,287,2
377392,send,11:66:F0:00:01:3D,597,,287,2
377392,send,BE:16:0A:00:3B:DA,597,,288,2
377392,send,11:66:F0:00:01:3D,598,,288,2
377392,send,BE:16:0A:00:3B:DA,598,,289,2
377392,send,11:66:F0:00:01:3D,599,,289,2
377392,send,BE:16:0A:00:3B:DA,599,,290,2
377392,send,11:66:F0:00:01:3D,600,,290,2
377392,send,BE:16:0A:00:3B:DA,600,,291,2
377392,send,11:66:F0:00:01:3D,601,,291,2
377392,send,BE:16:0A:00:3B:DA,601,,292,2
377393,send,11:66:F0:00:01:3D,602,,292,2
377393,send,BE:16:0A:00:3B:DA,602,,293,2
377393,send,11:66:F0:00:01:3D,603,,293,2
377393,send,BE:16:0A:00:3B:DA,603,,294,2
377393,send,11:66:F0:00:01:3D,604,,294,2
377393,send,BE:16:0A:00:3B:DA,604,,295,2
377393,send,11:66:F0:00:01:3D,605,,295,2
377393,send,BE:16:0A:00:3B:DA,605,,296,2
377393,send,11:66:F0:00:01:3D,606,,296,2
377393,send,BE:16:0A:00:3B:DA,606,,297,2
377393,send,11:66:F0:00:01:3D,607,,297,2
377393,send,BE:16:0A:00:3B:DA,607,,298,2
377394,send,11:66:F0:00:01:3D,608,,298,2
377394,send,BE:16:0A:00:3B:DA,608,,299,2
377394,send,11:66:F0:00:01:3D,609,,299,2
377394,send,BE:16:0A:00:3B:DA,609,,300,2
377394,send,11:66:F0:00:01:3D,610,,300,2
377394,send,BE:16:0A:00:3B:DA,610,,301,2
377394,send,11:66:F0:00:01:3D,611,,301,2
377394,send,BE:16:0A:00:3B:DA,611,,302,2
377394,send,11:66:F0:00:01:3D,612,,302,2
377394,send,BE:16:0A:00:3B:DA,612,,303,2
377395,send,11:66:F0:00:01:3D,613,,303,2
377395,send,BE:16:0A:00:3B:DA,613,,304,2
377395,send,11:66:F0:00:01:3D,614,,304,2
377395,send,BE:16:0A:00:3B:DA,614,,305,2
377395,send,11:66:F0:00:01:3D,615,,305,2
377395,send,BE:16:0A:00:3B:DA,615,,306,2
377395,send,11:66:F0:00:01:3D,616,,306,2
377395,send,BE:16:0A:00:3B:DA,616,,307,2
377395,send,11:66:F0:00:01:3D,617,,307,2
377395,send,BE:16:0A:00:3B:DA,617,,308,2
377395,send,11:66:F0:00:01:3D,618,,308,2
377395,send,BE:16:0A:00:3B:DA,618,,309,2
377396,send,11:66:F0:00:01:3D,619,,309,2
377396,send,BE:16:0A:00:3B:DA,619,,310,2
377396,send,11:66:F0:00:01:3D,620,,310,2
377396,send,BE:16:0A:00:3B:DA,620,,311,2
377396,send,11:66:F0:00:01:3D,621,,311,2
377396,send,BE:16:0A:00:3B:DA,621,,312,2
377396,send,11:66:F0:00:01:3D,622,,312,2
377396,send,BE:16:0A:00:3B:DA,622,,313,2
377396,send,11:66:F0:00:01:3D,623,,313,2
377396,send,BE:16:0A:00:3B:DA,623,,314,2
377396,send,11:66:F0:00:01:3D,624,,314,2
377396,send,BE:16:0A:00:3B:DA,624,,315,2
377396,send,11:66:F0:00:01:3D,625,,315,2
377396,send,BE:16:0A:00:3B:DA,625,,316,2
377397,send,11:66:F0:00:01:3D,626,,316,2
377397,send,BE:16:0A:00:3B:DA,626,,317,2
377397,send,11:66:F0:00:01:3D,627,,317,2
377397,send,BE:16:0A:00:3B:DA,627,,318,2
377397,send,11:66:F0:00:01:3D,628,,318,2
377397,send,BE:16:0A:00:3B:DA,628,,319,2
377397,send,11:66:F0:00:01:3D,629,,319,2
377397,send,BE:16:0A:00:3B:DA,629,,320,2
377397,send,11:66:F0:00:01:3D,630,,320,2
377397,send,BE:16:0A:00:3B:DA,630,,321,2
377397,send,11:66:F0:00:01:3D,631,,321,2
377397,send,BE:16:0A:00:3B:DA,631,,322,2
377397,send,11:66:F0:00:01:3D,632,,322,2
377397,send,BE:16:0A:00:3B:DA,632,,323,2
377398,send,11:66:F0:00:01:3D,633,,323,2
377398,send,BE:16:0A:00:3B:DA,633,,324,2
377398,send,11:66:F0:00:01:3D,634,,324,2
377398,send,BE:16:0A:00:3B:DA,634,,325,2
377398,send,11:66:F0:00:01:3D,635,,325,2
377398,send,BE:16:0A:00:3B:DA,635,,326,2
377398,send,11:66:F0:00:01:3D,636,,326,2
377398,send,BE:16:0A:00:3B:DA,636,,327,2
377398,send,11:66:F0:00:01:3D,637,,327,2
377398,send,BE:16:0A:00:3B:DA,637,,328,2
377398,send,11:66:F0:00:01:3D,638,,328,2
377398,send,BE:16:0A:00:3B:DA,638,,329,2
377398,send,11:66:F0:00:01:3D,639,,329,2
377399,send,BE:16:0A:00:3B:DA,639,,330,2
377399,send,11:66:F0:00:01:3D,640,,330,2
377399,send,BE:16:0A:00:3B:DA,640,,331,2
377399,send,11:66:F0:00:01:3D,641,,331,2
377399,send,BE:16:0A:00:3B:DA,641,,332,2
377399,send,11:66:F0:00:01:3D,642,,332,2
377399,send,BE:16:0A:00:3B:DA,642,,333,2
377399,send,11:66:F0:00:01:3D,643,,333,2
377399,send,BE:16:0A:00:3B:DA,643,,334,2
377399,send,11:66:F0:00:01:3D,644,,334,2
377399,send,BE:16:0A:00:3B:DA,644,,335,2
377399,send,11:66:F0:00:01:3D,645,,335,2
377399,send,BE:16:0A:00:3B:DA,645,,336,2
377399,send,11:66:F0:00:01:3D,646,,336,2
377400,send,BE:16:0A:00:3B:DA,646,,337,2
377400,send,11:66:F0:00:01:3D,647,,337,2
377400,send,BE:16:0A:00:3B:DA,647,,338,2
377400,send,11:66:F0:00:01:3D,648,,338,2
377400,send,BE:16:0A:00:3B:DA,648,,339,2
377400,send,11:66:F0:00:01:3D,649,,339,2
377400,send,BE:16:0A:00:3B:DA,649,,340,2
377400,send,11:66:F0:00:01:3D,650,,340,2
377400,send,BE:16:0A:00:3B:DA,650,,341,2
377400,send,11:66:F0:00:01:3D,651,,341,2
377400,send,BE:16:0A:00:3B:DA,651,,342,2
377400,send,11:66:F0:00:01:3D,652,,342,2
377400,send,BE:16:0A:00:3B:DA,652,,343,2
377400,send,11:66:F0:00:01:3D,653,,343,2
377400,send,BE:16:0A:00:3B:DA,653,,344,2
377401,send,11:66:F0:00:01:3D,654,,344,2
377401,send,BE:16:0A:00:3B:DA,654,,345,2
377401,send,11:66:F0:00:01:3D,655,,345,2
377401,send,BE:16:0A:00:3B:DA,655,,346,2
377401,send,11:66:F0:00:01:3D,656,,346,2
377401,send,BE:16:0A:00:3B:DA,656,,347,2
377401,send,11:66:F0:00:01:3D,657,,347,2
377401,send,BE:16:0A:00:3B:DA,657,,348,2
377401,send,11:66:F0:00:01:3D,658,,348,2
377401,send,BE:16:0A:00:3B:DA,658,,349,2
377401,send,11:66:F0:00:01:3D,659,,349,2
377401,send,BE:16:0A:00:3B:DA,659,,350,2
377401,send,11:66:F0:00:01:3D,660,,350,2
377401,send,BE:16:0A:00:3B:DA,660,,351,2
377401,send,11:66:F0:00:01:3D,661,,351,2
377402,send,BE:16:0A:00:3B:DA,661,,352,2
377402,send,11:66:F0:00:01:3D,662,,352,2
377402,send,BE:16:0A:00:3B:DA,662,,353,2
377402,send,11:66:F0:00:01:3D,663,,353,2
377402,send,BE:16:0A:00:3B:DA,663,,354,2
377402,send,11:66:F0:00:01:3D,664,,354,2
377402,send,BE:16:0A:00:3B:DA,664,,355,2
377402,send,11:66:F0:00:01:3D,665,,355,2
377402,send,BE:16:0A:00:3B:DA,665,,356,2
377402,send,11:66:F0:00:01:3D,666,,356,2
377402,send,BE:16:0A:00:3B:DA,666,,357,2
377402,send,11:66:F0:00:01:3D,667,,357,2
377402,send,BE:16:0A:00:3B:DA,667,,358,2
377402,send,11:66:F0:00:01:3D,668,,358,2
377402,send,BE:16:0A:00:3B:DA,668,,359,2
377403,send,11:66:F0:00:01:3D,669,,359,2
377403,send,BE:16:0A:00:3B:DA,669,,360,2
377403,send,11:66:F0:00:01:3D,670,,360,2
377403,send,BE:16:0A:00:3B:DA,670,,361,2
377403,send,11:66:F0:00:01:3D,671,,361,2
377403,send,BE:16:0A:00:3B:DA,671,,362,2
377403,send,11:66:F0:00:01:3D,672,,362,2
377403,send,BE:16:0A:00:3B:DA,672,,363,2
377403,send,11:66:F0:00:01:3D,673,,363,2
377403,send,BE:16:0A:00:3B:DA,673,,364,2
377403,send,11:66:F0:00:01:3D,674,,364,2
377403,send,BE:16:0A:00:3B:DA,674,,365,2
377403,send,11:66:F0:00:01:3D,675,,365,2
377403,send,BE:16:0A:00:3B:DA,675,,366,2
377403,send,11:66:F0:00:01:3D,676,,366,2
377403,send,BE:16:0A:00:3B:DA,676,,367,2
377404,send,11:66:F0:00:01:3D,677,,367,2
377404,send,BE:16:0A:00:3B:DA,677,,368,2
377404,send,11:66:F0:00:01:3D,678,,368,2
377404,send,BE:16:0A:00:3B:DA,678,,369,2
377404,send,11:66:F0:00:01:3D,679,,369,2
377404,send,BE:16:0A:00:3B:DA,679,,370,2
377404,send,11:66:F0:00:01:3D,680,,370,2
377404,send,BE:16:0A:00:3B:DA,680,,371,2
377404,send,11:66:F0:00:01:3D,681,,371,2
377404,send,BE:16:0A:00:3B:DA,681,,372,2
377404,send,11:66:F0:00:01:3D,682,,372,2
377404,send,BE:16:0A:00:3B:DA,682,,373,2
377404,send,11:66:F0:00:01:3D,683,,373,2
377404,send,BE:16:0A:00:3B:DA,683,,374,2
377404,send,11:66:F0:00:01:3D,684,,374,2
377404,send,BE:16:0A:00:3B:DA,684,,375,2
377405,send,11:66:F0:00:01:3D,685,,375,2
377405,send,BE:16:0A:00:3B:DA,685,,376,2
377405,send,11:66:F0:00:01:3D,686,,376,2
377405,send,BE:16:0A:00:3B:DA,686,,377,2
377405,send,11:66:F0:00:01:3D,687,,377,2
377405,send,BE:16:0A:00:3B:DA,687,,378,2
377405,send,11:66:F0:00:01:3D,688,,378,2
377405,send,BE:16:0A:00:3B:DA,688,,379,2
377405,send,11:66:F0:00:01:3D,689,,379,2
377405,send,BE:16:0A:00:3B:DA,689,,380,2
377405,send,11:66:F0:00:01:3D,690,,380,2
377405,send,BE:16:0A:00:3B:DA,690,,381,2
377405,send,11:66:F0:00:01:3D,691,,381,2
377405,send,BE:16:0A:00:3B:DA,691,,382,2
377405,send,11:66:F0:00:01:3D,692,,382,2
377406,send,BE:16:0A:00:3B:DA,692,,383,2
377406,send,11:66:F0:00:01:3D,693,,383,2
377406,send,BE:16:0A:00:3B:DA,693,,384,2
377406,send,11:66:F0:00:01:3D,694,,384,2
377406,send,BE:16:0A:00:3B:DA,694,,385,2
377406,send,11:66:F0:00:01:3D,695,,385,2
377406,send,BE:16:0A:00:3B:DA,695,,386,2
377406,send,11:66:F0:00:01:3D,696,,386,2
377406,send,BE:16:0A:00:3B:DA,696,,387,2
377406,send,11:66:F0:00:01:3D,697,,387,2
377406,send,BE:16:0A:00:3B:DA,697,,388,2
377406,send,11:66:F0:00:01:3D,698,,388,2
377406,send,BE:16:0A:00:3B:DA,698,,389,2
377406,send,11:66:F0:00:01:3D,699,,389,2
377406,send,BE:16:0A:00:3B:DA,699,,390,2
377406,send,11:66:F0:00:01:3D,700,,390,2
377408,send,BE:16:0A:00:3B:DA,700,,391,2
377408,send,11:66:F0:00:01:3D,701,,391,2
377408,send,BE:16:0A:00:3B:DA,701,,392,2
377408,send,11:66:F0:00:01:3D,702,,392,2
377408,send,BE:16:0A:00:3B:DA,702,,393,2
377409,send,11:66:F0:00:01:3D,703,,393,2
377409,send,BE:16:0A:00:3B:DA,703,,394,2
377409,send,11:66:F0:00:01:3D,704,,394,2
377409,send,BE:16:0A:00:3B:DA,704,,395,2
377409,ack,11:66:F0:00:01:3D,,0,393,2
377409,send,11:66:F0:00:01:3D,705,,394,2
377409,send,BE:16:0A:00:3B:DA,705,,396,2
377409,send,11:66:F0:00:01:3D,706,,395,2
377409,send,BE:16:0A:00:3B:DA,706,,397,2
377418,ack,BE:16:0A:00:3B:DA,,0,396,2
377467,ack,11:66:F0:00:01:3D,,0,394,2
379411,send,11:66:F0:00:01:3D,707,,395,2
379420,send,BE:16:0A:00:3B:DA,707,,397,2
379421,ack,11:66:F0:00:01:3D,,0,394,2
379428,ack,BE:16:0A:00:3B:DA,,0,396,2
379448,send,11:66:F0:00:01:3D,708,,395,2
379449,send,BE:16:0A:00:3B:DA,708,,397,2
379471,send,11:66:F0:00:01:3D,709,,396,2
379478,send,BE:16:0A:00:3B:DA,709,,398,2
379479,ack,11:66:F0:00:01:3D,,0,395,2
379486,ack,BE:16:0A:00:3B:DA,,0,397,2
379499,send,11:66:F0:00:01:3D,710,,396,2
379500,send,BE:16:0A:00:3B:DA,710,,398,2
379521,send,11:66:F0:00:01:3D,711,,397,2
379521,send,BE:16:0A:00:3B:DA,711,,399,2
379538,ack,11:66:F0:00:01:3D,,0,396,2
379542,send,11:66:F0:00:01:3D,712,,397,2
379543,send,BE:16:0A:00:3B:DA,712,,400,2
379544,ack,BE:16:0A:00:3B:DA,,0,399,2
379564,send,11:66:F0:00:01:3D,713,,398,2
379565,send,BE:16:0A:00:3B:DA,713,,400,2
379585,send,11:66:F0:00:01:3D,714,,399,2
379586,send,BE:16:0A:00:3B:DA,714,,401,2
379601,ack,11:66:F0:00:01:3D,,0,398,2
379602,ack,BE:16:0A:00:3B:DA,,0,400,2
379607,send,11:66:F0:00:01:3D,715,,399,2
379608,send,BE:16:0A:00:3B:DA,715,,401,2
379629,send,11:66:F0:00:01:3D,716,,400,2
379630,send,BE:16:0A:00:3B:DA,716,,402,2
379651,send,11:66:F0:00:01:3D,717,,401,2
379655,send,BE:16:0A:00:3B:DA,717,,403,2
379657,ack,11:66:F0:00:01:3D,,0,400,2
379659,ack,BE:16:0A:00:3B:DA,,0,402,2
379679,send,11:66:F0:00:01:3D,718,,401,2
379680,send,BE:16:0A:00:3B:DA,718,,403,2
379700,send,11:66:F0:00:01:3D,719,,402,2
379701,send,BE:16:0A:00:3B:DA,719,,404,2
379718,ack,BE:16:0A:00:3B:DA,,0,403,2
379718,ack,11:66:F0:00:01:3D,,0,401,2
379723,send,11:66:F0:00:01:3D,720,,402,2
379724,send,BE:16:0A:00:3B:DA,720,,404,2
379745,send,11:66:F0:00:01:3D,721,,403,2
379746,send,BE:16:0A:00:3B:DA,721,,405,2
379766,send,11:66:F0:00:01:3D,722,,404,2
379767,send,BE:16:0A:00:3B:DA,722,,406,2
379775,ack,BE:16:0A:00:3B:DA,,0,405,2
379778,ack,11:66:F0:00:01:3D,,0,403,2
379793,send,11:66:F0:00:01:3D,723,,404,2
379794,send,BE:16:0A:00:3B:DA,723,,406,2
379815,send,11:66:F0:00:01:3D,724,,405,2
379816,send,BE:16:0A:00:3B:DA,724,,407,2
379836,ack,BE:16:0A:00:3B:DA,,0,406,2
379837,send,11:66:F0:00:01:3D,725,,406,2
379837,ack,11:66:F0:00:01:3D,,0,405,2
379837,send,BE:16:0A:00:3B:DA,725,,407,2
379858,send,11:66:F0:00:01:3D,726,,406,2
379859,send,BE:16:0A:00:3B:DA,726,,408,2
379879,send,11:66:F0:00:01:3D,727,,407,2
379880,send,BE:16:0A:00:3B:DA,727,,409,2
379893,ack,BE:16:0A:00:3B:DA,,0,408,2
379894,ack,11:66:F0:00:01:3D,,0,406,2
379901,send,11:66:F0:00:01:3D,728,,407,2
379903,send,BE:16:0A:00:3B:DA,728,,409,2
379923,send,11:66:F0:00:01:3D,729,,408,2
379924,send,BE:16:0A:00:3B:DA,729,,410,2
379944,send,11:66:F0:00:01:3D,730,,409,2
379952,send,BE:16:0A:00:3B:DA,730,,411,2
379953,ack,11:66:F0:00:01:3D,,0,408,2
379953,ack,BE:16:0A:00:3B:DA,,0,410,2
379972,send,11:66:F0:00:01:3D,731,,409,2
379974,send,BE:16:0A:00:3B:DA,731,,411,2
379994,send,11:66:F0:00:01:3D,732,,410,2
379994,send,BE:16:0A:00:3B:DA,732,,412,2
380012,ack,11:66:F0:00:01:3D,,0,409,2
380012,ack,BE:16:0A:00:3B:DA,,0,411,2
380015,send,11:66:F0:00:01:3D,733,,410,2
380016,send,BE:16:0A:00:3B:DA,733,,412,2
380037,send,11:66:F0:00:01:3D,734,,411,2
380038,send,BE:16:0A:00:3B:DA,734,,413,2
380059,send,11:66:F0:00:01:3D,735,,412,2
380060,send,BE:16:0A:00:3B:DA,735,,414,2
380071,ack,11:66:F0:00:01:3D,,0,411,2
380072,ack,BE:16:0A:00:3B:DA,,0,413,2
380080,send,11:66:F0:00:01:3D,736,,412,2
380081,send,BE:16:0A:00:3B:DA,736,,414,2
380103,send,11:66:F0:00:01:3D,737,,413,2
380104,send,BE:16:0A:00:3B:DA,737,,415,2
380126,send,11:66:F0:00:01:3D,738,,414,2
380128,send,BE:16:0A:00:3B:DA,738,,416,2
380130,ack,11:66:F0:00:01:3D,,0,413,2
380130,ack,BE:16:0A:00:3B:DA,,0,415,2
380149,send,11:66:F0:00:01:3D,739,,414,2
380150,send,BE:16:0A:00:3B:DA,739,,416,2
380171,send,11:66:F0:00:01:3D,740,,415,2
380172,send,BE:16:0A:00:3B:DA,740,,417,2
380188,ack,BE:16:0A:00:3B:DA,,0,416,2
380188,ack,11:66:F0:00:01:3D,,0,414,2
380193,send,11:66:F0:00:01:3D,741,,415,2
380194,send,BE:16:0A:00:3B:DA,741,,417,2
380214,send,11:66:F0:00:01:3D,742,,416,2
380215,send,BE:16:0A:00:3B:DA,742,,418,2
380236,send,11:66:F0:00:01:3D,743,,417,2
380237,send,BE:16:0A:00:3B:DA,743,,419,2
380244,ack,BE:16:0A:00:3B:DA,,0,418,2
380248,ack,11:66:F0:00:01:3D,,0,416,2
380261,send,11:66:F0:00:01:3D,744,,417,2
380263,send,BE:16:0A:00:3B:DA,744,,419,2
380283,send,11:66:F0:00:01:3D,745,,418,2
380284,send,BE:16:0A:00:3B:DA,745,,420,2
380304,send,11:66:F0:00:01:3D,746,,419,2
380305,ack,BE:16:0A:00:3B:DA,,0,419,2
380308,ack,11:66:F0:00:01:3D,,0,418,2
380309,send,BE:16:0A:00:3B:DA,746,,420,2
380331,send,11:66:F0:00:01:3D,747,,419,2
380332,send,BE:16:0A:00:3B:DA,747,,421,2
380353,send,11:66:F0:00:01:3D,748,,420,2
380353,send,BE:16:0A:00:3B:DA,748,,422,2
380366,ack,BE:16:0A:00:3B:DA,,0,421,2
380367,ack,11:66:F0:00:01:3D,,0,419,2
380374,send,11:66:F0:00:01:3D,749,,420,2
380376,send,BE:16:0A:00:3B:DA,749,,422,2
380398,send,11:66:F0:00:01:3D,750,,421,2
380399,send,BE:16:0A:00:3B:DA,750,,423,2
380422,send,11:66:F0:00:01:3D,751,,422,2
380429,send,BE:16:0A:00:3B:DA,751,,424,2
380430,ack,11:66:F0:00:01:3D,,0,421,2
380430,ack,BE:16:0A:00:3B:DA,,0,423,2
380452,send,11:66:F0:00:01:3D,752,,422,2
380453,send,BE:16:0A:00:3B:DA,752,,424,2
380475,send,11:66:F0:00:01:3D,753,,423,2
380476,send,BE:16:0A:00:3B:DA,753,,425,2
380491,ack,BE:16:0A:00:3B:DA,,0,424,2
380491,ack,11:66:F0:00:01:3D,,0,422,2
380498,send,11:66:F0:00:01:3D,754,,423,2
380499,send,BE:16:0A:00:3B:DA,754,,425,2
380522,send,11:66:F0:00:01:3D,755,,424,2
380522,send,BE:16:0A:00:3B:DA,755,,426,2
380543,send,11:66:F0:00:01:3D,756,,425,2
380547,send,BE:16:0A:00:3B:DA,756,,427,2
380548,ack,11:66:F0:00:01:3D,,0,424,2
380549,ack,BE:16:0A:00:3B:DA,,0,426,2
380569,send,11:66:F0:00:01:3D,757,,425,2
380570,send,BE:16:0A:00:3B:DA,757,,427,2
380591,send,11:66:F0:00:01:3D,758,,426,2
380592,send,BE:16:0A:00:3B:DA,758,,428,2
380609,ack,11:66:F0:00:01:3D,,0,425,2
380609,ack,BE:16:0A:00:3B:DA,,0,427,2
380612,send,11:66:F0:00:01:3D,759,,426,2
380613,send,BE:16:0A:00:3B:DA,759,,428,2
380635,send,11:66:F0:00:01:3D,760,,427,2
380636,send,BE:16:0A:00:3B:DA,760,,429,2
380656,send,11:66:F0:00:01:3D,761,,428,2
380657,send,BE:16:0A:00:3B:DA,761,,430,2
380672,ack,11:66:F0:00:01:3D,,0,427,2
380673,ack,BE:16:0A:00:3B:DA,,0,429,2
380678,send,11:66:F0:00:01:3D,762,,428,2
380679,send,BE:16:0A:00:3B:DA,762,,430,2
380700,send,11:66:F0:00:01:3D,763,,429,2
380701,send,BE:16:0A:00:3B:DA,763,,431,2
380723,send,11:66:F0:00:01:3D,764,,430,2
380730,send,BE:16:0A:00:3B:DA,764,,432,2
380730,ack,11:66:F0:00:01:3D,,0,429,2
380731,ack,BE:16:0A:00:3B:DA,,0,431,2
380751,send,11:66:F0:00:01:3D,765,,430,2
380752,send,BE:16:0A:00:3B:DA,765,,432,2
380775,send,11:66:F0:00:01:3D,766,,431,2
380776,send,BE:16:0A:00:3B:DA,766,,433,2
380791,ack,11:66:F0:00:01:3D,,0,430,2
380792,ack,BE:16:0A:00:3B:DA,,0,432,2
380798,send,11:66:F0:00:01:3D,767,,431,2
380800,send,BE:16:0A:00:3B:DA,767,,433,2
380820,send,11:66:F0:00:01:3D,768,,432,2
380820,send,BE:16:0A:00:3B:DA,768,,434,2
380841,send,11:66:F0:00:01:3D,769,,433,2
380848,send,BE:16:0A:00:3B:DA,769,,435,2
380851,ack,BE:16:0A:00:3B:DA,,0,434,2
380851,ack,11:66:F0:00:01:3D,,0,432,2
380870,send,11:66:F0:00:01:3D,770,,433,2
380871,send,BE:16:0A:00:3B:DA,770,,435,2
380893,send,11:66:F0:00:01:3D,771,,434,2
380894,send,BE:16:0A:00:3B:DA,771,,436,2
380914,ack,11:66:F0:00:01:3D,,0,433,2
380915,ack,BE:16:0A:00:3B:DA,,0,435,2
380915,send,11:66:F0:00:01:3D,772,,434,2
380916,send,BE:16:0A:00:3B:DA,772,,436,2
380939,send,11:66:F0:00:01:3D,773,,435,2
380940,send,BE:16:0A:00:3B:DA,773,,437,2
380961,send,11:66:F0:00:01:3D,774,,436,2
380961,send,BE:16:0A:00:3B:DA,774,,438,2
380974,ack,11:66:F0:00:01:3D,,0,435,2
380975,ack,BE:16:0A:00:3B:DA,,0,437,2
380989,send,11:66:F0:00:01:3D,775,,436,2
380990,send,BE:16:0A:00:3B:DA,775,,438,2
381010,send,11:66:F0:00:01:3D,776,,437,2
381011,send,BE:16:0A:00:3B:DA,776,,439,2
381032,send,11:66:F0:00:01:3D,777,,438,2
381032,send,BE:16:0A:00:3B:DA,777,,440,2
381034,ack,11:66:F0:00:01:3D,,0,437,2
381034,ack,BE:16:0A:00:3B:DA,,0,439,2
381053,send,11:66:F0:00:01:3D,778,,438,2
381053,send,BE:16:0A:00:3B:DA,778,,440,2
381074,send,11:66:F0:00:01:3D,779,,439,2
381075,send,BE:16:0A:00:3B:DA,779,,441,2
381095,ack,BE:16:0A:00:3B:DA,,0,440,2
381096,send,11:66:F0:00:01:3D,780,,440,2
381096,send,BE:16:0A:00:3B:DA,780,,441,2
381096,ack,11:66:F0:00:01:3D,,0,439,2
381117,send,11:66:F0:00:01:3D,781,,440,2
381118,send,BE:16:0A:00:3B:DA,781,,442,2
381141,send,11:66:F0:00:01:3D,782,,441,2
381142,send,BE:16:0A:00:3B:DA,782,,443,2
381158,ack,BE:16:0A:00:3B:DA,,0,442,2
381158,ack,11:66:F0:00:01:3D,,0,440,2
381164,send,11:66:F0:00:01:3D,783,,441,2
381166,send,BE:16:0A:00:3B:DA,783,,443,2
381187,send,11:66:F0:00:01:3D,784,,442,2
381188,send,BE:16:0A:00:3B:DA,784,,444,2
381211,send,11:66:F0:00:01:3D,785,,443,2
381217,send,BE:16:0A:00:3B:DA,785,,445,2
381218,ack,11:66:F0:00:01:3D,,0,442,2
381218,ack,BE:16:0A:00:3B:DA,,0,444,2
381240,send,11:66:F0:00:01:3D,786,,443,2
381241,send,BE:16:0A:00:3B:DA,786,,445,2
381264,send,11:66:F0:00:01:3D,787,,444,2
381265,send,BE:16:0A:00:3B:DA,787,,446,2
381278,ack,11:66:F0:00:01:3D,,0,443,2
381278,ack,BE:16:0A:00:3B:DA,,0,445,2
381287,send,11:66:F0:00:01:3D,788,,444,2
381288,send,BE:16:0A:00:3B:DA,788,,446,2
381311,send,11:66:F0:00:01:3D,789,,445,2
381312,send,BE:16:0A:00:3B:DA,789,,447,2
381333,send,11:66:F0:00:01:3D,790,,446,2
381339,send,BE:16:0A:00:3B:DA,790,,448,2
381341,ack,11:66:F0:00:01:3D,,0,445,2
381341,ack,BE:16:0A:00:3B:DA,,0,447,2
381361,send,11:66:F0:00:01:3D,791,,446,2
381361,send,BE:16:0A:00:3B:DA,791,,448,2
381382,send,11:66:F0:00:01:3D,792,,447,2
381383,send,BE:16:0A:00:3B:DA,792,,449,2
381405,ack,11:66:F0:00:01:3D,,0,446,2
381405,ack,BE:16:0A:00:3B:DA,,0,448,2
381405,send,11:66:F0:00:01:3D,793,,447,2
381406,send,BE:16:0A:00:3B:DA,793,,449,2
381427,send,11:66:F0:00:01:3D,794,,448,2
381428,send,BE:16:0A:00:3B:DA,794,,450,2
381449,send,11:66:F0:00:01:3D,795,,449,2
381449,send,BE:16:0A:00:3B:DA,795,,451,2
381466,ack,BE:16:0A:00:3B:DA,,0,450,2
381466,ack,11:66:F0:00:01:3D,,0,448,2
381471,send,11:66:F0:00:01:3D,796,,449,2
381472,send,BE:16:0A:00:3B:DA,796,,451,2
381493,send,11:66:F0:00:01:3D,797,,450,2
381494,send,BE:16:0A:00:3B:DA,797,,452,2
381521,send,11:66:F0:00:01:3D,798,,451,2
381524,send,BE:16:0A:00:3B:DA,798,,453,2
381526,ack,11:66:F0:00:01:3D,,0,450,2
381526,ack,BE:16:0A:00:3B:DA,,0,452,2
381546,send,11:66:F0:00:01:3D,799,,451,2
381547,send,BE:16:0A:00:3B:DA,799,,453,2
381569,send,11:66:F0:00:01:3D,800,,452,2
381570,send,BE:16:0A:00:3B:DA,800,,454,2
381584,ack,11:66:F0:00:01:3D,,0,451,2
381584,ack,BE:16:0A:00:3B:DA,,0,453,2
381591,send,11:66:F0:00:01:3D,801,,452,2
381592,send,BE:16:0A:00:3B:DA,801,,454,2
381612,send,11:66:F0:00:01:3D,802,,453,2
381613,send,BE:16:0A:00:3B:DA,802,,455,2
381634,send,11:66:F0:00:01:3D,803,,454,2
381641,send,BE:16:0A:00:3B:DA,803,,456,2
381641,ack,11:66:F0:00:01:3D,,0,453,2
381641,ack,BE:16:0A:00:3B:DA,,0,455,2
381662,send,11:66:F0:00:01:3D,804,,454,2
381663,send,BE:16:0A:00:3B:DA,804,,456,2
381684,send,11:66:F0:00:01:3D,805,,455,2
381685,send,BE:16:0A:00:3B:DA,805,,457,2
381699,ack,11:66:F0:00:01:3D,,0,454,2
381701,ack,BE:16:0A:00:3B:DA,,0,456,2
381706,send,11:66:F0:00:01:3D,806,,455,2
381708,send,BE:16:0A:00:3B:DA,806,,457,2
381761,ack,11:66:F0:00:01:3D,,0,454,2
381761,ack,BE:16:0A:00:3B:DA,,0,456,2
383229,send,11:66:F0:00:01:3D,807,,455,2
383236,send,BE:16:0A:00:3B:DA,807,,457,2
383238,ack,11:66:F0:00:01:3D,,0,454,2
383244,ack,BE:16:0A:00:3B:DA,,0,456,2
384245,send,11:66:F0:00:01:3D,808,,455,2
384253,send,BE:16:0A:00:3B:DA,808,,457,2
384254,ack,11:66:F0:00:01:3D,,0,454,2
384260,ack,BE:16:0A:00:3B:DA,,0,456,2
384379,send,11:66:F0:00:01:3D,809,,455,2
384387,send,BE:16:0A:00:3B:DA,809,,457,2
384388,ack,11:66:F0:00:01:3D,,0,454,2
384394,ack,BE:16:0A:00:3B:DA,,0,456,2
384674,send,11:66:F0:00:01:3D,810,,455,2
384681,send,BE:16:0A:00:3B:DA,810,,457,2
384684,ack,11:66:F0:00:01:3D,,0,454,2
384688,ack,BE:16:0A:00:3B:DA,,0,456,2
384807,send,11:66:F0:00:01:3D,811,,455,2
384813,send,BE:16:0A:00:3B:DA,811,,457,2
384813,ack,11:66:F0:00:01:3D,,0,454,2
384818,ack,BE:16:0A:00:3B:DA,,0,456,2
385099,send,11:66:F0:00:01:3D,812,,455,2
385108,send,BE:16:0A:00:3B:DA,812,,457,2
385110,ack,11:66:F0:00:01:3D,,0,454,2
385116,ack,BE:16:0A:00:3B:DA,,0,456,2
385236,send,11:66:F0:00:01:3D,813,,455,2
385242,send,BE:16:0A:00:3B:DA,813,,457,2
385243,ack,11:66:F0:00:01:3D,,0,454,2
385247,ack,BE:16:0A:00:3B:DA,,0,456,2
387030,send,11:66:F0:00:01:3D,814,,455,2
387037,send,BE:16:0A:00:3B:DA,814,,457,2
387037,ack,11:66:F0:00:01:3D,,0,454,2
387044,ack,BE:16:0A:00:3B:DA,,0,456,2
387743,send,11:66:F0:00:01:3D,815,,455,2
387748,send,BE:16:0A:00:3B:DA,815,,457,2
387749,ack,11:66:F0:00:01:3D,,0,454,2
387753,ack,BE:16:0A:00:3B:DA,,0,456,2
388254,send,11:66:F0:00:01:3D,816,,455,2
388263,send,BE:16:0A:00:3B:DA,816,,457,2
388264,ack,11:66:F0:00:01:3D,,0,454,2
388272,ack,BE:16:0A:00:3B:DA,,0,456,2
388273,send,11:66:F0:00:01:3D,817,,455,2
388274,send,BE:16:0A:00:3B:DA,817,,457,2
388322,ack,11:66:F0:00:01:3D,,0,454,2
388329,ack,BE:16:0A:00:3B:DA,,0,456,2
388977,send,11:66:F0:00:01:3D,818,,455,2
388985,send,BE:16:0A:00:3B:DA,818,,457,2
388988,ack,11:66:F0:00:01:3D,,0,454,2
388991,ack,BE:16:0A:00:3B:DA,,0,456,2
389493,send,11:66:F0:00:01:3D,819,,455,2
389503,send,BE:16:0A:00:3B:DA,819,,457,2
389504,ack,11:66:F0:00:01:3D,,0,454,2
389511,ack,BE:16:0A:00:3B:DA,,0,456,2
389512,send,11:66:F0:00:01:3D,820,,455,2
389513,send,BE:16:0A:00:3B:DA,820,,457,2
389563,ack,11:66:F0:00:01:3D,,0,454,2
389567,ack,BE:16:0A:00:3B:DA,,0,456,2
390216,send,11:66:F0:00:01:3D,821,,455,2
390223,send,BE:16:0A:00:3B:DA,821,,457,2
390223,ack,11:66:F0:00:01:3D,,0,454,2
390228,ack,BE:16:0A:00:3B:DA,,0,456,2
390731,send,11:66:F0:00:01:3D,822,,455,2
390740,send,BE:16:0A:00:3B:DA,822,,457,2
390740,ack,11:66:F0:00:01:3D,,0,454,2
390747,ack,BE:16:0A:00:3B:DA,,0,456,2
390748,send,11:66:F0:00:01:3D,823,,455,2
390749,send,BE:16:0A:00:3B:DA,823,,457,2
390803,ack,11:66:F0:00:01:3D,,0,454,2
390805,ack,BE:16:0A:00:3B:DA,,0,456,2
391452,send,11:66:F0:00:01:3D,824,,455,2
391461,send,BE:16:0A:00:3B:DA,824,,457,2
391462,ack,11:66:F0:00:01:3D,,0,454,2
391469,ack,BE:16:0A:00:3B:DA,,0,456,2
391970,send,11:66:F0:00:01:3D,825,,455,2
391977,send,BE:16:0A:00:3B:DA,825,,457,2
391979,ack,11:66:F0:00:01:3D,,0,454,2
391983,ack,BE:16:0A:00:3B:DA,,0,456,2
391984,send,11:66:F0:00:01:3D,826,,455,2
391985,send,BE:16:0A:00:3B:DA,826,,457,2
392040,ack,11:66:F0:00:01:3D,,0,454,2
392041,ack,BE:16:0A:00:3B:DA,,0,456,2
392686,send,11:66:F0:00:01:3D,827,,455,2
392692,send,BE:16:0A:00:3B:DA,827,,457,2
392695,ack,11:66:F0:00:01:3D,,0,454,2
392698,ack,BE:16:0A:00:3B:DA,,0,456,2
393199,send,11:66:F0:00:01:3D,828,,455,2
393208,send,BE:16:0A:00:3B:DA,828,,457,2
393208,ack,11:66:F0:00:01:3D,,0,454,2
393216,ack,BE:16:0A:00:3B:DA,,0,456,2
393217,send,11:66:F0:00:01:3D,829,,455,2
393217,send,BE:16:0A:00:3B:DA,829,,457,2
393271,ack,11:66:F0:00:01:3D,,0,454,2
393276,ack,BE:16:0A:00:3B:DA,,0,456,2
393920,send,11:66:F0:00:01:3D,830,,455,2
393929,send,BE:16:0A:00:3B:DA,830,,457,2
393930,ack,11:66:F0:00:01:3D,,0,454,2
393937,ack,BE:16:0A:00:3B:DA,,0,456,2
394439,send,11:66:F0:00:01:3D,831,,455,2
394448,send,BE:16:0A:00:3B:DA,831,,457,2
394448,ack,11:66:F0:00:01:3D,,0,454,2
394455,ack,BE:16:0A:00:3B:DA,,0,456,2
394456,send,11:66:F0:00:01:3D,832,,455,2
394457,send,BE:16:0A:00:3B:DA,832,,457,2
394510,ack,11:66:F0:00:01:3D,,0,454,2
394513,ack,BE:16:0A:00:3B:DA,,0,456,2
395160,send,11:66:F0:00:01:3D,833,,455,2
395169,send,BE:16:0A:00:3B:DA,833,,457,2
395169,ack,11:66:F0:00:01:3D,,0,454,2
395180,ack,BE:16:0A:00:3B:DA,,0,456,2
395678,send,11:66:F0:00:01:3D,834,,455,2
395685,send,BE:16:0A:00:3B:DA,834,,457,2
395686,ack,11:66:F0:00:01:3D,,0,454,2
395693,ack,BE:16:0A:00:3B:DA,,0,456,2
395694,send,11:66:F0:00:01:3D,835,,455,2
395695,send,BE:16:0A:00:3B:DA,835,,457,2
395746,ack,11:66:F0:00:01:3D,,0,454,2
395750,ack,BE:16:0A:00:3B:DA,,0,456,2
396396,send,11:66:F0:00:01:3D,836,,455,2
396407,send,BE:16:0A:00:3B:DA,836,,457,2
396409,ack,11:66:F0:00:01:3D,,0,454,2
396416,ack,BE:16:0A:00:3B:DA,,0,456,2
396914,send,11:66:F0:00:01:3D,837,,455,2
396921,ack,11:66:F0:00:01:3D,,0,454,2
396921,send,BE:16:0A:00:3B:DA,837,,457,2
396927,ack,BE:16:0A:00:3B:DA,,0,456,2
396929,send,11:66:F0:00:01:3D,838,,455,2
396931,send,BE:16:0A:00:3B:DA,838,,457,2
396981,ack,11:66:F0:00:01:3D,,0,454,2
396986,ack,BE:16:0A:00:3B:DA,,0,456,2
397635,send,11:66:F0:00:01:3D,839,,455,2
397643,send,BE:16:0A:00:3B:DA,839,,457,2
397645,ack,11:66:F0:00:01:3D,,0,454,2
397649,ack,BE:16:0A:00:3B:DA,,0,456,2
398148,send,11:66:F0:00:01:3D,840,,455,2
398155,send,BE:16:0A:00:3B:DA,840,,457,2
398157,ack,11:66:F0:00:01:3D,,0,454,2
398163,ack,BE:16:0A:00:3B:DA,,0,456,2
398163,send,11:66:F0:00:01:3D,841,,455,2
398164,send,BE:16:0A:00:3B:DA,841,,457,2
398218,ack,11:66:F0:00:01:3D,,0,454,2
398221,ack,BE:16:0A:00:3B:DA,,0,456,2
398867,send,11:66:F0:00:01:3D,842,,455,2
398874,send,BE:16:0A:00:3B:DA,842,,457,2
398874,ack,11:66:F0:00:01:3D,,0,454,2
398882,ack,BE:16:0A:00:3B:DA,,0,456,2
399379,send,11:66:F0:00:01:3D,843,,455,2
399388,send,BE:16:0A:00:3B:DA,843,,457,2
399389,ack,11:66:F0:00:01:3D,,0,454,2
399393,ack,BE:16:0A:00:3B:DA,,0,456,2
399394,send,11:66:F0:00:01:3D,844,,455,2
399395,send,BE:16:0A:00:3B:DA,844,,457,2
399449,ack,11:66:F0:00:01:3D,,0,454,2
399450,ack,BE:16:0A:00:3B:DA,,0,456,2
400099,send,11:66:F0:00:01:3D,845,,455,2
400107,send,BE:16:0A:00:3B:DA,845,,457,2
400108,ack,11:66:F0:00:01:3D,,0,454,2
400112,ack,BE:16:0A:00:3B:DA,,0,456,2
400812,send,11:66:F0:00:01:3D,846,,455,2
400817,send,BE:16:0A:00:3B:DA,846,,457,2
400818,ack,11:66:F0:00:01:3D,,0,454,2
400822,ack,BE:16:0A:00:3B:DA,,0,456,2
401324,send,11:66:F0:00:01:3D,847,,455,2
401333,send,BE:16:0A:00:3B:DA,847,,457,2
401335,ack,11:66:F0:00:01:3D,,0,454,2
401340,ack,BE:16:0A:00:3B:DA,,0,456,2
401343,send,11:66:F0:00:01:3D,848,,455,2
401344,send,BE:16:0A:00:3B:DA,848,,457,2
401399,ack,BE:16:0A:00:3B:DA,,0,456,2
401399,ack,11:66:F0:00:01:3D,,0,454,2
402045,send,11:66:F0:00:01:3D,849,,455,2
402053,send,BE:16:0A:00:3B:DA,849,,457,2
402055,ack,11:66:F0:00:01:3D,,0,454,2
402059,ack,BE:16:0A:00:3B:DA,,0,456,2
402560,send,11:66:F0:00:01:3D,850,,455,2
402565,send,BE:16:0A:00:3B:DA,850,,457,2
402566,ack,11:66:F0:00:01:3D,,0,454,2
402570,ack,BE:16:0A:00:3B:DA,,0,456,2
402573,send,11:66:F0:00:01:3D,851,,455,2
402574,send,BE:16:0A:00:3B:DA,851,,457,2
402623,ack,11:66:F0:00:01:3D,,0,454,2
402624,ack,BE:16:0A:00:3B:DA,,0,456,2
403277,send,11:66:F0:00:01:3D,852,,455,2
403284,send,BE:16:0A:00:3B:DA,852,,457,2
403285,ack,11:66:F0:00:01:3D,,0,454,2
403291,ack,BE:16:0A:00:3B:DA,,0,456,2
403793,send,11:66:F0:00:01:3D,853,,455,2
403801,send,BE:16:0A:00:3B:DA,853,,457,2
403802,ack,11:66:F0:00:01:3D,,0,454,2
403806,ack,BE:16:0A:00:3B:DA,,0,456,2
403809,send,11:66:F0:00:01:3D,854,,455,2
403810,send,BE:16:0A:00:3B:DA,854,,457,2
403863,ack,11:66:F0:00:01:3D,,0,454,2
403866,ack,BE:16:0A:00:3B:DA,,0,456,2
404512,send,11:66:F0:00:01:3D,855,,455,2
404517,send,BE:16:0A:00:3B:DA,855,,457,2
404518,ack,11:66:F0:00:01:3D,,0,454,2
404522,ack,BE:16:0A:00:3B:DA,,0,456,2
405023,send,11:66:F0:00:01:3D,856,,455,2
405031,send,BE:16:0A:00:3B:DA,856,,457,2
405033,ack,11:66:F0:00:01:3D,,0,454,2
405041,ack,BE:16:0A:00:3B:DA,,0,456,2
405051,send,11:66:F0:00:01:3D,857,,455,2
405052,send,BE:16:0A:00:3B:DA,857,,457,2
405094,ack,11:66:F0:00:01:3D,,0,454,2
405099,ack,BE:16:0A:00:3B:DA,,0,456,2
405753,send,11:66:F0:00:01:3D,858,,455,2
405760,ack,11:66:F0:00:01:3D,,0,454,2
405760,send,BE:16:0A:00:3B:DA,858,,457,2
405764,ack,BE:16:0A:00:3B:DA,,0,456,2
406268,send,11:66:F0:00:01:3D,859,,455,2
406276,send,BE:16:0A:00:3B:DA,859,,457,2
406278,ack,11:66:F0:00:01:3D,,0,454,2
406281,ack,BE:16:0A:00:3B:DA,,0,456,2
406286,send,11:66:F0:00:01:3D,860,,455,2
406288,send,BE:16:0A:00:3B:DA,860,,457,2
406339,ack,11:66:F0:00:01:3D,,0,454,2
406339,ack,BE:16:0A:00:3B:DA,,0,456,2
406989,send,11:66:F0:00:01:3D,861,,455,2
406996,send,BE:16:0A:00:3B:DA,861,,457,2
406998,ack,11:66:F0:00:01:3D,,0,454,2
407005,ack,BE:16:0A:00:3B:DA,,0,456,2
407504,send,11:66:F0:00:01:3D,862,,455,2
407509,send,BE:16:0A:00:3B:DA,862,,457,2
407509,ack,11:66:F0:00:01:3D,,0,454,2
407514,ack,BE:16:0A:00:3B:DA,,0,456,2
407518,send,11:66:F0:00:01:3D,863,,455,2
407518,send,BE:16:0A:00:3B:DA,863,,457,2
407567,ack,11:66:F0:00:01:3D,,0,454,2
407568,ack,BE:16:0A:00:3B:DA,,0,456,2
408221,send,11:66:F0:00:01:3D,864,,455,2
408229,ack,11:66:F0:00:01:3D,,0,454,2
408229,send,BE:16:0A:00:3B:DA,864,,457,2
408234,ack,BE:16:0A:00:3B:DA,,0,456,2
408736,send,11:66:F0:00:01:3D,865,,455,2
408745,send,BE:16:0A:00:3B:DA,865,,457,2
408746,ack,11:66:F0:00:01:3D,,0,454,2
408751,ack,BE:16:0A:00:3B:DA,,0,456,2
408755,send,11:66:F0:00:01:3D,866,,455,2
408756,send,BE:16:0A:00:3B:DA,866,,457,2
408806,ack,11:66:F0:00:01:3D,,0,454,2
408807,ack,BE:16:0A:00:3B:DA,,0,456,2
409459,send,11:66:F0:00:01:3D,867,,455,2
409468,send,BE:16:0A:00:3B:DA,867,,457,2
409469,ack,11:66:F0:00:01:3D,,0,454,2
409474,ack,BE:16:0A:00:3B:DA,,0,456,2
409975,send,11:66:F0:00:01:3D,868,,455,2
409984,send,BE:16:0A:00:3B:DA,868,,457,2
409984,ack,11:66:F0:00:01:3D,,0,454,2
409991,ack,BE:16:0A:00:3B:DA,,0,456,2
409994,send,11:66:F0:00:01:3D,869,,455,2
409995,send,BE:16:0A:00:3B:DA,869,,457,2
410045,ack,11:66:F0:00:01:3D,,0,454,2
410052,ack,BE:16:0A:00:3B:DA,,0,456,2
410696,send,11:66:F0:00:01:3D,870,,455,2
410705,send,BE:16:0A:00:3B:DA,870,,457,2
410705,ack,11:66:F0:00:01:3D,,0,454,2
410710,ack,BE:16:0A:00:3B:DA,,0,456,2
411210,send,11:66:F0:00:01:3D,871,,455,2
411220,send,BE:16:0A:00:3B:DA,871,,457,2
411221,ack,11:66:F0:00:01:3D,,0,454,2
411228,ack,BE:16:0A:00:3B:DA,,0,456,2
411232,send,11:66:F0:00:01:3D,872,,455,2
411233,send,BE:16:0A:00:3B:DA,872,,457,2
411285,ack,11:66:F0:00:01:3D,,0,454,2
411286,ack,BE:16:0A:00:3B:DA,,0,456,2
411936,send,11:66:F0:00:01:3D,873,,455,2
411945,send,BE:16:0A:00:3B:DA,873,,457,2
411945,ack,11:66:F0:00:01:3D,,0,454,2
411952,ack,BE:16:0A:00:3B:DA,,0,456,2
412451,send,11:66:F0:00:01:3D,874,,455,2
412460,send,BE:16:0A:00:3B:DA,874,,457,2
412461,ack,11:66:F0:00:01:3D,,0,454,2
412465,ack,BE:16:0A:00:3B:DA,,0,456,2
412470,send,11:66:F0:00:01:3D,875,,455,2
412471,send,BE:16:0A:00:3B:DA,875,,457,2
412521,ack,BE:16:0A:00:3B:DA,,0,456,2
412522,ack,11:66:F0:00:01:3D,,0,454,2
413174,send,11:66:F0:00:01:3D,876,,455,2
413182,send,BE:16:0A:00:3B:DA,876,,457,2
413183,ack,11:66:F0:00:01:3D,,0,454,2
413190,ack,BE:16:0A:00:3B:DA,,0,456,2
413891,send,11:66:F0:00:01:3D,877,,455,2
413900,send,BE:16:0A:00:3B:DA,877,,457,2
413901,ack,11:66:F0:00:01:3D,,0,454,2
413906,ack,BE:16:0A:00:3B:DA,,0,456,2
414406,send,11:66:F0:00:01:3D,878,,455,2
414412,ack,11:66:F0:00:01:3D,,0,454,2
414414,send,BE:16:0A:00:3B:DA,878,,457,2
414419,ack,BE:16:0A:00:3B:DA,,0,456,2
414426,send,11:66:F0:00:01:3D,879,,455,2
414427,send,BE:16:0A:00:3B:DA,879,,457,2
414474,ack,11:66:F0:00:01:3D,,0,454,2
414477,ack,BE:16:0A:00:3B:DA,,0,456,2
415128,send,11:66:F0:00:01:3D,880,,455,2
415133,send,BE:16:0A:00:3B:DA,880,,457,2
415134,ack,11:66:F0:00:01:3D,,0,454,2
415138,ack,BE:16:0A:00:3B:DA,,0,456,2
415638,send,11:66:F0:00:01:3D,881,,455,2
415646,send,BE:16:0A:00:3B:DA,881,,457,2
415648,ack,11:66:F0:00:01:3D,,0,454,2
415652,ack,BE:16:0A:00:3B:DA,,0,456,2
415659,send,11:66:F0:00:01:3D,882,,455,2
415660,send,BE:16:0A:00:3B:DA,882,,457,2
415709,ack,11:66:F0:00:01:3D,,0,454,2
415710,ack,BE:16:0A:00:3B:DA,,0,456,2
416361,send,11:66:F0:00:01:3D,883,,455,2
416367,send,BE:16:0A:00:3B:DA,883,,457,2
416369,ack,11:66:F0:00:01:3D,,0,454,2
416372,ack,BE:16:0A:00:3B:DA,,0,456,2
416872,send,11:66:F0:00:01:3D,884,,455,2
416878,send,BE:16:0A:00:3B:DA,884,,457,2
416879,ack,11:66:F0:00:01:3D,,0,454,2
416883,ack,BE:16:0A:00:3B:DA,,0,456,2
416889,send,11:66:F0:00:01:3D,885,,455,2
416890,send,BE:16:0A:00:3B:DA,885,,457,2
416940,ack,11:66:F0:00:01:3D,,0,454,2
416940,ack,BE:16:0A:00:3B:DA,,0,456,2
417591,send,11:66:F0:00:01:3D,886,,455,2
417600,send,BE:16:0A:00:3B:DA,886,,457,2
417601,ack,11:66:F0:00:01:3D,,0,454,2
417607,ack,BE:16:0A:00:3B:DA,,0,456,2
418104,send,11:66:F0:00:01:3D,887,,455,2
418109,send,BE:16:0A:00:3B:DA,887,,457,2
418111,ack,11:66:F0:00:01:3D,,0,454,2
418114,ack,BE:16:0A:00:3B:DA,,0,456,2
418119,send,11:66:F0:00:01:3D,888,,455,2
418120,send,BE:16:0A:00:3B:DA,888,,457,2
418170,ack,11:66:F0:00:01:3D,,0,454,2
418171,ack,BE:16:0A:00:3B:DA,,0,456,2
418821,send,11:66:F0:00:01:3D,889,,455,2
418828,ack,11:66:F0:00:01:3D,,0,454,2
418829,send,BE:16:0A:00:3B:DA,889,,457,2
418834,ack,BE:16:0A:00:3B:DA,,0,456,2
419337,send,11:66:F0:00:01:3D,890,,455,2
419345,send,BE:16:0A:00:3B:DA,890,,457,2
419347,ack,11:66:F0:00:01:3D,,0,454,2
419354,ack,BE:16:0A:00:3B:DA,,0,456,2
419358,send,11:66:F0:00:01:3D,891,,455,2
419359,send,BE:16:0A:00:3B:DA,891,,457,2
419410,ack,11:66:F0:00:01:3D,,0,454,2
419411,ack,BE:16:0A:00:3B:DA,,0,456,2
420061,send,11:66:F0:00:01:3D,892,,455,2
420068,send,BE:16:0A:00:3B:DA,892,,457,2
420068,ack,11:66:F0:00:01:3D,,0,454,2
420072,ack,BE:16:0A:00:3B:DA,,0,456,2
420574,send,11:66:F0:00:01:3D,893,,455,2
420583,send,BE:16:0A:00:3B:DA,893,,457,2
420583,ack,11:66:F0:00:01:3D,,0,454,2
420590,ack,BE:16:0A:00:3B:DA,,0,456,2
420595,send,11:66:F0:00:01:3D,894,,455,2
420596,send,BE:16:0A:00:3B:DA,894,,457,2
420641,ack,11:66:F0:00:01:3D,,0,454,2
420649,ack,BE:16:0A:00:3B:DA,,0,456,2
421301,send,11:66:F0:00:01:3D,895,,455,2
421308,send,BE:16:0A:00:3B:DA,895,,457,2
421310,ack,11:66:F0:00:01:3D,,0,454,2
421314,ack,BE:16:0A:00:3B:DA,,0,456,2
421815,send,11:66:F0:00:01:3D,896,,455,2
421824,ack,11:66:F0:00:01:3D,,0,454,2
421824,send,BE:16:0A:00:3B:DA,896,,457,2
421830,ack,BE:16:0A:00:3B:DA,,0,456,2
421836,send,11:66:F0:00:01:3D,897,,455,2
421837,send,BE:16:0A:00:3B:DA,897,,457,2
421884,ack,11:66:F0:00:01:3D,,0,454,2
421890,ack,BE:16:0A:00:3B:DA,,0,456,2
422538,send,11:66:F0:00:01:3D,898,,455,2
422546,send,BE:16:0A:00:3B:DA,898,,457,2
422547,ack,11:66:F0:00:01:3D,,0,454,2
422554,ack,BE:16:0A:00:3B:DA,,0,456,2
423053,send,11:66:F0:00:01:3D,899,,455,2
423062,send,BE:16:0A:00:3B:DA,899,,457,2
423064,ack,11:66:F0:00:01:3D,,0,454,2
423070,ack,BE:16:0A:00:3B:DA,,0,456,2
423076,send,11:66:F0:00:01:3D,900,,455,2
423076,send,BE:16:0A:00:3B:DA,900,,457,2
423124,ack,11:66:F0:00:01:3D,,0,454,2
423126,ack,BE:16:0A:00:3B:DA,,0,456,2
423777,send,11:66:F0:00:01:3D,901,,455,2
423785,send,BE:16:0A:00:3B:DA,901,,457,2
423786,ack,11:66:F0:00:01:3D,,0,454,2
423792,ack,BE:16:0A:00:3B:DA,,0,456,2
424293,send,11:66:F0:00:01:3D,902,,455,2
424300,send,BE:16:0A:00:3B:DA,902,,457,2
424302,ack,11:66:F0:00:01:3D,,0,454,2
424308,ack,BE:16:0A:00:3B:DA,,0,456,2
424314,send,11:66:F0:00:01:3D,903,,455,2
424316,send,BE:16:0A:00:3B:DA,903,,457,2
424362,ack,11:66:F0:00:01:3D,,0,454,2
424366,ack,BE:16:0A:00:3B:DA,,0,456,2
425018,send,11:66:F0:00:01:3D,904,,455,2
425027,send,BE:16:0A:00:3B:DA,904,,457,2
425028,ack,11:66:F0:00:01:3D,,0,454,2
425034,ack,BE:16:0A:00:3B:DA,,0,456,2
425535,send,11:66:F0:00:01:3D,905,,455,2
425541,send,BE:16:0A:00:3B:DA,905,,457,2
425542,ack,11:66:F0:00:01:3D,,0,454,2
425548,ack,BE:16:0A:00:3B:DA,,0,456,2
425555,send,11:66:F0:00:01:3D,906,,455,2
425556,send,BE:16:0A:00:3B:DA,906,,457,2
425603,ack,11:66:F0:00:01:3D,,0,454,2
425605,ack,BE:16:0A:00:3B:DA,,0,456,2
426259,send,11:66:F0:00:01:3D,907,,455,2
426268,send,BE:16:0A:00:3B:DA,907,,457,2
426269,ack,11:66:F0:00:01:3D,,0,454,2
426274,ack,BE:16:0A:00:3B:DA,,0,456,2
426973,send,11:66:F0:00:01:3D,908,,455,2
426981,send,BE:16:0A:00:3B:DA,908,,457,2
426983,ack,11:66:F0:00:01:3D,,0,454,2
426988,ack,BE:16:0A:00:3B:DA,,0,456,2
427489,send,11:66:F0:00:01:3D,909,,455,2
427496,send,BE:16:0A:00:3B:DA,909,,457,2
427498,ack,11:66:F0:00:01:3D,,0,454,2
427503,ack,BE:16:0A:00:3B:DA,,0,456,2
427510,send,11:66:F0:00:01:3D,910,,455,2
427512,send,BE:16:0A:00:3B:DA,910,,457,2
427557,ack,11:66:F0:00:01:3D,,0,454,2
427560,ack,BE:16:0A:00:3B:DA,,0,456,2
428213,send,11:66:F0:00:01:3D,911,,455,2
428221,send,BE:16:0A:00:3B:DA,911,,457,2
428223,ack,11:66:F0:00:01:3D,,0,454,2
428229,ack,BE:16:0A:00:3B:DA,,0,456,2
428730,send,11:66:F0:00:01:3D,912,,455,2
428738,send,BE:16:0A:00:3B:DA,912,,457,2
428740,ack,11:66:F0:00:01:3D,,0,454,2
428746,ack,BE:16:0A:00:3B:DA,,0,456,2
428752,send,11:66:F0:00:01:3D,913,,455,2
428753,send,BE:16:0A:00:3B:DA,913,,457,2
428800,ack,11:66:F0:00:01:3D,,0,454,2
428803,ack,BE:16:0A:00:3B:DA,,0,456,2
429457,send,11:66:F0:00:01:3D,914,,455,2
429466,send,BE:16:0A:00:3B:DA,914,,457,2
429466,ack,11:66:F0:00:01:3D,,0,454,2
429473,ack,BE:16:0A:00:3B:DA,,0,456,2
429973,send,11:66:F0:00:01:3D,915,,455,2
429979,send,BE:16:0A:00:3B:DA,915,,457,2
429979,ack,11:66:F0:00:01:3D,,0,454,2
429986,ack,BE:16:0A:00:3B:DA,,0,456,2
429995,send,11:66:F0:00:01:3D,916,,455,2
429996,send,BE:16:0A:00:3B:DA,916,,457,2
430040,ack,11:66:F0:00:01:3D,,0,454,2
430043,ack,BE:16:0A:00:3B:DA,,0,456,2
430700,send,11:66:F0:00:01:3D,917,,455,2
430707,send,BE:16:0A:00:3B:DA,917,,457,2
430710,ack,11:66:F0:00:01:3D,,0,454,2
430715,ack,BE:16:0A:00:3B:DA,,0,456,2
431213,send,11:66:F0:00:01:3D,918,,455,2
431220,ack,11:66:F0:00:01:3D,,0,454,2
431220,send,BE:16:0A:00:3B:DA,918,,457,2
431225,ack,BE:16:0A:00:3B:DA,,0,456,2
431234,send,11:66:F0:00:01:3D,919,,455,2
431235,send,BE:16:0A:00:3B:DA,919,,457,2
431278,ack,11:66:F0:00:01:3D,,0,454,2
431282,ack,BE:16:0A:00:3B:DA,,0,456,2
431939,send,11:66:F0:00:01:3D,920,,455,2
431947,send,BE:16:0A:00:3B:DA,920,,457,2
431948,ack,11:66:F0:00:01:3D,,0,454,2
431954,ack,BE:16:0A:00:3B:DA,,0,456,2
432454,send,11:66:F0:00:01:3D,921,,455,2
432463,send,BE:16:0A:00:3B:DA,921,,457,2
432464,ack,11:66:F0:00:01:3D,,0,454,2
432470,ack,BE:16:0A:00:3B:DA,,0,456,2
432477,send,11:66:F0:00:01:3D,922,,455,2
432478,send,BE:16:0A:00:3B:DA,922,,457,2
432525,ack,11:66:F0:00:01:3D,,0,454,2
432528,ack,BE:16:0A:00:3B:DA,,0,456,2
433179,send,11:66:F0:00:01:3D,923,,455,2
433186,send,BE:16:0A:00:3B:DA,923,,457,2
433187,ack,11:66:F0:00:01:3D,,0,454,2
433192,ack,BE:16:0A:00:3B:DA,,0,456,2
433691,send,11:66:F0:00:01:3D,924,,455,2
433695,send,BE:16:0A:00:3B:DA,924,,457,2
433696,ack,11:66:F0:00:01:3D,,0,454,2
433699,ack,BE:16:0A:00:3B:DA,,0,456,2
433707,send,11:66:F0:00:01:3D,925,,455,2
433707,send,BE:16:0A:00:3B:DA,925,,457,2
433754,ack,11:66:F0:00:01:3D,,0,454,2
433756,ack,BE:16:0A:00:3B:DA,,0,456,2
434407,send,11:66:F0:00:01:3D,926,,455,2
434411,send,BE:16:0A:00:3B:DA,926,,457,2
434412,ack,11:66:F0:00:01:3D,,0,454,2
434415,ack,BE:16:0A:00:3B:DA,,0,456,2
434917,send,11:66:F0:00:01:3D,927,,455,2
434925,send,BE:16:0A:00:3B:DA,927,,457,2
434927,ack,11:66:F0:00:01:3D,,0,454,2
434932,ack,BE:16:0A:00:3B:DA,,0,456,2
434940,send,11:66:F0:00:01:3D,928,,455,2
434941,send,BE:16:0A:00:3B:DA,928,,457,2
434986,ack,11:66:F0:00:01:3D,,0,454,2
434990,ack,BE:16:0A:00:3B:DA,,0,456,2
435643,send,11:66:F0:00:01:3D,929,,455,2
435652,send,BE:16:0A:00:3B:DA,929,,457,2
435654,ack,11:66:F0:00:01:3D,,0,454,2
435658,ack,BE:16:0A:00:3B:DA,,0,456,2
436158,send,11:66:F0:00:01:3D,930,,455,2
436166,send,BE:16:0A:00:3B:DA,930,,457,2
436168,ack,11:66:F0:00:01:3D,,0,454,2
436171,ack,BE:16:0A:00:3B:DA,,0,456,2
436180,send,11:66:F0:00:01:3D,931,,455,2
436181,send,BE:16:0A:00:3B:DA,931,,457,2
436227,ack,11:66:F0:00:01:3D,,0,454,2
436228,ack,BE:16:0A:00:3B:DA,,0,456,2
436885,send,11:66:F0:00:01:3D,932,,455,2
436892,send,BE:16:0A:00:3B:DA,932,,457,2
436893,ack,11:66:F0:00:01:3D,,0,454,2
436899,ack,BE:16:0A:00:3B:DA,,0,456,2
437399,send,11:66:F0:00:01:3D,933,,455,2
437407,send,BE:16:0A:00:3B:DA,933,,457,2
437409,ack,11:66:F0:00:01:3D,,0,454,2
437414,ack,BE:16:0A:00:3B:DA,,0,456,2
437423,send,11:66:F0:00:01:3D,934,,455,2
437424,send,BE:16:0A:00:3B:DA,934,,457,2
437471,ack,11:66:F0:00:01:3D,,0,454,2
437472,ack,BE:16:0A:00:3B:DA,,0,456,2
438127,send,11:66:F0:00:01:3D,935,,455,2
438137,ack,11:66:F0:00:01:3D,,0,454,2
438137,send,BE:16:0A:00:3B:DA,935,,457,2
438144,ack,BE:16:0A:00:3B:DA,,0,456,2
438644,send,11:66:F0:00:01:3D,936,,455,2
438652,send,BE:16:0A:00:3B:DA,936,,457,2
438653,ack,11:66:F0:00:01:3D,,0,454,2
438659,ack,BE:16:0A:00:3B:DA,,0,456,2
438667,send,11:66:F0:00:01:3D,937,,455,2
438668,send,BE:16:0A:00:3B:DA,937,,457,2
438714,ack,11:66:F0:00:01:3D,,0,454,2
438716,ack,BE:16:0A:00:3B:DA,,0,456,2
439372,send,11:66:F0:00:01:3D,938,,455,2
439379,send,BE:16:0A:00:3B:DA,938,,457,2
439379,ack,11:66:F0:00:01:3D,,0,454,2
439384,ack,BE:16:0A:00:3B:DA,,0,456,2
440085,send,11:66:F0:00:01:3D,939,,455,2
440092,send,BE:16:0A:00:3B:DA,939,,457,2
440092,ack,11:66:F0:00:01:3D,,0,454,2
440099,ack,BE:16:0A:00:3B:DA,,0,456,2
440599,send,11:66:F0:00:01:3D,940,,455,2
440607,send,BE:16:0A:00:3B:DA,940,,457,2
440609,ack,11:66:F0:00:01:3D,,0,454,2
440613,ack,BE:16:0A:00:3B:DA,,0,456,2
440626,send,11:66:F0:00:01:3D,941,,455,2
440627,send,BE:16:0A:00:3B:DA,941,,457,2
440667,ack,11:66:F0:00:01:3D,,0,454,2
440669,ack,BE:16:0A:00:3B:DA,,0,456,2
441329,send,11:66:F0:00:01:3D,942,,455,2
441339,send,BE:16:0A:00:3B:DA,942,,457,2
441339,ack,11:66:F0:00:01:3D,,0,454,2
441347,ack,BE:16:0A:00:3B:DA,,0,456,2
441846,send,11:66:F0:00:01:3D,943,,455,2
441854,send,BE:16:0A:00:3B:DA,943,,457,2
441856,ack,11:66:F0:00:01:3D,,0,454,2
441863,ack,BE:16:0A:00:3B:DA,,0,456,2
441873,send,11:66:F0:00:01:3D,944,,455,2
441874,send,BE:16:0A:00:3B:DA,944,,457,2
441916,ack,11:66:F0:00:01:3D,,0,454,2
441921,ack,BE:16:0A:00:3B:DA,,0,456,2
442576,send,11:66:F0:00:01:3D,945,,455,2
442584,send,BE:16:0A:00:3B:DA,945,,457,2
442585,ack,11:66:F0:00:01:3D,,0,454,2
442590,ack,BE:16:0A:00:3B:DA,,0,456,2
443094,send,11:66:F0:00:01:3D,946,,455,2
443103,send,BE:16:0A:00:3B:DA,946,,457,2
443104,ack,11:66:F0:00:01:3D,,0,454,2
443110,ack,BE:16:0A:00:3B:DA,,0,456,2
443123,send,11:66:F0:00:01:3D,947,,455,2
443124,send,BE:16:0A:00:3B:DA,947,,457,2
443168,ack,11:66:F0:00:01:3D,,0,454,2
443172,ack,BE:16:0A:00:3B:DA,,0,456,2
443827,send,11:66:F0:00:01:3D,948,,455,2
443834,send,BE:16:0A:00:3B:DA,948,,457,2
443836,ack,11:66:F0:00:01:3D,,0,454,2
443841,ack,BE:16:0A:00:3B:DA,,0,456,2
444341,send,11:66:F0:00:01:3D,949,,455,2
444348,send,BE:16:0A:00:3B:DA,949,,457,2
444348,ack,11:66:F0:00:01:3D,,0,454,2
444356,ack,BE:16:0A:00:3B:DA,,0,456,2
444369,send,11:66:F0:00:01:3D,950,,455,2
444370,send,BE:16:0A:00:3B:DA,950,,457,2
444411,ack,11:66:F0:00:01:3D,,0,454,2
444417,ack,BE:16:0A:00:3B:DA,,0,456,2
445071,send,11:66:F0:00:01:3D,951,,455,2
445078,send,BE:16:0A:00:3B:DA,951,,457,2
445079,ack,11:66:F0:00:01:3D,,0,454,2
445084,ack,BE:16:0A:00:3B:DA,,0,456,2
445584,send,11:66:F0:00:01:3D,952,,455,2
445591,send,BE:16:0A:00:3B:DA,952,,457,2
445594,ack,11:66:F0:00:01:3D,,0,454,2
445597,ack,BE:16:0A:00:3B:DA,,0,456,2
445610,send,11:66:F0:00:01:3D,953,,455,2
445611,send,BE:16:0A:00:3B:DA,953,,457,2
445651,ack,11:66:F0:00:01:3D,,0,454,2
445652,ack,BE:16:0A:00:3B:DA,,0,456,2
446313,send,11:66:F0:00:01:3D,954,,455,2
446320,send,BE:16:0A:00:3B:DA,954,,457,2
446321,ack,11:66:F0:00:01:3D,,0,454,2
446326,ack,BE:16:0A:00:3B:DA,,0,456,2
446829,send,11:66:F0:00:01:3D,955,,455,2
446837,send,BE:16:0A:00:3B:DA,955,,457,2
446838,ack,11:66:F0:00:01:3D,,0,454,2
446844,ack,BE:16:0A:00:3B:DA,,0,456,2
446857,send,11:66:F0:00:01:3D,956,,455,2
446858,send,BE:16:0A:00:3B:DA,956,,457,2
446900,ack,11:66:F0:00:01:3D,,0,454,2
446906,ack,BE:16:0A:00:3B:DA,,0,456,2
447563,send,11:66:F0:00:01:3D,957,,455,2
447571,send,BE:16:0A:00:3B:DA,957,,457,2
447573,ack,11:66:F0:00:01:3D,,0,454,2
447578,ack,BE:16:0A:00:3B:DA,,0,456,2
448078,send,11:66:F0:00:01:3D,958,,455,2
448084,send,BE:16:0A:00:3B:DA,958,,457,2
448085,ack,11:66:F0:00:01:3D,,0,454,2
448091,ack,BE:16:0A:00:3B:DA,,0,456,2
448101,send,11:66:F0:00:01:3D,959,,455,2
448102,send,BE:16:0A:00:3B:DA,959,,457,2
448144,ack,11:66:F0:00:01:3D,,0,454,2
448150,ack,BE:16:0A:00:3B:DA,,0,456,2
448804,send,11:66:F0:00:01:3D,960,,455,2
448811,send,BE:16:0A:00:3B:DA,960,,457,2
448812,ack,11:66:F0:00:01:3D,,0,454,2
448819,ack,BE:16:0A:00:3B:DA,,0,456,2
449317,send,11:66:F0:00:01:3D,961,,455,2
449325,send,BE:16:0A:00:3B:DA,961,,457,2
449327,ack,11:66:F0:00:01:3D,,0,454,2
449332,ack,BE:16:0A:00:3B:DA,,0,456,2
449342,send,11:66:F0:00:01:3D,962,,455,2
449343,send,BE:16:0A:00:3B:DA,962,,457,2
449388,ack,11:66:F0:00:01:3D,,0,454,2
449389,ack,BE:16:0A:00:3B:DA,,0,456,2
450045,send,11:66:F0:00:01:3D,963,,455,2
450051,send,BE:16:0A:00:3B:DA,963,,457,2
450052,ack,11:66:F0:00:01:3D,,0,454,2
450057,ack,BE:16:0A:00:3B:DA,,0,456,2
450557,send,11:66:F0:00:01:3D,964,,455,2
450566,send,BE:16:0A:00:3B:DA,964,,457,2
450567,ack,11:66:F0:00:01:3D,,0,454,2
450571,ack,BE:16:0A:00:3B:DA,,0,456,2
450584,send,11:66:F0:00:01:3D,965,,455,2
450585,send,BE:16:0A:00:3B:DA,965,,457,2
450630,ack,BE:16:0A:00:3B:DA,,0,456,2
450630,ack,11:66:F0:00:01:3D,,0,454,2
451286,send,11:66:F0:00:01:3D,966,,455,2
451296,send,BE:16:0A:00:3B:DA,966,,457,2
451298,ack,11:66:F0:00:01:3D,,0,454,2
451304,ack,BE:16:0A:00:3B:DA,,0,456,2
451803,send,11:66:F0:00:01:3D,967,,455,2
451809,send,BE:16:0A:00:3B:DA,967,,457,2
451811,ack,11:66:F0:00:01:3D,,0,454,2
451815,ack,BE:16:0A:00:3B:DA,,0,456,2
451828,send,11:66:F0:00:01:3D,968,,455,2
451829,send,BE:16:0A:00:3B:DA,968,,457,2
451872,ack,11:66:F0:00:01:3D,,0,454,2
451874,ack,BE:16:0A:00:3B:DA,,0,456,2
452533,send,11:66:F0:00:01:3D,969,,455,2
452541,send,BE:16:0A:00:3B:DA,969,,457,2
452542,ack,11:66:F0:00:01:3D,,0,454,2
452548,ack,BE:16:0A:00:3B:DA,,0,456,2
453248,send,11:66:F0:00:01:3D,970,,455,2
453259,send,BE:16:0A:00:3B:DA,970,,457,2
453261,ack,11:66:F0:00:01:3D,,0,454,2
453267,ack,BE:16:0A:00:3B:DA,,0,456,2
453768,send,11:66:F0:00:01:3D,971,,455,2
453775,send,BE:16:0A:00:3B:DA,971,,457,2
453776,ack,11:66:F0:00:01:3D,,0,454,2
453781,ack,BE:16:0A:00:3B:DA,,0,456,2
453798,send,11:66:F0:00:01:3D,972,,455,2
453799,send,BE:16:0A:00:3B:DA,972,,457,2
453836,ack,11:66:F0:00:01:3D,,0,454,2
453841,ack,BE:16:0A:00:3B:DA,,0,456,2
454500,send,11:66:F0:00:01:3D,973,,455,2
454508,send,BE:16:0A:00:3B:DA,973,,457,2
454509,ack,11:66:F0:00:01:3D,,0,454,2
454514,ack,BE:16:0A:00:3B:DA,,0,456,2
455014,send,11:66:F0:00:01:3D,974,,455,2
455020,send,BE:16:0A:00:3B:DA,974,,457,2
455021,ack,11:66:F0:00:01:3D,,0,454,2
455025,ack,BE:16:0A:00:3B:DA,,0,456,2
455041,send,11:66:F0:00:01:3D,975,,455,2
455042,send,BE:16:0A:00:3B:DA,975,,457,2
455081,ack,11:66:F0:00:01:3D,,0,454,2
455081,ack,BE:16:0A:00:3B:DA,,0,456,2
455744,send,11:66:F0:00:01:3D,976,,455,2
455753,send,BE:16:0A:00:3B:DA,976,,457,2
455753,ack,11:66:F0:00:01:3D,,0,454,2
455761,ack,BE:16:0A:00:3B:DA,,0,456,2
456261,send,11:66:F0:00:01:3D,977,,455,2
456268,send,BE:16:0A:00:3B:DA,977,,457,2
456269,ack,11:66:F0:00:01:3D,,0,454,2
456275,ack,BE:16:0A:00:3B:DA,,0,456,2
456292,send,11:66:F0:00:01:3D,978,,455,2
456294,send,BE:16:0A:00:3B:DA,978,,457,2
456331,ack,11:66:F0:00:01:3D,,0,454,2
456333,ack,BE:16:0A:00:3B:DA,,0,456,2
456995,send,11:66:F0:00:01:3D,979,,455,2
457001,send,BE:16:0A:00:3B:DA,979,,457,2
457002,ack,11:66:F0:00:01:3D,,0,454,2
457007,ack,BE:16:0A:00:3B:DA,,0,456,2
457508,send,11:66:F0:00:01:3D,980,,455,2
457516,send,BE:16:0A:00:3B:DA,980,,457,2
457516,ack,11:66:F0:00:01:3D,,0,454,2
457522,ack,BE:16:0A:00:3B:DA,,0,456,2
457539,send,11:66:F0:00:01:3D,981,,455,2
457540,send,BE:16:0A:00:3B:DA,981,,457,2
457580,ack,11:66:F0:00:01:3D,,0,454,2
457582,ack,BE:16:0A:00:3B:DA,,0,456,2
458243,send,11:66:F0:00:01:3D,982,,455,2
458249,send,BE:16:0A:00:3B:DA,982,,457,2
458250,ack,11:66:F0:00:01:3D,,0,454,2
458253,ack,BE:16:0A:00:3B:DA,,0,456,2
458754,send,11:66:F0:00:01:3D,983,,455,2
458758,send,BE:16:0A:00:3B:DA,983,,457,2
458759,ack,11:66:F0:00:01:3D,,0,454,2
458762,ack,BE:16:0A:00:3B:DA,,0,456,2
458777,send,11:66:F0:00:01:3D,984,,455,2
458778,send,BE:16:0A:00:3B:DA,984,,457,2
458816,ack,BE:16:0A:00:3B:DA,,0,456,2
458817,ack,11:66:F0:00:01:3D,,0,454,2
459478,send,11:66:F0:00:01:3D,985,,455,2
459485,send,BE:16:0A:00:3B:DA,985,,457,2
459486,ack,11:66:F0:00:01:3D,,0,454,2
459493,ack,BE:16:0A:00:3B:DA,,0,456,2
459992,send,11:66:F0:00:01:3D,986,,455,2
459998,send,BE:16:0A:00:3B:DA,986,,457,2
460000,ack,11:66:F0:00:01:3D,,0,454,2
460006,ack,BE:16:0A:00:3B:DA,,0,456,2
460020,send,11:66:F0:00:01:3D,987,,455,2
460021,send,BE:16:0A:00:3B:DA,987,,457,2
460059,ack,11:66:F0:00:01:3D,,0,454,2
460064,ack,BE:16:0A:00:3B:DA,,0,456,2
460722,send,11:66:F0:00:01:3D,988,,455,2
460728,send,BE:16:0A:00:3B:DA,988,,457,2
460729,ack,11:66:F0:00:01:3D,,0,454,2
460734,ack,BE:16:0A:00:3B:DA,,0,456,2
461234,send,11:66:F0:00:01:3D,989,,455,2
461244,send,BE:16:0A:00:3B:DA,989,,457,2
461246,ack,11:66:F0:00:01:3D,,0,454,2
461252,ack,BE:16:0A:00:3B:DA,,0,456,2
461268,send,11:66:F0:00:01:3D,990,,455,2
461270,send,BE:16:0A:00:3B:DA,990,,457,2
461307,ack,11:66:F0:00:01:3D,,0,454,2
461312,ack,BE:16:0A:00:3B:DA,,0,456,2
461972,send,11:66:F0:00:01:3D,991,,455,2
461978,send,BE:16:0A:00:3B:DA,991,,457,2
461979,ack,11:66:F0:00:01:3D,,0,454,2
461984,ack,BE:16:0A:00:3B:DA,,0,456,2
462484,send,11:66:F0:00:01:3D,992,,455,2
462488,send,BE:16:0A:00:3B:DA,992,,457,2
462489,ack,11:66:F0:00:01:3D,,0,454,2
462494,ack,BE:16:0A:00:3B:DA,,0,456,2
462509,send,11:66:F0:00:01:3D,993,,455,2
462510,send,BE:16:0A:00:3B:DA,993,,457,2
462551,ack,11:66:F0:00:01:3D,,0,454,2
462552,ack,BE:16:0A:00:3B:DA,,0,456,2
463223,send,11:66:F0:00:01:3D,994,,455,2
463231,send,BE:16:0A:00:3B:DA,994,,457,2
463231,ack,11:66:F0:00:01:3D,,0,454,2
463238,ack,BE:16:0A:00:3B:DA,,0,456,2
463737,send,11:66:F0:00:01:3D,995,,455,2
463744,send,BE:16:0A:00:3B:DA,995,,457,2
463746,ack,11:66:F0:00:01:3D,,0,454,2
463752,ack,BE:16:0A:00:3B:DA,,0,456,2
463769,send,11:66:F0:00:01:3D,996,,455,2
463769,send,BE:16:0A:00:3B:DA,996,,457,2
463808,ack,11:66:F0:00:01:3D,,0,454,2
463810,ack,BE:16:0A:00:3B:DA,,0,456,2
464472,send,11:66:F0:00:01:3D,997,,455,2
464480,send,BE:16:0A:00:3B:DA,997,,457,2
464480,ack,11:66:F0:00:01:3D,,0,454,2
464485,ack,BE:16:0A:00:3B:DA,,0,456,2
464985,send,11:66:F0:00:01:3D,998,,455,2
464991,send,BE:16:0A:00:3B:DA,998,,457,2
464992,ack,11:66:F0:00:01:3D,,0,454,2
464997,ack,BE:16:0A:00:3B:DA,,0,456,2
465013,send,11:66:F0:00:01:3D,999,,455,2
465014,send,BE:16:0A:00:3B:DA,999,,457,2
465052,ack,11:66:F0:00:01:3D,,0,454,2
465054,ack,BE:16:0A:00:3B:DA,,0,456,2
465716,send,11:66:F0:00:01:3D,1000,,455,2
465724,send,BE:16:0A:00:3B:DA,1000,,457,2
465727,ack,11:66:F0:00:01:3D,,0,454,2
465732,ack,BE:16:0A:00:3B:DA,,0,456,2
466430,send,11:66:F0:00:01:3D,1001,,455,2
466437,send,BE:16:0A:00:3B:DA,1001,,457,2
466439,ack,11:66:F0:00:01:3D,,0,454,2
466442,ack,BE:16:0A:00:3B:DA,,0,456,2
466944,send,11:66:F0:00:01:3D,1002,,455,2
466952,send,BE:16:0A:00:3B:DA,1002,,457,2
466953,ack,11:66:F0:00:01:3D,,0,454,2
466957,ack,BE:16:0A:00:3B:DA,,0,456,2
466978,send,11:66:F0:00:01:3D,1003,,455,2
466979,send,BE:16:0A:00:3B:DA,1003,,457,2
467010,ack,11:66:F0:00:01:3D,,0,454,2
467017,ack,BE:16:0A:00:3B:DA,,0,456,2
467682,send,11:66:F0:00:01:3D,1004,,455,2
467689,send,BE:16:0A:00:3B:DA,1004,,457,2
467691,ack,11:66:F0:00:01:3D,,0,454,2
467696,ack,BE:16:0A:00:3B:DA,,0,456,2
468197,send,11:66:F0:00:01:3D,1005,,455,2
468202,send,BE:16:0A:00:3B:DA,1005,,457,2
468204,ack,11:66:F0:00:01:3D,,0,454,2
468211,ack,BE:16:0A:00:3B:DA,,0,456,2
468229,send,11:66:F0:00:01:3D,1006,,455,2
468230,send,BE:16:0A:00:3B:DA,1006,,457,2
468267,ack,11:66:F0:00:01:3D,,0,454,2
468272,ack,BE:16:0A:00:3B:DA,,0,456,2
468934,send,11:66:F0:00:01:3D,1007,,455,2
468944,send,BE:16:0A:00:3B:DA,1007,,457,2
468946,ack,11:66:F0:00:01:3D,,0,454,2
468952,ack,BE:16:0A:00:3B:DA,,0,456,2
469451,send,11:66:F0:00:01:3D,1008,,455,2
469460,send,BE:16:0A:00:3B:DA,1008,,457,2
469461,ack,11:66:F0:00:01:3D,,0,454,2
469466,ack,BE:16:0A:00:3B:DA,,0,456,2
469486,send,11:66:F0:00:01:3D,1009,,455,2
469487,send,BE:16:0A:00:3B:DA,1009,,457,2
469523,ack,11:66:F0:00:01:3D,,0,454,2
469523,ack,BE:16:0A:00:3B:DA,,0,456,2
470190,send,11:66:F0:00:01:3D,1010,,455,2
470200,send,BE:16:0A:00:3B:DA,1010,,457,2
470201,ack,11:66:F0:00:01:3D,,0,454,2
470207,ack,BE:16:0A:00:3B:DA,,0,456,2
470708,send,11:66:F0:00:01:3D,1011,,455,2
470715,send,BE:16:0A:00:3B:DA,1011,,457,2
470717,ack,11:66:F0:00:01:3D,,0,454,2
470725,ack,BE:16:0A:00:3B:DA,,0,456,2
470745,send,11:66:F0:00:01:3D,1012,,455,2
470746,send,BE:16:0A:00:3B:DA,1012,,457,2
470778,ack,11:66:F0:00:01:3D,,0,454,2
470782,ack,BE:16:0A:00:3B:DA,,0,456,2
471448,send,11:66:F0:00:01:3D,1013,,455,2
471455,send,BE:16:0A:00:3B:DA,1013,,457,2
471457,ack,11:66:F0:00:01:3D,,0,454,2
471462,ack,BE:16:0A:00:3B:DA,,0,456,2
471961,send,11:66:F0:00:01:3D,1014,,455,2
471971,send,BE:16:0A:00:3B:DA,1014,,457,2
471972,ack,11:66:F0:00:01:3D,,0,454,2
471978,ack,BE:16:0A:00:3B:DA,,0,456,2
471998,send,11:66:F0:00:01:3D,1015,,455,2
472000,send,BE:16:0A:00:3B:DA,1015,,457,2
472033,ack,11:66:F0:00:01:3D,,0,454,2
472037,ack,BE:16:0A:00:3B:DA,,0,456,2
472703,send,11:66:F0:00:01:3D,1016,,455,2
472712,send,BE:16:0A:00:3B:DA,1016,,457,2
472712,ack,11:66:F0:00:01:3D,,0,454,2
472720,ack,BE:16:0A:00:3B:DA,,0,456,2
473218,send,11:66:F0:00:01:3D,1017,,455,2
473225,send,BE:16:0A:00:3B:DA,1017,,457,2
473227,ack,11:66:F0:00:01:3D,,0,454,2
473231,ack,BE:16:0A:00:3B:DA,,0,456,2
473257,send,11:66:F0:00:01:3D,1018,,455,2
473257,send,BE:16:0A:00:3B:DA,1018,,457,2
473286,ack,11:66:F0:00:01:3D,,0,454,2
473291,ack,BE:16:0A:00:3B:DA,,0,456,2
473960,send,11:66:F0:00:01:3D,1019,,455,2
473966,send,BE:16:0A:00:3B:DA,1019,,457,2
473968,ack,11:66:F0:00:01:3D,,0,454,2
473973,ack,BE:16:0A:00:3B:DA,,0,456,2
474473,send,11:66:F0:00:01:3D,1020,,455,2
474479,send,BE:16:0A:00:3B:DA,1020,,457,2
474481,ack,11:66:F0:00:01:3D,,0,454,2
474484,ack,BE:16:0A:00:3B:DA,,0,456,2
474505,send,11:66:F0:00:01:3D,1021,,455,2
474506,send,BE:16:0A:00:3B:DA,1021,,457,2
474539,ack,11:66:F0:00:01:3D,,0,454,2
474541,ack,BE:16:0A:00:3B:DA,,0,456,2
475208,send,11:66:F0:00:01:3D,1022,,455,2
475215,send,BE:16:0A:00:3B:DA,1022,,457,2
475216,ack,11:66:F0:00:01:3D,,0,454,2
475222,ack,BE:16:0A:00:3B:DA,,0,456,2
475723,send,11:66:F0:00:01:3D,1023,,455,2
475731,send,BE:16:0A:00:3B:DA,1023,,457,2
475732,ack,11:66:F0:00:01:3D,,0,454,2
475739,ack,BE:16:0A:00:3B:DA,,0,456,2
475758,send,11:66:F0:00:01:3D,1024,,455,2
475759,send,BE:16:0A:00:3B:DA,1024,,457,2
475791,ack,11:66:F0:00:01:3D,,0,454,2
475798,ack,BE:16:0A:00:3B:DA,,0,456,2
476460,send,11:66:F0:00:01:3D,1025,,455,2
476467,send,BE:16:0A:00:3B:DA,1025,,457,2
476467,ack,11:66:F0:00:01:3D,,0,454,2
476473,ack,BE:16:0A:00:3B:DA,,0,456,2
476974,send,11:66:F0:00:01:3D,1026,,455,2
476981,send,BE:16:0A:00:3B:DA,1026,,457,2
476983,ack,11:66:F0:00:01:3D,,0,454,2
476988,ack,BE:16:0A:00:3B:DA,,0,456,2
477009,send,11:66:F0:00:01:3D,1027,,455,2
477010,send,BE:16:0A:00:3B:DA,1027,,457,2
477046,ack,BE:16:0A:00:3B:DA,,0,456,2
477047,ack,11:66:F0:00:01:3D,,0,454,2
477712,send,11:66:F0:00:01:3D,1028,,455,2
477721,send,BE:16:0A:00:3B:DA,1028,,457,2
477723,ack,11:66:F0:00:01:3D,,0,454,2
477728,ack,BE:16:0A:00:3B:DA,,0,456,2
478227,send,11:66:F0:00:01:3D,1029,,455,2
478235,ack,11:66:F0:00:01:3D,,0,454,2
478235,send,BE:16:0A:00:3B:DA,1029,,457,2
478242,ack,BE:16:0A:00:3B:DA,,0,456,2
478261,send,11:66:F0:00:01:3D,1030,,455,2
478262,send,BE:16:0A:00:3B:DA,1030,,457,2
478294,ack,11:66:F0:00:01:3D,,0,454,2
478302,ack,BE:16:0A:00:3B:DA,,0,456,2
478965,send,11:66:F0:00:01:3D,1031,,455,2
478974,send,BE:16:0A:00:3B:DA,1031,,457,2
478976,ack,11:66:F0:00:01:3D,,0,454,2
478984,ack,BE:16:0A:00:3B:DA,,0,456,2
479682,send,11:66:F0:00:01:3D,1032,,455,2
479689,send,BE:16:0A:00:3B:DA,1032,,457,2
479690,ack,11:66:F0:00:01:3D,,0,454,2
479694,ack,BE:16:0A:00:3B:DA,,0,456,2
480194,send,11:66:F0:00:01:3D,1033,,455,2
480202,ack,11:66:F0:00:01:3D,,0,454,2
480202,send,BE:16:0A:00:3B:DA,1033,,457,2
480207,ack,BE:16:0A:00:3B:DA,,0,456,2
480232,send,11:66:F0:00:01:3D,1034,,455,2
480233,send,BE:16:0A:00:3B:DA,1034,,457,2
480260,ack,11:66:F0:00:01:3D,,0,454,2
480265,ack,BE:16:0A:00:3B:DA,,0,456,2
480935,send,11:66:F0:00:01:3D,1035,,455,2
480944,send,BE:16:0A:00:3B:DA,1035,,457,2
480947,ack,11:66:F0:00:01:3D,,0,454,2
480951,ack,BE:16:0A:00:3B:DA,,0,456,2
481450,send,11:66:F0:00:01:3D,1036,,455,2
481455,send,BE:16:0A:00:3B:DA,1036,,457,2
481457,ack,11:66:F0:00:01:3D,,0,454,2
481462,ack,BE:16:0A:00:3B:DA,,0,456,2
481485,send,11:66:F0:00:01:3D,1037,,455,2
481486,send,BE:16:0A:00:3B:DA,1037,,457,2
481515,ack,11:66:F0:00:01:3D,,0,454,2
481520,ack,BE:16:0A:00:3B:DA,,0,456,2
482187,send,11:66:F0:00:01:3D,1038,,455,2
482196,send,BE:16:0A:00:3B:DA,1038,,457,2
482198,ack,11:66:F0:00:01:3D,,0,454,2
482203,ack,BE:16:0A:00:3B:DA,,0,456,2
482703,send,11:66:F0:00:01:3D,1039,,455,2
482712,send,BE:16:0A:00:3B:DA,1039,,457,2
482713,ack,11:66:F0:00:01:3D,,0,454,2
482718,ack,BE:16:0A:00:3B:DA,,0,456,2
482745,send,11:66:F0:00:01:3D,1040,,455,2
482746,send,BE:16:0A:00:3B:DA,1040,,457,2
482775,ack,11:66:F0:00:01:3D,,0,454,2
482778,ack,BE:16:0A:00:3B:DA,,0,456,2
483449,send,11:66:F0:00:01:3D,1041,,455,2
483455,send,BE:16:0A:00:3B:DA,1041,,457,2
483458,ack,11:66:F0:00:01:3D,,0,454,2
483462,ack,BE:16:0A:00:3B:DA,,0,456,2
483962,send,11:66:F0:00:01:3D,1042,,455,2
483969,send,BE:16:0A:00:3B:DA,1042,,457,2
483972,ack,11:66:F0:00:01:3D,,0,454,2
483978,ack,BE:16:0A:00:3B:DA,,0,456,2
484001,send,11:66:F0:00:01:3D,1043,,455,2
484003,send,BE:16:0A:00:3B:DA,1043,,457,2
484032,ack,11:66:F0:00:01:3D,,0,454,2
484036,ack,BE:16:0A:00:3B:DA,,0,456,2
484704,send,11:66:F0:00:01:3D,1044,,455,2
484712,send,BE:16:0A:00:3B:DA,1044,,457,2
484713,ack,11:66:F0:00:01:3D,,0,454,2
484717,ack,BE:16:0A:00:3B:DA,,0,456,2
485217,send,11:66:F0:00:01:3D,1045,,455,2
485225,send,BE:16:0A:00:3B:DA,1045,,457,2
485227,ack,11:66:F0:00:01:3D,,0,454,2
485231,ack,BE:16:0A:00:3B:DA,,0,456,2
485257,send,11:66:F0:00:01:3D,1046,,455,2
485258,send,BE:16:0A:00:3B:DA,1046,,457,2
485288,ack,11:66:F0:00:01:3D,,0,454,2
485290,ack,BE:16:0A:00:3B:DA,,0,456,2
485960,send,11:66:F0:00:01:3D,1047,,455,2
485969,send,BE:16:0A:00:3B:DA,1047,,457,2
485971,ack,11:66:F0:00:01:3D,,0,454,2
485976,ack,BE:16:0A:00:3B:DA,,0,456,2
486475,send,11:66:F0:00:01:3D,1048,,455,2
486482,send,BE:16:0A:00:3B:DA,1048,,457,2
486483,ack,11:66:F0:00:01:3D,,0,454,2
486489,ack,BE:16:0A:00:3B:DA,,0,456,2
486513,send,11:66:F0:00:01:3D,1049,,455,2
486514,send,BE:16:0A:00:3B:DA,1049,,457,2
486546,ack,11:66:F0:00:01:3D,,0,454,2
486550,ack,BE:16:0A:00:3B:DA,,0,456,2
487216,send,11:66:F0:00:01:3D,1050,,455,2
487224,send,BE:16:0A:00:3B:DA,1050,,457,2
487224,ack,11:66:F0:00:01:3D,,0,454,2
487230,ack,BE:16:0A:00:3B:DA,,0,456,2
487732,send,11:66:F0:00:01:3D,1051,,455,2
487740,send,BE:16:0A:00:3B:DA,1051,,457,2
487741,ack,11:66:F0:00:01:3D,,0,454,2
487747,ack,BE:16:0A:00:3B:DA,,0,456,2
487773,send,11:66:F0:00:01:3D,1052,,455,2
487774,send,BE:16:0A:00:3B:DA,1052,,457,2
487802,ack,11:66:F0:00:01:3D,,0,454,2
487805,ack,BE:16:0A:00:3B:DA,,0,456,2
488476,send,11:66:F0:00:01:3D,1053,,455,2
488483,send,BE:16:0A:00:3B:DA,1053,,457,2
488485,ack,11:66:F0:00:01:3D,,0,454,2
488491,ack,BE:16:0A:00:3B:DA,,0,456,2
488989,send,11:66:F0:00:01:3D,1054,,455,2
488997,send,BE:16:0A:00:3B:DA,1054,,457,2
488999,ack,11:66:F0:00:01:3D,,0,454,2
489003,ack,BE:16:0A:00:3B:DA,,0,456,2
489029,send,11:66:F0:00:01:3D,1055,,455,2
489030,send,BE:16:0A:00:3B:DA,1055,,457,2
489060,ack,11:66:F0:00:01:3D,,0,454,2
489063,ack,BE:16:0A:00:3B:DA,,0,456,2
489731,send,11:66:F0:00:01:3D,1056,,455,2
489738,send,BE:16:0A:00:3B:DA,1056,,457,2
489738,ack,11:66:F0:00:01:3D,,0,454,2
489746,ack,BE:16:0A:00:3B:DA,,0,456,2
490244,send,11:66:F0:00:01:3D,1057,,455,2
490252,send,BE:16:0A:00:3B:DA,1057,,457,2
490253,ack,11:66:F0:00:01:3D,,0,454,2
490261,ack,BE:16:0A:00:3B:DA,,0,456,2
490293,send,11:66:F0:00:01:3D,1058,,455,2
490294,send,BE:16:0A:00:3B:DA,1058,,457,2
490314,ack,11:66:F0:00:01:3D,,0,454,2
490318,ack,BE:16:0A:00:3B:DA,,0,456,2
490995,send,11:66:F0:00:01:3D,1059,,455,2
491002,send,BE:16:0A:00:3B:DA,1059,,457,2
491003,ack,11:66:F0:00:01:3D,,0,454,2
491007,ack,BE:16:0A:00:3B:DA,,0,456,2
491507,send,11:66:F0:00:01:3D,1060,,455,2
491515,send,BE:16:0A:00:3B:DA,1060,,457,2
491515,ack,11:66:F0:00:01:3D,,0,454,2
491522,ack,BE:16:0A:00:3B:DA,,0,456,2
491547,send,11:66:F0:00:01:3D,1061,,455,2
491548,send,BE:16:0A:00:3B:DA,1061,,457,2
491577,ack,11:66:F0:00:01:3D,,0,454,2
491580,ack,BE:16:0A:00:3B:DA,,0,456,2
492251,send,11:66:F0:00:01:3D,1062,,455,2
492259,send,BE:16:0A:00:3B:DA,1062,,457,2
492260,ack,11:66:F0:00:01:3D,,0,454,2
492265,ack,BE:16:0A:00:3B:DA,,0,456,2
492967,send,11:66:F0:00:01:3D,1063,,455,2
492974,send,BE:16:0A:00:3B:DA,1063,,457,2
492974,ack,11:66:F0:00:01:3D,,0,454,2
492980,ack,BE:16:0A:00:3B:DA,,0,456,2
493480,send,11:66:F0:00:01:3D,1064,,455,2
493488,send,BE:16:0A:00:3B:DA,1064,,457,2
493489,ack,11:66:F0:00:01:3D,,0,454,2
493495,ack,BE:16:0A:00:3B:DA,,0,456,2
493525,send,11:66:F0:00:01:3D,1065,,455,2
493527,send,BE:16:0A:00:3B:DA,1065,,457,2
493551,ack,11:66:F0:00:01:3D,,0,454,2
493556,ack,BE:16:0A:00:3B:DA,,0,456,2
494228,send,11:66:F0:00:01:3D,1066,,455,2
494235,send,BE:16:0A:00:3B:DA,1066,,457,2
494236,ack,11:66:F0:00:01:3D,,0,454,2
494241,ack,BE:16:0A:00:3B:DA,,0,456,2
494740,send,11:66:F0:00:01:3D,1067,,455,2
494748,send,BE:16:0A:00:3B:DA,1067,,457,2
494750,ack,11:66:F0:00:01:3D,,0,454,2
494755,ack,BE:16:0A:00:3B:DA,,0,456,2
494785,send,11:66:F0:00:01:3D,1068,,455,2
494786,send,BE:16:0A:00:3B:DA,1068,,457,2
494814,ack,11:66:F0:00:01:3D,,0,454,2
494815,ack,BE:16:0A:00:3B:DA,,0,456,2
495488,send,11:66:F0:00:01:3D,1069,,455,2
495494,send,BE:16:0A:00:3B:DA,1069,,457,2
495496,ack,11:66:F0:00:01:3D,,0,454,2
495500,ack,BE:16:0A:00:3B:DA,,0,456,2
496000,send,11:66:F0:00:01:3D,1070,,455,2
496007,ack,11:66:F0:00:01:3D,,0,454,2
496008,send,BE:16:0A:00:3B:DA,1070,,457,2
496013,ack,BE:16:0A:00:3B:DA,,0,456,2
496043,send,11:66:F0:00:01:3D,1071,,455,2
496044,send,BE:16:0A:00:3B:DA,1071,,457,2
496069,ack,11:66:F0:00:01:3D,,0,454,2
496072,ack,BE:16:0A:00:3B:DA,,0,456,2
496747,send,11:66:F0:00:01:3D,1072,,455,2
496755,send,BE:16:0A:00:3B:DA,1072,,457,2
496756,ack,11:66:F0:00:01:3D,,0,454,2
496762,ack,BE:16:0A:00:3B:DA,,0,456,2
497263,send,11:66:F0:00:01:3D,1073,,455,2
497272,send,BE:16:0A:00:3B:DA,1073,,457,2
497274,ack,11:66:F0:00:01:3D,,0,454,2
497278,ack,BE:16:0A:00:3B:DA,,0,456,2
497308,send,11:66:F0:00:01:3D,1074,,455,2
497309,send,BE:16:0A:00:3B:DA,1074,,457,2
497334,ack,11:66:F0:00:01:3D,,0,454,2
497337,ack,BE:16:0A:00:3B:DA,,0,456,2
498009,send,11:66:F0:00:01:3D,1075,,455,2
498014,send,BE:16:0A:00:3B:DA,1075,,457,2
498016,ack,11:66:F0:00:01:3D,,0,454,2
498018,ack,BE:16:0A:00:3B:DA,,0,456,2
498518,send,11:66:F0:00:01:3D,1076,,455,2
498525,send,BE:16:0A:00:3B:DA,1076,,457,2
498527,ack,11:66:F0:00:01:3D,,0,454,2
498534,ack,BE:16:0A:00:3B:DA,,0,456,2
498563,send,11:66:F0:00:01:3D,1077,,455,2
498564,send,BE:16:0A:00:3B:DA,1077,,457,2
498589,ack,11:66:F0:00:01:3D,,0,454,2
498592,ack,BE:16:0A:00:3B:DA,,0,456,2
499266,send,11:66:F0:00:01:3D,1078,,455,2
499273,send,BE:16:0A:00:3B:DA,1078,,457,2
499274,ack,11:66:F0:00:01:3D,,0,454,2
499278,ack,BE:16:0A:00:3B:DA,,0,456,2
499778,send,11:66:F0:00:01:3D,1079,,455,2
499786,send,BE:16:0A:00:3B:DA,1079,,457,2
499787,ack,11:66:F0:00:01:3D,,0,454,2
499794,ack,BE:16:0A:00:3B:DA,,0,456,2
499824,send,11:66:F0:00:01:3D,1080,,455,2
499825,send,BE:16:0A:00:3B:DA,1080,,457,2
499847,ack,11:66:F0:00:01:3D,,0,454,2
499852,ack,BE:16:0A:00:3B:DA,,0,456,2
500526,send,11:66:F0:00:01:3D,1081,,455,2
500532,ack,11:66:F0:00:01:3D,,0,454,2
500533,send,BE:16:0A:00:3B:DA,1081,,457,2
500537,ack,BE:16:0A:00:3B:DA,,0,456,2
501038,send,11:66:F0:00:01:3D,1082,,455,2
501045,send,BE:16:0A:00:3B:DA,1082,,457,2
501047,ack,11:66:F0:00:01:3D,,0,454,2
501052,ack,BE:16:0A:00:3B:DA,,0,456,2
501084,send,11:66:F0:00:01:3D,1083,,455,2
501085,send,BE:16:0A:00:3B:DA,1083,,457,2
501109,ack,11:66:F0:00:01:3D,,0,454,2
501111,ack,BE:16:0A:00:3B:DA,,0,456,2
501787,send,11:66:F0:00:01:3D,1084,,455,2
501792,send,BE:16:0A:00:3B:DA,1084,,457,2
501794,ack,11:66:F0:00:01:3D,,0,454,2
501797,ack,BE:16:0A:00:3B:DA,,0,456,2
502298,send,11:66:F0:00:01:3D,1085,,455,2
502306,send,BE:16:0A:00:3B:DA,1085,,457,2
502307,ack,11:66:F0:00:01:3D,,0,454,2
502312,ack,BE:16:0A:00:3B:DA,,0,456,2
502341,send,11:66:F0:00:01:3D,1086,,455,2
502342,send,BE:16:0A:00:3B:DA,1086,,457,2
502369,ack,11:66:F0:00:01:3D,,0,454,2
502373,ack,BE:16:0A:00:3B:DA,,0,456,2
503044,send,11:66:F0:00:01:3D,1087,,455,2
503050,send,BE:16:0A:00:3B:DA,1087,,457,2
503052,ack,11:66:F0:00:01:3D,,0,454,2
503057,ack,BE:16:0A:00:3B:DA,,0,456,2
503557,send,11:66:F0:00:01:3D,1088,,455,2
503563,send,BE:16:0A:00:3B:DA,1088,,457,2
503564,ack,11:66:F0:00:01:3D,,0,454,2
503568,ack,BE:16:0A:00:3B:DA,,0,456,2
503600,send,11:66:F0:00:01:3D,1089,,455,2
503601,send,BE:16:0A:00:3B:DA,1089,,457,2
503625,ack,11:66:F0:00:01:3D,,0,454,2
503627,ack,BE:16:0A:00:3B:DA,,0,456,2
504305,send,11:66:F0:00:01:3D,1090,,455,2
504311,send,BE:16:0A:00:3B:DA,1090,,457,2
504312,ack,11:66:F0:00:01:3D,,0,454,2
504320,ack,BE:16:0A:00:3B:DA,,0,456,2
504819,send,11:66:F0:00:01:3D,1091,,455,2
504824,send,BE:16:0A:00:3B:DA,1091,,457,2
504826,ack,11:66:F0:00:01:3D,,0,454,2
504830,ack,BE:16:0A:00:3B:DA,,0,456,2
504858,send,11:66:F0:00:01:3D,1092,,455,2
504860,send,BE:16:0A:00:3B:DA,1092,,457,2
504884,ack,11:66:F0:00:01:3D,,0,454,2
504886,ack,BE:16:0A:00:3B:DA,,0,456,2
505562,send,11:66:F0:00:01:3D,1093,,455,2
505570,send,BE:16:0A:00:3B:DA,1093,,457,2
505572,ack,11:66:F0:00:01:3D,,0,454,2
505578,ack,BE:16:0A:00:3B:DA,,0,456,2
506277,send,11:66:F0:00:01:3D,1094,,455,2
506285,send,BE:16:0A:00:3B:DA,1094,,457,2
506286,ack,11:66:F0:00:01:3D,,0,454,2
506291,ack,BE:16:0A:00:3B:DA,,0,456,2
506791,send,11:66:F0:00:01:3D,1095,,455,2
506799,send,BE:16:0A:00:3B:DA,1095,,457,2
506799,ack,11:66:F0:00:01:3D,,0,454,2
506806,ack,BE:16:0A:00:3B:DA,,0,456,2
506845,send,11:66:F0:00:01:3D,1096,,455,2
506846,send,BE:16:0A:00:3B:DA,1096,,457,2
506861,ack,11:66:F0:00:01:3D,,0,454,2
506864,ack,BE:16:0A:00:3B:DA,,0,456,2
507549,send,11:66:F0:00:01:3D,1097,,455,2
507558,send,BE:16:0A:00:3B:DA,1097,,457,2
507560,ack,11:66:F0:00:01:3D,,0,454,2
507568,ack,BE:16:0A:00:3B:DA,,0,456,2
508068,send,11:66:F0:00:01:3D,1098,,455,2
508075,send,BE:16:0A:00:3B:DA,1098,,457,2
508077,ack,11:66:F0:00:01:3D,,0,454,2
508082,ack,BE:16:0A:00:3B:DA,,0,456,2
508122,send,11:66:F0:00:01:3D,1099,,455,2
508123,send,BE:16:0A:00:3B:DA,1099,,457,2
508138,ack,11:66:F0:00:01:3D,,0,454,2
508140,ack,BE:16:0A:00:3B:DA,,0,456,2
508825,send,11:66:F0:00:01:3D,1100,,455,2
508834,send,BE:16:0A:00:3B:DA,1100,,457,2
508835,ack,11:66:F0:00:01:3D,,0,454,2
508840,ack,BE:16:0A:00:3B:DA,,0,456,2
509341,send,11:66:F0:00:01:3D,1101,,455,2
509349,send,BE:16:0A:00:3B:DA,1101,,457,2
509352,ack,11:66:F0:00:01:3D,,0,454,2
509355,ack,BE:16:0A:00:3B:DA,,0,456,2
509398,send,11:66:F0:00:01:3D,1102,,455,2
509399,send,BE:16:0A:00:3B:DA,1102,,457,2
509415,ack,BE:16:0A:00:3B:DA,,0,456,2
509415,ack,11:66:F0:00:01:3D,,0,454,2
510100,send,11:66:F0:00:01:3D,1103,,455,2
510107,send,BE:16:0A:00:3B:DA,1103,,457,2
510109,ack,11:66:F0:00:01:3D,,0,454,2
510114,ack,BE:16:0A:00:3B:DA,,0,456,2
510614,send,11:66:F0:00:01:3D,1104,,455,2
510620,send,BE:16:0A:00:3B:DA,1104,,457,2
510622,ack,11:66:F0:00:01:3D,,0,454,2
510627,ack,BE:16:0A:00:3B:DA,,0,456,2
510666,send,11:66:F0:00:01:3D,1105,,455,2
510668,send,BE:16:0A:00:3B:DA,1105,,457,2
510683,ack,11:66:F0:00:01:3D,,0,454,2
510686,ack,BE:16:0A:00:3B:DA,,0,456,2
511372,send,11:66:F0:00:01:3D,1106,,455,2
511380,send,BE:16:0A:00:3B:DA,1106,,457,2
511383,ack,11:66:F0:00:01:3D,,0,454,2
511385,ack,BE:16:0A:00:3B:DA,,0,456,2
511886,send,11:66:F0:00:01:3D,1107,,455,2
511893,send,BE:16:0A:00:3B:DA,1107,,457,2
511896,ack,11:66:F0:00:01:3D,,0,454,2
511900,ack,BE:16:0A:00:3B:DA,,0,456,2
511944,send,11:66:F0:00:01:3D,1108,,455,2
511945,send,BE:16:0A:00:3B:DA,1108,,457,2
511957,ack,11:66:F0:00:01:3D,,0,454,2
511961,ack,BE:16:0A:00:3B:DA,,0,456,2
512647,send,11:66:F0:00:01:3D,1109,,455,2
512656,send,BE:16:0A:00:3B:DA,1109,,457,2
512657,ack,11:66:F0:00:01:3D,,0,454,2
512664,ack,BE:16:0A:00:3B:DA,,0,456,2
513164,send,11:66:F0:00:01:3D,1110,,455,2
513171,send,BE:16:0A:00:3B:DA,1110,,457,2
513173,ack,11:66:F0:00:01:3D,,0,454,2
513178,ack,BE:16:0A:00:3B:DA,,0,456,2
513217,send,11:66:F0:00:01:3D,1111,,455,2
513218,send,BE:16:0A:00:3B:DA,1111,,457,2
513232,ack,11:66:F0:00:01:3D,,0,454,2
513234,ack,BE:16:0A:00:3B:DA,,0,456,2
513920,send,11:66:F0:00:01:3D,1112,,455,2
513924,send,BE:16:0A:00:3B:DA,1112,,457,2
513926,ack,11:66:F0:00:01:3D,,0,454,2
513931,ack,BE:16:0A:00:3B:DA,,0,456,2
514429,send,11:66:F0:00:01:3D,1113,,455,2
514437,send,BE:16:0A:00:3B:DA,1113,,457,2
514438,ack,11:66:F0:00:01:3D,,0,454,2
514444,ack,BE:16:0A:00:3B:DA,,0,456,2
514486,send,11:66:F0:00:01:3D,1114,,455,2
514487,send,BE:16:0A:00:3B:DA,1114,,457,2
514497,ack,11:66:F0:00:01:3D,,0,454,2
514502,ack,BE:16:0A:00:3B:DA,,0,456,2
515189,send,11:66:F0:00:01:3D,1115,,455,2
515196,send,BE:16:0A:00:3B:DA,1115,,457,2
515197,ack,11:66:F0:00:01:3D,,0,454,2
515203,ack,BE:16:0A:00:3B:DA,,0,456,2
515701,send,11:66:F0:00:01:3D,1116,,455,2
515710,send,BE:16:0A:00:3B:DA,1116,,457,2
515711,ack,11:66:F0:00:01:3D,,0,454,2
515717,ack,BE:16:0A:00:3B:DA,,0,456,2
515759,send,11:66:F0:00:01:3D,1117,,455,2
515760,send,BE:16:0A:00:3B:DA,1117,,457,2
515771,ack,11:66:F0:00:01:3D,,0,454,2
515776,ack,BE:16:0A:00:3B:DA,,0,456,2
516462,send,11:66:F0:00:01:3D,1118,,455,2
516470,send,BE:16:0A:00:3B:DA,1118,,457,2
516472,ack,11:66:F0:00:01:3D,,0,454,2
516476,ack,BE:16:0A:00:3B:DA,,0,456,2
516977,send,11:66:F0:00:01:3D,1119,,455,2
516983,send,BE:16:0A:00:3B:DA,1119,,457,2
516983,ack,11:66:F0:00:01:3D,,0,454,2
516989,ack,BE:16:0A:00:3B:DA,,0,456,2
517030,send,11:66:F0:00:01:3D,1120,,455,2
517031,send,BE:16:0A:00:3B:DA,1120,,457,2
517044,ack,11:66:F0:00:01:3D,,0,454,2
517053,ack,BE:16:0A:00:3B:DA,,0,456,2
517732,send,11:66:F0:00:01:3D,1121,,455,2
517739,send,BE:16:0A:00:3B:DA,1121,,457,2
517740,ack,11:66:F0:00:01:3D,,0,454,2
517747,ack,BE:16:0A:00:3B:DA,,0,456,2
518249,send,11:66:F0:00:01:3D,1122,,455,2
518259,send,BE:16:0A:00:3B:DA,1122,,457,2
518260,ack,11:66:F0:00:01:3D,,0,454,2
518266,ack,BE:16:0A:00:3B:DA,,0,456,2
518308,send,11:66:F0:00:01:3D,1123,,455,2
518309,send,BE:16:0A:00:3B:DA,1123,,457,2
518320,ack,11:66:F0:00:01:3D,,0,454,2
518324,ack,BE:16:0A:00:3B:DA,,0,456,2
519012,send,11:66:F0:00:01:3D,1124,,455,2
519021,send,BE:16:0A:00:3B:DA,1124,,457,2
519023,ack,11:66:F0:00:01:3D,,0,454,2
519028,ack,BE:16:0A:00:3B:DA,,0,456,2
519728,send,11:66:F0:00:01:3D,1125,,455,2
519737,send,BE:16:0A:00:3B:DA,1125,,457,2
519739,ack,11:66:F0:00:01:3D,,0,454,2
519743,ack,BE:16:0A:00:3B:DA,,0,456,2
520243,send,11:66:F0:00:01:3D,1126,,455,2
520252,send,BE:16:0A:00:3B:DA,1126,,457,2
520255,ack,11:66:F0:00:01:3D,,0,454,2
520256,ack,BE:16:0A:00:3B:DA,,0,456,2
520317,send,11:66:F0:00:01:3D,1127,,455,2
520323,send,BE:16:0A:00:3B:DA,1127,,457,2
520324,ack,11:66:F0:00:01:3D,,0,454,2
520329,ack,BE:16:0A:00:3B:DA,,0,456,2
521029,send,11:66:F0:00:01:3D,1128,,455,2
521035,send,BE:16:0A:00:3B:DA,1128,,457,2
521036,ack,11:66:F0:00:01:3D,,0,454,2
521040,ack,BE:16:0A:00:3B:DA,,0,456,2
521539,send,11:66:F0:00:01:3D,1129,,455,2
521546,send,BE:16:0A:00:3B:DA,1129,,457,2
521548,ack,11:66:F0:00:01:3D,,0,454,2
521551,ack,BE:16:0A:00:3B:DA,,0,456,2
521611,send,11:66:F0:00:01:3D,1130,,455,2
521618,send,BE:16:0A:00:3B:DA,1130,,457,2
521620,ack,11:66:F0:00:01:3D,,0,454,2
521624,ack,BE:16:0A:00:3B:DA,,0,456,2
522324,send,11:66:F0:00:01:3D,1131,,455,2
522330,send,BE:16:0A:00:3B:DA,1131,,457,2
522332,ack,11:66:F0:00:01:3D,,0,454,2
522339,ack,BE:16:0A:00:3B:DA,,0,456,2
522837,send,11:66:F0:00:01:3D,1132,,455,2
522845,send,BE:16:0A:00:3B:DA,1132,,457,2
522846,ack,11:66:F0:00:01:3D,,0,454,2
522850,ack,BE:16:0A:00:3B:DA,,0,456,2
522909,send,11:66:F0:00:01:3D,1133,,455,2
522916,send,BE:16:0A:00:3B:DA,1133,,457,2
522917,ack,11:66:F0:00:01:3D,,0,454,2
522921,ack,BE:16:0A:00:3B:DA,,0,456,2
523620,send,11:66:F0:00:01:3D,1134,,455,2
523626,send,BE:16:0A:00:3B:DA,1134,,457,2
523629,ack,11:66:F0:00:01:3D,,0,454,2
523631,ack,BE:16:0A:00:3B:DA,,0,456,2
524131,send,11:66:F0:00:01:3D,1135,,455,2
524137,send,BE:16:0A:00:3B:DA,1135,,457,2
524138,ack,11:66:F0:00:01:3D,,0,454,2
524144,ack,BE:16:0A:00:3B:DA,,0,456,2
524203,send,11:66:F0:00:01:3D,1136,,455,2
524208,send,BE:16:0A:00:3B:DA,1136,,457,2
524210,ack,11:66:F0:00:01:3D,,0,454,2
524215,ack,BE:16:0A:00:3B:DA,,0,456,2
524914,send,11:66:F0:00:01:3D,1137,,455,2
524921,send,BE:16:0A:00:3B:DA,1137,,457,2
524924,ack,11:66:F0:00:01:3D,,0,454,2
524928,ack,BE:16:0A:00:3B:DA,,0,456,2
525430,send,11:66:F0:00:01:3D,1138,,455,2
525437,ack,11:66:F0:00:01:3D,,0,454,2
525437,send,BE:16:0A:00:3B:DA,1138,,457,2
525444,ack,BE:16:0A:00:3B:DA,,0,456,2
525504,send,11:66:F0:00:01:3D,1139,,455,2
525509,send,BE:16:0A:00:3B:DA,1139,,457,2
525511,ack,11:66:F0:00:01:3D,,0,454,2
525515,ack,BE:16:0A:00:3B:DA,,0,456,2
526215,send,11:66:F0:00:01:3D,1140,,455,2
526227,send,BE:16:0A:00:3B:DA,1140,,457,2
526227,ack,11:66:F0:00:01:3D,,0,454,2
526234,ack,BE:16:0A:00:3B:DA,,0,456,2
526734,send,11:66:F0:00:01:3D,1141,,455,2
526742,send,BE:16:0A:00:3B:DA,1141,,457,2
526743,ack,11:66:F0:00:01:3D,,0,454,2
526748,ack,BE:16:0A:00:3B:DA,,0,456,2
526808,send,11:66:F0:00:01:3D,1142,,455,2
526814,send,BE:16:0A:00:3B:DA,1142,,457,2
526815,ack,11:66:F0:00:01:3D,,0,454,2
526820,ack,BE:16:0A:00:3B:DA,,0,456,2
527519,send,11:66:F0:00:01:3D,1143,,455,2
527525,send,BE:16:0A:00:3B:DA,1143,,457,2
527528,ack,11:66:F0:00:01:3D,,0,454,2
527531,ack,BE:16:0A:00:3B:DA,,0,456,2
528032,send,11:66:F0:00:01:3D,1144,,455,2
528040,send,BE:16:0A:00:3B:DA,1144,,457,2
528040,ack,11:66:F0:00:01:3D,,0,454,2
528046,ack,BE:16:0A:00:3B:DA,,0,456,2
528107,send,11:66:F0:00:01:3D,1145,,455,2
528112,send,BE:16:0A:00:3B:DA,1145,,457,2
528113,ack,11:66:F0:00:01:3D,,0,454,2
528117,ack,BE:16:0A:00:3B:DA,,0,456,2
528817,send,11:66:F0:00:01:3D,1146,,455,2
528822,send,BE:16:0A:00:3B:DA,1146,,457,2
528824,ack,11:66:F0:00:01:3D,,0,454,2
528829,ack,BE:16:0A:00:3B:DA,,0,456,2
529328,send,11:66:F0:00:01:3D,1147,,455,2
529336,send,BE:16:0A:00:3B:DA,1147,,457,2
529337,ack,11:66:F0:00:01:3D,,0,454,2
529343,ack,BE:16:0A:00:3B:DA,,0,456,2
529409,send,11:66:F0:00:01:3D,1148,,455,2
529414,send,BE:16:0A:00:3B:DA,1148,,457,2
529415,ack,11:66:F0:00:01:3D,,0,454,2
529419,ack,BE:16:0A:00:3B:DA,,0,456,2
530120,send,11:66:F0:00:01:3D,1149,,455,2
530128,send,BE:16:0A:00:3B:DA,1149,,457,2
530129,ack,11:66:F0:00:01:3D,,0,454,2
530134,ack,BE:16:0A:00:3B:DA,,0,456,2
530634,send,11:66:F0:00:01:3D,1150,,455,2
530641,send,BE:16:0A:00:3B:DA,1150,,457,2
530642,ack,11:66:F0:00:01:3D,,0,454,2
530649,ack,BE:16:0A:00:3B:DA,,0,456,2
530708,send,11:66:F0:00:01:3D,1151,,455,2
530716,send,BE:16:0A:00:3B:DA,1151,,457,2
530718,ack,11:66:F0:00:01:3D,,0,454,2
530724,ack,BE:16:0A:00:3B:DA,,0,456,2
531425,send,11:66:F0:00:01:3D,1152,,455,2
531432,send,BE:16:0A:00:3B:DA,1152,,457,2
531433,ack,11:66:F0:00:01:3D,,0,454,2
531441,ack,BE:16:0A:00:3B:DA,,0,456,2
531939,send,11:66:F0:00:01:3D,1153,,455,2
531949,send,BE:16:0A:00:3B:DA,1153,,457,2
531951,ack,11:66:F0:00:01:3D,,0,454,2
531958,ack,BE:16:0A:00:3B:DA,,0,456,2
532017,send,11:66:F0:00:01:3D,1154,,455,2
532022,send,BE:16:0A:00:3B:DA,1154,,457,2
532022,ack,11:66:F0:00:01:3D,,0,454,2
532026,ack,BE:16:0A:00:3B:DA,,0,456,2
532728,send,11:66:F0:00:01:3D,1155,,455,2
532735,send,BE:16:0A:00:3B:DA,1155,,457,2
532736,ack,11:66:F0:00:01:3D,,0,454,2
532741,ack,BE:16:0A:00:3B:DA,,0,456,2
533448,send,11:66:F0:00:01:3D,1156,,455,2
533453,send,BE:16:0A:00:3B:DA,1156,,457,2
533453,ack,11:66:F0:00:01:3D,,0,454,2
533461,ack,BE:16:0A:00:3B:DA,,0,456,2
533961,send,11:66:F0:00:01:3D,1157,,455,2
533967,send,BE:16:0A:00:3B:DA,1157,,457,2
533968,ack,11:66:F0:00:01:3D,,0,454,2
533972,ack,BE:16:0A:00:3B:DA,,0,456,2
534675,send,11:66:F0:00:01:3D,1158,,455,2
534682,send,BE:16:0A:00:3B:DA,1158,,457,2
534683,ack,11:66:F0:00:01:3D,,0,454,2
534691,ack,BE:16:0A:00:3B:DA,,0,456,2
535189,send,11:66:F0:00:01:3D,1159,,455,2
535196,send,BE:16:0A:00:3B:DA,1159,,457,2
535196,ack,11:66:F0:00:01:3D,,0,454,2
535201,ack,BE:16:0A:00:3B:DA,,0,456,2
535904,send,11:66:F0:00:01:3D,1160,,455,2
535912,send,BE:16:0A:00:3B:DA,1160,,457,2
535916,ack,11:66:F0:00:01:3D,,0,454,2
535920,ack,BE:16:0A:00:3B:DA,,0,456,2
536419,send,11:66:F0:00:01:3D,1161,,455,2
536428,send,BE:16:0A:00:3B:DA,1161,,457,2
536428,ack,11:66:F0:00:01:3D,,0,454,2
536434,ack,BE:16:0A:00:3B:DA,,0,456,2
537135,send,11:66:F0:00:01:3D,1162,,455,2
537142,send,BE:16:0A:00:3B:DA,1162,,457,2
537144,ack,11:66:F0:00:01:3D,,0,454,2
537149,ack,BE:16:0A:00:3B:DA,,0,456,2
537650,send,11:66:F0:00:01:3D,1163,,455,2
537659,send,BE:16:0A:00:3B:DA,1163,,457,2
537659,ack,11:66:F0:00:01:3D,,0,454,2
537667,ack,BE:16:0A:00:3B:DA,,0,456,2
538368,send,11:66:F0:00:01:3D,1164,,455,2
538376,send,BE:16:0A:00:3B:DA,1164,,457,2
538377,ack,11:66:F0:00:01:3D,,0,454,2
538383,ack,BE:16:0A:00:3B:DA,,0,456,2
538885,send,11:66:F0:00:01:3D,1165,,455,2
538893,send,BE:16:0A:00:3B:DA,1165,,457,2
538893,ack,11:66:F0:00:01:3D,,0,454,2
538901,ack,BE:16:0A:00:3B:DA,,0,456,2
539604,send,11:66:F0:00:01:3D,1166,,455,2
539612,send,BE:16:0A:00:3B:DA,1166,,457,2
539613,ack,11:66:F0:00:01:3D,,0,454,2
539619,ack,BE:16:0A:00:3B:DA,,0,456,2
540119,send,11:66:F0:00:01:3D,1167,,455,2
540124,send,BE:16:0A:00:3B:DA,1167,,457,2
540126,ack,11:66:F0:00:01:3D,,0,454,2
540132,ack,BE:16:0A:00:3B:DA,,0,456,2
540831,send,11:66:F0:00:01:3D,1168,,455,2
540836,send,BE:16:0A:00:3B:DA,1168,,457,2
540837,ack,11:66:F0:00:01:3D,,0,454,2
540839,ack,BE:16:0A:00:3B:DA,,0,456,2
541341,send,11:66:F0:00:01:3D,1169,,455,2
541351,send,BE:16:0A:00:3B:DA,1169,,457,2
541353,ack,11:66:F0:00:01:3D,,0,454,2
541359,ack,BE:16:0A:00:3B:DA,,0,456,2
542060,send,11:66:F0:00:01:3D,1170,,455,2
542067,send,BE:16:0A:00:3B:DA,1170,,457,2
542069,ack,11:66:F0:00:01:3D,,0,454,2
542073,ack,BE:16:0A:00:3B:DA,,0,456,2
542576,send,11:66:F0:00:01:3D,1171,,455,2
542584,send,BE:16:0A:00:3B:DA,1171,,457,2
542585,ack,11:66:F0:00:01:3D,,0,454,2
542592,ack,BE:16:0A:00:3B:DA,,0,456,2
543292,send,11:66:F0:00:01:3D,1172,,455,2
543300,send,BE:16:0A:00:3B:DA,1172,,457,2
543301,ack,11:66:F0:00:01:3D,,0,454,2
543308,ack,BE:16:0A:00:3B:DA,,0,456,2
543810,send,11:66:F0:00:01:3D,1173,,455,2
543817,send,BE:16:0A:00:3B:DA,1173,,457,2
543819,ack,11:66:F0:00:01:3D,,0,454,2
543825,ack,BE:16:0A:00:3B:DA,,0,456,2
544526,send,11:66:F0:00:01:3D,1174,,455,2
544533,send,BE:16:0A:00:3B:DA,1174,,457,2
544534,ack,11:66:F0:00:01:3D,,0,454,2
544541,ack,BE:16:0A:00:3B:DA,,0,456,2
545041,send,11:66:F0:00:01:3D,1175,,455,2
545045,send,BE:16:0A:00:3B:DA,1175,,457,2
545047,ack,11:66:F0:00:01:3D,,0,454,2
545048,ack,BE:16:0A:00:3B:DA,,0,456,2
545750,send,11:66:F0:00:01:3D,1176,,455,2
545755,send,BE:16:0A:00:3B:DA,1176,,457,2
545757,ack,11:66:F0:00:01:3D,,0,454,2
545762,ack,BE:16:0A:00:3B:DA,,0,456,2
546761,send,11:66:F0:00:01:3D,1177,,455,2
546766,send,BE:16:0A:00:3B:DA,1177,,457,2
546768,ack,11:66:F0:00:01:3D,,0,454,2
546772,ack,BE:16:0A:00:3B:DA,,0,456,2
546890,send,11:66:F0:00:01:3D,1178,,455,2
546898,send,BE:16:0A:00:3B:DA,1178,,457,2
546900,ack,11:66:F0:00:01:3D,,0,454,2
546905,ack,BE:16:0A:00:3B:DA,,0,456,2
547184,send,11:66:F0:00:01:3D,1179,,455,2
547189,send,BE:16:0A:00:3B:DA,1179,,457,2
547191,ack,11:66:F0:00:01:3D,,0,454,2
547195,ack,BE:16:0A:00:3B:DA,,0,456,2
547316,send,11:66:F0:00:01:3D,1180,,455,2
547322,send,BE:16:0A:00:3B:DA,1180,,457,2
547322,ack,11:66:F0:00:01:3D,,0,454,2
547327,ack,BE:16:0A:00:3B:DA,,0,456,2
547609,send,11:66:F0:00:01:3D,1181,,455,2
547617,send,BE:16:0A:00:3B:DA,1181,,457,2
547617,ack,11:66:F0:00:01:3D,,0,454,2
547622,ack,BE:16:0A:00:3B:DA,,0,456,2
547744,send,11:66:F0:00:01:3D,1182,,455,2
547749,send,BE:16:0A:00:3B:DA,1182,,457,2
547753,ack,11:66:F0:00:01:3D,,0,454,2
547755,ack,BE:16:0A:00:3B:DA,,0,456,2
549540,send,11:66:F0:00:01:3D,1183,,455,2
549548,send,BE:16:0A:00:3B:DA,1183,,457,2
549552,ack,11:66:F0:00:01:3D,,0,454,2
549555,ack,BE:16:0A:00:3B:DA,,0,456,2
550255,send,11:66:F0:00:01:3D,1184,,455,2
550263,send,BE:16:0A:00:3B:DA,1184,,457,2
550265,ack,11:66:F0:00:01:3D,,0,454,2
550269,ack,BE:16:0A:00:3B:DA,,0,456,2
550771,send,11:66:F0:00:01:3D,1185,,455,2
550779,send,BE:16:0A:00:3B:DA,1185,,457,2
550781,ack,11:66:F0:00:01:3D,,0,454,2
550786,ack,BE:16:0A:00:3B:DA,,0,456,2
551286,send,11:66:F0:00:01:3D,1186,,455,2
551291,send,BE:16:0A:00:3B:DA,1186,,457,2
551291,ack,11:66:F0:00:01:3D,,0,454,2
551294,ack,BE:16:0A:00:3B:DA,,0,456,2
551797,send,11:66:F0:00:01:3D,1187,,455,2
551806,send,BE:16:0A:00:3B:DA,1187,,457,2
551808,ack,11:66:F0:00:01:3D,,0,454,2
551813,ack,BE:16:0A:00:3B:DA,,0,456,2
552312,send,11:66:F0:00:01:3D,1188,,455,2
552318,send,BE:16:0A:00:3B:DA,1188,,457,2
552320,ack,11:66:F0:00:01:3D,,0,454,2
552323,ack,BE:16:0A:00:3B:DA,,0,456,2
552825,send,11:66:F0:00:01:3D,1189,,455,2
552834,send,BE:16:0A:00:3B:DA,1189,,457,2
552835,ack,11:66:F0:00:01:3D,,0,454,2
552842,ack,BE:16:0A:00:3B:DA,,0,456,2
553341,send,11:66:F0:00:01:3D,1190,,455,2
553347,send,BE:16:0A:00:3B:DA,1190,,457,2
553349,ack,11:66:F0:00:01:3D,,0,454,2
553357,ack,BE:16:0A:00:3B:DA,,0,456,2
553856,send,11:66:F0:00:01:3D,1191,,455,2
553863,send,BE:16:0A:00:3B:DA,1191,,457,2
553865,ack,11:66:F0:00:01:3D,,0,454,2
553871,ack,BE:16:0A:00:3B:DA,,0,456,2
554368,send,11:66:F0:00:01:3D,1192,,455,2
554373,send,BE:16:0A:00:3B:DA,1192,,457,2
554374,ack,11:66:F0:00:01:3D,,0,454,2
554378,ack,BE:16:0A:00:3B:DA,,0,456,2
555077,send,11:66:F0:00:01:3D,1193,,455,2
555083,send,BE:16:0A:00:3B:DA,1193,,457,2
555085,ack,11:66:F0:00:01:3D,,0,454,2
555091,ack,BE:16:0A:00:3B:DA,,0,456,2
555291,send,11:66:F0:00:01:3D,1194,,455,2
555298,send,BE:16:0A:00:3B:DA,1194,,457,2
555298,ack,11:66:F0:00:01:3D,,0,454,2
555304,ack,BE:16:0A:00:3B:DA,,0,456,2
555505,send,11:66:F0:00:01:3D,1195,,455,2
555513,send,BE:16:0A:00:3B:DA,1195,,457,2
555514,ack,11:66:F0:00:01:3D,,0,454,2
555523,ack,BE:16:0A:00:3B:DA,,0,456,2
555721,send,11:66:F0:00:01:3D,1196,,455,2
555730,send,BE:16:0A:00:3B:DA,1196,,457,2
555731,ack,11:66:F0:00:01:3D,,0,454,2
555737,ack,BE:16:0A:00:3B:DA,,0,456,2
555938,send,11:66:F0:00:01:3D,1197,,455,2
555944,send,BE:16:0A:00:3B:DA,1197,,457,2
555945,ack,11:66:F0:00:01:3D,,0,454,2
555951,ack,BE:16:0A:00:3B:DA,,0,456,2
556150,send,11:66:F0:00:01:3D,1198,,455,2
556158,send,BE:16:0A:00:3B:DA,1198,,457,2
556160,ack,11:66:F0:00:01:3D,,0,454,2
556168,ack,BE:16:0A:00:3B:DA,,0,456,2
556367,send,11:66:F0:00:01:3D,1199,,455,2
556374,send,BE:16:0A:00:3B:DA,1199,,457,2
556376,ack,11:66:F0:00:01:3D,,0,454,2
556381,ack,BE:16:0A:00:3B:DA,,0,456,2
556581,send,11:66:F0:00:01:3D,1200,,455,2
556589,send,BE:16:0A:00:3B:DA,1200,,457,2
556591,ack,11:66:F0:00:01:3D,,0,454,2
556595,ack,BE:16:0A:00:3B:DA,,0,456,2
556797,send,11:66:F0:00:01:3D,1201,,455,2
556804,send,BE:16:0A:00:3B:DA,1201,,457,2
556804,ack,11:66:F0:00:01:3D,,0,454,2
556809,ack,BE:16:0A:00:3B:DA,,0,456,2
557009,send,11:66:F0:00:01:3D,1202,,455,2
557017,send,BE:16:0A:00:3B:DA,1202,,457,2
557018,ack,11:66:F0:00:01:3D,,0,454,2
557022,ack,BE:16:0A:00:3B:DA,,0,456,2
557224,send,11:66:F0:00:01:3D,1203,,455,2
557233,send,BE:16:0A:00:3B:DA,1203,,457,2
557234,ack,11:66:F0:00:01:3D,,0,454,2
557240,ack,BE:16:0A:00:3B:DA,,0,456,2
557442,send,11:66:F0:00:01:3D,1204,,455,2
557448,send,BE:16:0A:00:3B:DA,1204,,457,2
557450,ack,11:66:F0:00:01:3D,,0,454,2
557454,ack,BE:16:0A:00:3B:DA,,0,456,2
557653,send,11:66:F0:00:01:3D,1205,,455,2
557659,ack,11:66:F0:00:01:3D,,0,454,2
557660,send,BE:16:0A:00:3B:DA,1205,,457,2
557665,ack,BE:16:0A:00:3B:DA,,0,456,2
557867,send,11:66:F0:00:01:3D,1206,,455,2
557873,send,BE:16:0A:00:3B:DA,1206,,457,2
557874,ack,11:66:F0:00:01:3D,,0,454,2
557881,ack,BE:16:0A:00:3B:DA,,0,456,2
558082,send,11:66:F0:00:01:3D,1207,,455,2
558089,send,BE:16:0A:00:3B:DA,1207,,457,2
558091,ack,11:66:F0:00:01:3D,,0,454,2
558094,ack,BE:16:0A:00:3B:DA,,0,456,2
558296,send,11:66:F0:00:01:3D,1208,,455,2
558303,send,BE:16:0A:00:3B:DA,1208,,457,2
558304,ack,11:66:F0:00:01:3D,,0,454,2
558307,ack,BE:16:0A:00:3B:DA,,0,456,2
558508,send,11:66:F0:00:01:3D,1209,,455,2
558514,send,BE:16:0A:00:3B:DA,1209,,457,2
558517,ack,11:66:F0:00:01:3D,,0,454,2
558518,ack,BE:16:0A:00:3B:DA,,0,456,2
558720,send,11:66:F0:00:01:3D,1210,,455,2
558727,send,BE:16:0A:00:3B:DA,1210,,457,2
558728,ack,11:66:F0:00:01:3D,,0,454,2
558733,ack,BE:16:0A:00:3B:DA,,0,456,2
558933,send,11:66:F0:00:01:3D,1211,,455,2
558940,send,BE:16:0A:00:3B:DA,1211,,457,2
558942,ack,11:66:F0:00:01:3D,,0,454,2
558946,ack,BE:16:0A:00:3B:DA,,0,456,2
559148,send,11:66:F0:00:01:3D,1212,,455,2
559156,send,BE:16:0A:00:3B:DA,1212,,457,2
559157,ack,11:66:F0:00:01:3D,,0,454,2
559163,ack,BE:16:0A:00:3B:DA,,0,456,2
559363,send,11:66:F0:00:01:3D,1213,,455,2
559371,send,BE:16:0A:00:3B:DA,1213,,457,2
559372,ack,11:66:F0:00:01:3D,,0,454,2
559377,ack,BE:16:0A:00:3B:DA,,0,456,2
560077,send,11:66:F0:00:01:3D,1214,,455,2
560084,send,BE:16:0A:00:3B:DA,1214,,457,2
560086,ack,11:66:F0:00:01:3D,,0,454,2
560090,ack,BE:16:0A:00:3B:DA,,0,456,2
560191,send,11:66:F0:00:01:3D,1215,,455,2
560198,send,BE:16:0A:00:3B:DA,1215,,457,2
560200,ack,11:66:F0:00:01:3D,,0,454,2
560205,ack,BE:16:0A:00:3B:DA,,0,456,2
560305,send,11:66:F0:00:01:3D,1216,,455,2
560313,send,BE:16:0A:00:3B:DA,1216,,457,2
560314,ack,11:66:F0:00:01:3D,,0,454,2
560322,ack,BE:16:0A:00:3B:DA,,0,456,2
560423,send,11:66:F0:00:01:3D,1217,,455,2
560433,send,BE:16:0A:00:3B:DA,1217,,457,2
560435,ack,11:66:F0:00:01:3D,,0,454,2
560443,ack,BE:16:0A:00:3B:DA,,0,456,2
560541,send,11:66:F0:00:01:3D,1218,,455,2
560545,send,BE:16:0A:00:3B:DA,1218,,457,2
560545,ack,11:66:F0:00:01:3D,,0,454,2
560549,ack,BE:16:0A:00:3B:DA,,0,456,2
560649,send,11:66:F0:00:01:3D,1219,,455,2
560656,send,BE:16:0A:00:3B:DA,1219,,457,2
560658,ack,11:66:F0:00:01:3D,,0,454,2
560661,ack,BE:16:0A:00:3B:DA,,0,456,2
560762,send,11:66:F0:00:01:3D,1220,,455,2
560767,send,BE:16:0A:00:3B:DA,1220,,457,2
560769,ack,11:66:F0:00:01:3D,,0,454,2
560773,ack,BE:16:0A:00:3B:DA,,0,456,2
560873,send,11:66:F0:00:01:3D,1221,,455,2
560878,send,BE:16:0A:00:3B:DA,1221,,457,2
560880,ack,11:66:F0:00:01:3D,,0,454,2
560883,ack,BE:16:0A:00:3B:DA,,0,456,2
560984,send,11:66:F0:00:01:3D,1222,,455,2
560989,send,BE:16:0A:00:3B:DA,1222,,457,2
560991,ack,11:66:F0:00:01:3D,,0,454,2
560996,ack,BE:16:0A:00:3B:DA,,0,456,2
561095,send,11:66:F0:00:01:3D,1223,,455,2
561101,send,BE:16:0A:00:3B:DA,1223,,457,2
561102,ack,11:66:F0:00:01:3D,,0,454,2
561105,ack,BE:16:0A:00:3B:DA,,0,456,2
561208,send,11:66:F0:00:01:3D,1224,,455,2
561215,send,BE:16:0A:00:3B:DA,1224,,457,2
561216,ack,11:66:F0:00:01:3D,,0,454,2
561221,ack,BE:16:0A:00:3B:DA,,0,456,2
561321,send,11:66:F0:00:01:3D,1225,,455,2
561326,send,BE:16:0A:00:3B:DA,1225,,457,2
561328,ack,11:66:F0:00:01:3D,,0,454,2
561332,ack,BE:16:0A:00:3B:DA,,0,456,2
561433,send,11:66:F0:00:01:3D,1226,,455,2
561444,send,BE:16:0A:00:3B:DA,1226,,457,2
561445,ack,11:66:F0:00:01:3D,,0,454,2
561451,ack,BE:16:0A:00:3B:DA,,0,456,2
561550,send,11:66:F0:00:01:3D,1227,,455,2
561557,send,BE:16:0A:00:3B:DA,1227,,457,2
561557,ack,11:66:F0:00:01:3D,,0,454,2
561563,ack,BE:16:0A:00:3B:DA,,0,456,2
561664,send,11:66:F0:00:01:3D,1228,,455,2
561672,send,BE:16:0A:00:3B:DA,1228,,457,2
561674,ack,11:66:F0:00:01:3D,,0,454,2
561682,ack,BE:16:0A:00:3B:DA,,0,456,2
561780,send,11:66:F0:00:01:3D,1229,,455,2
561787,send,BE:16:0A:00:3B:DA,1229,,457,2
561789,ack,11:66:F0:00:01:3D,,0,454,2
561794,ack,BE:16:0A:00:3B:DA,,0,456,2
561894,send,11:66:F0:00:01:3D,1230,,455,2
561901,send,BE:16:0A:00:3B:DA,1230,,457,2
561902,ack,11:66:F0:00:01:3D,,0,454,2
561907,ack,BE:16:0A:00:3B:DA,,0,456,2
562008,send,11:66:F0:00:01:3D,1231,,455,2
562014,ack,11:66:F0:00:01:3D,,0,454,2
562015,send,BE:16:0A:00:3B:DA,1231,,457,2
562020,ack,BE:16:0A:00:3B:DA,,0,456,2
562122,send,11:66:F0:00:01:3D,1232,,455,2
562127,send,BE:16:0A:00:3B:DA,1232,,457,2
562129,ack,11:66:F0:00:01:3D,,0,454,2
562132,ack,BE:16:0A:00:3B:DA,,0,456,2
562233,send,11:66:F0:00:01:3D,1233,,455,2
562241,send,BE:16:0A:00:3B:DA,1233,,457,2
562242,ack,11:66:F0:00:01:3D,,0,454,2
562247,ack,BE:16:0A:00:3B:DA,,0,456,2
562347,send,11:66:F0:00:01:3D,1234,,455,2
562353,send,BE:16:0A:00:3B:DA,1234,,457,2
562354,ack,11:66:F0:00:01:3D,,0,454,2
562359,ack,BE:16:0A:00:3B:DA,,0,456,2
562459,send,11:66:F0:00:01:3D,1235,,455,2
562467,send,BE:16:0A:00:3B:DA,1235,,457,2
562468,ack,11:66:F0:00:01:3D,,0,454,2
562473,ack,BE:16:0A:00:3B:DA,,0,456,2
562572,send,11:66:F0:00:01:3D,1236,,455,2
562579,send,BE:16:0A:00:3B:DA,1236,,457,2
562580,ack,11:66:F0:00:01:3D,,0,454,2
562584,ack,BE:16:0A:00:3B:DA,,0,456,2
562683,send,11:66:F0:00:01:3D,1237,,455,2
562688,send,BE:16:0A:00:3B:DA,1237,,457,2
562690,ack,11:66:F0:00:01:3D,,0,454,2
562693,ack,BE:16:0A:00:3B:DA,,0,456,2
562793,send,11:66:F0:00:01:3D,1238,,455,2
562798,send,BE:16:0A:00:3B:DA,1238,,457,2
562800,ack,11:66:F0:00:01:3D,,0,454,2
562806,ack,BE:16:0A:00:3B:DA,,0,456,2
562908,send,11:66:F0:00:01:3D,1239,,455,2
562918,send,BE:16:0A:00:3B:DA,1239,,457,2
562919,ack,11:66:F0:00:01:3D,,0,454,2
562924,ack,BE:16:0A:00:3B:DA,,0,456,2
563025,send,11:66:F0:00:01:3D,1240,,455,2
563031,send,BE:16:0A:00:3B:DA,1240,,457,2
563031,ack,11:66:F0:00:01:3D,,0,454,2
563036,ack,BE:16:0A:00:3B:DA,,0,456,2
563137,send,11:66:F0:00:01:3D,1241,,455,2
563144,send,BE:16:0A:00:3B:DA,1241,,457,2
563146,ack,11:66:F0:00:01:3D,,0,454,2
563150,ack,BE:16:0A:00:3B:DA,,0,456,2
563251,send,11:66:F0:00:01:3D,1242,,455,2
563256,send,BE:16:0A:00:3B:DA,1242,,457,2
563258,ack,11:66:F0:00:01:3D,,0,454,2
563262,ack,BE:16:0A:00:3B:DA,,0,456,2
563361,send,11:66:F0:00:01:3D,1243,,455,2
563368,send,BE:16:0A:00:3B:DA,1243,,457,2
563369,ack,11:66:F0:00:01:3D,,0,454,2
563374,ack,BE:16:0A:00:3B:DA,,0,456,2
563475,send,11:66:F0:00:01:3D,1244,,455,2
563484,send,BE:16:0A:00:3B:DA,1244,,457,2
563485,ack,11:66:F0:00:01:3D,,0,454,2
563492,ack,BE:16:0A:00:3B:DA,,0,456,2
563593,send,11:66:F0:00:01:3D,1245,,455,2
563601,send,BE:16:0A:00:3B:DA,1245,,457,2
563602,ack,11:66:F0:00:01:3D,,0,454,2
563610,ack,BE:16:0A:00:3B:DA,,0,456,2
563709,send,11:66:F0:00:01:3D,1246,,455,2
563715,send,BE:16:0A:00:3B:DA,1246,,457,2
563717,ack,11:66:F0:00:01:3D,,0,454,2
563723,ack,BE:16:0A:00:3B:DA,,0,456,2
563823,send,11:66:F0:00:01:3D,1247,,455,2
563831,send,BE:16:0A:00:3B:DA,1247,,457,2
563831,ack,11:66:F0:00:01:3D,,0,454,2
563837,ack,BE:16:0A:00:3B:DA,,0,456,2
563937,send,11:66:F0:00:01:3D,1248,,455,2
563941,send,BE:16:0A:00:3B:DA,1248,,457,2
563945,ack,11:66:F0:00:01:3D,,0,454,2
563949,ack,BE:16:0A:00:3B:DA,,0,456,2
564048,send,11:66:F0:00:01:3D,1249,,455,2
564058,send,BE:16:0A:00:3B:DA,1249,,457,2
564059,ack,11:66:F0:00:01:3D,,0,454,2
564067,ack,BE:16:0A:00:3B:DA,,0,456,2
564167,send,11:66:F0:00:01:3D,1250,,455,2
564174,send,BE:16:0A:00:3B:DA,1250,,457,2
564176,ack,11:66:F0:00:01:3D,,0,454,2
564179,ack,BE:16:0A:00:3B:DA,,0,456,2
564278,send,11:66:F0:00:01:3D,1251,,455,2
564282,send,BE:16:0A:00:3B:DA,1251,,457,2
564284,ack,11:66:F0:00:01:3D,,0,454,2
564287,ack,BE:16:0A:00:3B:DA,,0,456,2
564388,send,11:66:F0:00:01:3D,1252,,455,2
564396,send,BE:16:0A:00:3B:DA,1252,,457,2
564397,ack,11:66:F0:00:01:3D,,0,454,2
564404,ack,BE:16:0A:00:3B:DA,,0,456,2
564504,send,11:66:F0:00:01:3D,1253,,455,2
564511,send,BE:16:0A:00:3B:DA,1253,,457,2
564512,ack,11:66:F0:00:01:3D,,0,454,2
564516,ack,BE:16:0A:00:3B:DA,,0,456,2
564615,send,11:66:F0:00:01:3D,1254,,455,2
564622,send,BE:16:0A:00:3B:DA,1254,,457,2
564624,ack,11:66:F0:00:01:3D,,0,454,2
564627,ack,BE:16:0A:00:3B:DA,,0,456,2
565328,send,11:66:F0:00:01:3D,1255,,455,2
565333,send,BE:16:0A:00:3B:DA,1255,,457,2
565334,ack,11:66:F0:00:01:3D,,0,454,2
565339,ack,BE:16:0A:00:3B:DA,,0,456,2
565406,send,11:66:F0:00:01:3D,1256,,455,2
565410,send,BE:16:0A:00:3B:DA,1256,,457,2
565412,ack,11:66:F0:00:01:3D,,0,454,2
565415,ack,BE:16:0A:00:3B:DA,,0,456,2
565480,send,11:66:F0:00:01:3D,1257,,455,2
565486,send,BE:16:0A:00:3B:DA,1257,,457,2
565488,ack,11:66:F0:00:01:3D,,0,454,2
565492,ack,BE:16:0A:00:3B:DA,,0,456,2
565559,send,11:66:F0:00:01:3D,1258,,455,2
565565,send,BE:16:0A:00:3B:DA,1258,,457,2
565567,ack,11:66:F0:00:01:3D,,0,454,2
565571,ack,BE:16:0A:00:3B:DA,,0,456,2
565637,send,11:66:F0:00:01:3D,1259,,455,2
565644,ack,11:66:F0:00:01:3D,,0,454,2
565644,send,BE:16:0A:00:3B:DA,1259,,457,2
565649,ack,BE:16:0A:00:3B:DA,,0,456,2
565715,send,11:66:F0:00:01:3D,1260,,455,2
565719,send,BE:16:0A:00:3B:DA,1260,,457,2
565720,ack,11:66:F0:00:01:3D,,0,454,2
565724,ack,BE:16:0A:00:3B:DA,,0,456,2
565789,send,11:66:F0:00:01:3D,1261,,455,2
565795,send,BE:16:0A:00:3B:DA,1261,,457,2
565798,ack,11:66:F0:00:01:3D,,0,454,2
565800,ack,BE:16:0A:00:3B:DA,,0,456,2
565867,send,11:66:F0:00:01:3D,1262,,455,2
565874,send,BE:16:0A:00:3B:DA,1262,,457,2
565876,ack,11:66:F0:00:01:3D,,0,454,2
565882,ack,BE:16:0A:00:3B:DA,,0,456,2
565947,send,11:66:F0:00:01:3D,1263,,455,2
565951,send,BE:16:0A:00:3B:DA,1263,,457,2
565952,ack,11:66:F0:00:01:3D,,0,454,2
565955,ack,BE:16:0A:00:3B:DA,,0,456,2
566021,send,11:66:F0:00:01:3D,1264,,455,2
566026,send,BE:16:0A:00:3B:DA,1264,,457,2
566027,ack,11:66:F0:00:01:3D,,0,454,2
566032,ack,BE:16:0A:00:3B:DA,,0,456,2
566100,send,11:66:F0:00:01:3D,1265,,455,2
566104,send,BE:16:0A:00:3B:DA,1265,,457,2
566105,ack,11:66:F0:00:01:3D,,0,454,2
566109,ack,BE:16:0A:00:3B:DA,,0,456,2
566177,send,11:66:F0:00:01:3D,1266,,455,2
566181,send,BE:16:0A:00:3B:DA,1266,,457,2
566183,ack,11:66:F0:00:01:3D,,0,454,2
566188,ack,BE:16:0A:00:3B:DA,,0,456,2
566252,send,11:66:F0:00:01:3D,1267,,455,2
566256,send,BE:16:0A:00:3B:DA,1267,,457,2
566258,ack,11:66:F0:00:01:3D,,0,454,2
566262,ack,BE:16:0A:00:3B:DA,,0,456,2
566329,send,11:66:F0:00:01:3D,1268,,455,2
566337,send,BE:16:0A:00:3B:DA,1268,,457,2
566340,ack,11:66:F0:00:01:3D,,0,454,2
566343,ack,BE:16:0A:00:3B:DA,,0,456,2
566407,send,11:66:F0:00:01:3D,1269,,455,2
566413,send,BE:16:0A:00:3B:DA,1269,,457,2
566415,ack,11:66:F0:00:01:3D,,0,454,2
566420,ack,BE:16:0A:00:3B:DA,,0,456,2
566488,send,11:66:F0:00:01:3D,1270,,455,2
566493,send,BE:16:0A:00:3B:DA,1270,,457,2
566494,ack,11:66:F0:00:01:3D,,0,454,2
566499,ack,BE:16:0A:00:3B:DA,,0,456,2
566565,send,11:66:F0:00:01:3D,1271,,455,2
566573,send,BE:16:0A:00:3B:DA,1271,,457,2
566574,ack,11:66:F0:00:01:3D,,0,454,2
566581,ack,BE:16:0A:00:3B:DA,,0,456,2
566647,send,11:66:F0:00:01:3D,1272,,455,2
566654,send,BE:16:0A:00:3B:DA,1272,,457,2
566654,ack,11:66:F0:00:01:3D,,0,454,2
566659,ack,BE:16:0A:00:3B:DA,,0,456,2
566728,send,11:66:F0:00:01:3D,1273,,455,2
566735,send,BE:16:0A:00:3B:DA,1273,,457,2
566737,ack,11:66:F0:00:01:3D,,0,454,2
566741,ack,BE:16:0A:00:3B:DA,,0,456,2
566811,send,11:66:F0:00:01:3D,1274,,455,2
566817,send,BE:16:0A:00:3B:DA,1274,,457,2
566818,ack,11:66:F0:00:01:3D,,0,454,2
566823,ack,BE:16:0A:00:3B:DA,,0,456,2
566889,send,11:66:F0:00:01:3D,1275,,455,2
566897,send,BE:16:0A:00:3B:DA,1275,,457,2
566898,ack,11:66:F0:00:01:3D,,0,454,2
566902,ack,BE:16:0A:00:3B:DA,,0,456,2
566969,send,11:66:F0:00:01:3D,1276,,455,2
566975,ack,11:66:F0:00:01:3D,,0,454,2
566975,send,BE:16:0A:00:3B:DA,1276,,457,2
566980,ack,BE:16:0A:00:3B:DA,,0,456,2
567045,send,11:66:F0:00:01:3D,1277,,455,2
567051,send,BE:16:0A:00:3B:DA,1277,,457,2
567054,ack,11:66:F0:00:01:3D,,0,454,2
567059,ack,BE:16:0A:00:3B:DA,,0,456,2
567125,send,11:66:F0:00:01:3D,1278,,455,2
567132,send,BE:16:0A:00:3B:DA,1278,,457,2
567133,ack,11:66:F0:00:01:3D,,0,454,2
567137,ack,BE:16:0A:00:3B:DA,,0,456,2
567205,send,11:66:F0:00:01:3D,1279,,455,2
567213,send,BE:16:0A:00:3B:DA,1279,,457,2
567214,ack,11:66:F0:00:01:3D,,0,454,2
567222,ack,BE:16:0A:00:3B:DA,,0,456,2
567288,send,11:66:F0:00:01:3D,1280,,455,2
567296,send,BE:16:0A:00:3B:DA,1280,,457,2
567296,ack,11:66:F0:00:01:3D,,0,454,2
567301,ack,BE:16:0A:00:3B:DA,,0,456,2
567368,send,11:66:F0:00:01:3D,1281,,455,2
567375,send,BE:16:0A:00:3B:DA,1281,,457,2
567376,ack,11:66:F0:00:01:3D,,0,454,2
567380,ack,BE:16:0A:00:3B:DA,,0,456,2
567447,send,11:66:F0:00:01:3D,1282,,455,2
567451,send,BE:16:0A:00:3B:DA,1282,,457,2
567454,ack,11:66:F0:00:01:3D,,0,454,2
567458,ack,BE:16:0A:00:3B:DA,,0,456,2
567524,send,11:66:F0:00:01:3D,1283,,455,2
567529,send,BE:16:0A:00:3B:DA,1283,,457,2
567532,ack,11:66:F0:00:01:3D,,0,454,2
567535,ack,BE:16:0A:00:3B:DA,,0,456,2
567603,send,11:66:F0:00:01:3D,1284,,455,2
567609,send,BE:16:0A:00:3B:DA,1284,,457,2
567610,ack,11:66:F0:00:01:3D,,0,454,2
567615,ack,BE:16:0A:00:3B:DA,,0,456,2
567682,send,11:66:F0:00:01:3D,1285,,455,2
567688,send,BE:16:0A:00:3B:DA,1285,,457,2
567688,ack,11:66:F0:00:01:3D,,0,454,2
567693,ack,BE:16:0A:00:3B:DA,,0,456,2
567760,send,11:66:F0:00:01:3D,1286,,455,2
567767,send,BE:16:0A:00:3B:DA,1286,,457,2
567769,ack,11:66:F0:00:01:3D,,0,454,2
567773,ack,BE:16:0A:00:3B:DA,,0,456,2
567840,send,11:66:F0:00:01:3D,1287,,455,2
567847,send,BE:16:0A:00:3B:DA,1287,,457,2
567848,ack,11:66:F0:00:01:3D,,0,454,2
567852,ack,BE:16:0A:00:3B:DA,,0,456,2
567917,send,11:66:F0:00:01:3D,1288,,455,2
567924,send,BE:16:0A:00:3B:DA,1288,,457,2
567925,ack,11:66:F0:00:01:3D,,0,454,2
567930,ack,BE:16:0A:00:3B:DA,,0,456,2
567998,send,11:66:F0:00:01:3D,1289,,455,2
568002,send,BE:16:0A:00:3B:DA,1289,,457,2
568004,ack,11:66:F0:00:01:3D,,0,454,2
568007,ack,BE:16:0A:00:3B:DA,,0,456,2
568073,send,11:66:F0:00:01:3D,1290,,455,2
568080,send,BE:16:0A:00:3B:DA,1290,,457,2
568082,ack,11:66:F0:00:01:3D,,0,454,2
568087,ack,BE:16:0A:00:3B:DA,,0,456,2
568152,send,11:66:F0:00:01:3D,1291,,455,2
568156,send,BE:16:0A:00:3B:DA,1291,,457,2
568157,ack,11:66:F0:00:01:3D,,0,454,2
568162,ack,BE:16:0A:00:3B:DA,,0,456,2
568228,send,11:66:F0:00:01:3D,1292,,455,2
568234,send,BE:16:0A:00:3B:DA,1292,,457,2
568236,ack,11:66:F0:00:01:3D,,0,454,2
568240,ack,BE:16:0A:00:3B:DA,,0,456,2
568305,send,11:66:F0:00:01:3D,1293,,455,2
568310,send,BE:16:0A:00:3B:DA,1293,,457,2
568313,ack,11:66:F0:00:01:3D,,0,454,2
568316,ack,BE:16:0A:00:3B:DA,,0,456,2
568383,send,11:66:F0:00:01:3D,1294,,455,2
568388,send,BE:16:0A:00:3B:DA,1294,,457,2
568389,ack,11:66:F0:00:01:3D,,0,454,2
568394,ack,BE:16:0A:00:3B:DA,,0,456,2
568461,send,11:66:F0:00:01:3D,1295,,455,2
568467,send,BE:16:0A:00:3B:DA,1295,,457,2
568468,ack,11:66:F0:00:01:3D,,0,454,2
568472,ack,BE:16:0A:00:3B:DA,,0,456,2
568537,send,11:66:F0:00:01:3D,1296,,455,2
568544,send,BE:16:0A:00:3B:DA,1296,,457,2
568545,ack,11:66:F0:00:01:3D,,0,454,2
568549,ack,BE:16:0A:00:3B:DA,,0,456,2
568616,send,11:66:F0:00:01:3D,1297,,455,2
568623,send,BE:16:0A:00:3B:DA,1297,,457,2
568623,ack,11:66:F0:00:01:3D,,0,454,2
568629,ack,BE:16:0A:00:3B:DA,,0,456,2
568695,send,11:66:F0:00:01:3D,1298,,455,2
568700,send,BE:16:0A:00:3B:DA,1298,,457,2
568703,ack,11:66:F0:00:01:3D,,0,454,2
568708,ack,BE:16:0A:00:3B:DA,,0,456,2
568773,send,11:66:F0:00:01:3D,1299,,455,2
568779,send,BE:16:0A:00:3B:DA,1299,,457,2
568780,ack,11:66:F0:00:01:3D,,0,454,2
568785,ack,BE:16:0A:00:3B:DA,,0,456,2
568851,send,11:66:F0:00:01:3D,1300,,455,2
568858,send,BE:16:0A:00:3B:DA,1300,,457,2
568859,ack,11:66:F0:00:01:3D,,0,454,2
568864,ack,BE:16:0A:00:3B:DA,,0,456,2
568930,send,11:66:F0:00:01:3D,1301,,455,2
568937,send,BE:16:0A:00:3B:DA,1301,,457,2
568937,ack,11:66:F0:00:01:3D,,0,454,2
568943,ack,BE:16:0A:00:3B:DA,,0,456,2
569009,send,11:66:F0:00:01:3D,1302,,455,2
569016,send,BE:16:0A:00:3B:DA,1302,,457,2
569018,ack,11:66:F0:00:01:3D,,0,454,2
569024,ack,BE:16:0A:00:3B:DA,,0,456,2
569088,send,11:66:F0:00:01:3D,1303,,455,2
569095,send,BE:16:0A:00:3B:DA,1303,,457,2
569096,ack,11:66:F0:00:01:3D,,0,454,2
569101,ack,BE:16:0A:00:3B:DA,,0,456,2
569168,send,11:66:F0:00:01:3D,1304,,455,2
569175,send,BE:16:0A:00:3B:DA,1304,,457,2
569177,ack,11:66:F0:00:01:3D,,0,454,2
569181,ack,BE:16:0A:00:3B:DA,,0,456,2
569247,send,11:66:F0:00:01:3D,1305,,455,2
569254,send,BE:16:0A:00:3B:DA,1305,,457,2
569256,ack,11:66:F0:00:01:3D,,0,454,2
569260,ack,BE:16:0A:00:3B:DA,,0,456,2
569326,send,11:66:F0:00:01:3D,1306,,455,2
569331,send,BE:16:0A:00:3B:DA,1306,,457,2
569332,ack,11:66:F0:00:01:3D,,0,454,2
569336,ack,BE:16:0A:00:3B:DA,,0,456,2
569403,send,11:66:F0:00:01:3D,1307,,455,2
569409,send,BE:16:0A:00:3B:DA,1307,,457,2
569410,ack,11:66:F0:00:01:3D,,0,454,2
569416,ack,BE:16:0A:00:3B:DA,,0,456,2
569483,send,11:66:F0:00:01:3D,1308,,455,2
569489,send,BE:16:0A:00:3B:DA,1308,,457,2
569490,ack,11:66:F0:00:01:3D,,0,454,2
569495,ack,BE:16:0A:00:3B:DA,,0,456,2
569562,send,11:66:F0:00:01:3D,1309,,455,2
569571,send,BE:16:0A:00:3B:DA,1309,,457,2
569573,ack,11:66:F0:00:01:3D,,0,454,2
569576,ack,BE:16:0A:00:3B:DA,,0,456,2
569643,send,11:66:F0:00:01:3D,1310,,455,2
569652,send,BE:16:0A:00:3B:DA,1310,,457,2
569654,ack,11:66:F0:00:01:3D,,0,454,2
569659,ack,BE:16:0A:00:3B:DA,,0,456,2
569726,send,11:66:F0:00:01:3D,1311,,455,2
569733,send,BE:16:0A:00:3B:DA,1311,,457,2
569735,ack,11:66:F0:00:01:3D,,0,454,2
569738,ack,BE:16:0A:00:3B:DA,,0,456,2
569805,send,11:66:F0:00:01:3D,1312,,455,2
569811,send,BE:16:0A:00:3B:DA,1312,,457,2
569812,ack,11:66:F0:00:01:3D,,0,454,2
569816,ack,BE:16:0A:00:3B:DA,,0,456,2
569882,send,11:66:F0:00:01:3D,1313,,455,2
569887,send,BE:16:0A:00:3B:DA,1313,,457,2
569888,ack,11:66:F0:00:01:3D,,0,454,2
569893,ack,BE:16:0A:00:3B:DA,,0,456,2
569960,send,11:66:F0:00:01:3D,1314,,455,2
569967,send,BE:16:0A:00:3B:DA,1314,,457,2
569969,ack,11:66:F0:00:01:3D,,0,454,2
569972,ack,BE:16:0A:00:3B:DA,,0,456,2
570038,send,11:66:F0:00:01:3D,1315,,455,2
570042,send,BE:16:0A:00:3B:DA,1315,,457,2
570044,ack,11:66:F0:00:01:3D,,0,454,2
570049,ack,BE:16:0A:00:3B:DA,,0,456,2
570748,send,11:66:F0:00:01:3D,1316,,455,2
570757,send,BE:16:0A:00:3B:DA,1316,,457,2
570758,ack,11:66:F0:00:01:3D,,0,454,2
570765,ack,BE:16:0A:00:3B:DA,,0,456,2
570817,send,11:66:F0:00:01:3D,1317,,455,2
570824,send,BE:16:0A:00:3B:DA,1317,,457,2
570826,ack,11:66:F0:00:01:3D,,0,454,2
570831,ack,BE:16:0A:00:3B:DA,,0,456,2
570880,send,11:66:F0:00:01:3D,1318,,455,2
570885,send,BE:16:0A:00:3B:DA,1318,,457,2
570886,ack,11:66:F0:00:01:3D,,0,454,2
570891,ack,BE:16:0A:00:3B:DA,,0,456,2
570939,send,11:66:F0:00:01:3D,1319,,455,2
570945,send,BE:16:0A:00:3B:DA,1319,,457,2
570947,ack,11:66:F0:00:01:3D,,0,454,2
570951,ack,BE:16:0A:00:3B:DA,,0,456,2
571001,send,11:66:F0:00:01:3D,1320,,455,2
571006,ack,11:66:F0:00:01:3D,,0,454,2
571007,send,BE:16:0A:00:3B:DA,1320,,457,2
571012,ack,BE:16:0A:00:3B:DA,,0,456,2
571063,send,11:66:F0:00:01:3D,1321,,455,2
571067,send,BE:16:0A:00:3B:DA,1321,,457,2
571067,ack,11:66:F0:00:01:3D,,0,454,2
571073,ack,BE:16:0A:00:3B:DA,,0,456,2
571122,send,11:66:F0:00:01:3D,1322,,455,2
571128,send,BE:16:0A:00:3B:DA,1322,,457,2
571129,ack,11:66:F0:00:01:3D,,0,454,2
571136,ack,BE:16:0A:00:3B:DA,,0,456,2
571185,send,11:66:F0:00:01:3D,1323,,455,2
571192,send,BE:16:0A:00:3B:DA,1323,,457,2
571193,ack,11:66:F0:00:01:3D,,0,454,2
571196,ack,BE:16:0A:00:3B:DA,,0,456,2
571246,send,11:66:F0:00:01:3D,1324,,455,2
571252,send,BE:16:0A:00:3B:DA,1324,,457,2
571254,ack,11:66:F0:00:01:3D,,0,454,2
571262,ack,BE:16:0A:00:3B:DA,,0,456,2
571310,send,11:66:F0:00:01:3D,1325,,455,2
571318,send,BE:16:0A:00:3B:DA,1325,,457,2
571320,ack,11:66:F0:00:01:3D,,0,454,2
571323,ack,BE:16:0A:00:3B:DA,,0,456,2
571373,send,11:66:F0:00:01:3D,1326,,455,2
571380,send,BE:16:0A:00:3B:DA,1326,,457,2
571381,ack,11:66:F0:00:01:3D,,0,454,2
571386,ack,BE:16:0A:00:3B:DA,,0,456,2
571435,send,11:66:F0:00:01:3D,1327,,455,2
571442,send,BE:16:0A:00:3B:DA,1327,,457,2
571443,ack,11:66:F0:00:01:3D,,0,454,2
571448,ack,BE:16:0A:00:3B:DA,,0,456,2
571496,send,11:66:F0:00:01:3D,1328,,455,2
571500,send,BE:16:0A:00:3B:DA,1328,,457,2
571501,ack,11:66:F0:00:01:3D,,0,454,2
571505,ack,BE:16:0A:00:3B:DA,,0,456,2
571556,send,11:66:F0:00:01:3D,1329,,455,2
571560,send,BE:16:0A:00:3B:DA,1329,,457,2
571561,ack,11:66:F0:00:01:3D,,0,454,2
571566,ack,BE:16:0A:00:3B:DA,,0,456,2
571616,send,11:66:F0:00:01:3D,1330,,455,2
571622,send,BE:16:0A:00:3B:DA,1330,,457,2
571622,ack,11:66:F0:00:01:3D,,0,454,2
571627,ack,BE:16:0A:00:3B:DA,,0,456,2
571677,send,11:66:F0:00:01:3D,1331,,455,2
571682,send,BE:16:0A:00:3B:DA,1331,,457,2
571684,ack,11:66:F0:00:01:3D,,0,454,2
571688,ack,BE:16:0A:00:3B:DA,,0,456,2
571738,send,11:66:F0:00:01:3D,1332,,455,2
571743,send,BE:16:0A:00:3B:DA,1332,,457,2
571745,ack,11:66:F0:00:01:3D,,0,454,2
571750,ack,BE:16:0A:00:3B:DA,,0,456,2
571799,send,11:66:F0:00:01:3D,1333,,455,2
571807,send,BE:16:0A:00:3B:DA,1333,,457,2
571808,ack,11:66:F0:00:01:3D,,0,454,2
571814,ack,BE:16:0A:00:3B:DA,,0,456,2
571863,send,11:66:F0:00:01:3D,1334,,455,2
571869,ack,11:66:F0:00:01:3D,,0,454,2
571869,send,BE:16:0A:00:3B:DA,1334,,457,2
571874,ack,BE:16:0A:00:3B:DA,,0,456,2
571926,send,11:66:F0:00:01:3D,1335,,455,2
571931,send,BE:16:0A:00:3B:DA,1335,,457,2
571933,ack,11:66:F0:00:01:3D,,0,454,2
571937,ack,BE:16:0A:00:3B:DA,,0,456,2
571985,send,11:66:F0:00:01:3D,1336,,455,2
571990,send,BE:16:0A:00:3B:DA,1336,,457,2
571992,ack,11:66:F0:00:01:3D,,0,454,2
571996,ack,BE:16:0A:00:3B:DA,,0,456,2
572047,send,11:66:F0:00:01:3D,1337,,455,2
572053,send,BE:16:0A:00:3B:DA,1337,,457,2
572054,ack,11:66:F0:00:01:3D,,0,454,2
572059,ack,BE:16:0A:00:3B:DA,,0,456,2
572108,send,11:66:F0:00:01:3D,1338,,455,2
572112,send,BE:16:0A:00:3B:DA,1338,,457,2
572115,ack,11:66:F0:00:01:3D,,0,454,2
572117,ack,BE:16:0A:00:3B:DA,,0,456,2
572168,send,11:66:F0:00:01:3D,1339,,455,2
572176,send,BE:16:0A:00:3B:DA,1339,,457,2
572178,ack,11:66:F0:00:01:3D,,0,454,2
572182,ack,BE:16:0A:00:3B:DA,,0,456,2
572231,send,11:66:F0:00:01:3D,1340,,455,2
572235,send,BE:16:0A:00:3B:DA,1340,,457,2
572237,ack,11:66:F0:00:01:3D,,0,454,2
572241,ack,BE:16:0A:00:3B:DA,,0,456,2
572291,send,11:66:F0:00:01:3D,1341,,455,2
572299,send,BE:16:0A:00:3B:DA,1341,,457,2
572301,ack,11:66:F0:00:01:3D,,0,454,2
572306,ack,BE:16:0A:00:3B:DA,,0,456,2
572356,send,11:66:F0:00:01:3D,1342,,455,2
572362,send,BE:16:0A:00:3B:DA,1342,,457,2
572363,ack,11:66:F0:00:01:3D,,0,454,2
572368,ack,BE:16:0A:00:3B:DA,,0,456,2
572417,send,11:66:F0:00:01:3D,1343,,455,2
572424,send,BE:16:0A:00:3B:DA,1343,,457,2
572424,ack,11:66:F0:00:01:3D,,0,454,2
572430,ack,BE:16:0A:00:3B:DA,,0,456,2
572480,send,11:66:F0:00:01:3D,1344,,455,2
572487,send,BE:16:0A:00:3B:DA,1344,,457,2
572488,ack,11:66:F0:00:01:3D,,0,454,2
572492,ack,BE:16:0A:00:3B:DA,,0,456,2
572544,send,11:66:F0:00:01:3D,1345,,455,2
572550,send,BE:16:0A:00:3B:DA,1345,,457,2
572552,ack,11:66:F0:00:01:3D,,0,454,2
572557,ack,BE:16:0A:00:3B:DA,,0,456,2
572606,send,11:66:F0:00:01:3D,1346,,455,2
572612,send,BE:16:0A:00:3B:DA,1346,,457,2
572613,ack,11:66:F0:00:01:3D,,0,454,2
572619,ack,BE:16:0A:00:3B:DA,,0,456,2
572670,send,11:66:F0:00:01:3D,1347,,455,2
572677,send,BE:16:0A:00:3B:DA,1347,,457,2
572679,ack,11:66:F0:00:01:3D,,0,454,2
572685,ack,BE:16:0A:00:3B:DA,,0,456,2
572736,send,11:66:F0:00:01:3D,1348,,455,2
572744,send,BE:16:0A:00:3B:DA,1348,,457,2
572746,ack,11:66:F0:00:01:3D,,0,454,2
572751,ack,BE:16:0A:00:3B:DA,,0,456,2
572800,send,11:66:F0:00:01:3D,1349,,455,2
572808,send,BE:16:0A:00:3B:DA,1349,,457,2
572808,ack,11:66:F0:00:01:3D,,0,454,2
572814,ack,BE:16:0A:00:3B:DA,,0,456,2
572867,send,11:66:F0:00:01:3D,1350,,455,2
572873,send,BE:16:0A:00:3B:DA,1350,,457,2
572874,ack,11:66:F0:00:01:3D,,0,454,2
572880,ack,BE:16:0A:00:3B:DA,,0,456,2
572930,send,11:66:F0:00:01:3D,1351,,455,2
572936,send,BE:16:0A:00:3B:DA,1351,,457,2
572936,ack,11:66:F0:00:01:3D,,0,454,2
572940,ack,BE:16:0A:00:3B:DA,,0,456,2
572992,send,11:66:F0:00:01:3D,1352,,455,2
572998,ack,11:66:F0:00:01:3D,,0,454,2
572998,send,BE:16:0A:00:3B:DA,1352,,457,2
573004,ack,BE:16:0A:00:3B:DA,,0,456,2
573054,send,11:66:F0:00:01:3D,1353,,455,2
573061,send,BE:16:0A:00:3B:DA,1353,,457,2
573061,ack,11:66:F0:00:01:3D,,0,454,2
573067,ack,BE:16:0A:00:3B:DA,,0,456,2
573117,send,11:66:F0:00:01:3D,1354,,455,2
573122,send,BE:16:0A:00:3B:DA,1354,,457,2
573124,ack,11:66:F0:00:01:3D,,0,454,2
573127,ack,BE:16:0A:00:3B:DA,,0,456,2
573178,send,11:66:F0:00:01:3D,1355,,455,2
573185,ack,11:66:F0:00:01:3D,,0,454,2
573185,send,BE:16:0A:00:3B:DA,1355,,457,2
573191,ack,BE:16:0A:00:3B:DA,,0,456,2
573241,send,11:66:F0:00:01:3D,1356,,455,2
573247,send,BE:16:0A:00:3B:DA,1356,,457,2
573248,ack,11:66:F0:00:01:3D,,0,454,2
573253,ack,BE:16:0A:00:3B:DA,,0,456,2
573303,send,11:66:F0:00:01:3D,1357,,455,2
573309,ack,11:66:F0:00:01:3D,,0,454,2
573309,send,BE:16:0A:00:3B:DA,1357,,457,2
573316,ack,BE:16:0A:00:3B:DA,,0,456,2
573366,send,11:66:F0:00:01:3D,1358,,455,2
573370,send,BE:16:0A:00:3B:DA,1358,,457,2
573372,ack,11:66:F0:00:01:3D,,0,454,2
573375,ack,BE:16:0A:00:3B:DA,,0,456,2
573425,send,11:66:F0:00:01:3D,1359,,455,2
573431,send,BE:16:0A:00:3B:DA,1359,,457,2
573432,ack,11:66:F0:00:01:3D,,0,454,2
573436,ack,BE:16:0A:00:3B:DA,,0,456,2
573484,send,11:66:F0:00:01:3D,1360,,455,2
573489,send,BE:16:0A:00:3B:DA,1360,,457,2
573491,ack,11:66:F0:00:01:3D,,0,454,2
573496,ack,BE:16:0A:00:3B:DA,,0,456,2
573543,send,11:66:F0:00:01:3D,1361,,455,2
573550,send,BE:16:0A:00:3B:DA,1361,,457,2
573551,ack,11:66:F0:00:01:3D,,0,454,2
573555,ack,BE:16:0A:00:3B:DA,,0,456,2
573605,send,11:66:F0:00:01:3D,1362,,455,2
573613,send,BE:16:0A:00:3B:DA,1362,,457,2
573614,ack,11:66:F0:00:01:3D,,0,454,2
573619,ack,BE:16:0A:00:3B:DA,,0,456,2
573672,send,11:66:F0:00:01:3D,1363,,455,2
573679,send,BE:16:0A:00:3B:DA,1363,,457,2
573680,ack,11:66:F0:00:01:3D,,0,454,2
573687,ack,BE:16:0A:00:3B:DA,,0,456,2
573737,send,11:66:F0:00:01:3D,1364,,455,2
573745,send,BE:16:0A:00:3B:DA,1364,,457,2
573746,ack,11:66:F0:00:01:3D,,0,454,2
573751,ack,BE:16:0A:00:3B:DA,,0,456,2
573802,send,11:66:F0:00:01:3D,1365,,455,2
573810,send,BE:16:0A:00:3B:DA,1365,,457,2
573811,ack,11:66:F0:00:01:3D,,0,454,2
573817,ack,BE:16:0A:00:3B:DA,,0,456,2
573866,send,11:66:F0:00:01:3D,1366,,455,2
573873,send,BE:16:0A:00:3B:DA,1366,,457,2
573874,ack,11:66:F0:00:01:3D,,0,454,2
573879,ack,BE:16:0A:00:3B:DA,,0,456,2
573930,send,11:66:F0:00:01:3D,1367,,455,2
573935,send,BE:16:0A:00:3B:DA,1367,,457,2
573938,ack,11:66:F0:00:01:3D,,0,454,2
573940,ack,BE:16:0A:00:3B:DA,,0,456,2
573989,send,11:66:F0:00:01:3D,1368,,455,2
573993,send,BE:16:0A:00:3B:DA,1368,,457,2
573997,ack,11:66:F0:00:01:3D,,0,454,2
574000,ack,BE:16:0A:00:3B:DA,,0,456,2
574051,send,11:66:F0:00:01:3D,1369,,455,2
574057,send,BE:16:0A:00:3B:DA,1369,,457,2
574058,ack,11:66:F0:00:01:3D,,0,454,2
574062,ack,BE:16:0A:00:3B:DA,,0,456,2
574113,send,11:66:F0:00:01:3D,1370,,455,2
574118,send,BE:16:0A:00:3B:DA,1370,,457,2
574120,ack,11:66:F0:00:01:3D,,0,454,2
574123,ack,BE:16:0A:00:3B:DA,,0,456,2
574175,send,11:66:F0:00:01:3D,1371,,455,2
574183,ack,11:66:F0:00:01:3D,,0,454,2
574184,send,BE:16:0A:00:3B:DA,1371,,457,2
574191,ack,BE:16:0A:00:3B:DA,,0,456,2
574241,send,11:66:F0:00:01:3D,1372,,455,2
574248,send,BE:16:0A:00:3B:DA,1372,,457,2
574250,ack,11:66:F0:00:01:3D,,0,454,2
574253,ack,BE:16:0A:00:3B:DA,,0,456,2
574304,send,11:66:F0:00:01:3D,1373,,455,2
574311,send,BE:16:0A:00:3B:DA,1373,,457,2
574311,ack,11:66:F0:00:01:3D,,0,454,2
574318,ack,BE:16:0A:00:3B:DA,,0,456,2
574367,send,11:66:F0:00:01:3D,1374,,455,2
574372,send,BE:16:0A:00:3B:DA,1374,,457,2
574373,ack,11:66:F0:00:01:3D,,0,454,2
574378,ack,BE:16:0A:00:3B:DA,,0,456,2
574427,send,11:66:F0:00:01:3D,1375,,455,2
574431,send,BE:16:0A:00:3B:DA,1375,,457,2
574433,ack,11:66:F0:00:01:3D,,0,454,2
574436,ack,BE:16:0A:00:3B:DA,,0,456,2
574485,send,11:66:F0:00:01:3D,1376,,455,2
574490,send,BE:16:0A:00:3B:DA,1376,,457,2
574492,ack,11:66:F0:00:01:3D,,0,454,2
574495,ack,BE:16:0A:00:3B:DA,,0,456,2
574548,send,11:66:F0:00:01:3D,1377,,455,2
574554,send,BE:16:0A:00:3B:DA,1377,,457,2
574556,ack,11:66:F0:00:01:3D,,0,454,2
574560,ack,BE:16:0A:00:3B:DA,,0,456,2
574610,send,11:66:F0:00:01:3D,1378,,455,2
574617,send,BE:16:0A:00:3B:DA,1378,,457,2
574618,ack,11:66:F0:00:01:3D,,0,454,2
574624,ack,BE:16:0A:00:3B:DA,,0,456,2
574673,send,11:66:F0:00:01:3D,1379,,455,2
574677,send,BE:16:0A:00:3B:DA,1379,,457,2
574679,ack,11:66:F0:00:01:3D,,0,454,2
574683,ack,BE:16:0A:00:3B:DA,,0,456,2
574731,send,11:66:F0:00:01:3D,1380,,455,2
574738,send,BE:16:0A:00:3B:DA,1380,,457,2
574739,ack,11:66:F0:00:01:3D,,0,454,2
574743,ack,BE:16:0A:00:3B:DA,,0,456,2
574791,send,11:66:F0:00:01:3D,1381,,455,2
574797,send,BE:16:0A:00:3B:DA,1381,,457,2
574799,ack,11:66:F0:00:01:3D,,0,454,2
574804,ack,BE:16:0A:00:3B:DA,,0,456,2
574853,send,11:66:F0:00:01:3D,1382,,455,2
574860,send,BE:16:0A:00:3B:DA,1382,,457,2
574862,ack,11:66:F0:00:01:3D,,0,454,2
574868,ack,BE:16:0A:00:3B:DA,,0,456,2
574918,send,11:66:F0:00:01:3D,1383,,455,2
574923,send,BE:16:0A:00:3B:DA,1383,,457,2
574924,ack,11:66:F0:00:01:3D,,0,454,2
574928,ack,BE:16:0A:00:3B:DA,,0,456,2
574979,send,11:66:F0:00:01:3D,1384,,455,2
574984,send,BE:16:0A:00:3B:DA,1384,,457,2
574985,ack,11:66:F0:00:01:3D,,0,454,2
574992,ack,BE:16:0A:00:3B:DA,,0,456,2
575040,send,11:66:F0:00:01:3D,1385,,455,2
575044,send,BE:16:0A:00:3B:DA,1385,,457,2
575046,ack,11:66:F0:00:01:3D,,0,454,2
575050,ack,BE:16:0A:00:3B:DA,,0,456,2
575100,send,11:66:F0:00:01:3D,1386,,455,2
575104,send,BE:16:0A:00:3B:DA,1386,,457,2
575105,ack,11:66:F0:00:01:3D,,0,454,2
575109,ack,BE:16:0A:00:3B:DA,,0,456,2
575158,send,11:66:F0:00:01:3D,1387,,455,2
575162,send,BE:16:0A:00:3B:DA,1387,,457,2
575163,ack,11:66:F0:00:01:3D,,0,454,2
575166,ack,BE:16:0A:00:3B:DA,,0,456,2
575217,send,11:66:F0:00:01:3D,1388,,455,2
575222,send,BE:16:0A:00:3B:DA,1388,,457,2
575222,ack,11:66:F0:00:01:3D,,0,454,2
575226,ack,BE:16:0A:00:3B:DA,,0,456,2
575275,send,11:66:F0:00:01:3D,1389,,455,2
575280,send,BE:16:0A:00:3B:DA,1389,,457,2
575282,ack,11:66:F0:00:01:3D,,0,454,2
575286,ack,BE:16:0A:00:3B:DA,,0,456,2
575336,send,11:66:F0:00:01:3D,1390,,455,2
575342,send,BE:16:0A:00:3B:DA,1390,,457,2
575344,ack,11:66:F0:00:01:3D,,0,454,2
575348,ack,BE:16:0A:00:3B:DA,,0,456,2
575398,send,11:66:F0:00:01:3D,1391,,455,2
575404,send,BE:16:0A:00:3B:DA,1391,,457,2
575405,ack,11:66:F0:00:01:3D,,0,454,2
575410,ack,BE:16:0A:00:3B:DA,,0,456,2
575460,send,11:66:F0:00:01:3D,1392,,455,2
575467,send,BE:16:0A:00:3B:DA,1392,,457,2
575468,ack,11:66:F0:00:01:3D,,0,454,2
575472,ack,BE:16:0A:00:3B:DA,,0,456,2
575521,send,11:66:F0:00:01:3D,1393,,455,2
575528,send,BE:16:0A:00:3B:DA,1393,,457,2
575529,ack,11:66:F0:00:01:3D,,0,454,2
575535,ack,BE:16:0A:00:3B:DA,,0,456,2
575587,send,11:66:F0:00:01:3D,1394,,455,2
575593,send,BE:16:0A:00:3B:DA,1394,,457,2
575594,ack,11:66:F0:00:01:3D,,0,454,2
575598,ack,BE:16:0A:00:3B:DA,,0,456,2
575651,send,11:66:F0:00:01:3D,1395,,455,2
575656,send,BE:16:0A:00:3B:DA,1395,,457,2
575657,ack,11:66:F0:00:01:3D,,0,454,2
575663,ack,BE:16:0A:00:3B:DA,,0,456,2
575711,send,11:66:F0:00:01:3D,1396,,455,2
575716,send,BE:16:0A:00:3B:DA,1396,,457,2
575718,ack,11:66:F0:00:01:3D,,0,454,2
575722,ack,BE:16:0A:00:3B:DA,,0,456,2
576423,send,11:66:F0:00:01:3D,1397,,455,2
576429,send,BE:16:0A:00:3B:DA,1397,,457,2
576430,ack,11:66:F0:00:01:3D,,0,454,2
576435,ack,BE:16:0A:00:3B:DA,,0,456,2
576469,send,11:66:F0:00:01:3D,1398,,455,2
576470,send,BE:16:0A:00:3B:DA,1398,,457,2
576492,ack,11:66:F0:00:01:3D,,0,454,2
576495,ack,BE:16:0A:00:3B:DA,,0,456,2
576505,send,11:66:F0:00:01:3D,1399,,455,2
576506,send,BE:16:0A:00:3B:DA,1399,,457,2
576540,send,11:66:F0:00:01:3D,1400,,456,2
576541,send,BE:16:0A:00:3B:DA,1400,,458,2
576551,ack,11:66:F0:00:01:3D,,0,455,2
576552,ack,BE:16:0A:00:3B:DA,,0,457,2
576576,send,11:66:F0:00:01:3D,1401,,456,2
576577,send,BE:16:0A:00:3B:DA,1401,,458,2
576610,send,11:66:F0:00:01:3D,1402,,457,2
576613,send,BE:16:0A:00:3B:DA,1402,,459,2
576614,ack,11:66:F0:00:01:3D,,0,456,2
576616,ack,BE:16:0A:00:3B:DA,,0,458,2
576651,send,11:66:F0:00:01:3D,1403,,457,2
576652,send,BE:16:0A:00:3B:DA,1403,,459,2
576676,ack,BE:16:0A:00:3B:DA,,0,458,2
576676,ack,11:66:F0:00:01:3D,,0,456,2
576686,send,11:66:F0:00:01:3D,1404,,457,2
576687,send,BE:16:0A:00:3B:DA,1404,,459,2
576721,send,11:66:F0:00:01:3D,1405,,458,2
576722,send,BE:16:0A:00:3B:DA,1405,,460,2
576735,ack,BE:16:0A:00:3B:DA,,0,459,2
576736,ack,11:66:F0:00:01:3D,,0,457,2
576757,send,11:66:F0:00:01:3D,1406,,458,2
576758,send,BE:16:0A:00:3B:DA,1406,,460,2
576791,send,11:66:F0:00:01:3D,1407,,459,2
576794,send,BE:16:0A:00:3B:DA,1407,,461,2
576797,ack,BE:16:0A:00:3B:DA,,0,460,2
576797,ack,11:66:F0:00:01:3D,,0,458,2
576829,send,11:66:F0:00:01:3D,1408,,459,2
576830,send,BE:16:0A:00:3B:DA,1408,,461,2
576858,ack,BE:16:0A:00:3B:DA,,0,460,2
576858,ack,11:66:F0:00:01:3D,,0,458,2
576865,send,11:66:F0:00:01:3D,1409,,459,2
576866,send,BE:16:0A:00:3B:DA,1409,,461,2
576901,send,11:66:F0:00:01:3D,1410,,460,2
576902,send,BE:16:0A:00:3B:DA,1410,,462,2
576916,ack,11:66:F0:00:01:3D,,0,459,2
576917,ack,BE:16:0A:00:3B:DA,,0,461,2
576936,send,11:66:F0:00:01:3D,1411,,460,2
576938,send,BE:16:0A:00:3B:DA,1411,,462,2
576973,send,11:66:F0:00:01:3D,1412,,461,2
576975,send,BE:16:0A:00:3B:DA,1412,,463,2
576978,ack,11:66:F0:00:01:3D,,0,460,2
576978,ack,BE:16:0A:00:3B:DA,,0,462,2
577010,send,11:66:F0:00:01:3D,1413,,461,2
577011,send,BE:16:0A:00:3B:DA,1413,,463,2
577037,ack,BE:16:0A:00:3B:DA,,0,462,2
577037,ack,11:66:F0:00:01:3D,,0,460,2
577044,send,11:66:F0:00:01:3D,1414,,461,2
577045,send,BE:16:0A:00:3B:DA,1414,,463,2
577080,send,11:66:F0:00:01:3D,1415,,462,2
577080,send,BE:16:0A:00:3B:DA,1415,,464,2
577097,ack,BE:16:0A:00:3B:DA,,0,463,2
577099,ack,11:66:F0:00:01:3D,,0,461,2
577113,send,11:66:F0:00:01:3D,1416,,462,2
577114,send,BE:16:0A:00:3B:DA,1416,,464,2
577148,send,11:66:F0:00:01:3D,1417,,463,2
577154,send,BE:16:0A:00:3B:DA,1417,,465,2
577155,ack,BE:16:0A:00:3B:DA,,0,464,2
577156,ack,11:66:F0:00:01:3D,,0,462,2
577188,send,11:66:F0:00:01:3D,1418,,463,2
577189,send,BE:16:0A:00:3B:DA,1418,,465,2
577215,ack,11:66:F0:00:01:3D,,0,462,2
577215,ack,BE:16:0A:00:3B:DA,,0,464,2
577222,send,11:66:F0:00:01:3D,1419,,463,2
577223,send,BE:16:0A:00:3B:DA,1419,,465,2
577258,send,11:66:F0:00:01:3D,1420,,464,2
577258,send,BE:16:0A:00:3B:DA,1420,,466,2
577276,ack,BE:16:0A:00:3B:DA,,0,465,2
577276,ack,11:66:F0:00:01:3D,,0,463,2
577292,send,11:66:F0:00:01:3D,1421,,464,2
577293,send,BE:16:0A:00:3B:DA,1421,,466,2
577329,send,11:66:F0:00:01:3D,1422,,465,2
577332,send,BE:16:0A:00:3B:DA,1422,,467,2
577333,ack,11:66:F0:00:01:3D,,0,464,2
577333,ack,BE:16:0A:00:3B:DA,,0,466,2
577369,send,11:66:F0:00:01:3D,1423,,465,2
577370,send,BE:16:0A:00:3B:DA,1423,,467,2
577391,ack,11:66:F0:00:01:3D,,0,464,2
577391,ack,BE:16:0A:00:3B:DA,,0,466,2
577405,send,11:66:F0:00:01:3D,1424,,465,2
577406,send,BE:16:0A:00:3B:DA,1424,,467,2
577441,send,11:66:F0:00:01:3D,1425,,466,2
577445,send,BE:16:0A:00:3B:DA,1425,,468,2
577446,ack,11:66:F0:00:01:3D,,0,465,2
577450,ack,BE:16:0A:00:3B:DA,,0,467,2
577485,send,11:66:F0:00:01:3D,1426,,466,2
577486,send,BE:16:0A:00:3B:DA,1426,,468,2
577508,ack,11:66:F0:00:01:3D,,0,465,2
577510,ack,BE:16:0A:00:3B:DA,,0,467,2
577529,send,11:66:F0:00:01:3D,1427,,466,2
577530,send,BE:16:0A:00:3B:DA,1427,,468,2
577563,send,11:66:F0:00:01:3D,1428,,467,2
577566,ack,BE:16:0A:00:3B:DA,,0,467,2
577567,send,BE:16:0A:00:3B:DA,1428,,468,2
577567,ack,11:66:F0:00:01:3D,,0,466,2
577602,send,11:66:F0:00:01:3D,1429,,467,2
577602,send,BE:16:0A:00:3B:DA,1429,,469,2
577628,ack,BE:16:0A:00:3B:DA,,0,468,2
577629,ack,11:66:F0:00:01:3D,,0,466,2
577638,send,11:66:F0:00:01:3D,1430,,467,2
577639,send,BE:16:0A:00:3B:DA,1430,,469,2
577673,send,11:66:F0:00:01:3D,1431,,468,2
577674,send,BE:16:0A:00:3B:DA,1431,,470,2
577685,ack,11:66:F0:00:01:3D,,0,467,2
577685,ack,BE:16:0A:00:3B:DA,,0,469,2
577710,send,11:66:F0:00:01:3D,1432,,468,2
577711,send,BE:16:0A:00:3B:DA,1432,,470,2
577746,send,11:66:F0:00:01:3D,1433,,469,2
577746,send,BE:16:0A:00:3B:DA,1433,,471,2
577747,ack,11:66:F0:00:01:3D,,0,468,2
577747,ack,BE:16:0A:00:3B:DA,,0,470,2
577781,send,11:66:F0:00:01:3D,1434,,469,2
577782,send,BE:16:0A:00:3B:DA,1434,,471,2
577806,ack,11:66:F0:00:01:3D,,0,468,2
577806,ack,BE:16:0A:00:3B:DA,,0,470,2
577816,send,11:66:F0:00:01:3D,1435,,469,2
577817,send,BE:16:0A:00:3B:DA,1435,,471,2
577852,send,11:66:F0:00:01:3D,1436,,470,2
577853,send,BE:16:0A:00:3B:DA,1436,,472,2
577864,ack,BE:16:0A:00:3B:DA,,0,471,2
577864,ack,11:66:F0:00:01:3D,,0,469,2
577887,send,11:66:F0:00:01:3D,1437,,470,2
577888,send,BE:16:0A:00:3B:DA,1437,,472,2
577921,send,11:66:F0:00:01:3D,1438,,471,2
577923,send,BE:16:0A:00:3B:DA,1438,,473,2
577924,ack,BE:16:0A:00:3B:DA,,0,472,2
577925,ack,11:66:F0:00:01:3D,,0,470,2
577958,send,11:66:F0:00:01:3D,1439,,471,2
577959,send,BE:16:0A:00:3B:DA,1439,,473,2
577984,ack,BE:16:0A:00:3B:DA,,0,472,2
577984,ack,11:66:F0:00:01:3D,,0,470,2
577994,send,11:66:F0:00:01:3D,1440,,471,2
577996,send,BE:16:0A:00:3B:DA,1440,,473,2
578030,send,11:66:F0:00:01:3D,1441,,472,2
578031,send,BE:16:0A:00:3B:DA,1441,,474,2
578041,ack,11:66:F0:00:01:3D,,0,471,2
578041,ack,BE:16:0A:00:3B:DA,,0,473,2
578065,send,11:66:F0:00:01:3D,1442,,472,2
578066,send,BE:16:0A:00:3B:DA,1442,,474,2
578099,send,11:66:F0:00:01:3D,1443,,473,2
578100,ack,11:66:F0:00:01:3D,,0,472,2
578100,send,BE:16:0A:00:3B:DA,1443,,475,2
578101,ack,BE:16:0A:00:3B:DA,,0,474,2
578135,send,11:66:F0:00:01:3D,1444,,473,2
578135,send,BE:16:0A:00:3B:DA,1444,,475,2
578160,ack,11:66:F0:00:01:3D,,0,472,2
578160,ack,BE:16:0A:00:3B:DA,,0,474,2
578169,send,11:66:F0:00:01:3D,1445,,473,2
578170,send,BE:16:0A:00:3B:DA,1445,,475,2
578204,send,11:66:F0:00:01:3D,1446,,474,2
578205,send,BE:16:0A:00:3B:DA,1446,,476,2
578220,ack,11:66:F0:00:01:3D,,0,473,2
578221,ack,BE:16:0A:00:3B:DA,,0,475,2
578239,send,11:66:F0:00:01:3D,1447,,474,2
578240,send,BE:16:0A:00:3B:DA,1447,,476,2
578274,send,11:66:F0:00:01:3D,1448,,475,2
578277,send,BE:16:0A:00:3B:DA,1448,,477,2
578279,ack,11:66:F0:00:01:3D,,0,474,2
578279,ack,BE:16:0A:00:3B:DA,,0,476,2
578313,send,11:66:F0:00:01:3D,1449,,475,2
578313,send,BE:16:0A:00:3B:DA,1449,,477,2
578336,ack,BE:16:0A:00:3B:DA,,0,476,2
578337,ack,11:66:F0:00:01:3D,,0,474,2
578347,send,11:66:F0:00:01:3D,1450,,475,2
578348,send,BE:16:0A:00:3B:DA,1450,,477,2
578384,send,11:66:F0:00:01:3D,1451,,476,2
578385,send,BE:16:0A:00:3B:DA,1451,,478,2
578395,ack,11:66:F0:00:01:3D,,0,475,2
578396,ack,BE:16:0A:00:3B:DA,,0,477,2
578420,send,11:66:F0:00:01:3D,1452,,476,2
578421,send,BE:16:0A:00:3B:DA,1452,,478,2
578457,send,11:66:F0:00:01:3D,1453,,477,2
578457,ack,BE:16:0A:00:3B:DA,,0,477,2
578457,ack,11:66:F0:00:01:3D,,0,476,2
578457,send,BE:16:0A:00:3B:DA,1453,,478,2
578493,send,11:66:F0:00:01:3D,1454,,477,2
578493,send,BE:16:0A:00:3B:DA,1454,,479,2
578518,ack,11:66:F0:00:01:3D,,0,476,2
578519,ack,BE:16:0A:00:3B:DA,,0,478,2
578530,send,11:66:F0:00:01:3D,1455,,477,2
578531,send,BE:16:0A:00:3B:DA,1455,,479,2
578565,send,11:66:F0:00:01:3D,1456,,478,2
578565,send,BE:16:0A:00:3B:DA,1456,,480,2
578577,ack,BE:16:0A:00:3B:DA,,0,479,2
578577,ack,11:66:F0:00:01:3D,,0,477,2
578599,send,11:66:F0:00:01:3D,1457,,478,2
578600,send,BE:16:0A:00:3B:DA,1457,,480,2
578635,send,11:66:F0:00:01:3D,1458,,479,2
578636,send,BE:16:0A:00:3B:DA,1458,,481,2
578638,ack,11:66:F0:00:01:3D,,0,478,2
578639,ack,BE:16:0A:00:3B:DA,,0,480,2
578671,send,11:66:F0:00:01:3D,1459,,479,2
578672,send,BE:16:0A:00:3B:DA,1459,,481,2
578700,ack,11:66:F0:00:01:3D,,0,478,2
578700,ack,BE:16:0A:00:3B:DA,,0,480,2
578706,send,11:66:F0:00:01:3D,1460,,479,2
578708,send,BE:16:0A:00:3B:DA,1460,,481,2
578742,send,11:66:F0:00:01:3D,1461,,480,2
578743,send,BE:16:0A:00:3B:DA,1461,,482,2
578762,ack,11:66:F0:00:01:3D,,0,479,2
578762,ack,BE:16:0A:00:3B:DA,,0,481,2
578779,send,11:66:F0:00:01:3D,1462,,480,2
578781,send,BE:16:0A:00:3B:DA,1462,,482,2
578815,send,11:66:F0:00:01:3D,1463,,481,2
578822,send,BE:16:0A:00:3B:DA,1463,,483,2
578824,ack,BE:16:0A:00:3B:DA,,0,482,2
578825,ack,11:66:F0:00:01:3D,,0,480,2
578856,send,11:66:F0:00:01:3D,1464,,481,2
578857,send,BE:16:0A:00:3B:DA,1464,,483,2
578882,ack,BE:16:0A:00:3B:DA,,0,482,2
578883,ack,11:66:F0:00:01:3D,,0,480,2
578891,send,11:66:F0:00:01:3D,1465,,481,2
578892,send,BE:16:0A:00:3B:DA,1465,,483,2
578926,send,11:66:F0:00:01:3D,1466,,482,2
578927,send,BE:16:0A:00:3B:DA,1466,,484,2
578940,ack,BE:16:0A:00:3B:DA,,0,483,2
578941,ack,11:66:F0:00:01:3D,,0,481,2
578961,send,11:66:F0:00:01:3D,1467,,482,2
578962,send,BE:16:0A:00:3B:DA,1467,,484,2
578996,send,11:66:F0:00:01:3D,1468,,483,2
578998,send,BE:16:0A:00:3B:DA,1468,,485,2
578999,ack,11:66:F0:00:01:3D,,0,482,2
579000,ack,BE:16:0A:00:3B:DA,,0,484,2
579033,send,11:66:F0:00:01:3D,1469,,483,2
579034,send,BE:16:0A:00:3B:DA,1469,,485,2
579061,ack,BE:16:0A:00:3B:DA,,0,484,2
579061,ack,11:66:F0:00:01:3D,,0,482,2
579068,send,11:66:F0:00:01:3D,1470,,483,2
579069,send,BE:16:0A:00:3B:DA,1470,,485,2
579103,send,11:66:F0:00:01:3D,1471,,484,2
579103,send,BE:16:0A:00:3B:DA,1471,,486,2
579123,ack,BE:16:0A:00:3B:DA,,0,485,2
579123,ack,11:66:F0:00:01:3D,,0,483,2
579139,send,11:66:F0:00:01:3D,1472,,484,2
579141,send,BE:16:0A:00:3B:DA,1472,,486,2
579177,send,11:66:F0:00:01:3D,1473,,485,2
579184,ack,11:66:F0:00:01:3D,,0,484,2
579185,ack,BE:16:0A:00:3B:DA,,0,485,2
579185,send,BE:16:0A:00:3B:DA,1473,,486,2
579220,send,11:66:F0:00:01:3D,1474,,485,2
579221,send,BE:16:0A:00:3B:DA,1474,,487,2
579245,ack,BE:16:0A:00:3B:DA,,0,486,2
579246,ack,11:66:F0:00:01:3D,,0,484,2
579254,send,11:66:F0:00:01:3D,1475,,485,2
579255,send,BE:16:0A:00:3B:DA,1475,,487,2
579290,send,11:66:F0:00:01:3D,1476,,486,2
579290,send,BE:16:0A:00:3B:DA,1476,,488,2
579302,ack,BE:16:0A:00:3B:DA,,0,487,2
579303,ack,11:66:F0:00:01:3D,,0,485,2
579324,send,11:66:F0:00:01:3D,1477,,486,2
579325,send,BE:16:0A:00:3B:DA,1477,,488,2
579359,ack,BE:16:0A:00:3B:DA,,0,487,2
579359,ack,11:66:F0:00:01:3D,,0,485,2
579359,send,11:66:F0:00:01:3D,1478,,486,2
579360,send,BE:16:0A:00:3B:DA,1478,,488,2
579395,send,11:66:F0:00:01:3D,1479,,487,2
579396,send,BE:16:0A:00:3B:DA,1479,,489,2
579417,ack,BE:16:0A:00:3B:DA,,0,488,2
579417,ack,11:66:F0:00:01:3D,,0,486,2
579429,send,11:66:F0:00:01:3D,1480,,487,2
579430,send,BE:16:0A:00:3B:DA,1480,,489,2
579464,send,11:66:F0:00:01:3D,1481,,488,2
579465,send,BE:16:0A:00:3B:DA,1481,,490,2
579476,ack,BE:16:0A:00:3B:DA,,0,489,2
579477,ack,11:66:F0:00:01:3D,,0,487,2
579498,send,11:66:F0:00:01:3D,1482,,488,2
579499,send,BE:16:0A:00:3B:DA,1482,,490,2
579534,send,11:66:F0:00:01:3D,1483,,489,2
579534,send,BE:16:0A:00:3B:DA,1483,,491,2
579534,ack,BE:16:0A:00:3B:DA,,0,490,2
579535,ack,11:66:F0:00:01:3D,,0,488,2
579570,send,11:66:F0:00:01:3D,1484,,489,2
579570,send,BE:16:0A:00:3B:DA,1484,,491,2
579593,ack,BE:16:0A:00:3B:DA,,0,490,2
579593,ack,11:66:F0:00:01:3D,,0,488,2
579604,send,11:66:F0:00:01:3D,1485,,489,2
579605,send,BE:16:0A:00:3B:DA,1485,,491,2
579640,send,11:66:F0:00:01:3D,1486,,490,2
579641,send,BE:16:0A:00:3B:DA,1486,,492,2
579649,ack,BE:16:0A:00:3B:DA,,0,491,2
579650,ack,11:66:F0:00:01:3D,,0,489,2
579674,send,11:66:F0:00:01:3D,1487,,490,2
579675,send,BE:16:0A:00:3B:DA,1487,,492,2
579709,ack,BE:16:0A:00:3B:DA,,0,491,2
579709,ack,11:66:F0:00:01:3D,,0,489,2
579709,send,11:66:F0:00:01:3D,1488,,490,2
579711,send,BE:16:0A:00:3B:DA,1488,,492,2
579745,send,11:66:F0:00:01:3D,1489,,491,2
579746,send,BE:16:0A:00:3B:DA,1489,,493,2
579770,ack,11:66:F0:00:01:3D,,0,490,2
579770,ack,BE:16:0A:00:3B:DA,,0,492,2
579780,send,11:66:F0:00:01:3D,1490,,491,2
579782,send,BE:16:0A:00:3B:DA,1490,,493,2
579816,send,11:66:F0:00:01:3D,1491,,492,2
579816,send,BE:16:0A:00:3B:DA,1491,,494,2
579830,ack,BE:16:0A:00:3B:DA,,0,493,2
579830,ack,11:66:F0:00:01:3D,,0,491,2
579850,send,11:66:F0:00:01:3D,1492,,492,2
579851,send,BE:16:0A:00:3B:DA,1492,,494,2
579885,send,11:66:F0:00:01:3D,1493,,493,2
579888,ack,11:66:F0:00:01:3D,,0,492,2
579888,send,BE:16:0A:00:3B:DA,1493,,495,2
579888,ack,BE:16:0A:00:3B:DA,,0,494,2
579925,send,11:66:F0:00:01:3D,1494,,493,2
579926,send,BE:16:0A:00:3B:DA,1494,,495,2
579947,ack,11:66:F0:00:01:3D,,0,492,2
579947,ack,BE:16:0A:00:3B:DA,,0,494,2
579959,send,11:66:F0:00:01:3D,1495,,493,2
579960,send,BE:16:0A:00:3B:DA,1495,,495,2
579994,send,11:66:F0:00:01:3D,1496,,494,2
579995,send,BE:16:0A:00:3B:DA,1496,,496,2
580004,ack,11:66:F0:00:01:3D,,0,493,2
580005,ack,BE:16:0A:00:3B:DA,,0,495,2
580030,send,11:66:F0:00:01:3D,1497,,494,2
580031,send,BE:16:0A:00:3B:DA,1497,,496,2
580063,ack,BE:16:0A:00:3B:DA,,0,495,2
580064,ack,11:66:F0:00:01:3D,,0,493,2
580065,send,11:66:F0:00:01:3D,1498,,494,2
580066,send,BE:16:0A:00:3B:DA,1498,,496,2
580099,send,11:66:F0:00:01:3D,1499,,495,2
580099,send,BE:16:0A:00:3B:DA,1499,,497,2
580124,ack,11:66:F0:00:01:3D,,0,494,2
580126,ack,BE:16:0A:00:3B:DA,,0,496,2
580134,send,11:66:F0:00:01:3D,1500,,495,2
580134,send,BE:16:0A:00:3B:DA,1500,,497,2
580168,send,11:66:F0:00:01:3D,1501,,496,2
580169,send,BE:16:0A:00:3B:DA,1501,,498,2
580182,ack,BE:16:0A:00:3B:DA,,0,497,2
580183,ack,11:66:F0:00:01:3D,,0,495,2
580203,send,11:66:F0:00:01:3D,1502,,496,2
580204,send,BE:16:0A:00:3B:DA,1502,,498,2
580238,send,11:66:F0:00:01:3D,1503,,497,2
580243,send,BE:16:0A:00:3B:DA,1503,,499,2
580244,ack,BE:16:0A:00:3B:DA,,0,498,2
580245,ack,11:66:F0:00:01:3D,,0,496,2
580278,send,11:66:F0:00:01:3D,1504,,497,2
580279,send,BE:16:0A:00:3B:DA,1504,,499,2
580307,ack,11:66:F0:00:01:3D,,0,496,2
580308,ack,BE:16:0A:00:3B:DA,,0,498,2
580313,send,11:66:F0:00:01:3D,1505,,497,2
580314,send,BE:16:0A:00:3B:DA,1505,,499,2
580350,send,11:66:F0:00:01:3D,1506,,498,2
580350,send,BE:16:0A:00:3B:DA,1506,,500,2
580365,ack,11:66:F0:00:01:3D,,0,497,2
580365,ack,BE:16:0A:00:3B:DA,,0,499,2
580386,send,11:66:F0:00:01:3D,1507,,498,2
580387,send,BE:16:0A:00:3B:DA,1507,,500,2
580422,send,11:66:F0:00:01:3D,1508,,499,2
580423,send,BE:16:0A:00:3B:DA,1508,,501,2
580424,ack,11:66:F0:00:01:3D,,0,498,2
580424,ack,BE:16:0A:00:3B:DA,,0,500,2
580457,send,11:66:F0:00:01:3D,1509,,499,2
580457,send,BE:16:0A:00:3B:DA,1509,,501,2
580488,ack,BE:16:0A:00:3B:DA,,0,500,2
580488,ack,11:66:F0:00:01:3D,,0,498,2
580492,send,11:66:F0:00:01:3D,1510,,499,2
580493,send,BE:16:0A:00:3B:DA,1510,,501,2
580529,send,11:66:F0:00:01:3D,1511,,500,2
580529,send,BE:16:0A:00:3B:DA,1511,,502,2
580551,ack,11:66:F0:00:01:3D,,0,499,2
580552,ack,BE:16:0A:00:3B:DA,,0,501,2
580565,send,11:66:F0:00:01:3D,1512,,500,2
580566,send,BE:16:0A:00:3B:DA,1512,,502,2
580600,send,11:66:F0:00:01:3D,1513,,501,2
580600,send,BE:16:0A:00:3B:DA,1513,,503,2
580613,ack,11:66:F0:00:01:3D,,0,500,2
580614,ack,BE:16:0A:00:3B:DA,,0,502,2
580635,send,11:66:F0:00:01:3D,1514,,501,2
580636,send,BE:16:0A:00:3B:DA,1514,,503,2
580671,send,11:66:F0:00:01:3D,1515,,502,2
580672,send,BE:16:0A:00:3B:DA,1515,,504,2
580672,ack,BE:16:0A:00:3B:DA,,0,503,2
580673,ack,11:66:F0:00:01:3D,,0,501,2
580705,send,11:66:F0:00:01:3D,1516,,502,2
580706,send,BE:16:0A:00:3B:DA,1516,,504,2
580731,ack,11:66:F0:00:01:3D,,0,501,2
580732,ack,BE:16:0A:00:3B:DA,,0,503,2
580740,send,11:66:F0:00:01:3D,1517,,502,2
580741,send,BE:16:0A:00:3B:DA,1517,,504,2
580792,ack,11:66:F0:00:01:3D,,0,501,2
580792,ack,BE:16:0A:00:3B:DA,,0,503,2
581443,send,11:66:F0:00:01:3D,1518,,502,2
581447,send,BE:16:0A:00:3B:DA,1518,,504,2
581448,ack,11:66:F0:00:01:3D,,0,501,2
581451,ack,BE:16:0A:00:3B:DA,,0,503,2
581477,send,11:66:F0:00:01:3D,1519,,502,2
581478,send,BE:16:0A:00:3B:DA,1519,,504,2
581504,ack,11:66:F0:00:01:3D,,0,501,2
581504,send,11:66:F0:00:01:3D,1520,,502,2
581505,send,BE:16:0A:00:3B:DA,1520,,505,2
581508,ack,BE:16:0A:00:3B:DA,,0,504,2
581533,send,11:66:F0:00:01:3D,1521,,503,2
581534,send,BE:16:0A:00:3B:DA,1521,,505,2
581560,send,11:66:F0:00:01:3D,1522,,504,2
581562,ack,11:66:F0:00:01:3D,,0,503,2
581563,send,BE:16:0A:00:3B:DA,1522,,506,2
581565,ack,BE:16:0A:00:3B:DA,,0,505,2
581592,send,11:66:F0:00:01:3D,1523,,504,2
581593,send,BE:16:0A:00:3B:DA,1523,,506,2
581618,send,11:66:F0:00:01:3D,1524,,505,2
581619,send,BE:16:0A:00:3B:DA,1524,,507,2
581620,ack,BE:16:0A:00:3B:DA,,0,506,2
581621,ack,11:66:F0:00:01:3D,,0,504,2
581645,send,11:66:F0:00:01:3D,1525,,505,2
581646,send,BE:16:0A:00:3B:DA,1525,,507,2
581672,send,11:66:F0:00:01:3D,1526,,506,2
581676,ack,11:66:F0:00:01:3D,,0,505,2
581676,ack,BE:16:0A:00:3B:DA,,0,506,2
581678,send,BE:16:0A:00:3B:DA,1526,,507,2
581703,send,11:66:F0:00:01:3D,1527,,506,2
581704,send,BE:16:0A:00:3B:DA,1527,,508,2
581729,send,11:66:F0:00:01:3D,1528,,507,2
581733,send,BE:16:0A:00:3B:DA,1528,,509,2
581734,ack,11:66:F0:00:01:3D,,0,506,2
581735,ack,BE:16:0A:00:3B:DA,,0,508,2
581759,send,11:66:F0:00:01:3D,1529,,507,2
581760,send,BE:16:0A:00:3B:DA,1529,,509,2
581786,send,11:66:F0:00:01:3D,1530,,508,2
581791,send,BE:16:0A:00:3B:DA,1530,,510,2
581792,ack,11:66:F0:00:01:3D,,0,507,2
581793,ack,BE:16:0A:00:3B:DA,,0,509,2
581817,send,11:66:F0:00:01:3D,1531,,508,2
581818,send,BE:16:0A:00:3B:DA,1531,,510,2
581845,send,11:66:F0:00:01:3D,1532,,509,2
581849,ack,11:66:F0:00:01:3D,,0,508,2
581850,send,BE:16:0A:00:3B:DA,1532,,511,2
581851,ack,BE:16:0A:00:3B:DA,,0,510,2
581877,send,11:66:F0:00:01:3D,1533,,509,2
581878,send,BE:16:0A:00:3B:DA,1533,,511,2
581904,send,11:66:F0:00:01:3D,1534,,510,2
581905,send,BE:16:0A:00:3B:DA,1534,,512,2
581906,ack,11:66:F0:00:01:3D,,0,509,2
581910,ack,BE:16:0A:00:3B:DA,,0,511,2
581935,send,11:66:F0:00:01:3D,1535,,510,2
581935,send,BE:16:0A:00:3B:DA,1535,,512,2
581961,send,11:66:F0:00:01:3D,1536,,511,2
581963,send,BE:16:0A:00:3B:DA,1536,,513,2
581965,ack,11:66:F0:00:01:3D,,0,510,2
581966,ack,BE:16:0A:00:3B:DA,,0,512,2
581992,send,11:66:F0:00:01:3D,1537,,511,2
581992,send,BE:16:0A:00:3B:DA,1537,,513,2
582018,send,11:66:F0:00:01:3D,1538,,512,2
582022,send,BE:16:0A:00:3B:DA,1538,,514,2
582024,ack,BE:16:0A:00:3B:DA,,0,513,2
582024,ack,11:66:F0:00:01:3D,,0,511,2
582050,send,11:66:F0:00:01:3D,1539,,512,2
582051,send,BE:16:0A:00:3B:DA,1539,,514,2
582077,send,11:66:F0:00:01:3D,1540,,513,2
582081,send,BE:16:0A:00:3B:DA,1540,,515,2
582083,ack,BE:16:0A:00:3B:DA,,0,514,2
582083,ack,11:66:F0:00:01:3D,,0,512,2
582107,send,11:66:F0:00:01:3D,1541,,513,2
582108,send,BE:16:0A:00:3B:DA,1541,,515,2
582134,send,11:66:F0:00:01:3D,1542,,514,2
582140,send,BE:16:0A:00:3B:DA,1542,,516,2
582141,ack,11:66:F0:00:01:3D,,0,513,2
582141,ack,BE:16:0A:00:3B:DA,,0,515,2
582167,send,11:66:F0:00:01:3D,1543,,514,2
582168,send,BE:16:0A:00:3B:DA,1543,,516,2
582194,send,11:66:F0:00:01:3D,1544,,515,2
582196,ack,11:66:F0:00:01:3D,,0,514,2
582197,ack,BE:16:0A:00:3B:DA,,0,515,2
582197,send,BE:16:0A:00:3B:DA,1544,,516,2
582224,send,11:66:F0:00:01:3D,1545,,515,2
582225,send,BE:16:0A:00:3B:DA,1545,,517,2
582250,send,11:66:F0:00:01:3D,1546,,516,2
582256,send,BE:16:0A:00:3B:DA,1546,,518,2
582256,ack,11:66:F0:00:01:3D,,0,515,2
582256,ack,BE:16:0A:00:3B:DA,,0,517,2
582282,send,11:66:F0:00:01:3D,1547,,516,2
582283,send,BE:16:0A:00:3B:DA,1547,,518,2
582310,send,11:66:F0:00:01:3D,1548,,517,2
582316,send,BE:16:0A:00:3B:DA,1548,,519,2
582317,ack,11:66:F0:00:01:3D,,0,516,2
582318,ack,BE:16:0A:00:3B:DA,,0,518,2
582344,send,11:66:F0:00:01:3D,1549,,517,2
582345,send,BE:16:0A:00:3B:DA,1549,,519,2
582371,send,11:66:F0:00:01:3D,1550,,518,2
582377,send,BE:16:0A:00:3B:DA,1550,,520,2
582377,ack,11:66:F0:00:01:3D,,0,517,2
582378,ack,BE:16:0A:00:3B:DA,,0,519,2
582403,send,11:66:F0:00:01:3D,1551,,518,2
582404,send,BE:16:0A:00:3B:DA,1551,,520,2
582430,send,11:66:F0:00:01:3D,1552,,519,2
582435,send,BE:16:0A:00:3B:DA,1552,,521,2
582436,ack,BE:16:0A:00:3B:DA,,0,520,2
582436,ack,11:66:F0:00:01:3D,,0,518,2
582461,send,11:66:F0:00:01:3D,1553,,519,2
582462,send,BE:16:0A:00:3B:DA,1553,,521,2
582488,send,11:66:F0:00:01:3D,1554,,520,2
582493,send,BE:16:0A:00:3B:DA,1554,,522,2
582493,ack,BE:16:0A:00:3B:DA,,0,521,2
582494,ack,11:66:F0:00:01:3D,,0,519,2
582520,send,11:66:F0:00:01:3D,1555,,520,2
582521,send,BE:16:0A:00:3B:DA,1555,,522,2
582548,send,11:66:F0:00:01:3D,1556,,521,2
582551,send,BE:16:0A:00:3B:DA,1556,,523,2
582553,ack,11:66:F0:00:01:3D,,0,520,2
582554,ack,BE:16:0A:00:3B:DA,,0,522,2
582577,send,11:66:F0:00:01:3D,1557,,521,2
582578,send,BE:16:0A:00:3B:DA,1557,,523,2
582604,send,11:66:F0:00:01:3D,1558,,522,2
582610,send,BE:16:0A:00:3B:DA,1558,,524,2
582611,ack,11:66:F0:00:01:3D,,0,521,2
582611,ack,BE:16:0A:00:3B:DA,,0,523,2
582637,send,11:66:F0:00:01:3D,1559,,522,2
582639,send,BE:16:0A:00:3B:DA,1559,,524,2
582664,send,11:66:F0:00:01:3D,1560,,523,2
582670,send,BE:16:0A:00:3B:DA,1560,,525,2
582670,ack,11:66:F0:00:01:3D,,0,522,2
582671,ack,BE:16:0A:00:3B:DA,,0,524,2
582696,send,11:66:F0:00:01:3D,1561,,523,2
582697,send,BE:16:0A:00:3B:DA,1561,,525,2
582723,send,11:66:F0:00:01:3D,1562,,524,2
582728,send,BE:16:0A:00:3B:DA,1562,,526,2
582729,ack,11:66:F0:00:01:3D,,0,523,2
582729,ack,BE:16:0A:00:3B:DA,,0,525,2
582757,send,11:66:F0:00:01:3D,1563,,524,2
582758,send,BE:16:0A:00:3B:DA,1563,,526,2
582783,send,11:66:F0:00:01:3D,1564,,525,2
582788,send,BE:16:0A:00:3B:DA,1564,,527,2
582789,ack,BE:16:0A:00:3B:DA,,0,526,2
582789,ack,11:66:F0:00:01:3D,,0,524,2
582816,send,11:66:F0:00:01:3D,1565,,525,2
582818,send,BE:16:0A:00:3B:DA,1565,,527,2
582844,send,11:66:F0:00:01:3D,1566,,526,2
582847,send,BE:16:0A:00:3B:DA,1566,,528,2
582848,ack,BE:16:0A:00:3B:DA,,0,527,2
582849,ack,11:66:F0:00:01:3D,,0,525,2
582875,send,11:66:F0:00:01:3D,1567,,526,2
582876,send,BE:16:0A:00:3B:DA,1567,,528,2
582902,send,11:66:F0:00:01:3D,1568,,527,2
582907,ack,BE:16:0A:00:3B:DA,,0,527,2
582907,ack,11:66:F0:00:01:3D,,0,526,2
582908,send,BE:16:0A:00:3B:DA,1568,,528,2
582934,send,11:66:F0:00:01:3D,1569,,527,2
582935,send,BE:16:0A:00:3B:DA,1569,,529,2
582961,send,11:66:F0:00:01:3D,1570,,528,2
582965,send,BE:16:0A:00:3B:DA,1570,,530,2
582966,ack,BE:16:0A:00:3B:DA,,0,529,2
582967,ack,11:66:F0:00:01:3D,,0,527,2
582992,send,11:66:F0:00:01:3D,1571,,528,2
582993,send,BE:16:0A:00:3B:DA,1571,,530,2
583019,send,11:66:F0:00:01:3D,1572,,529,2
583024,send,BE:16:0A:00:3B:DA,1572,,531,2
583025,ack,11:66:F0:00:01:3D,,0,528,2
583025,ack,BE:16:0A:00:3B:DA,,0,530,2
583050,send,11:66:F0:00:01:3D,1573,,529,2
583052,send,BE:16:0A:00:3B:DA,1573,,531,2
583077,send,11:66:F0:00:01:3D,1574,,530,2
583083,send,BE:16:0A:00:3B:DA,1574,,532,2
583086,ack,11:66:F0:00:01:3D,,0,529,2
583086,ack,BE:16:0A:00:3B:DA,,0,531,2
583108,send,11:66:F0:00:01:3D,1575,,530,2
583109,send,BE:16:0A:00:3B:DA,1575,,532,2
583135,send,11:66:F0:00:01:3D,1576,,531,2
583140,ack,11:66:F0:00:01:3D,,0,530,2
583140,send,BE:16:0A:00:3B:DA,1576,,533,2
583144,ack,BE:16:0A:00:3B:DA,,0,532,2
583166,send,11:66:F0:00:01:3D,1577,,531,2
583167,send,BE:16:0A:00:3B:DA,1577,,533,2
583193,send,11:66:F0:00:01:3D,1578,,532,2
583200,send,BE:16:0A:00:3B:DA,1578,,534,2
583200,ack,11:66:F0:00:01:3D,,0,531,2
583203,ack,BE:16:0A:00:3B:DA,,0,533,2
583229,send,11:66:F0:00:01:3D,1579,,532,2
583230,send,BE:16:0A:00:3B:DA,1579,,534,2
583258,send,11:66:F0:00:01:3D,1580,,533,2
583260,send,BE:16:0A:00:3B:DA,1580,,535,2
583261,ack,BE:16:0A:00:3B:DA,,0,534,2
583261,ack,11:66:F0:00:01:3D,,0,532,2
583287,send,11:66:F0:00:01:3D,1581,,533,2
583288,send,BE:16:0A:00:3B:DA,1581,,535,2
583314,send,11:66:F0:00:01:3D,1582,,534,2
583322,ack,11:66:F0:00:01:3D,,0,533,2
583322,ack,BE:16:0A:00:3B:DA,,0,534,2
583322,send,BE:16:0A:00:3B:DA,1582,,535,2
583349,send,11:66:F0:00:01:3D,1583,,534,2
583351,send,BE:16:0A:00:3B:DA,1583,,536,2
583378,send,11:66:F0:00:01:3D,1584,,535,2
583381,send,BE:16:0A:00:3B:DA,1584,,537,2
583382,ack,BE:16:0A:00:3B:DA,,0,536,2
583382,ack,11:66:F0:00:01:3D,,0,534,2
583407,send,11:66:F0:00:01:3D,1585,,535,2
583408,send,BE:16:0A:00:3B:DA,1585,,537,2
583434,send,11:66:F0:00:01:3D,1586,,536,2
583439,send,BE:16:0A:00:3B:DA,1586,,538,2
583441,ack,11:66:F0:00:01:3D,,0,535,2
583442,ack,BE:16:0A:00:3B:DA,,0,537,2
583466,send,11:66:F0:00:01:3D,1587,,536,2
583467,send,BE:16:0A:00:3B:DA,1587,,538,2
583494,send,11:66:F0:00:01:3D,1588,,537,2
583498,send,BE:16:0A:00:3B:DA,1588,,539,2
583498,ack,11:66:F0:00:01:3D,,0,536,2
583498,ack,BE:16:0A:00:3B:DA,,0,538,2
583524,send,11:66:F0:00:01:3D,1589,,537,2
583525,send,BE:16:0A:00:3B:DA,1589,,539,2
583551,send,11:66:F0:00:01:3D,1590,,538,2
583557,ack,11:66:F0:00:01:3D,,0,537,2
583557,ack,BE:16:0A:00:3B:DA,,0,538,2
583558,send,BE:16:0A:00:3B:DA,1590,,539,2
583586,send,11:66:F0:00:01:3D,1591,,538,2
583587,send,BE:16:0A:00:3B:DA,1591,,540,2
583613,send,11:66:F0:00:01:3D,1592,,539,2
583618,send,BE:16:0A:00:3B:DA,1592,,541,2
583618,ack,BE:16:0A:00:3B:DA,,0,540,2
583618,ack,11:66:F0:00:01:3D,,0,538,2
583643,send,11:66:F0:00:01:3D,1593,,539,2
583644,send,BE:16:0A:00:3B:DA,1593,,541,2
583670,send,11:66:F0:00:01:3D,1594,,540,2
583675,send,BE:16:0A:00:3B:DA,1594,,542,2
583677,ack,BE:16:0A:00:3B:DA,,0,541,2
583678,ack,11:66:F0:00:01:3D,,0,539,2
583702,send,11:66:F0:00:01:3D,1595,,540,2
583703,send,BE:16:0A:00:3B:DA,1595,,542,2
583730,send,11:66:F0:00:01:3D,1596,,541,2
583735,send,BE:16:0A:00:3B:DA,1596,,543,2
583735,ack,11:66:F0:00:01:3D,,0,540,2
583736,ack,BE:16:0A:00:3B:DA,,0,542,2
583761,send,11:66:F0:00:01:3D,1597,,541,2
583762,send,BE:16:0A:00:3B:DA,1597,,543,2
583789,send,11:66:F0:00:01:3D,1598,,542,2
583795,send,BE:16:0A:00:3B:DA,1598,,544,2
583796,ack,11:66:F0:00:01:3D,,0,541,2
583796,ack,BE:16:0A:00:3B:DA,,0,543,2
583822,send,11:66:F0:00:01:3D,1599,,542,2
583822,send,BE:16:0A:00:3B:DA,1599,,544,2
583850,send,11:66:F0:00:01:3D,1600,,543,2
583856,send,BE:16:0A:00:3B:DA,1600,,545,2
583857,ack,BE:16:0A:00:3B:DA,,0,544,2
583858,ack,11:66:F0:00:01:3D,,0,542,2
583883,send,11:66:F0:00:01:3D,1601,,543,2
583884,send,BE:16:0A:00:3B:DA,1601,,545,2
583910,send,11:66:F0:00:01:3D,1602,,544,2
583915,send,BE:16:0A:00:3B:DA,1602,,546,2
583917,ack,11:66:F0:00:01:3D,,0,543,2
583920,ack,BE:16:0A:00:3B:DA,,0,545,2
583942,send,11:66:F0:00:01:3D,1603,,544,2
583943,send,BE:16:0A:00:3B:DA,1603,,546,2
583969,send,11:66:F0:00:01:3D,1604,,545,2
583974,send,BE:16:0A:00:3B:DA,1604,,547,2
583975,ack,11:66:F0:00:01:3D,,0,544,2
583976,ack,BE:16:0A:00:3B:DA,,0,546,2
584004,send,11:66:F0:00:01:3D,1605,,545,2
584005,send,BE:16:0A:00:3B:DA,1605,,547,2
584032,send,11:66:F0:00:01:3D,1606,,546,2
584032,send,BE:16:0A:00:3B:DA,1606,,548,2
584033,ack,BE:16:0A:00:3B:DA,,0,547,2
584033,ack,11:66:F0:00:01:3D,,0,545,2
584059,send,11:66:F0:00:01:3D,1607,,546,2
584060,send,BE:16:0A:00:3B:DA,1607,,548,2
584086,send,11:66:F0:00:01:3D,1608,,547,2
584090,send,BE:16:0A:00:3B:DA,1608,,549,2
584091,ack,BE:16:0A:00:3B:DA,,0,548,2
584091,ack,11:66:F0:00:01:3D,,0,546,2
584117,send,11:66:F0:00:01:3D,1609,,547,2
584118,send,BE:16:0A:00:3B:DA,1609,,549,2
584143,send,11:66:F0:00:01:3D,1610,,548,2
584147,send,BE:16:0A:00:3B:DA,1610,,550,2
584149,ack,11:66:F0:00:01:3D,,0,547,2
584149,ack,BE:16:0A:00:3B:DA,,0,549,2
584174,send,11:66:F0:00:01:3D,1611,,548,2
584175,send,BE:16:0A:00:3B:DA,1611,,550,2
584202,send,11:66:F0:00:01:3D,1612,,549,2
584206,send,BE:16:0A:00:3B:DA,1612,,551,2
584208,ack,11:66:F0:00:01:3D,,0,548,2
584209,ack,BE:16:0A:00:3B:DA,,0,550,2
584232,send,11:66:F0:00:01:3D,1613,,549,2
584233,send,BE:16:0A:00:3B:DA,1613,,551,2
584258,send,11:66:F0:00:01:3D,1614,,550,2
584264,send,BE:16:0A:00:3B:DA,1614,,552,2
584265,ack,11:66:F0:00:01:3D,,0,549,2
584267,ack,BE:16:0A:00:3B:DA,,0,551,2
584295,send,11:66:F0:00:01:3D,1615,,550,2
584296,send,BE:16:0A:00:3B:DA,1615,,552,2
584321,send,11:66:F0:00:01:3D,1616,,551,2
584322,send,BE:16:0A:00:3B:DA,1616,,553,2
584323,ack,11:66:F0:00:01:3D,,0,550,2
584324,ack,BE:16:0A:00:3B:DA,,0,552,2
584351,send,11:66:F0:00:01:3D,1617,,551,2
584351,send,BE:16:0A:00:3B:DA,1617,,553,2
584378,send,11:66:F0:00:01:3D,1618,,552,2
584383,ack,BE:16:0A:00:3B:DA,,0,552,2
584383,send,BE:16:0A:00:3B:DA,1618,,553,2
584383,ack,11:66:F0:00:01:3D,,0,551,2
584411,send,11:66:F0:00:01:3D,1619,,552,2
584412,send,BE:16:0A:00:3B:DA,1619,,554,2
584437,send,11:66:F0:00:01:3D,1620,,553,2
584441,send,BE:16:0A:00:3B:DA,1620,,555,2
584441,ack,BE:16:0A:00:3B:DA,,0,554,2
584442,ack,11:66:F0:00:01:3D,,0,552,2
584468,send,11:66:F0:00:01:3D,1621,,553,2
584468,send,BE:16:0A:00:3B:DA,1621,,555,2
584494,send,11:66:F0:00:01:3D,1622,,554,2
584498,send,BE:16:0A:00:3B:DA,1622,,556,2
584499,ack,11:66:F0:00:01:3D,,0,553,2
584499,ack,BE:16:0A:00:3B:DA,,0,555,2
584526,send,11:66:F0:00:01:3D,1623,,554,2
584527,send,BE:16:0A:00:3B:DA,1623,,556,2
584553,send,11:66:F0:00:01:3D,1624,,555,2
584557,ack,BE:16:0A:00:3B:DA,,0,555,2
584558,ack,11:66:F0:00:01:3D,,0,554,2
584558,send,BE:16:0A:00:3B:DA,1624,,556,2
584586,send,11:66:F0:00:01:3D,1625,,555,2
584587,send,BE:16:0A:00:3B:DA,1625,,557,2
584614,send,11:66:F0:00:01:3D,1626,,556,2
584618,ack,BE:16:0A:00:3B:DA,,0,556,2
584620,send,BE:16:0A:00:3B:DA,1626,,557,2
584620,ack,11:66:F0:00:01:3D,,0,555,2
584647,send,11:66:F0:00:01:3D,1627,,556,2
584647,send,BE:16:0A:00:3B:DA,1627,,558,2
584674,send,11:66:F0:00:01:3D,1628,,557,2
584677,ack,BE:16:0A:00:3B:DA,,0,557,2
584677,ack,11:66:F0:00:01:3D,,0,556,2
584678,send,BE:16:0A:00:3B:DA,1628,,558,2
584705,send,11:66:F0:00:01:3D,1629,,557,2
584706,send,BE:16:0A:00:3B:DA,1629,,559,2
584732,ack,11:66:F0:00:01:3D,,0,556,2
584732,send,11:66:F0:00:01:3D,1630,,557,2
584733,send,BE:16:0A:00:3B:DA,1630,,560,2
584734,ack,BE:16:0A:00:3B:DA,,0,559,2
584759,send,11:66:F0:00:01:3D,1631,,558,2
584760,send,BE:16:0A:00:3B:DA,1631,,560,2
584785,send,11:66:F0:00:01:3D,1632,,559,2
584789,ack,11:66:F0:00:01:3D,,0,558,2
584790,send,BE:16:0A:00:3B:DA,1632,,561,2
584790,ack,BE:16:0A:00:3B:DA,,0,560,2
584816,send,11:66:F0:00:01:3D,1633,,559,2
584817,send,BE:16:0A:00:3B:DA,1633,,561,2
584842,send,11:66:F0:00:01:3D,1634,,560,2
584848,ack,11:66:F0:00:01:3D,,0,559,2
584849,send,BE:16:0A:00:3B:DA,1634,,562,2
584849,ack,BE:16:0A:00:3B:DA,,0,561,2
584877,send,11:66:F0:00:01:3D,1635,,560,2
584877,send,BE:16:0A:00:3B:DA,1635,,562,2
584904,send,11:66:F0:00:01:3D,1636,,561,2
584906,send,BE:16:0A:00:3B:DA,1636,,563,2
584907,ack,11:66:F0:00:01:3D,,0,560,2
584907,ack,BE:16:0A:00:3B:DA,,0,562,2
584933,send,11:66:F0:00:01:3D,1637,,561,2
584933,send,BE:16:0A:00:3B:DA,1637,,563,2
584960,send,11:66:F0:00:01:3D,1638,,562,2
584965,send,BE:16:0A:00:3B:DA,1638,,564,2
584967,ack,BE:16:0A:00:3B:DA,,0,563,2
584968,ack,11:66:F0:00:01:3D,,0,561,2
584992,send,11:66:F0:00:01:3D,1639,,562,2
584992,send,BE:16:0A:00:3B:DA,1639,,564,2
585019,send,11:66:F0:00:01:3D,1640,,563,2
585024,send,BE:16:0A:00:3B:DA,1640,,565,2
585024,ack,11:66:F0:00:01:3D,,0,562,2
585025,ack,BE:16:0A:00:3B:DA,,0,564,2
585050,send,11:66:F0:00:01:3D,1641,,563,2
585051,send,BE:16:0A:00:3B:DA,1641,,565,2
585078,send,11:66:F0:00:01:3D,1642,,564,2
585082,send,BE:16:0A:00:3B:DA,1642,,566,2
585082,ack,BE:16:0A:00:3B:DA,,0,565,2
585084,ack,11:66:F0:00:01:3D,,0,563,2
585110,send,11:66:F0:00:01:3D,1643,,564,2
585110,send,BE:16:0A:00:3B:DA,1643,,566,2
585137,send,11:66:F0:00:01:3D,1644,,565,2
585143,send,BE:16:0A:00:3B:DA,1644,,567,2
585143,ack,11:66:F0:00:01:3D,,0,564,2
585143,ack,BE:16:0A:00:3B:DA,,0,566,2
585169,send,11:66:F0:00:01:3D,1645,,565,2
585169,send,BE:16:0A:00:3B:DA,1645,,567,2
585196,send,11:66:F0:00:01:3D,1646,,566,2
585202,send,BE:16:0A:00:3B:DA,1646,,568,2
585210,ack,11:66:F0:00:01:3D,,0,565,2
585216,ack,BE:16:0A:00:3B:DA,,0,567,2
585233,send,11:66:F0:00:01:3D,1647,,566,2
585234,send,BE:16:0A:00:3B:DA,1647,,568,2
585261,send,11:66:F0:00:01:3D,1648,,567,2
585266,send,BE:16:0A:00:3B:DA,1648,,569,2
585267,ack,11:66:F0:00:01:3D,,0,566,2
585270,ack,BE:16:0A:00:3B:DA,,0,568,2
585295,send,11:66:F0:00:01:3D,1649,,567,2
585296,send,BE:16:0A:00:3B:DA,1649,,569,2
585322,send,11:66:F0:00:01:3D,1650,,568,2
585322,send,BE:16:0A:00:3B:DA,1650,,570,2
585325,ack,11:66:F0:00:01:3D,,0,567,2
585326,ack,BE:16:0A:00:3B:DA,,0,569,2
585351,send,11:66:F0:00:01:3D,1651,,568,2
585351,send,BE:16:0A:00:3B:DA,1651,,570,2
585378,send,11:66:F0:00:01:3D,1652,,569,2
585380,send,BE:16:0A:00:3B:DA,1652,,571,2
585381,ack,11:66:F0:00:01:3D,,0,568,2
585382,ack,BE:16:0A:00:3B:DA,,0,570,2
585407,send,11:66:F0:00:01:3D,1653,,569,2
585407,send,BE:16:0A:00:3B:DA,1653,,571,2
585434,send,11:66:F0:00:01:3D,1654,,570,2
585437,send,BE:16:0A:00:3B:DA,1654,,572,2
585438,ack,11:66:F0:00:01:3D,,0,569,2
585439,ack,BE:16:0A:00:3B:DA,,0,571,2
585462,send,11:66:F0:00:01:3D,1655,,570,2
585463,send,BE:16:0A:00:3B:DA,1655,,572,2
585491,send,11:66:F0:00:01:3D,1656,,571,2
585496,send,BE:16:0A:00:3B:DA,1656,,573,2
585497,ack,11:66:F0:00:01:3D,,0,570,2
585498,ack,BE:16:0A:00:3B:DA,,0,572,2
585524,send,11:66:F0:00:01:3D,1657,,571,2
585525,send,BE:16:0A:00:3B:DA,1657,,573,2
585552,send,11:66:F0:00:01:3D,1658,,572,2
585555,send,BE:16:0A:00:3B:DA,1658,,574,2
585557,ack,11:66:F0:00:01:3D,,0,571,2
585557,ack,BE:16:0A:00:3B:DA,,0,573,2
585582,send,11:66:F0:00:01:3D,1659,,572,2
585583,send,BE:16:0A:00:3B:DA,1659,,574,2
585609,send,11:66:F0:00:01:3D,1660,,573,2
585613,send,BE:16:0A:00:3B:DA,1660,,575,2
585615,ack,11:66:F0:00:01:3D,,0,572,2
585616,ack,BE:16:0A:00:3B:DA,,0,574,2
585640,send,11:66:F0:00:01:3D,1661,,573,2
585641,send,BE:16:0A:00:3B:DA,1661,,575,2
585668,send,11:66:F0:00:01:3D,1662,,574,2
585674,send,BE:16:0A:00:3B:DA,1662,,576,2
585675,ack,BE:16:0A:00:3B:DA,,0,575,2
585676,ack,11:66:F0:00:01:3D,,0,573,2
585700,send,11:66:F0:00:01:3D,1663,,574,2
585701,send,BE:16:0A:00:3B:DA,1663,,576,2
585727,send,11:66:F0:00:01:3D,1664,,575,2
585732,send,BE:16:0A:00:3B:DA,1664,,577,2
585733,ack,11:66:F0:00:01:3D,,0,574,2
585736,ack,BE:16:0A:00:3B:DA,,0,576,2
585760,send,11:66:F0:00:01:3D,1665,,575,2
585762,send,BE:16:0A:00:3B:DA,1665,,577,2
585788,send,11:66:F0:00:01:3D,1666,,576,2
585793,ack,11:66:F0:00:01:3D,,0,575,2
585794,send,BE:16:0A:00:3B:DA,1666,,578,2
585794,ack,BE:16:0A:00:3B:DA,,0,577,2
585821,send,11:66:F0:00:01:3D,1667,,576,2
585822,send,BE:16:0A:00:3B:DA,1667,,578,2
585849,send,11:66:F0:00:01:3D,1668,,577,2
585853,send,BE:16:0A:00:3B:DA,1668,,579,2
585854,ack,BE:16:0A:00:3B:DA,,0,578,2
585854,ack,11:66:F0:00:01:3D,,0,576,2
585879,send,11:66:F0:00:01:3D,1669,,577,2
585880,send,BE:16:0A:00:3B:DA,1669,,579,2
585907,send,11:66:F0:00:01:3D,1670,,578,2
585913,ack,BE:16:0A:00:3B:DA,,0,578,2
585913,ack,11:66:F0:00:01:3D,,0,577,2
585914,send,BE:16:0A:00:3B:DA,1670,,579,2
585941,send,11:66:F0:00:01:3D,1671,,578,2
585941,send,BE:16:0A:00:3B:DA,1671,,580,2
585968,send,11:66:F0:00:01:3D,1672,,579,2
585971,send,BE:16:0A:00:3B:DA,1672,,581,2
585973,ack,11:66:F0:00:01:3D,,0,578,2
585973,ack,BE:16:0A:00:3B:DA,,0,580,2
585997,send,11:66:F0:00:01:3D,1673,,579,2
585998,send,BE:16:0A:00:3B:DA,1673,,581,2
586024,send,11:66:F0:00:01:3D,1674,,580,2
586029,send,BE:16:0A:00:3B:DA,1674,,582,2
586031,ack,11:66:F0:00:01:3D,,0,579,2
586031,ack,BE:16:0A:00:3B:DA,,0,581,2
586056,send,11:66:F0:00:01:3D,1675,,580,2
586057,send,BE:16:0A:00:3B:DA,1675,,582,2
586084,send,11:66:F0:00:01:3D,1676,,581,2
586088,ack,BE:16:0A:00:3B:DA,,0,581,2
586089,send,BE:16:0A:00:3B:DA,1676,,582,2
586090,ack,11:66:F0:00:01:3D,,0,580,2
586117,send,11:66:F0:00:01:3D,1677,,581,2
586118,send,BE:16:0A:00:3B:DA,1677,,583,2
586144,send,11:66:F0:00:01:3D,1678,,582,2
586149,send,BE:16:0A:00:3B:DA,1678,,584,2
586150,ack,BE:16:0A:00:3B:DA,,0,583,2
586151,ack,11:66:F0:00:01:3D,,0,581,2
586209,ack,11:66:F0:00:01:3D,,0,580,2
586209,ack,BE:16:0A:00:3B:DA,,0,582,2
586851,send,11:66:F0:00:01:3D,1679,,581,2
586856,ack,11:66:F0:00:01:3D,,0,580,2
586857,send,BE:16:0A:00:3B:DA,1679,,583,2
586863,ack,BE:16:0A:00:3B:DA,,0,582,2
586882,send,11:66:F0:00:01:3D,1680,,581,2
586883,send,BE:16:0A:00:3B:DA,1680,,583,2
586905,send,11:66:F0:00:01:3D,1681,,582,2
586905,send,BE:16:0A:00:3B:DA,1681,,584,2
586914,ack,11:66:F0:00:01:3D,,0,581,2
586920,ack,BE:16:0A:00:3B:DA,,0,583,2
586926,send,11:66:F0:00:01:3D,1682,,582,2
586927,send,BE:16:0A:00:3B:DA,1682,,584,2
586948,send,11:66:F0:00:01:3D,1683,,583,2
586949,send,BE:16:0A:00:3B:DA,1683,,585,2
586970,send,11:66:F0:00:01:3D,1684,,584,2
586972,send,BE:16:0A:00:3B:DA,1684,,586,2
586972,ack,11:66:F0:00:01:3D,,0,583,2
586978,ack,BE:16:0A:00:3B:DA,,0,585,2
586998,send,11:66:F0:00:01:3D,1685,,584,2
586998,send,BE:16:0A:00:3B:DA,1685,,586,2
587019,send,11:66:F0:00:01:3D,1686,,585,2
587020,send,BE:16:0A:00:3B:DA,1686,,587,2
587032,ack,11:66:F0:00:01:3D,,0,584,2
587035,ack,BE:16:0A:00:3B:DA,,0,586,2
587041,send,11:66:F0:00:01:3D,1687,,585,2
587042,send,BE:16:0A:00:3B:DA,1687,,587,2
587063,send,11:66:F0:00:01:3D,1688,,586,2
587065,send,BE:16:0A:00:3B:DA,1688,,588,2
587086,send,11:66:F0:00:01:3D,1689,,587,2
587089,send,BE:16:0A:00:3B:DA,1689,,589,2
587089,ack,11:66:F0:00:01:3D,,0,586,2
587092,ack,BE:16:0A:00:3B:DA,,0,588,2
587114,send,11:66:F0:00:01:3D,1690,,587,2
587114,send,BE:16:0A:00:3B:DA,1690,,589,2
587137,send,11:66:F0:00:01:3D,1691,,588,2
587138,send,BE:16:0A:00:3B:DA,1691,,590,2
587148,ack,11:66:F0:00:01:3D,,0,587,2
587149,ack,BE:16:0A:00:3B:DA,,0,589,2
587160,send,11:66:F0:00:01:3D,1692,,588,2
587161,send,BE:16:0A:00:3B:DA,1692,,590,2
587182,send,11:66:F0:00:01:3D,1693,,589,2
587183,send,BE:16:0A:00:3B:DA,1693,,591,2
587204,send,11:66:F0:00:01:3D,1694,,590,2
587207,send,BE:16:0A:00:3B:DA,1694,,592,2
587208,ack,BE:16:0A:00:3B:DA,,0,591,2
587209,ack,11:66:F0:00:01:3D,,0,589,2
587227,send,11:66:F0:00:01:3D,1695,,590,2
587227,send,BE:16:0A:00:3B:DA,1695,,592,2
587250,send,11:66:F0:00:01:3D,1696,,591,2
587251,send,BE:16:0A:00:3B:DA,1696,,593,2
587272,send,11:66:F0:00:01:3D,1697,,592,2
587272,ack,BE:16:0A:00:3B:DA,,0,592,2
587272,send,BE:16:0A:00:3B:DA,1697,,593,2
587273,ack,11:66:F0:00:01:3D,,0,591,2
587294,send,11:66:F0:00:01:3D,1698,,592,2
587295,send,BE:16:0A:00:3B:DA,1698,,594,2
587316,send,11:66:F0:00:01:3D,1699,,593,2
587317,send,BE:16:0A:00:3B:DA,1699,,595,2
587333,ack,BE:16:0A:00:3B:DA,,0,594,2
587335,ack,11:66:F0:00:01:3D,,0,592,2
587338,send,11:66:F0:00:01:3D,1700,,593,2
587339,send,BE:16:0A:00:3B:DA,1700,,595,2
587362,send,11:66:F0:00:01:3D,1701,,594,2
587362,send,BE:16:0A:00:3B:DA,1701,,596,2
587384,send,11:66:F0:00:01:3D,1702,,595,2
587384,send,BE:16:0A:00:3B:DA,1702,,597,2
587390,ack,BE:16:0A:00:3B:DA,,0,596,2
587395,ack,11:66:F0:00:01:3D,,0,594,2
587411,send,11:66:F0:00:01:3D,1703,,595,2
587412,send,BE:16:0A:00:3B:DA,1703,,597,2
587435,send,11:66:F0:00:01:3D,1704,,596,2
587435,send,BE:16:0A:00:3B:DA,1704,,598,2
587450,ack,BE:16:0A:00:3B:DA,,0,597,2
587454,ack,11:66:F0:00:01:3D,,0,595,2
587457,send,11:66:F0:00:01:3D,1705,,596,2
587458,send,BE:16:0A:00:3B:DA,1705,,598,2
587478,send,11:66:F0:00:01:3D,1706,,597,2
587479,send,BE:16:0A:00:3B:DA,1706,,599,2
587499,send,11:66:F0:00:01:3D,1707,,598,2
587499,send,BE:16:0A:00:3B:DA,1707,,600,2
587506,ack,BE:16:0A:00:3B:DA,,0,599,2
587514,ack,11:66:F0:00:01:3D,,0,597,2
587527,send,11:66:F0:00:01:3D,1708,,598,2
587528,send,BE:16:0A:00:3B:DA,1708,,600,2
587551,send,11:66:F0:00:01:3D,1709,,599,2
587552,send,BE:16:0A:00:3B:DA,1709,,601,2
587563,ack,BE:16:0A:00:3B:DA,,0,600,2
587572,ack,11:66:F0:00:01:3D,,0,598,2
587573,send,11:66:F0:00:01:3D,1710,,599,2
587573,send,BE:16:0A:00:3B:DA,1710,,601,2
587594,send,11:66:F0:00:01:3D,1711,,600,2
587595,send,BE:16:0A:00:3B:DA,1711,,602,2
587616,send,11:66:F0:00:01:3D,1712,,601,2
587617,send,BE:16:0A:00:3B:DA,1712,,603,2
587623,ack,BE:16:0A:00:3B:DA,,0,602,2
587630,ack,11:66:F0:00:01:3D,,0,600,2
587643,send,11:66:F0:00:01:3D,1713,,601,2
587645,send,BE:16:0A:00:3B:DA,1713,,603,2
587665,send,11:66:F0:00:01:3D,1714,,602,2
587666,send,BE:16:0A:00:3B:DA,1714,,604,2
587685,ack,BE:16:0A:00:3B:DA,,0,603,2
587687,send,11:66:F0:00:01:3D,1715,,603,2
587689,send,BE:16:0A:00:3B:DA,1715,,604,2
587690,ack,11:66:F0:00:01:3D,,0,602,2
587711,send,11:66:F0:00:01:3D,1716,,603,2
587711,send,BE:16:0A:00:3B:DA,1716,,605,2
587732,send,11:66:F0:00:01:3D,1717,,604,2
587733,send,BE:16:0A:00:3B:DA,1717,,606,2
587743,ack,BE:16:0A:00:3B:DA,,0,605,2
587746,ack,11:66:F0:00:01:3D,,0,603,2
587754,send,11:66:F0:00:01:3D,1718,,604,2
587754,send,BE:16:0A:00:3B:DA,1718,,606,2
587776,send,11:66:F0:00:01:3D,1719,,605,2
587777,send,BE:16:0A:00:3B:DA,1719,,607,2
587799,send,11:66:F0:00:01:3D,1720,,606,2
587799,ack,BE:16:0A:00:3B:DA,,0,606,2
587802,ack,11:66:F0:00:01:3D,,0,605,2
587803,send,BE:16:0A:00:3B:DA,1720,,607,2
587826,send,11:66:F0:00:01:3D,1721,,606,2
587827,send,BE:16:0A:00:3B:DA,1721,,608,2
587847,send,11:66:F0:00:01:3D,1722,,607,2
587848,send,BE:16:0A:00:3B:DA,1722,,609,2
587861,ack,BE:16:0A:00:3B:DA,,0,608,2
587862,ack,11:66:F0:00:01:3D,,0,606,2
587868,send,11:66:F0:00:01:3D,1723,,607,2
587870,send,BE:16:0A:00:3B:DA,1723,,609,2
587893,send,11:66:F0:00:01:3D,1724,,608,2
587894,send,BE:16:0A:00:3B:DA,1724,,610,2
587914,send,11:66:F0:00:01:3D,1725,,609,2
587919,send,BE:16:0A:00:3B:DA,1725,,611,2
587919,ack,BE:16:0A:00:3B:DA,,0,610,2
587920,ack,11:66:F0:00:01:3D,,0,608,2
587940,send,11:66:F0:00:01:3D,1726,,609,2
587941,send,BE:16:0A:00:3B:DA,1726,,611,2
587962,send,11:66:F0:00:01:3D,1727,,610,2
587963,send,BE:16:0A:00:3B:DA,1727,,612,2
587976,ack,BE:16:0A:00:3B:DA,,0,611,2
587976,ack,11:66:F0:00:01:3D,,0,609,2
587985,send,11:66:F0:00:01:3D,1728,,610,2
587986,send,BE:16:0A:00:3B:DA,1728,,612,2
588009,send,11:66:F0:00:01:3D,1729,,611,2
588009,send,BE:16:0A:00:3B:DA,1729,,613,2
588031,send,11:66:F0:00:01:3D,1730,,612,2
588034,send,BE:16:0A:00:3B:DA,1730,,614,2
588035,ack,11:66:F0:00:01:3D,,0,611,2
588035,ack,BE:16:0A:00:3B:DA,,0,613,2
588055,send,11:66:F0:00:01:3D,1731,,612,2
588056,send,BE:16:0A:00:3B:DA,1731,,614,2
588076,send,11:66:F0:00:01:3D,1732,,613,2
588077,send,BE:16:0A:00:3B:DA,1732,,615,2
588094,ack,BE:16:0A:00:3B:DA,,0,614,2
588095,ack,11:66:F0:00:01:3D,,0,612,2
588104,send,11:66:F0:00:01:3D,1733,,613,2
588105,send,BE:16:0A:00:3B:DA,1733,,615,2
588127,send,11:66:F0:00:01:3D,1734,,614,2
588128,send,BE:16:0A:00:3B:DA,1734,,616,2
588149,send,11:66:F0:00:01:3D,1735,,615,2
588154,send,BE:16:0A:00:3B:DA,1735,,617,2
588154,ack,11:66:F0:00:01:3D,,0,614,2
588155,ack,BE:16:0A:00:3B:DA,,0,616,2
588176,send,11:66:F0:00:01:3D,1736,,615,2
588177,send,BE:16:0A:00:3B:DA,1736,,617,2
588198,send,11:66:F0:00:01:3D,1737,,616,2
588199,send,BE:16:0A:00:3B:DA,1737,,618,2
588213,ack,11:66:F0:00:01:3D,,0,615,2
588214,ack,BE:16:0A:00:3B:DA,,0,617,2
588220,send,11:66:F0:00:01:3D,1738,,616,2
588221,send,BE:16:0A:00:3B:DA,1738,,618,2
588243,send,11:66:F0:00:01:3D,1739,,617,2
588243,send,BE:16:0A:00:3B:DA,1739,,619,2
588263,send,11:66:F0:00:01:3D,1740,,618,2
588269,send,BE:16:0A:00:3B:DA,1740,,620,2
588270,ack,11:66:F0:00:01:3D,,0,617,2
588272,ack,BE:16:0A:00:3B:DA,,0,619,2
588292,send,11:66:F0:00:01:3D,1741,,618,2
588293,send,BE:16:0A:00:3B:DA,1741,,620,2
588314,send,11:66:F0:00:01:3D,1742,,619,2
588315,send,BE:16:0A:00:3B:DA,1742,,621,2
588327,ack,11:66:F0:00:01:3D,,0,618,2
588332,ack,BE:16:0A:00:3B:DA,,0,620,2
588336,send,11:66:F0:00:01:3D,1743,,619,2
588336,send,BE:16:0A:00:3B:DA,1743,,621,2
588358,send,11:66:F0:00:01:3D,1744,,620,2
588359,send,BE:16:0A:00:3B:DA,1744,,622,2
588381,send,11:66:F0:00:01:3D,1745,,621,2
588388,ack,11:66:F0:00:01:3D,,0,620,2
588389,send,BE:16:0A:00:3B:DA,1745,,623,2
588391,ack,BE:16:0A:00:3B:DA,,0,622,2
588411,send,11:66:F0:00:01:3D,1746,,621,2
588412,send,BE:16:0A:00:3B:DA,1746,,623,2
588434,send,11:66:F0:00:01:3D,1747,,622,2
588435,send,BE:16:0A:00:3B:DA,1747,,624,2
588450,ack,11:66:F0:00:01:3D,,0,621,2
588452,ack,BE:16:0A:00:3B:DA,,0,623,2
588457,send,11:66:F0:00:01:3D,1748,,622,2
588458,send,BE:16:0A:00:3B:DA,1748,,624,2
588479,send,11:66:F0:00:01:3D,1749,,623,2
588481,send,BE:16:0A:00:3B:DA,1749,,625,2
588503,send,11:66:F0:00:01:3D,1750,,624,2
588513,send,BE:16:0A:00:3B:DA,1750,,626,2
588516,ack,BE:16:0A:00:3B:DA,,0,625,2
588516,ack,11:66:F0:00:01:3D,,0,623,2
588535,send,11:66:F0:00:01:3D,1751,,624,2
588537,send,BE:16:0A:00:3B:DA,1751,,626,2
588559,send,11:66:F0:00:01:3D,1752,,625,2
588560,send,BE:16:0A:00:3B:DA,1752,,627,2
588576,ack,BE:16:0A:00:3B:DA,,0,626,2
588577,ack,11:66:F0:00:01:3D,,0,624,2
588580,send,11:66:F0:00:01:3D,1753,,625,2
588581,send,BE:16:0A:00:3B:DA,1753,,627,2
588602,send,11:66:F0:00:01:3D,1754,,626,2
588603,send,BE:16:0A:00:3B:DA,1754,,628,2
588624,send,11:66:F0:00:01:3D,1755,,627,2
588625,send,BE:16:0A:00:3B:DA,1755,,629,2
588634,ack,BE:16:0A:00:3B:DA,,0,628,2
588634,ack,11:66:F0:00:01:3D,,0,626,2
588645,send,11:66:F0:00:01:3D,1756,,627,2
588646,send,BE:16:0A:00:3B:DA,1756,,629,2
588668,send,11:66:F0:00:01:3D,1757,,628,2
588669,send,BE:16:0A:00:3B:DA,1757,,630,2
588690,send,11:66:F0:00:01:3D,1758,,629,2
588694,ack,11:66:F0:00:01:3D,,0,628,2
588694,ack,BE:16:0A:00:3B:DA,,0,629,2
588695,send,BE:16:0A:00:3B:DA,1758,,630,2
588718,send,11:66:F0:00:01:3D,1759,,629,2
588719,send,BE:16:0A:00:3B:DA,1759,,631,2
588741,send,11:66:F0:00:01:3D,1760,,630,2
588742,send,BE:16:0A:00:3B:DA,1760,,632,2
588755,ack,11:66:F0:00:01:3D,,0,629,2
588755,ack,BE:16:0A:00:3B:DA,,0,631,2
588763,send,11:66:F0:00:01:3D,1761,,630,2
588764,send,BE:16:0A:00:3B:DA,1761,,632,2
588785,send,11:66:F0:00:01:3D,1762,,631,2
588786,send,BE:16:0A:00:3B:DA,1762,,633,2
588808,send,11:66:F0:00:01:3D,1763,,632,2
588815,ack,11:66:F0:00:01:3D,,0,631,2
588816,send,BE:16:0A:00:3B:DA,1763,,634,2
588816,ack,BE:16:0A:00:3B:DA,,0,633,2
588837,send,11:66:F0:00:01:3D,1764,,632,2
588838,send,BE:16:0A:00:3B:DA,1764,,634,2
588860,send,11:66:F0:00:01:3D,1765,,633,2
588861,send,BE:16:0A:00:3B:DA,1765,,635,2
588878,ack,BE:16:0A:00:3B:DA,,0,634,2
588879,ack,11:66:F0:00:01:3D,,0,632,2
588883,send,11:66:F0:00:01:3D,1766,,633,2
588885,send,BE:16:0A:00:3B:DA,1766,,635,2
588908,send,11:66:F0:00:01:3D,1767,,634,2
588908,send,BE:16:0A:00:3B:DA,1767,,636,2
588929,send,11:66:F0:00:01:3D,1768,,635,2
588934,send,BE:16:0A:00:3B:DA,1768,,637,2
588935,ack,11:66:F0:00:01:3D,,0,634,2
588935,ack,BE:16:0A:00:3B:DA,,0,636,2
588959,send,11:66:F0:00:01:3D,1769,,635,2
588960,send,BE:16:0A:00:3B:DA,1769,,637,2
588980,send,11:66:F0:00:01:3D,1770,,636,2
588980,send,BE:16:0A:00:3B:DA,1770,,638,2
588997,ack,BE:16:0A:00:3B:DA,,0,637,2
588997,ack,11:66:F0:00:01:3D,,0,635,2
589001,send,11:66:F0:00:01:3D,1771,,636,2
589002,send,BE:16:0A:00:3B:DA,1771,,638,2
589024,send,11:66:F0:00:01:3D,1772,,637,2
589025,send,BE:16:0A:00:3B:DA,1772,,639,2
589047,send,11:66:F0:00:01:3D,1773,,638,2
589053,send,BE:16:0A:00:3B:DA,1773,,640,2
589053,ack,11:66:F0:00:01:3D,,0,637,2
589055,ack,BE:16:0A:00:3B:DA,,0,639,2
589074,send,11:66:F0:00:01:3D,1774,,638,2
589075,send,BE:16:0A:00:3B:DA,1774,,640,2
589096,send,11:66:F0:00:01:3D,1775,,639,2
589096,send,BE:16:0A:00:3B:DA,1775,,641,2
589114,ack,11:66:F0:00:01:3D,,0,638,2
589115,ack,BE:16:0A:00:3B:DA,,0,640,2
589118,send,11:66:F0:00:01:3D,1776,,639,2
589119,send,BE:16:0A:00:3B:DA,1776,,641,2
589141,send,11:66:F0:00:01:3D,1777,,640,2
589141,send,BE:16:0A:00:3B:DA,1777,,642,2
589163,send,11:66:F0:00:01:3D,1778,,641,2
589169,send,BE:16:0A:00:3B:DA,1778,,643,2
589170,ack,11:66:F0:00:01:3D,,0,640,2
589173,ack,BE:16:0A:00:3B:DA,,0,642,2
589194,send,11:66:F0:00:01:3D,1779,,641,2
589195,send,BE:16:0A:00:3B:DA,1779,,643,2
589218,send,11:66:F0:00:01:3D,1780,,642,2
589219,send,BE:16:0A:00:3B:DA,1780,,644,2
589230,ack,11:66:F0:00:01:3D,,0,641,2
589232,ack,BE:16:0A:00:3B:DA,,0,643,2
589241,send,11:66:F0:00:01:3D,1781,,642,2
589242,send,BE:16:0A:00:3B:DA,1781,,644,2
589262,send,11:66:F0:00:01:3D,1782,,643,2
589263,send,BE:16:0A:00:3B:DA,1782,,645,2
589284,send,11:66:F0:00:01:3D,1783,,644,2
589288,send,BE:16:0A:00:3B:DA,1783,,646,2
589289,ack,11:66:F0:00:01:3D,,0,643,2
589289,ack,BE:16:0A:00:3B:DA,,0,645,2
589310,send,11:66:F0:00:01:3D,1784,,644,2
589310,send,BE:16:0A:00:3B:DA,1784,,646,2
589331,send,11:66:F0:00:01:3D,1785,,645,2
589332,send,BE:16:0A:00:3B:DA,1785,,647,2
589346,ack,BE:16:0A:00:3B:DA,,0,646,2
589346,ack,11:66:F0:00:01:3D,,0,644,2
589353,send,11:66:F0:00:01:3D,1786,,645,2
589354,send,BE:16:0A:00:3B:DA,1786,,647,2
589375,send,11:66:F0:00:01:3D,1787,,646,2
589375,send,BE:16:0A:00:3B:DA,1787,,648,2
589397,send,11:66:F0:00:01:3D,1788,,647,2
589404,send,BE:16:0A:00:3B:DA,1788,,649,2
589407,ack,BE:16:0A:00:3B:DA,,0,648,2
589407,ack,11:66:F0:00:01:3D,,0,646,2
589428,send,11:66:F0:00:01:3D,1789,,647,2
589429,send,BE:16:0A:00:3B:DA,1789,,649,2
589450,send,11:66:F0:00:01:3D,1790,,648,2
589450,send,BE:16:0A:00:3B:DA,1790,,650,2
589471,ack,BE:16:0A:00:3B:DA,,0,649,2
589471,send,11:66:F0:00:01:3D,1791,,649,2
589471,ack,11:66:F0:00:01:3D,,0,648,2
589472,send,BE:16:0A:00:3B:DA,1791,,650,2
589496,send,11:66:F0:00:01:3D,1792,,649,2
589496,send,BE:16:0A:00:3B:DA,1792,,651,2
589517,send,11:66:F0:00:01:3D,1793,,650,2
589518,send,BE:16:0A:00:3B:DA,1793,,652,2
589528,ack,BE:16:0A:00:3B:DA,,0,651,2
589528,ack,11:66:F0:00:01:3D,,0,649,2
589539,send,11:66:F0:00:01:3D,1794,,650,2
589540,send,BE:16:0A:00:3B:DA,1794,,652,2
589562,send,11:66:F0:00:01:3D,1795,,651,2
589563,send,BE:16:0A:00:3B:DA,1795,,653,2
589585,send,11:66:F0:00:01:3D,1796,,652,2
589587,send,BE:16:0A:00:3B:DA,1796,,654,2
589589,ack,BE:16:0A:00:3B:DA,,0,653,2
589589,ack,11:66:F0:00:01:3D,,0,651,2
589608,send,11:66:F0:00:01:3D,1797,,652,2
589609,send,BE:16:0A:00:3B:DA,1797,,654,2
589629,send,11:66:F0:00:01:3D,1798,,653,2
589630,send,BE:16:0A:00:3B:DA,1798,,655,2
589647,ack,BE:16:0A:00:3B:DA,,0,654,2
589648,ack,11:66:F0:00:01:3D,,0,652,2
589651,send,11:66:F0:00:01:3D,1799,,653,2
589652,send,BE:16:0A:00:3B:DA,1799,,655,2
589674,send,11:66:F0:00:01:3D,1800,,654,2
589674,send,BE:16:0A:00:3B:DA,1800,,656,2
589695,send,11:66:F0:00:01:3D,1801,,655,2
589696,send,BE:16:0A:00:3B:DA,1801,,657,2
589710,ack,11:66:F0:00:01:3D,,0,654,2
589710,ack,BE:16:0A:00:3B:DA,,0,656,2
589716,send,11:66:F0:00:01:3D,1802,,655,2
589717,send,BE:16:0A:00:3B:DA,1802,,657,2
589740,send,11:66:F0:00:01:3D,1803,,656,2
589741,send,BE:16:0A:00:3B:DA,1803,,658,2
589762,send,11:66:F0:00:01:3D,1804,,657,2
589766,send,BE:16:0A:00:3B:DA,1804,,659,2
589767,ack,11:66:F0:00:01:3D,,0,656,2
589768,ack,BE:16:0A:00:3B:DA,,0,658,2
589790,send,11:66:F0:00:01:3D,1805,,657,2
589791,send,BE:16:0A:00:3B:DA,1805,,659,2
589813,send,11:66:F0:00:01:3D,1806,,658,2
589814,send,BE:16:0A:00:3B:DA,1806,,660,2
589827,ack,BE:16:0A:00:3B:DA,,0,659,2
589828,ack,11:66:F0:00:01:3D,,0,657,2
589835,send,11:66:F0:00:01:3D,1807,,658,2
589836,send,BE:16:0A:00:3B:DA,1807,,660,2
589858,send,11:66:F0:00:01:3D,1808,,659,2
589859,send,BE:16:0A:00:3B:DA,1808,,661,2
589880,send,11:66:F0:00:01:3D,1809,,660,2
589887,send,BE:16:0A:00:3B:DA,1809,,662,2
589888,ack,BE:16:0A:00:3B:DA,,0,661,2
589888,ack,11:66:F0:00:01:3D,,0,659,2
589908,send,11:66:F0:00:01:3D,1810,,660,2
589909,send,BE:16:0A:00:3B:DA,1810,,662,2
589931,send,11:66:F0:00:01:3D,1811,,661,2
589931,send,BE:16:0A:00:3B:DA,1811,,663,2
589946,ack,11:66:F0:00:01:3D,,0,660,2
589947,ack,BE:16:0A:00:3B:DA,,0,662,2
589952,send,11:66:F0:00:01:3D,1812,,661,2
589953,send,BE:16:0A:00:3B:DA,1812,,663,2
589974,send,11:66:F0:00:01:3D,1813,,662,2
589975,send,BE:16:0A:00:3B:DA,1813,,664,2
589995,send,11:66:F0:00:01:3D,1814,,663,2
590000,send,BE:16:0A:00:3B:DA,1814,,665,2
590002,ack,11:66:F0:00:01:3D,,0,662,2
590005,ack,BE:16:0A:00:3B:DA,,0,664,2
590024,send,11:66:F0:00:01:3D,1815,,663,2
590025,send,BE:16:0A:00:3B:DA,1815,,665,2
590046,send,11:66:F0:00:01:3D,1816,,664,2
590047,send,BE:16:0A:00:3B:DA,1816,,666,2
590061,ack,11:66:F0:00:01:3D,,0,663,2
590062,ack,BE:16:0A:00:3B:DA,,0,665,2
590067,send,11:66:F0:00:01:3D,1817,,664,2
590068,send,BE:16:0A:00:3B:DA,1817,,666,2
590091,send,11:66:F0:00:01:3D,1818,,665,2
590092,send,BE:16:0A:00:3B:DA,1818,,667,2
590114,send,11:66:F0:00:01:3D,1819,,666,2
590120,send,BE:16:0A:00:3B:DA,1819,,668,2
590122,ack,11:66:F0:00:01:3D,,0,665,2
590122,ack,BE:16:0A:00:3B:DA,,0,667,2
590142,send,11:66:F0:00:01:3D,1820,,666,2
590143,send,BE:16:0A:00:3B:DA,1820,,668,2
590165,send,11:66:F0:00:01:3D,1821,,667,2
590165,send,BE:16:0A:00:3B:DA,1821,,669,2
590183,ack,BE:16:0A:00:3B:DA,,0,668,2
590183,ack,11:66:F0:00:01:3D,,0,666,2
590186,send,11:66:F0:00:01:3D,1822,,667,2
590187,send,BE:16:0A:00:3B:DA,1822,,669,2
590209,send,11:66:F0:00:01:3D,1823,,668,2
590210,send,BE:16:0A:00:3B:DA,1823,,670,2
590231,send,11:66:F0:00:01:3D,1824,,669,2
590232,send,BE:16:0A:00:3B:DA,1824,,671,2
590244,ack,BE:16:0A:00:3B:DA,,0,670,2
590244,ack,11:66:F0:00:01:3D,,0,668,2
590253,send,11:66:F0:00:01:3D,1825,,669,2
590254,send,BE:16:0A:00:3B:DA,1825,,671,2
590275,send,11:66:F0:00:01:3D,1826,,670,2
590276,send,BE:16:0A:00:3B:DA,1826,,672,2
590297,send,11:66:F0:00:01:3D,1827,,671,2
590301,send,BE:16:0A:00:3B:DA,1827,,673,2
590302,ack,BE:16:0A:00:3B:DA,,0,672,2
590304,ack,11:66:F0:00:01:3D,,0,670,2
590321,send,11:66:F0:00:01:3D,1828,,671,2
590322,send,BE:16:0A:00:3B:DA,1828,,673,2
590342,send,11:66:F0:00:01:3D,1829,,672,2
590343,send,BE:16:0A:00:3B:DA,1829,,674,2
590362,ack,BE:16:0A:00:3B:DA,,0,673,2
590363,ack,11:66:F0:00:01:3D,,0,671,2
590364,send,11:66:F0:00:01:3D,1830,,672,2
590366,send,BE:16:0A:00:3B:DA,1830,,674,2
590387,send,11:66:F0:00:01:3D,1831,,673,2
590387,send,BE:16:0A:00:3B:DA,1831,,675,2
590409,send,11:66:F0:00:01:3D,1832,,674,2
590409,send,BE:16:0A:00:3B:DA,1832,,676,2
590423,ack,11:66:F0:00:01:3D,,0,673,2
590423,ack,BE:16:0A:00:3B:DA,,0,675,2
590430,send,11:66:F0:00:01:3D,1833,,674,2
590431,send,BE:16:0A:00:3B:DA,1833,,676,2
590451,send,11:66:F0:00:01:3D,1834,,675,2
590452,send,BE:16:0A:00:3B:DA,1834,,677,2
590475,send,11:66:F0:00:01:3D,1835,,676,2
590483,send,BE:16:0A:00:3B:DA,1835,,678,2
590484,ack,11:66:F0:00:01:3D,,0,675,2
590485,ack,BE:16:0A:00:3B:DA,,0,677,2
590503,send,11:66:F0:00:01:3D,1836,,676,2
590504,send,BE:16:0A:00:3B:DA,1836,,678,2
590526,send,11:66:F0:00:01:3D,1837,,677,2
590527,send,BE:16:0A:00:3B:DA,1837,,679,2
590544,ack,11:66:F0:00:01:3D,,0,676,2
590544,ack,BE:16:0A:00:3B:DA,,0,678,2
590548,send,11:66:F0:00:01:3D,1838,,677,2
590549,send,BE:16:0A:00:3B:DA,1838,,679,2
590572,send,11:66:F0:00:01:3D,1839,,678,2
590572,send,BE:16:0A:00:3B:DA,1839,,680,2
590595,send,11:66:F0:00:01:3D,1840,,679,2
590600,send,BE:16:0A:00:3B:DA,1840,,681,2
590601,ack,11:66:F0:00:01:3D,,0,678,2
590603,ack,BE:16:0A:00:3B:DA,,0,680,2
590625,send,11:66:F0:00:01:3D,1841,,679,2
590626,send,BE:16:0A:00:3B:DA,1841,,681,2
590648,send,11:66:F0:00:01:3D,1842,,680,2
590648,send,BE:16:0A:00:3B:DA,1842,,682,2
590662,ack,11:66:F0:00:01:3D,,0,679,2
590662,ack,BE:16:0A:00:3B:DA,,0,681,2
590670,send,11:66:F0:00:01:3D,1843,,680,2
590672,send,BE:16:0A:00:3B:DA,1843,,682,2
590695,send,11:66:F0:00:01:3D,1844,,681,2
590696,send,BE:16:0A:00:3B:DA,1844,,683,2
590716,send,11:66:F0:00:01:3D,1845,,682,2
590721,send,BE:16:0A:00:3B:DA,1845,,684,2
590722,ack,11:66:F0:00:01:3D,,0,681,2
590723,ack,BE:16:0A:00:3B:DA,,0,683,2
590743,send,11:66:F0:00:01:3D,1846,,682,2
590744,send,BE:16:0A:00:3B:DA,1846,,684,2
590764,send,11:66:F0:00:01:3D,1847,,683,2
590764,send,BE:16:0A:00:3B:DA,1847,,685,2
590779,ack,BE:16:0A:00:3B:DA,,0,684,2
590779,ack,11:66:F0:00:01:3D,,0,682,2
590786,send,11:66:F0:00:01:3D,1848,,683,2
590786,send,BE:16:0A:00:3B:DA,1848,,685,2
590807,send,11:66:F0:00:01:3D,1849,,684,2
590808,send,BE:16:0A:00:3B:DA,1849,,686,2
590830,send,11:66:F0:00:01:3D,1850,,685,2
590837,send,BE:16:0A:00:3B:DA,1850,,687,2
590838,ack,BE:16:0A:00:3B:DA,,0,686,2
590838,ack,11:66:F0:00:01:3D,,0,684,2
590861,send,11:66:F0:00:01:3D,1851,,685,2
590862,send,BE:16:0A:00:3B:DA,1851,,687,2
590883,send,11:66:F0:00:01:3D,1852,,686,2
590884,send,BE:16:0A:00:3B:DA,1852,,688,2
590897,ack,BE:16:0A:00:3B:DA,,0,687,2
590898,ack,11:66:F0:00:01:3D,,0,685,2
590905,send,11:66:F0:00:01:3D,1853,,686,2
590907,send,BE:16:0A:00:3B:DA,1853,,688,2
590929,send,11:66:F0:00:01:3D,1854,,687,2
590930,send,BE:16:0A:00:3B:DA,1854,,689,2
590951,send,11:66:F0:00:01:3D,1855,,688,2
590955,send,BE:16:0A:00:3B:DA,1855,,690,2
590956,ack,BE:16:0A:00:3B:DA,,0,689,2
590956,ack,11:66:F0:00:01:3D,,0,687,2
590977,send,11:66:F0:00:01:3D,1856,,688,2
590978,send,BE:16:0A:00:3B:DA,1856,,690,2
590998,send,11:66:F0:00:01:3D,1857,,689,2
590999,send,BE:16:0A:00:3B:DA,1857,,691,2
591014,ack,BE:16:0A:00:3B:DA,,0,690,2
591015,ack,11:66:F0:00:01:3D,,0,688,2
591020,send,11:66:F0:00:01:3D,1858,,689,2
591021,send,BE:16:0A:00:3B:DA,1858,,691,2
591042,send,11:66:F0:00:01:3D,1859,,690,2
591042,send,BE:16:0A:00:3B:DA,1859,,692,2
591064,send,11:66:F0:00:01:3D,1860,,691,2
591069,send,BE:16:0A:00:3B:DA,1860,,693,2
591071,ack,11:66:F0:00:01:3D,,0,690,2
591071,ack,BE:16:0A:00:3B:DA,,0,692,2
591093,send,11:66:F0:00:01:3D,1861,,691,2
591094,send,BE:16:0A:00:3B:DA,1861,,693,2
591115,send,11:66:F0:00:01:3D,1862,,692,2
591116,send,BE:16:0A:00:3B:DA,1862,,694,2
591130,ack,11:66:F0:00:01:3D,,0,691,2
591130,ack,BE:16:0A:00:3B:DA,,0,693,2
591138,send,11:66:F0:00:01:3D,1863,,692,2
591139,send,BE:16:0A:00:3B:DA,1863,,694,2
591160,send,11:66:F0:00:01:3D,1864,,693,2
591161,send,BE:16:0A:00:3B:DA,1864,,695,2
591181,send,11:66:F0:00:01:3D,1865,,694,2
591186,send,BE:16:0A:00:3B:DA,1865,,696,2
591187,ack,BE:16:0A:00:3B:DA,,0,695,2
591188,ack,11:66:F0:00:01:3D,,0,693,2
591208,send,11:66:F0:00:01:3D,1866,,694,2
591209,send,BE:16:0A:00:3B:DA,1866,,696,2
591230,send,11:66:F0:00:01:3D,1867,,695,2
591230,send,BE:16:0A:00:3B:DA,1867,,697,2
591250,ack,11:66:F0:00:01:3D,,0,694,2
591250,ack,BE:16:0A:00:3B:DA,,0,696,2
591252,send,11:66:F0:00:01:3D,1868,,695,2
591253,send,BE:16:0A:00:3B:DA,1868,,697,2
591274,send,11:66:F0:00:01:3D,1869,,696,2
591274,send,BE:16:0A:00:3B:DA,1869,,698,2
591296,send,11:66:F0:00:01:3D,1870,,697,2
591297,send,BE:16:0A:00:3B:DA,1870,,699,2
591311,ack,11:66:F0:00:01:3D,,0,696,2
591311,ack,BE:16:0A:00:3B:DA,,0,698,2
591317,send,11:66:F0:00:01:3D,1871,,697,2
591318,send,BE:16:0A:00:3B:DA,1871,,699,2
591339,send,11:66:F0:00:01:3D,1872,,698,2
591340,send,BE:16:0A:00:3B:DA,1872,,700,2
591362,send,11:66:F0:00:01:3D,1873,,699,2
591366,send,BE:16:0A:00:3B:DA,1873,,701,2
591367,ack,11:66:F0:00:01:3D,,0,698,2
591370,ack,BE:16:0A:00:3B:DA,,0,700,2
591390,send,11:66:F0:00:01:3D,1874,,699,2
591391,send,BE:16:0A:00:3B:DA,1874,,701,2
591413,send,11:66:F0:00:01:3D,1875,,700,2
591414,send,BE:16:0A:00:3B:DA,1875,,702,2
591426,ack,11:66:F0:00:01:3D,,0,699,2
591429,ack,BE:16:0A:00:3B:DA,,0,701,2
591435,send,11:66:F0:00:01:3D,1876,,700,2
591436,send,BE:16:0A:00:3B:DA,1876,,702,2
591457,send,11:66:F0:00:01:3D,1877,,701,2
591458,send,BE:16:0A:00:3B:DA,1877,,703,2
591480,send,11:66:F0:00:01:3D,1878,,702,2
591485,send,BE:16:0A:00:3B:DA,1878,,704,2
591485,ack,11:66:F0:00:01:3D,,0,701,2
591488,ack,BE:16:0A:00:3B:DA,,0,703,2
591510,send,11:66:F0:00:01:3D,1879,,702,2
591511,send,BE:16:0A:00:3B:DA,1879,,704,2
591544,ack,11:66:F0:00:01:3D,,0,701,2
591546,ack,BE:16:0A:00:3B:DA,,0,703,2
592213,send,11:66:F0:00:01:3D,1880,,702,2
592221,send,BE:16:0A:00:3B:DA,1880,,704,2
592222,ack,11:66:F0:00:01:3D,,0,701,2
592228,ack,BE:16:0A:00:3B:DA,,0,703,2
592243,send,11:66:F0:00:01:3D,1881,,702,2
592244,send,BE:16:0A:00:3B:DA,1881,,704,2
592260,send,11:66:F0:00:01:3D,1882,,703,2
592260,send,BE:16:0A:00:3B:DA,1882,,705,2
592277,send,11:66:F0:00:01:3D,1883,,704,2
592282,send,BE:16:0A:00:3B:DA,1883,,706,2
592283,ack,11:66:F0:00:01:3D,,0,703,2
592286,ack,BE:16:0A:00:3B:DA,,0,705,2
592301,send,11:66:F0:00:01:3D,1884,,704,2
592302,send,BE:16:0A:00:3B:DA,1884,,706,2
592318,send,11:66:F0:00:01:3D,1885,,705,2
592318,send,BE:16:0A:00:3B:DA,1885,,707,2
592335,send,11:66:F0:00:01:3D,1886,,706,2
592340,send,BE:16:0A:00:3B:DA,1886,,708,2
592341,ack,11:66:F0:00:01:3D,,0,705,2
592341,ack,BE:16:0A:00:3B:DA,,0,707,2
592355,send,11:66:F0:00:01:3D,1887,,706,2
592356,send,BE:16:0A:00:3B:DA,1887,,708,2
592371,send,11:66:F0:00:01:3D,1888,,707,2
592372,send,BE:16:0A:00:3B:DA,1888,,709,2
592388,send,11:66:F0:00:01:3D,1889,,708,2
592388,send,BE:16:0A:00:3B:DA,1889,,710,2
592401,ack,BE:16:0A:00:3B:DA,,0,709,2
592401,ack,11:66:F0:00:01:3D,,0,707,2
592405,send,11:66:F0:00:01:3D,1890,,708,2
592406,send,BE:16:0A:00:3B:DA,1890,,710,2
592423,send,11:66:F0:00:01:3D,1891,,709,2
592424,send,BE:16:0A:00:3B:DA,1891,,711,2
592440,send,11:66:F0:00:01:3D,1892,,710,2
592441,send,BE:16:0A:00:3B:DA,1892,,712,2
592456,send,11:66:F0:00:01:3D,1893,,711,2
592458,send,BE:16:0A:00:3B:DA,1893,,713,2
592458,ack,11:66:F0:00:01:3D,,0,710,2
592458,ack,BE:16:0A:00:3B:DA,,0,712,2
592477,send,11:66:F0:00:01:3D,1894,,711,2
592477,send,BE:16:0A:00:3B:DA,1894,,713,2
592493,send,11:66:F0:00:01:3D,1895,,712,2
592493,send,BE:16:0A:00:3B:DA,1895,,714,2
592510,send,11:66:F0:00:01:3D,1896,,713,2
592515,send,BE:16:0A:00:3B:DA,1896,,715,2
592516,ack,BE:16:0A:00:3B:DA,,0,714,2
592517,ack,11:66:F0:00:01:3D,,0,712,2
592530,send,11:66:F0:00:01:3D,1897,,713,2
592531,send,BE:16:0A:00:3B:DA,1897,,715,2
592547,send,11:66:F0:00:01:3D,1898,,714,2
592547,send,BE:16:0A:00:3B:DA,1898,,716,2
592572,send,11:66:F0:00:01:3D,1899,,715,2
592575,send,BE:16:0A:00:3B:DA,1899,,717,2
592575,ack,11:66:F0:00:01:3D,,0,714,2
592576,ack,BE:16:0A:00:3B:DA,,0,716,2
592592,send,11:66:F0:00:01:3D,1900,,715,2
592593,send,BE:16:0A:00:3B:DA,1900,,717,2
592609,send,11:66:F0:00:01:3D,1901,,716,2
592610,send,BE:16:0A:00:3B:DA,1901,,718,2
592627,send,11:66:F0:00:01:3D,1902,,717,2
592635,send,BE:16:0A:00:3B:DA,1902,,719,2
592635,ack,11:66:F0:00:01:3D,,0,716,2
592635,ack,BE:16:0A:00:3B:DA,,0,718,2
592652,send,11:66:F0:00:01:3D,1903,,717,2
592653,send,BE:16:0A:00:3B:DA,1903,,719,2
592668,send,11:66:F0:00:01:3D,1904,,718,2
592669,send,BE:16:0A:00:3B:DA,1904,,720,2
592685,send,11:66:F0:00:01:3D,1905,,719,2
592689,send,BE:16:0A:00:3B:DA,1905,,721,2
592690,ack,11:66:F0:00:01:3D,,0,718,2
592692,ack,BE:16:0A:00:3B:DA,,0,720,2
592707,send,11:66:F0:00:01:3D,1906,,719,2
592709,send,BE:16:0A:00:3B:DA,1906,,721,2
592725,send,11:66:F0:00:01:3D,1907,,720,2
592725,send,BE:16:0A:00:3B:DA,1907,,722,2
592742,send,11:66:F0:00:01:3D,1908,,721,2
592748,send,BE:16:0A:00:3B:DA,1908,,723,2
592749,ack,BE:16:0A:00:3B:DA,,0,722,2
592756,ack,11:66:F0:00:01:3D,,0,720,2
592764,send,11:66:F0:00:01:3D,1909,,721,2
592765,send,BE:16:0A:00:3B:DA,1909,,723,2
592781,send,11:66:F0:00:01:3D,1910,,722,2
592782,send,BE:16:0A:00:3B:DA,1910,,724,2
592799,send,11:66:F0:00:01:3D,1911,,723,2
592800,send,BE:16:0A:00:3B:DA,1911,,725,2
592808,ack,BE:16:0A:00:3B:DA,,0,724,2
592816,ack,11:66:F0:00:01:3D,,0,722,2
592822,send,11:66:F0:00:01:3D,1912,,723,2
592823,send,BE:16:0A:00:3B:DA,1912,,725,2
592839,send,11:66:F0:00:01:3D,1913,,724,2
592839,send,BE:16:0A:00:3B:DA,1913,,726,2
592854,send,11:66:F0:00:01:3D,1914,,725,2
592854,send,BE:16:0A:00:3B:DA,1914,,727,2
592867,ack,BE:16:0A:00:3B:DA,,0,726,2
592871,send,11:66:F0:00:01:3D,1915,,726,2
592874,send,BE:16:0A:00:3B:DA,1915,,727,2
592876,ack,11:66:F0:00:01:3D,,0,725,2
592892,send,11:66:F0:00:01:3D,1916,,726,2
592893,send,BE:16:0A:00:3B:DA,1916,,728,2
592910,send,11:66:F0:00:01:3D,1917,,727,2
592911,send,BE:16:0A:00:3B:DA,1917,,729,2
592925,ack,BE:16:0A:00:3B:DA,,0,728,2
592927,send,11:66:F0:00:01:3D,1918,,728,2
592931,send,BE:16:0A:00:3B:DA,1918,,729,2
592933,ack,11:66:F0:00:01:3D,,0,727,2
592947,send,11:66:F0:00:01:3D,1919,,728,2
592948,send,BE:16:0A:00:3B:DA,1919,,730,2
592965,send,11:66:F0:00:01:3D,1920,,729,2
592966,send,BE:16:0A:00:3B:DA,1920,,731,2
592982,send,11:66:F0:00:01:3D,1921,,730,2
592984,ack,BE:16:0A:00:3B:DA,,0,730,2
592987,send,BE:16:0A:00:3B:DA,1921,,731,2
592989,ack,11:66:F0:00:01:3D,,0,729,2
593003,send,11:66:F0:00:01:3D,1922,,730,2
593004,send,BE:16:0A:00:3B:DA,1922,,732,2
593020,send,11:66:F0:00:01:3D,1923,,731,2
593021,send,BE:16:0A:00:3B:DA,1923,,733,2
593036,send,11:66:F0:00:01:3D,1924,,732,2
593037,send,BE:16:0A:00:3B:DA,1924,,734,2
593048,ack,BE:16:0A:00:3B:DA,,0,733,2
593048,ack,11:66:F0:00:01:3D,,0,731,2
593060,send,11:66:F0:00:01:3D,1925,,732,2
593061,send,BE:16:0A:00:3B:DA,1925,,734,2
593076,send,11:66:F0:00:01:3D,1926,,733,2
593077,send,BE:16:0A:00:3B:DA,1926,,735,2
593093,send,11:66:F0:00:01:3D,1927,,734,2
593094,send,BE:16:0A:00:3B:DA,1927,,736,2
593105,ack,BE:16:0A:00:3B:DA,,0,735,2
593105,ack,11:66:F0:00:01:3D,,0,733,2
593110,send,11:66:F0:00:01:3D,1928,,734,2
593110,send,BE:16:0A:00:3B:DA,1928,,736,2
593126,send,11:66:F0:00:01:3D,1929,,735,2
593126,send,BE:16:0A:00:3B:DA,1929,,737,2
593144,send,11:66:F0:00:01:3D,1930,,736,2
593145,send,BE:16:0A:00:3B:DA,1930,,738,2
593160,send,11:66:F0:00:01:3D,1931,,737,2
593162,send,BE:16:0A:00:3B:DA,1931,,739,2
593164,ack,11:66:F0:00:01:3D,,0,736,2
593164,ack,BE:16:0A:00:3B:DA,,0,738,2
593178,send,11:66:F0:00:01:3D,1932,,737,2
593179,send,BE:16:0A:00:3B:DA,1932,,739,2
593194,send,11:66:F0:00:01:3D,1933,,738,2
593195,send,BE:16:0A:00:3B:DA,1933,,740,2
593211,send,11:66:F0:00:01:3D,1934,,739,2
593212,send,BE:16:0A:00:3B:DA,1934,,741,2
593223,ack,BE:16:0A:00:3B:DA,,0,740,2
593223,ack,11:66:F0:00:01:3D,,0,738,2
593229,send,11:66:F0:00:01:3D,1935,,739,2
593230,send,BE:16:0A:00:3B:DA,1935,,741,2
593248,send,11:66:F0:00:01:3D,1936,,740,2
593248,send,BE:16:0A:00:3B:DA,1936,,742,2
593265,send,11:66:F0:00:01:3D,1937,,741,2
593266,send,BE:16:0A:00:3B:DA,1937,,743,2
593282,ack,BE:16:0A:00:3B:DA,,0,742,2
593282,ack,11:66:F0:00:01:3D,,0,740,2
593283,send,11:66:F0:00:01:3D,1938,,741,2
593284,send,BE:16:0A:00:3B:DA,1938,,743,2
593299,send,11:66:F0:00:01:3D,1939,,742,2
593299,send,BE:16:0A:00:3B:DA,1939,,744,2
593316,send,11:66:F0:00:01:3D,1940,,743,2
593317,send,BE:16:0A:00:3B:DA,1940,,745,2
593333,send,11:66:F0:00:01:3D,1941,,744,2
593338,send,BE:16:0A:00:3B:DA,1941,,746,2
593340,ack,11:66:F0:00:01:3D,,0,743,2
593341,ack,BE:16:0A:00:3B:DA,,0,745,2
593357,send,11:66:F0:00:01:3D,1942,,744,2
593358,send,BE:16:0A:00:3B:DA,1942,,746,2
593375,send,11:66:F0:00:01:3D,1943,,745,2
593375,send,BE:16:0A:00:3B:DA,1943,,747,2
593391,send,11:66:F0:00:01:3D,1944,,746,2
593395,send,BE:16:0A:00:3B:DA,1944,,748,2
593398,ack,11:66:F0:00:01:3D,,0,745,2
593400,ack,BE:16:0A:00:3B:DA,,0,747,2
593416,send,11:66:F0:00:01:3D,1945,,746,2
593417,send,BE:16:0A:00:3B:DA,1945,,748,2
593432,send,11:66:F0:00:01:3D,1946,,747,2
593432,send,BE:16:0A:00:3B:DA,1946,,749,2
593449,send,11:66:F0:00:01:3D,1947,,748,2
593454,send,BE:16:0A:00:3B:DA,1947,,750,2
593455,ack,11:66:F0:00:01:3D,,0,747,2
593457,ack,BE:16:0A:00:3B:DA,,0,749,2
593473,send,11:66:F0:00:01:3D,1948,,748,2
593474,send,BE:16:0A:00:3B:DA,1948,,750,2
593489,send,11:66:F0:00:01:3D,1949,,749,2
593489,send,BE:16:0A:00:3B:DA,1949,,751,2
593505,send,11:66:F0:00:01:3D,1950,,750,2
593510,send,BE:16:0A:00:3B:DA,1950,,752,2
593514,ack,11:66:F0:00:01:3D,,0,749,2
593515,ack,BE:16:0A:00:3B:DA,,0,751,2
593531,send,11:66:F0:00:01:3D,1951,,750,2
593532,send,BE:16:0A:00:3B:DA,1951,,752,2
593548,send,11:66:F0:00:01:3D,1952,,751,2
593548,send,BE:16:0A:00:3B:DA,1952,,753,2
593573,ack,BE:16:0A:00:3B:DA,,0,752,2
593573,send,11:66:F0:00:01:3D,1953,,752,2
593578,send,BE:16:0A:00:3B:DA,1953,,753,2
593583,ack,11:66:F0:00:01:3D,,0,751,2
593594,send,11:66:F0:00:01:3D,1954,,752,2
593594,send,BE:16:0A:00:3B:DA,1954,,754,2
593610,send,11:66:F0:00:01:3D,1955,,753,2
593610,send,BE:16:0A:00:3B:DA,1955,,755,2
593626,send,11:66:F0:00:01:3D,1956,,754,2
593627,send,BE:16:0A:00:3B:DA,1956,,756,2
593633,ack,BE:16:0A:00:3B:DA,,0,755,2
593642,ack,11:66:F0:00:01:3D,,0,753,2
593649,send,11:66:F0:00:01:3D,1957,,754,2
593650,send,BE:16:0A:00:3B:DA,1957,,756,2
593666,send,11:66:F0:00:01:3D,1958,,755,2
593666,send,BE:16:0A:00:3B:DA,1958,,757,2
593683,send,11:66:F0:00:01:3D,1959,,756,2
593684,send,BE:16:0A:00:3B:DA,1959,,758,2
593691,ack,BE:16:0A:00:3B:DA,,0,757,2
593699,ack,11:66:F0:00:01:3D,,0,755,2
593706,send,11:66:F0:00:01:3D,1960,,756,2
593707,send,BE:16:0A:00:3B:DA,1960,,758,2
593723,send,11:66:F0:00:01:3D,1961,,757,2
593723,send,BE:16:0A:00:3B:DA,1961,,759,2
593740,send,11:66:F0:00:01:3D,1962,,758,2
593741,send,BE:16:0A:00:3B:DA,1962,,760,2
593748,ack,BE:16:0A:00:3B:DA,,0,759,2
593756,ack,11:66:F0:00:01:3D,,0,757,2
593762,send,11:66:F0:00:01:3D,1963,,758,2
593763,send,BE:16:0A:00:3B:DA,1963,,760,2
593779,send,11:66:F0:00:01:3D,1964,,759,2
593780,send,BE:16:0A:00:3B:DA,1964,,761,2
593798,send,11:66:F0:00:01:3D,1965,,760,2
593799,send,BE:16:0A:00:3B:DA,1965,,762,2
593807,ack,BE:16:0A:00:3B:DA,,0,761,2
593817,ack,11:66:F0:00:01:3D,,0,759,2
593820,send,11:66:F0:00:01:3D,1966,,760,2
593822,send,BE:16:0A:00:3B:DA,1966,,762,2
593838,send,11:66:F0:00:01:3D,1967,,761,2
593838,send,BE:16:0A:00:3B:DA,1967,,763,2
593855,send,11:66:F0:00:01:3D,1968,,762,2
593856,send,BE:16:0A:00:3B:DA,1968,,764,2
593867,ack,BE:16:0A:00:3B:DA,,0,763,2
593871,send,11:66:F0:00:01:3D,1969,,763,2
593875,send,BE:16:0A:00:3B:DA,1969,,764,2
593877,ack,11:66:F0:00:01:3D,,0,762,2
593892,send,11:66:F0:00:01:3D,1970,,763,2
593893,send,BE:16:0A:00:3B:DA,1970,,765,2
593908,send,11:66:F0:00:01:3D,1971,,764,2
593908,send,BE:16:0A:00:3B:DA,1971,,766,2
593924,send,11:66:F0:00:01:3D,1972,,765,2
593925,send,BE:16:0A:00:3B:DA,1972,,767,2
593927,ack,BE:16:0A:00:3B:DA,,0,766,2
593934,ack,11:66:F0:00:01:3D,,0,764,2
593941,send,11:66:F0:00:01:3D,1973,,765,2
593942,send,BE:16:0A:00:3B:DA,1973,,767,2
593958,send,11:66:F0:00:01:3D,1974,,766,2
593959,send,BE:16:0A:00:3B:DA,1974,,768,2
593975,send,11:66:F0:00:01:3D,1975,,767,2
593976,send,BE:16:0A:00:3B:DA,1975,,769,2
593982,ack,BE:16:0A:00:3B:DA,,0,768,2
593991,ack,11:66:F0:00:01:3D,,0,766,2
593997,send,11:66:F0:00:01:3D,1976,,767,2
593998,send,BE:16:0A:00:3B:DA,1976,,769,2
594014,send,11:66:F0:00:01:3D,1977,,768,2
594014,send,BE:16:0A:00:3B:DA,1977,,770,2
594031,send,11:66:F0:00:01:3D,1978,,769,2
594032,send,BE:16:0A:00:3B:DA,1978,,771,2
594039,ack,BE:16:0A:00:3B:DA,,0,770,2
594049,ack,11:66:F0:00:01:3D,,0,768,2
594054,send,11:66:F0:00:01:3D,1979,,769,2
594055,send,BE:16:0A:00:3B:DA,1979,,771,2
594071,send,11:66:F0:00:01:3D,1980,,770,2
594072,send,BE:16:0A:00:3B:DA,1980,,772,2
594089,send,11:66:F0:00:01:3D,1981,,771,2
594089,send,BE:16:0A:00:3B:DA,1981,,773,2
594095,ack,BE:16:0A:00:3B:DA,,0,772,2
594107,ack,11:66:F0:00:01:3D,,0,770,2
594108,send,11:66:F0:00:01:3D,1982,,771,2
594109,send,BE:16:0A:00:3B:DA,1982,,773,2
594124,send,11:66:F0:00:01:3D,1983,,772,2
594124,send,BE:16:0A:00:3B:DA,1983,,774,2
594139,send,11:66:F0:00:01:3D,1984,,773,2
594140,send,BE:16:0A:00:3B:DA,1984,,775,2
594153,ack,BE:16:0A:00:3B:DA,,0,774,2
594156,send,11:66:F0:00:01:3D,1985,,774,2
594156,send,BE:16:0A:00:3B:DA,1985,,775,2
594164,ack,11:66:F0:00:01:3D,,0,773,2
594174,send,11:66:F0:00:01:3D,1986,,774,2
594175,send,BE:16:0A:00:3B:DA,1986,,776,2
594192,send,11:66:F0:00:01:3D,1987,,775,2
594193,send,BE:16:0A:00:3B:DA,1987,,777,2
594209,send,11:66:F0:00:01:3D,1988,,776,2
594209,send,BE:16:0A:00:3B:DA,1988,,778,2
594214,ack,BE:16:0A:00:3B:DA,,0,777,2
594225,ack,11:66:F0:00:01:3D,,0,775,2
594229,send,11:66:F0:00:01:3D,1989,,776,2
594230,send,BE:16:0A:00:3B:DA,1989,,778,2
594247,send,11:66:F0:00:01:3D,1990,,777,2
594247,send,BE:16:0A:00:3B:DA,1990,,779,2
594266,send,11:66:F0:00:01:3D,1991,,778,2
594267,send,BE:16:0A:00:3B:DA,1991,,780,2
594271,ack,BE:16:0A:00:3B:DA,,0,779,2
594282,ack,11:66:F0:00:01:3D,,0,777,2
594289,send,11:66:F0:00:01:3D,1992,,778,2
594290,send,BE:16:0A:00:3B:DA,1992,,780,2
594306,send,11:66:F0:00:01:3D,1993,,779,2
594307,send,BE:16:0A:00:3B:DA,1993,,781,2
594323,send,11:66:F0:00:01:3D,1994,,780,2
594324,send,BE:16:0A:00:3B:DA,1994,,782,2
594331,ack,BE:16:0A:00:3B:DA,,0,781,2
594340,ack,11:66:F0:00:01:3D,,0,779,2
594344,send,11:66:F0:00:01:3D,1995,,780,2
594345,send,BE:16:0A:00:3B:DA,1995,,782,2
594361,send,11:66:F0:00:01:3D,1996,,781,2
594362,send,BE:16:0A:00:3B:DA,1996,,783,2
594377,send,11:66:F0:00:01:3D,1997,,782,2
594378,send,BE:16:0A:00:3B:DA,1997,,784,2
594391,ack,BE:16:0A:00:3B:DA,,0,783,2
594393,send,11:66:F0:00:01:3D,1998,,783,2
594397,send,BE:16:0A:00:3B:DA,1998,,784,2
594397,ack,11:66:F0:00:01:3D,,0,782,2
594415,send,11:66:F0:00:01:3D,1999,,783,2
594416,send,BE:16:0A:00:3B:DA,1999,,785,2
594432,send,11:66:F0:00:01:3D,2000,,784,2
594432,send,BE:16:0A:00:3B:DA,2000,,786,2
594448,send,11:66:F0:00:01:3D,2001,,785,2
594449,ack,BE:16:0A:00:3B:DA,,0,785,2
594452,send,BE:16:0A:00:3B:DA,2001,,786,2
594453,ack,11:66:F0:00:01:3D,,0,784,2
594468,send,11:66:F0:00:01:3D,2002,,785,2
594469,send,BE:16:0A:00:3B:DA,2002,,787,2
594485,send,11:66:F0:00:01:3D,2003,,786,2
594486,send,BE:16:0A:00:3B:DA,2003,,788,2
594503,send,11:66:F0:00:01:3D,2004,,787,2
594506,send,BE:16:0A:00:3B:DA,2004,,789,2
594508,ack,BE:16:0A:00:3B:DA,,0,788,2
594508,ack,11:66:F0:00:01:3D,,0,786,2
594522,send,11:66:F0:00:01:3D,2005,,787,2
594523,send,BE:16:0A:00:3B:DA,2005,,789,2
594539,send,11:66:F0:00:01:3D,2006,,788,2
594539,send,BE:16:0A:00:3B:DA,2006,,790,2
594555,send,11:66:F0:00:01:3D,2007,,789,2
594555,send,BE:16:0A:00:3B:DA,2007,,791,2
594566,ack,11:66:F0:00:01:3D,,0,788,2
594566,ack,BE:16:0A:00:3B:DA,,0,790,2
594572,send,11:66:F0:00:01:3D,2008,,789,2
594573,send,BE:16:0A:00:3B:DA,2008,,791,2
594589,send,11:66:F0:00:01:3D,2009,,790,2
594590,send,BE:16:0A:00:3B:DA,2009,,792,2
594606,send,11:66:F0:00:01:3D,2010,,791,2
594607,send,BE:16:0A:00:3B:DA,2010,,793,2
594624,ack,11:66:F0:00:01:3D,,0,790,2
594624,ack,BE:16:0A:00:3B:DA,,0,792,2
594625,send,11:66:F0:00:01:3D,2011,,791,2
594625,send,BE:16:0A:00:3B:DA,2011,,793,2
594641,send,11:66:F0:00:01:3D,2012,,792,2
594642,send,BE:16:0A:00:3B:DA,2012,,794,2
594659,send,11:66:F0:00:01:3D,2013,,793,2
594660,send,BE:16:0A:00:3B:DA,2013,,795,2
594676,send,11:66:F0:00:01:3D,2014,,794,2
594683,ack,11:66:F0:00:01:3D,,0,793,2
594684,ack,BE:16:0A:00:3B:DA,,0,794,2
594684,send,BE:16:0A:00:3B:DA,2014,,795,2
594702,send,11:66:F0:00:01:3D,2015,,794,2
594704,send,BE:16:0A:00:3B:DA,2015,,796,2
594719,send,11:66:F0:00:01:3D,2016,,795,2
594720,send,BE:16:0A:00:3B:DA,2016,,797,2
594736,send,11:66:F0:00:01:3D,2017,,796,2
594742,send,BE:16:0A:00:3B:DA,2017,,798,2
594743,ack,11:66:F0:00:01:3D,,0,795,2
594746,ack,BE:16:0A:00:3B:DA,,0,797,2
594759,send,11:66:F0:00:01:3D,2018,,796,2
594759,send,BE:16:0A:00:3B:DA,2018,,798,2
594775,send,11:66:F0:00:01:3D,2019,,797,2
594776,send,BE:16:0A:00:3B:DA,2019,,799,2
594794,send,11:66:F0:00:01:3D,2020,,798,2
594799,send,BE:16:0A:00:3B:DA,2020,,800,2
594801,ack,11:66:F0:00:01:3D,,0,797,2
594804,ack,BE:16:0A:00:3B:DA,,0,799,2
594820,send,11:66:F0:00:01:3D,2021,,798,2
594821,send,BE:16:0A:00:3B:DA,2021,,800,2
594836,send,11:66:F0:00:01:3D,2022,,799,2
594837,send,BE:16:0A:00:3B:DA,2022,,801,2
594852,send,11:66:F0:00:01:3D,2023,,800,2
594857,send,BE:16:0A:00:3B:DA,2023,,802,2
594858,ack,11:66:F0:00:01:3D,,0,799,2
594861,ack,BE:16:0A:00:3B:DA,,0,801,2
594876,send,11:66:F0:00:01:3D,2024,,800,2
594877,send,BE:16:0A:00:3B:DA,2024,,802,2
594893,send,11:66:F0:00:01:3D,2025,,801,2
594893,send,BE:16:0A:00:3B:DA,2025,,803,2
594911,send,11:66:F0:00:01:3D,2026,,802,2
594916,send,BE:16:0A:00:3B:DA,2026,,804,2
594918,ack,BE:16:0A:00:3B:DA,,0,803,2
594918,ack,11:66:F0:00:01:3D,,0,801,2
594934,send,11:66:F0:00:01:3D,2027,,802,2
594935,send,BE:16:0A:00:3B:DA,2027,,804,2
594951,send,11:66:F0:00:01:3D,2028,,803,2
594951,send,BE:16:0A:00:3B:DA,2028,,805,2
594967,send,11:66:F0:00:01:3D,2029,,804,2
594972,send,BE:16:0A:00:3B:DA,2029,,806,2
594974,ack,11:66:F0:00:01:3D,,0,803,2
594977,ack,BE:16:0A:00:3B:DA,,0,805,2
594990,send,11:66:F0:00:01:3D,2030,,804,2
594991,send,BE:16:0A:00:3B:DA,2030,,806,2
595007,send,11:66:F0:00:01:3D,2031,,805,2
595008,send,BE:16:0A:00:3B:DA,2031,,807,2
595025,send,11:66:F0:00:01:3D,2032,,806,2
595029,send,BE:16:0A:00:3B:DA,2032,,808,2
595031,ack,11:66:F0:00:01:3D,,0,805,2
595033,ack,BE:16:0A:00:3B:DA,,0,807,2
595048,send,11:66:F0:00:01:3D,2033,,806,2
595049,send,BE:16:0A:00:3B:DA,2033,,808,2
595064,send,11:66:F0:00:01:3D,2034,,807,2
595064,send,BE:16:0A:00:3B:DA,2034,,809,2
595081,send,11:66:F0:00:01:3D,2035,,808,2
595086,send,BE:16:0A:00:3B:DA,2035,,810,2
595087,ack,11:66:F0:00:01:3D,,0,807,2
595089,ack,BE:16:0A:00:3B:DA,,0,809,2
595104,send,11:66:F0:00:01:3D,2036,,808,2
595105,send,BE:16:0A:00:3B:DA,2036,,810,2
595122,send,11:66:F0:00:01:3D,2037,,809,2
595123,send,BE:16:0A:00:3B:DA,2037,,811,2
595139,send,11:66:F0:00:01:3D,2038,,810,2
595144,send,BE:16:0A:00:3B:DA,2038,,812,2
595145,ack,11:66:F0:00:01:3D,,0,809,2
595147,ack,BE:16:0A:00:3B:DA,,0,811,2
595162,send,11:66:F0:00:01:3D,2039,,810,2
595163,send,BE:16:0A:00:3B:DA,2039,,812,2
595179,send,11:66:F0:00:01:3D,2040,,811,2
595180,send,BE:16:0A:00:3B:DA,2040,,813,2
595197,send,11:66:F0:00:01:3D,2041,,812,2
595202,send,BE:16:0A:00:3B:DA,2041,,814,2
595204,ack,11:66:F0:00:01:3D,,0,811,2
595205,ack,BE:16:0A:00:3B:DA,,0,813,2
595221,send,11:66:F0:00:01:3D,2042,,812,2
595222,send,BE:16:0A:00:3B:DA,2042,,814,2
595238,send,11:66:F0:00:01:3D,2043,,813,2
595239,send,BE:16:0A:00:3B:DA,2043,,815,2
595256,send,11:66:F0:00:01:3D,2044,,814,2
595264,send,BE:16:0A:00:3B:DA,2044,,816,2
595264,ack,11:66:F0:00:01:3D,,0,813,2
595264,ack,BE:16:0A:00:3B:DA,,0,815,2
595282,send,11:66:F0:00:01:3D,2045,,814,2
595282,send,BE:16:0A:00:3B:DA,2045,,816,2
595300,send,11:66:F0:00:01:3D,2046,,815,2
595300,send,BE:16:0A:00:3B:DA,2046,,817,2
595318,send,11:66:F0:00:01:3D,2047,,816,2
595325,send,BE:16:0A:00:3B:DA,2047,,818,2
595327,ack,11:66:F0:00:01:3D,,0,815,2
595328,ack,BE:16:0A:00:3B:DA,,0,817,2
595342,send,11:66:F0:00:01:3D,2048,,816,2
595342,send,BE:16:0A:00:3B:DA,2048,,818,2
595359,send,11:66:F0:00:01:3D,2049,,817,2
595360,send,BE:16:0A:00:3B:DA,2049,,819,2
595378,send,11:66:F0:00:01:3D,2050,,818,2
595384,send,BE:16:0A:00:3B:DA,2050,,820,2
595385,ack,BE:16:0A:00:3B:DA,,0,819,2
595386,ack,11:66:F0:00:01:3D,,0,817,2
595401,send,11:66:F0:00:01:3D,2051,,818,2
595402,send,BE:16:0A:00:3B:DA,2051,,820,2
595418,send,11:66:F0:00:01:3D,2052,,819,2
595418,send,BE:16:0A:00:3B:DA,2052,,821,2
595433,send,11:66:F0:00:01:3D,2053,,820,2
595434,send,BE:16:0A:00:3B:DA,2053,,822,2
595448,ack,BE:16:0A:00:3B:DA,,0,821,2
595448,ack,11:66:F0:00:01:3D,,0,819,2
595450,send,11:66:F0:00:01:3D,2054,,820,2
595451,send,BE:16:0A:00:3B:DA,2054,,822,2
595467,send,11:66:F0:00:01:3D,2055,,821,2
595467,send,BE:16:0A:00:3B:DA,2055,,823,2
595484,send,11:66:F0:00:01:3D,2056,,822,2
595485,send,BE:16:0A:00:3B:DA,2056,,824,2
595502,send,11:66:F0:00:01:3D,2057,,823,2
595506,ack,11:66:F0:00:01:3D,,0,822,2
595506,ack,BE:16:0A:00:3B:DA,,0,823,2
595507,send,BE:16:0A:00:3B:DA,2057,,824,2
595522,send,11:66:F0:00:01:3D,2058,,823,2
595523,send,BE:16:0A:00:3B:DA,2058,,825,2
595538,send,11:66:F0:00:01:3D,2059,,824,2
595538,send,BE:16:0A:00:3B:DA,2059,,826,2
595556,send,11:66:F0:00:01:3D,2060,,825,2
595563,send,BE:16:0A:00:3B:DA,2060,,827,2
595564,ack,11:66:F0:00:01:3D,,0,824,2
595565,ack,BE:16:0A:00:3B:DA,,0,826,2
595579,send,11:66:F0:00:01:3D,2061,,825,2
595580,send,BE:16:0A:00:3B:DA,2061,,827,2
595596,send,11:66:F0:00:01:3D,2062,,826,2
595597,send,BE:16:0A:00:3B:DA,2062,,828,2
595613,send,11:66:F0:00:01:3D,2063,,827,2
595613,send,BE:16:0A:00:3B:DA,2063,,829,2
595622,ack,11:66:F0:00:01:3D,,0,826,2
595623,ack,BE:16:0A:00:3B:DA,,0,828,2
595629,send,11:66:F0:00:01:3D,2064,,827,2
595630,send,BE:16:0A:00:3B:DA,2064,,829,2
595647,send,11:66:F0:00:01:3D,2065,,828,2
595648,send,BE:16:0A:00:3B:DA,2065,,830,2
595665,send,11:66:F0:00:01:3D,2066,,829,2
595666,send,BE:16:0A:00:3B:DA,2066,,831,2
595682,ack,BE:16:0A:00:3B:DA,,0,830,2
595682,ack,11:66:F0:00:01:3D,,0,828,2
595683,send,11:66:F0:00:01:3D,2067,,829,2
595684,send,BE:16:0A:00:3B:DA,2067,,831,2
595699,send,11:66:F0:00:01:3D,2068,,830,2
595700,send,BE:16:0A:00:3B:DA,2068,,832,2
595717,send,11:66:F0:00:01:3D,2069,,831,2
595718,send,BE:16:0A:00:3B:DA,2069,,833,2
595735,send,11:66:F0:00:01:3D,2070,,832,2
595740,send,BE:16:0A:00:3B:DA,2070,,834,2
595741,ack,11:66:F0:00:01:3D,,0,831,2
595742,ack,BE:16:0A:00:3B:DA,,0,833,2
595757,send,11:66:F0:00:01:3D,2071,,832,2
595758,send,BE:16:0A:00:3B:DA,2071,,834,2
595774,send,11:66:F0:00:01:3D,2072,,833,2
595774,send,BE:16:0A:00:3B:DA,2072,,835,2
595792,send,11:66:F0:00:01:3D,2073,,834,2
595798,send,BE:16:0A:00:3B:DA,2073,,836,2
595800,ack,11:66:F0:00:01:3D,,0,833,2
595801,ack,BE:16:0A:00:3B:DA,,0,835,2
595817,send,11:66:F0:00:01:3D,2074,,834,2
595818,send,BE:16:0A:00:3B:DA,2074,,836,2
595835,send,11:66:F0:00:01:3D,2075,,835,2
595836,send,BE:16:0A:00:3B:DA,2075,,837,2
595854,send,11:66:F0:00:01:3D,2076,,836,2
595862,send,BE:16:0A:00:3B:DA,2076,,838,2
595862,ack,BE:16:0A:00:3B:DA,,0,837,2
595863,ack,11:66:F0:00:01:3D,,0,835,2
595877,send,11:66:F0:00:01:3D,2077,,836,2
595878,send,BE:16:0A:00:3B:DA,2077,,838,2
595896,send,11:66:F0:00:01:3D,2078,,837,2
595897,send,BE:16:0A:00:3B:DA,2078,,839,2
595914,send,11:66:F0:00:01:3D,2079,,838,2
595921,send,BE:16:0A:00:3B:DA,2079,,840,2
595921,ack,11:66:F0:00:01:3D,,0,837,2
595922,ack,BE:16:0A:00:3B:DA,,0,839,2
595937,send,11:66:F0:00:01:3D,2080,,838,2
595938,send,BE:16:0A:00:3B:DA,2080,,840,2
595954,send,11:66:F0:00:01:3D,2081,,839,2
595955,send,BE:16:0A:00:3B:DA,2081,,841,2
595972,send,11:66:F0:00:01:3D,2082,,840,2
595977,send,BE:16:0A:00:3B:DA,2082,,842,2
595978,ack,11:66:F0:00:01:3D,,0,839,2
595981,ack,BE:16:0A:00:3B:DA,,0,841,2
595999,send,11:66:F0:00:01:3D,2083,,840,2
596000,send,BE:16:0A:00:3B:DA,2083,,842,2
596015,send,11:66:F0:00:01:3D,2084,,841,2
596016,send,BE:16:0A:00:3B:DA,2084,,843,2
596032,send,11:66:F0:00:01:3D,2085,,842,2
596036,send,BE:16:0A:00:3B:DA,2085,,844,2
596038,ack,11:66:F0:00:01:3D,,0,841,2
596038,ack,BE:16:0A:00:3B:DA,,0,843,2
596053,send,11:66:F0:00:01:3D,2086,,842,2
596054,send,BE:16:0A:00:3B:DA,2086,,844,2
596070,send,11:66:F0:00:01:3D,2087,,843,2
596070,send,BE:16:0A:00:3B:DA,2087,,845,2
596087,send,11:66:F0:00:01:3D,2088,,844,2
596087,send,BE:16:0A:00:3B:DA,2088,,846,2
596096,ack,11:66:F0:00:01:3D,,0,843,2
596096,ack,BE:16:0A:00:3B:DA,,0,845,2
596104,send,11:66:F0:00:01:3D,2089,,844,2
596105,send,BE:16:0A:00:3B:DA,2089,,846,2
596121,send,11:66:F0:00:01:3D,2090,,845,2
596122,send,BE:16:0A:00:3B:DA,2090,,847,2
596137,send,11:66:F0:00:01:3D,2091,,846,2
596138,send,BE:16:0A:00:3B:DA,2091,,848,2
596154,ack,BE:16:0A:00:3B:DA,,0,847,2
596154,ack,11:66:F0:00:01:3D,,0,845,2
596154,send,11:66:F0:00:01:3D,2092,,846,2
596155,send,BE:16:0A:00:3B:DA,2092,,848,2
596171,send,11:66:F0:00:01:3D,2093,,847,2
596172,send,BE:16:0A:00:3B:DA,2093,,849,2
596189,send,11:66:F0:00:01:3D,2094,,848,2
596189,send,BE:16:0A:00:3B:DA,2094,,850,2
596206,send,11:66:F0:00:01:3D,2095,,849,2
596213,send,BE:16:0A:00:3B:DA,2095,,851,2
596214,ack,11:66:F0:00:01:3D,,0,848,2
596214,ack,BE:16:0A:00:3B:DA,,0,850,2
596230,send,11:66:F0:00:01:3D,2096,,849,2
596231,send,BE:16:0A:00:3B:DA,2096,,851,2
596249,send,11:66:F0:00:01:3D,2097,,850,2
596250,send,BE:16:0A:00:3B:DA,2097,,852,2
596266,send,11:66:F0:00:01:3D,2098,,851,2
596272,send,BE:16:0A:00:3B:DA,2098,,853,2
596273,ack,11:66:F0:00:01:3D,,0,850,2
596275,ack,BE:16:0A:00:3B:DA,,0,852,2
596290,send,11:66:F0:00:01:3D,2099,,851,2
596291,send,BE:16:0A:00:3B:DA,2099,,853,2
596306,send,11:66:F0:00:01:3D,2100,,852,2
596307,send,BE:16:0A:00:3B:DA,2100,,854,2
596323,send,11:66:F0:00:01:3D,2101,,853,2
596328,send,BE:16:0A:00:3B:DA,2101,,855,2
596329,ack,11:66:F0:00:01:3D,,0,852,2
596333,ack,BE:16:0A:00:3B:DA,,0,854,2
596348,send,11:66:F0:00:01:3D,2102,,853,2
596348,send,BE:16:0A:00:3B:DA,2102,,855,2
596365,send,11:66:F0:00:01:3D,2103,,854,2
596366,send,BE:16:0A:00:3B:DA,2103,,856,2
596383,send,11:66:F0:00:01:3D,2104,,855,2
596389,send,BE:16:0A:00:3B:DA,2104,,857,2
596390,ack,11:66:F0:00:01:3D,,0,854,2
596391,ack,BE:16:0A:00:3B:DA,,0,856,2
596404,send,11:66:F0:00:01:3D,2105,,855,2
596405,send,BE:16:0A:00:3B:DA,2105,,857,2
596423,send,11:66:F0:00:01:3D,2106,,856,2
596424,send,BE:16:0A:00:3B:DA,2106,,858,2
596440,send,11:66:F0:00:01:3D,2107,,857,2
596447,send,BE:16:0A:00:3B:DA,2107,,859,2
596448,ack,11:66:F0:00:01:3D,,0,856,2
596449,ack,BE:16:0A:00:3B:DA,,0,858,2
596462,send,11:66:F0:00:01:3D,2108,,857,2
596463,send,BE:16:0A:00:3B:DA,2108,,859,2
596478,send,11:66:F0:00:01:3D,2109,,858,2
596479,send,BE:16:0A:00:3B:DA,2109,,860,2
596495,send,11:66:F0:00:01:3D,2110,,859,2
596496,send,BE:16:0A:00:3B:DA,2110,,861,2
596509,ack,BE:16:0A:00:3B:DA,,0,860,2
596510,ack,11:66:F0:00:01:3D,,0,858,2
596512,send,11:66:F0:00:01:3D,2111,,859,2
596513,send,BE:16:0A:00:3B:DA,2111,,861,2
596529,send,11:66:F0:00:01:3D,2112,,860,2
596530,send,BE:16:0A:00:3B:DA,2112,,862,2
596546,send,11:66:F0:00:01:3D,2113,,861,2
596546,send,BE:16:0A:00:3B:DA,2113,,863,2
596562,send,11:66:F0:00:01:3D,2114,,862,2
596566,send,BE:16:0A:00:3B:DA,2114,,864,2
596567,ack,BE:16:0A:00:3B:DA,,0,863,2
596567,ack,11:66:F0:00:01:3D,,0,861,2
596582,send,11:66:F0:00:01:3D,2115,,862,2
596583,send,BE:16:0A:00:3B:DA,2115,,864,2
596600,send,11:66:F0:00:01:3D,2116,,863,2
596600,send,BE:16:0A:00:3B:DA,2116,,865,2
596618,send,11:66:F0:00:01:3D,2117,,864,2
596623,send,BE:16:0A:00:3B:DA,2117,,866,2
596624,ack,11:66:F0:00:01:3D,,0,863,2
596626,ack,BE:16:0A:00:3B:DA,,0,865,2
596640,send,11:66:F0:00:01:3D,2118,,864,2
596641,send,BE:16:0A:00:3B:DA,2118,,866,2
596658,send,11:66:F0:00:01:3D,2119,,865,2
596659,send,BE:16:0A:00:3B:DA,2119,,867,2
596674,send,11:66:F0:00:01:3D,2120,,866,2
596679,send,BE:16:0A:00:3B:DA,2120,,868,2
596680,ack,11:66:F0:00:01:3D,,0,865,2
596681,ack,BE:16:0A:00:3B:DA,,0,867,2
596698,send,11:66:F0:00:01:3D,2121,,866,2
596699,send,BE:16:0A:00:3B:DA,2121,,868,2
596714,send,11:66:F0:00:01:3D,2122,,867,2
596716,send,BE:16:0A:00:3B:DA,2122,,869,2
596732,send,11:66:F0:00:01:3D,2123,,868,2
596739,ack,11:66:F0:00:01:3D,,0,867,2
596740,send,BE:16:0A:00:3B:DA,2123,,870,2
596741,ack,BE:16:0A:00:3B:DA,,0,869,2
596756,send,11:66:F0:00:01:3D,2124,,868,2
596757,send,BE:16:0A:00:3B:DA,2124,,870,2
596773,send,11:66:F0:00:01:3D,2125,,869,2
596774,send,BE:16:0A:00:3B:DA,2125,,871,2
596791,send,11:66:F0:00:01:3D,2126,,870,2
596798,send,BE:16:0A:00:3B:DA,2126,,872,2
596798,ack,11:66:F0:00:01:3D,,0,869,2
596799,ack,BE:16:0A:00:3B:DA,,0,871,2
596816,send,11:66:F0:00:01:3D,2127,,870,2
596817,send,BE:16:0A:00:3B:DA,2127,,872,2
596835,send,11:66:F0:00:01:3D,2128,,871,2
596835,send,BE:16:0A:00:3B:DA,2128,,873,2
596853,send,11:66:F0:00:01:3D,2129,,872,2
596859,send,BE:16:0A:00:3B:DA,2129,,874,2
596859,ack,11:66:F0:00:01:3D,,0,871,2
596859,ack,BE:16:0A:00:3B:DA,,0,873,2
596877,send,11:66:F0:00:01:3D,2130,,872,2
596878,send,BE:16:0A:00:3B:DA,2130,,874,2
596895,send,11:66:F0:00:01:3D,2131,,873,2
596896,send,BE:16:0A:00:3B:DA,2131,,875,2
596914,send,11:66:F0:00:01:3D,2132,,874,2
596919,send,BE:16:0A:00:3B:DA,2132,,876,2
596921,ack,11:66:F0:00:01:3D,,0,873,2
596921,ack,BE:16:0A:00:3B:DA,,0,875,2
596936,send,11:66:F0:00:01:3D,2133,,874,2
596936,send,BE:16:0A:00:3B:DA,2133,,876,2
596955,send,11:66:F0:00:01:3D,2134,,875,2
596956,send,BE:16:0A:00:3B:DA,2134,,877,2
596972,send,11:66:F0:00:01:3D,2135,,876,2
596977,send,BE:16:0A:00:3B:DA,2135,,878,2
596980,ack,11:66:F0:00:01:3D,,0,875,2
596980,ack,BE:16:0A:00:3B:DA,,0,877,2
596996,send,11:66:F0:00:01:3D,2136,,876,2
596997,send,BE:16:0A:00:3B:DA,2136,,878,2
597015,send,11:66:F0:00:01:3D,2137,,877,2
597016,send,BE:16:0A:00:3B:DA,2137,,879,2
597032,send,11:66:F0:00:01:3D,2138,,878,2
597039,send,BE:16:0A:00:3B:DA,2138,,880,2
597040,ack,BE:16:0A:00:3B:DA,,0,879,2
597041,ack,11:66:F0:00:01:3D,,0,877,2
597056,send,11:66:F0:00:01:3D,2139,,878,2
597057,send,BE:16:0A:00:3B:DA,2139,,880,2
597073,send,11:66:F0:00:01:3D,2140,,879,2
597074,send,BE:16:0A:00:3B:DA,2140,,881,2
597096,ack,BE:16:0A:00:3B:DA,,0,880,2
597097,ack,11:66:F0:00:01:3D,,0,878,2
597775,send,11:66:F0:00:01:3D,2141,,879,2
597782,send,BE:16:0A:00:3B:DA,2141,,881,2
597784,ack,11:66:F0:00:01:3D,,0,878,2
597790,ack,BE:16:0A:00:3B:DA,,0,880,2
597801,send,11:66:F0:00:01:3D,2142,,879,2
597802,send,BE:16:0A:00:3B:DA,2142,,881,2
597815,send,11:66:F0:00:01:3D,2143,,880,2
597816,send,BE:16:0A:00:3B:DA,2143,,882,2
597828,send,11:66:F0:00:01:3D,2144,,881,2
597829,send,BE:16:0A:00:3B:DA,2144,,883,2
597838,ack,11:66:F0:00:01:3D,,0,880,2
597841,send,11:66:F0:00:01:3D,2145,,881,2
597841,send,BE:16:0A:00:3B:DA,2145,,884,2
597844,ack,BE:16:0A:00:3B:DA,,0,883,2
597856,send,11:66:F0:00:01:3D,2146,,882,2
597856,send,BE:16:0A:00:3B:DA,2146,,884,2
597868,send,11:66:F0:00:01:3D,2147,,883,2
597869,send,BE:16:0A:00:3B:DA,2147,,885,2
597882,send,11:66:F0:00:01:3D,2148,,884,2
597882,send,BE:16:0A:00:3B:DA,2148,,886,2
597894,send,11:66:F0:00:01:3D,2149,,885,2
597899,send,BE:16:0A:00:3B:DA,2149,,887,2
597899,ack,11:66:F0:00:01:3D,,0,884,2
597902,ack,BE:16:0A:00:3B:DA,,0,886,2
597914,send,11:66:F0:00:01:3D,2150,,885,2
597915,send,BE:16:0A:00:3B:DA,2150,,887,2
597928,send,11:66:F0:00:01:3D,2151,,886,2
597929,send,BE:16:0A:00:3B:DA,2151,,888,2
597941,send,11:66:F0:00:01:3D,2152,,887,2
597942,send,BE:16:0A:00:3B:DA,2152,,889,2
597955,send,11:66:F0:00:01:3D,2153,,888,2
597960,send,BE:16:0A:00:3B:DA,2153,,890,2
597961,ack,11:66:F0:00:01:3D,,0,887,2
597961,ack,BE:16:0A:00:3B:DA,,0,889,2
597973,send,11:66:F0:00:01:3D,2154,,888,2
597974,send,BE:16:0A:00:3B:DA,2154,,890,2
597987,send,11:66:F0:00:01:3D,2155,,889,2
597988,send,BE:16:0A:00:3B:DA,2155,,891,2
598000,send,11:66:F0:00:01:3D,2156,,890,2
598000,send,BE:16:0A:00:3B:DA,2156,,892,2
598013,send,11:66:F0:00:01:3D,2157,,891,2
598018,ack,11:66:F0:00:01:3D,,0,890,2
598019,ack,BE:16:0A:00:3B:DA,,0,891,2
598019,send,BE:16:0A:00:3B:DA,2157,,892,2
598033,send,11:66:F0:00:01:3D,2158,,891,2
598033,send,BE:16:0A:00:3B:DA,2158,,893,2
598046,send,11:66:F0:00:01:3D,2159,,892,2
598047,send,BE:16:0A:00:3B:DA,2159,,894,2
598062,send,11:66:F0:00:01:3D,2160,,893,2
598063,send,BE:16:0A:00:3B:DA,2160,,895,2
598076,send,11:66:F0:00:01:3D,2161,,894,2
598077,send,BE:16:0A:00:3B:DA,2161,,896,2
598078,ack,BE:16:0A:00:3B:DA,,0,895,2
598079,ack,11:66:F0:00:01:3D,,0,893,2
598090,send,11:66:F0:00:01:3D,2162,,894,2
598091,send,BE:16:0A:00:3B:DA,2162,,896,2
598109,send,11:66:F0:00:01:3D,2163,,895,2
598109,send,BE:16:0A:00:3B:DA,2163,,897,2
598122,send,11:66:F0:00:01:3D,2164,,896,2
598123,send,BE:16:0A:00:3B:DA,2164,,898,2
598136,send,11:66:F0:00:01:3D,2165,,897,2
598136,send,BE:16:0A:00:3B:DA,2165,,899,2
598137,ack,BE:16:0A:00:3B:DA,,0,898,2
598137,ack,11:66:F0:00:01:3D,,0,896,2
598148,send,11:66:F0:00:01:3D,2166,,897,2
598148,send,BE:16:0A:00:3B:DA,2166,,899,2
598161,send,11:66:F0:00:01:3D,2167,,898,2
598162,send,BE:16:0A:00:3B:DA,2167,,900,2
598175,send,11:66:F0:00:01:3D,2168,,899,2
598176,send,BE:16:0A:00:3B:DA,2168,,901,2
598189,send,11:66:F0:00:01:3D,2169,,900,2
598193,send,BE:16:0A:00:3B:DA,2169,,902,2
598194,ack,11:66:F0:00:01:3D,,0,899,2
598194,ack,BE:16:0A:00:3B:DA,,0,901,2
598208,send,11:66:F0:00:01:3D,2170,,900,2
598209,send,BE:16:0A:00:3B:DA,2170,,902,2
598222,send,11:66:F0:00:01:3D,2171,,901,2
598222,send,BE:16:0A:00:3B:DA,2171,,903,2
598236,send,11:66:F0:00:01:3D,2172,,902,2
598236,send,BE:16:0A:00:3B:DA,2172,,904,2
598249,send,11:66:F0:00:01:3D,2173,,903,2
598250,send,BE:16:0A:00:3B:DA,2173,,905,2
598250,ack,BE:16:0A:00:3B:DA,,0,904,2
598251,ack,11:66:F0:00:01:3D,,0,902,2
598264,send,11:66:F0:00:01:3D,2174,,903,2
598264,send,BE:16:0A:00:3B:DA,2174,,905,2
598277,send,11:66:F0:00:01:3D,2175,,904,2
598278,send,BE:16:0A:00:3B:DA,2175,,906,2
598290,send,11:66:F0:00:01:3D,2176,,905,2
598291,send,BE:16:0A:00:3B:DA,2176,,907,2
598303,send,11:66:F0:00:01:3D,2177,,906,2
598307,send,BE:16:0A:00:3B:DA,2177,,908,2
598309,ack,11:66:F0:00:01:3D,,0,905,2
598309,ack,BE:16:0A:00:3B:DA,,0,907,2
598321,send,11:66:F0:00:01:3D,2178,,906,2
598322,send,BE:16:0A:00:3B:DA,2178,,908,2
598334,send,11:66:F0:00:01:3D,2179,,907,2
598335,send,BE:16:0A:00:3B:DA,2179,,909,2
598348,send,11:66:F0:00:01:3D,2180,,908,2
598348,send,BE:16:0A:00:3B:DA,2180,,910,2
598362,send,11:66:F0:00:01:3D,2181,,909,2
598369,ack,BE:16:0A:00:3B:DA,,0,909,2
598369,ack,11:66:F0:00:01:3D,,0,908,2
598369,send,BE:16:0A:00:3B:DA,2181,,910,2
598382,send,11:66:F0:00:01:3D,2182,,909,2
598383,send,BE:16:0A:00:3B:DA,2182,,911,2
598396,send,11:66:F0:00:01:3D,2183,,910,2
598397,send,BE:16:0A:00:3B:DA,2183,,912,2
598411,send,11:66:F0:00:01:3D,2184,,911,2
598412,send,BE:16:0A:00:3B:DA,2184,,913,2
598424,send,11:66:F0:00:01:3D,2185,,912,2
598426,ack,11:66:F0:00:01:3D,,0,911,2
598426,send,BE:16:0A:00:3B:DA,2185,,914,2
598426,ack,BE:16:0A:00:3B:DA,,0,913,2
598440,send,11:66:F0:00:01:3D,2186,,912,2
598440,send,BE:16:0A:00:3B:DA,2186,,914,2
598453,send,11:66:F0:00:01:3D,2187,,913,2
598453,send,BE:16:0A:00:3B:DA,2187,,915,2
598468,send,11:66:F0:00:01:3D,2188,,914,2
598469,send,BE:16:0A:00:3B:DA,2188,,916,2
598482,send,11:66:F0:00:01:3D,2189,,915,2
598483,send,BE:16:0A:00:3B:DA,2189,,917,2
598484,ack,BE:16:0A:00:3B:DA,,0,916,2
598484,ack,11:66:F0:00:01:3D,,0,914,2
598497,send,11:66:F0:00:01:3D,2190,,915,2
598498,send,BE:16:0A:00:3B:DA,2190,,917,2
598512,send,11:66:F0:00:01:3D,2191,,916,2
598512,send,BE:16:0A:00:3B:DA,2191,,918,2
598525,send,11:66:F0:00:01:3D,2192,,917,2
598526,send,BE:16:0A:00:3B:DA,2192,,919,2
598539,send,11:66:F0:00:01:3D,2193,,918,2
598540,ack,BE:16:0A:00:3B:DA,,0,918,2
598541,send,BE:16:0A:00:3B:DA,2193,,919,2
598541,ack,11:66:F0:00:01:3D,,0,917,2
598555,send,11:66:F0:00:01:3D,2194,,918,2
598556,send,BE:16:0A:00:3B:DA,2194,,920,2
598576,send,11:66:F0:00:01:3D,2195,,919,2
598576,send,BE:16:0A:00:3B:DA,2195,,921,2
598590,send,11:66:F0:00:01:3D,2196,,920,2
598590,send,BE:16:0A:00:3B:DA,2196,,922,2
598596,ack,BE:16:0A:00:3B:DA,,0,921,2
598596,ack,11:66:F0:00:01:3D,,0,919,2
598607,send,11:66:F0:00:01:3D,2197,,920,2
598608,send,BE:16:0A:00:3B:DA,2197,,922,2
598622,send,11:66:F0:00:01:3D,2198,,921,2
598623,send,BE:16:0A:00:3B:DA,2198,,923,2
598636,send,11:66:F0:00:01:3D,2199,,922,2
598637,send,BE:16:0A:00:3B:DA,2199,,924,2
598649,send,11:66:F0:00:01:3D,2200,,923,2
598655,send,BE:16:0A:00:3B:DA,2200,,925,2
598657,ack,BE:16:0A:00:3B:DA,,0,924,2
598657,ack,11:66:F0:00:01:3D,,0,922,2
598669,send,11:66:F0:00:01:3D,2201,,923,2
598669,send,BE:16:0A:00:3B:DA,2201,,925,2
598682,send,11:66:F0:00:01:3D,2202,,924,2
598682,send,BE:16:0A:00:3B:DA,2202,,926,2
598696,send,11:66:F0:00:01:3D,2203,,925,2
598696,send,BE:16:0A:00:3B:DA,2203,,927,2
598710,send,11:66:F0:00:01:3D,2204,,926,2
598718,send,BE:16:0A:00:3B:DA,2204,,928,2
598719,ack,11:66:F0:00:01:3D,,0,925,2
598720,ack,BE:16:0A:00:3B:DA,,0,927,2
598732,send,11:66:F0:00:01:3D,2205,,926,2
598734,send,BE:16:0A:00:3B:DA,2205,,928,2
598747,send,11:66:F0:00:01:3D,2206,,927,2
598749,send,BE:16:0A:00:3B:DA,2206,,929,2
598761,send,11:66:F0:00:01:3D,2207,,928,2
598762,send,BE:16:0A:00:3B:DA,2207,,930,2
598776,send,11:66:F0:00:01:3D,2208,,929,2
598780,send,BE:16:0A:00:3B:DA,2208,,931,2
598780,ack,11:66:F0:00:01:3D,,0,928,2
598780,ack,BE:16:0A:00:3B:DA,,0,930,2
598793,send,11:66:F0:00:01:3D,2209,,929,2
598794,send,BE:16:0A:00:3B:DA,2209,,931,2
598808,send,11:66:F0:00:01:3D,2210,,930,2
598808,send,BE:16:0A:00:3B:DA,2210,,932,2
598822,send,11:66:F0:00:01:3D,2211,,931,2
598823,send,BE:16:0A:00:3B:DA,2211,,933,2
598835,send,11:66:F0:00:01:3D,2212,,932,2
598841,send,BE:16:0A:00:3B:DA,2212,,934,2
598842,ack,11:66:F0:00:01:3D,,0,931,2
598843,ack,BE:16:0A:00:3B:DA,,0,933,2
598855,send,11:66:F0:00:01:3D,2213,,932,2
598855,send,BE:16:0A:00:3B:DA,2213,,934,2
598868,send,11:66:F0:00:01:3D,2214,,933,2
598869,send,BE:16:0A:00:3B:DA,2214,,935,2
598882,send,11:66:F0:00:01:3D,2215,,934,2
598883,send,BE:16:0A:00:3B:DA,2215,,936,2
598895,send,11:66:F0:00:01:3D,2216,,935,2
598902,send,BE:16:0A:00:3B:DA,2216,,937,2
598902,ack,11:66:F0:00:01:3D,,0,934,2
598902,ack,BE:16:0A:00:3B:DA,,0,936,2
598918,send,11:66:F0:00:01:3D,2217,,935,2
598919,send,BE:16:0A:00:3B:DA,2217,,937,2
598933,send,11:66:F0:00:01:3D,2218,,936,2
598933,send,BE:16:0A:00:3B:DA,2218,,938,2
598949,send,11:66:F0:00:01:3D,2219,,937,2
598950,send,BE:16:0A:00:3B:DA,2219,,939,2
598963,ack,BE:16:0A:00:3B:DA,,0,938,2
598963,ack,11:66:F0:00:01:3D,,0,936,2
598963,send,11:66:F0:00:01:3D,2220,,937,2
598964,send,BE:16:0A:00:3B:DA,2220,,939,2
598977,send,11:66:F0:00:01:3D,2221,,938,2
598978,send,BE:16:0A:00:3B:DA,2221,,940,2
598991,send,11:66:F0:00:01:3D,2222,,939,2
598992,send,BE:16:0A:00:3B:DA,2222,,941,2
599005,send,11:66:F0:00:01:3D,2223,,940,2
599005,send,BE:16:0A:00:3B:DA,2223,,942,2
599019,send,11:66:F0:00:01:3D,2224,,941,2
599020,send,BE:16:0A:00:3B:DA,2224,,943,2
599022,ack,BE:16:0A:00:3B:DA,,0,942,2
599022,ack,11:66:F0:00:01:3D,,0,940,2
599034,send,11:66:F0:00:01:3D,2225,,941,2
599035,send,BE:16:0A:00:3B:DA,2225,,943,2
599047,send,11:66:F0:00:01:3D,2226,,942,2
599047,send,BE:16:0A:00:3B:DA,2226,,944,2
599061,send,11:66:F0:00:01:3D,2227,,943,2
599062,send,BE:16:0A:00:3B:DA,2227,,945,2
599076,send,11:66:F0:00:01:3D,2228,,944,2
599082,send,BE:16:0A:00:3B:DA,2228,,946,2
599084,ack,11:66:F0:00:01:3D,,0,943,2
599084,ack,BE:16:0A:00:3B:DA,,0,945,2
599094,send,11:66:F0:00:01:3D,2229,,944,2
599095,send,BE:16:0A:00:3B:DA,2229,,946,2
599110,send,11:66:F0:00:01:3D,2230,,945,2
599110,send,BE:16:0A:00:3B:DA,2230,,947,2
599124,send,11:66:F0:00:01:3D,2231,,946,2
599124,send,BE:16:0A:00:3B:DA,2231,,948,2
599137,send,11:66:F0:00:01:3D,2232,,947,2
599140,send,BE:16:0A:00:3B:DA,2232,,949,2
599142,ack,BE:16:0A:00:3B:DA,,0,948,2
599142,ack,11:66:F0:00:01:3D,,0,946,2
599154,send,11:66:F0:00:01:3D,2233,,947,2
599155,send,BE:16:0A:00:3B:DA,2233,,949,2
599167,send,11:66:F0:00:01:3D,2234,,948,2
599167,send,BE:16:0A:00:3B:DA,2234,,950,2
599180,send,11:66:F0:00:01:3D,2235,,949,2
599181,send,BE:16:0A:00:3B:DA,2235,,951,2
599194,send,11:66:F0:00:01:3D,2236,,950,2
599198,send,BE:16:0A:00:3B:DA,2236,,952,2
599199,ack,11:66:F0:00:01:3D,,0,949,2
599200,ack,BE:16:0A:00:3B:DA,,0,951,2
599213,send,11:66:F0:00:01:3D,2237,,950,2
599214,send,BE:16:0A:00:3B:DA,2237,,952,2
599226,send,11:66:F0:00:01:3D,2238,,951,2
599227,send,BE:16:0A:00:3B:DA,2238,,953,2
599240,send,11:66:F0:00:01:3D,2239,,952,2
599241,send,BE:16:0A:00:3B:DA,2239,,954,2
599255,send,11:66:F0:00:01:3D,2240,,953,2
599262,ack,BE:16:0A:00:3B:DA,,0,953,2
599262,send,BE:16:0A:00:3B:DA,2240,,954,2
599262,ack,11:66:F0:00:01:3D,,0,952,2
599276,send,11:66:F0:00:01:3D,2241,,953,2
599276,send,BE:16:0A:00:3B:DA,2241,,955,2
599289,send,11:66:F0:00:01:3D,2242,,954,2
599290,send,BE:16:0A:00:3B:DA,2242,,956,2
599302,send,11:66:F0:00:01:3D,2243,,955,2
599303,send,BE:16:0A:00:3B:DA,2243,,957,2
599316,send,11:66:F0:00:01:3D,2244,,956,2
599321,send,BE:16:0A:00:3B:DA,2244,,958,2
599322,ack,BE:16:0A:00:3B:DA,,0,957,2
599323,ack,11:66:F0:00:01:3D,,0,955,2
599334,send,11:66:F0:00:01:3D,2245,,956,2
599334,send,BE:16:0A:00:3B:DA,2245,,958,2
599347,send,11:66:F0:00:01:3D,2246,,957,2
599348,send,BE:16:0A:00:3B:DA,2246,,959,2
599361,send,11:66:F0:00:01:3D,2247,,958,2
599361,send,BE:16:0A:00:3B:DA,2247,,960,2
599374,send,11:66:F0:00:01:3D,2248,,959,2
599380,send,BE:16:0A:00:3B:DA,2248,,961,2
599382,ack,11:66:F0:00:01:3D,,0,958,2
599384,ack,BE:16:0A:00:3B:DA,,0,960,2
599398,send,11:66:F0:00:01:3D,2249,,959,2
599399,send,BE:16:0A:00:3B:DA,2249,,961,2
599414,send,11:66:F0:00:01:3D,2250,,960,2
599414,send,BE:16:0A:00:3B:DA,2250,,962,2
599429,send,11:66:F0:00:01:3D,2251,,961,2
599430,send,BE:16:0A:00:3B:DA,2251,,963,2
599444,send,11:66:F0:00:01:3D,2252,,962,2
599444,ack,11:66:F0:00:01:3D,,0,961,2
599444,ack,BE:16:0A:00:3B:DA,,0,962,2
599444,send,BE:16:0A:00:3B:DA,2252,,963,2
599458,send,11:66:F0:00:01:3D,2253,,962,2
599458,send,BE:16:0A:00:3B:DA,2253,,964,2
599471,send,11:66:F0:00:01:3D,2254,,963,2
599472,send,BE:16:0A:00:3B:DA,2254,,965,2
599486,send,11:66:F0:00:01:3D,2255,,964,2
599487,send,BE:16:0A:00:3B:DA,2255,,966,2
599501,send,11:66:F0:00:01:3D,2256,,965,2
599504,send,BE:16:0A:00:3B:DA,2256,,967,2
599505,ack,BE:16:0A:00:3B:DA,,0,966,2
599505,ack,11:66:F0:00:01:3D,,0,964,2
599517,send,11:66:F0:00:01:3D,2257,,965,2
599518,send,BE:16:0A:00:3B:DA,2257,,967,2
599531,send,11:66:F0:00:01:3D,2258,,966,2
599532,send,BE:16:0A:00:3B:DA,2258,,968,2
599546,send,11:66:F0:00:01:3D,2259,,967,2
599547,send,BE:16:0A:00:3B:DA,2259,,969,2
599560,send,11:66:F0:00:01:3D,2260,,968,2
599566,ack,BE:16:0A:00:3B:DA,,0,968,2
599566,ack,11:66:F0:00:01:3D,,0,967,2
599567,send,BE:16:0A:00:3B:DA,2260,,969,2
599581,send,11:66:F0:00:01:3D,2261,,968,2
599581,send,BE:16:0A:00:3B:DA,2261,,970,2
599594,send,11:66:F0:00:01:3D,2262,,969,2
599595,send,BE:16:0A:00:3B:DA,2262,,971,2
599607,send,11:66:F0:00:01:3D,2263,,970,2
599608,send,BE:16:0A:00:3B:DA,2263,,972,2
599621,send,11:66:F0:00:01:3D,2264,,971,2
599625,ack,BE:16:0A:00:3B:DA,,0,971,2
599625,send,BE:16:0A:00:3B:DA,2264,,972,2
599625,ack,11:66:F0:00:01:3D,,0,970,2
599638,send,11:66:F0:00:01:3D,2265,,971,2
599639,send,BE:16:0A:00:3B:DA,2265,,973,2
599651,send,11:66:F0:00:01:3D,2266,,972,2
599652,send,BE:16:0A:00:3B:DA,2266,,974,2
599665,send,11:66:F0:00:01:3D,2267,,973,2
599666,send,BE:16:0A:00:3B:DA,2267,,975,2
599679,send,11:66:F0:00:01:3D,2268,,974,2
599686,ack,BE:16:0A:00:3B:DA,,0,974,2
599686,ack,11:66:F0:00:01:3D,,0,973,2
599687,send,BE:16:0A:00:3B:DA,2268,,975,2
599702,send,11:66:F0:00:01:3D,2269,,974,2
599702,send,BE:16:0A:00:3B:DA,2269,,976,2
599716,send,11:66:F0:00:01:3D,2270,,975,2
599717,send,BE:16:0A:00:3B:DA,2270,,977,2
599729,send,11:66:F0:00:01:3D,2271,,976,2
599730,send,BE:16:0A:00:3B:DA,2271,,978,2
599744,send,11:66:F0:00:01:3D,2272,,977,2
599746,send,BE:16:0A:00:3B:DA,2272,,979,2
599747,ack,11:66:F0:00:01:3D,,0,976,2
599748,ack,BE:16:0A:00:3B:DA,,0,978,2
599761,send,11:66:F0:00:01:3D,2273,,977,2
599761,send,BE:16:0A:00:3B:DA,2273,,979,2
599775,send,11:66:F0:00:01:3D,2274,,978,2
599775,send,BE:16:0A:00:3B:DA,2274,,980,2
599788,send,11:66:F0:00:01:3D,2275,,979,2
599789,send,BE:16:0A:00:3B:DA,2275,,981,2
599802,send,11:66:F0:00:01:3D,2276,,980,2
599807,send,BE:16:0A:00:3B:DA,2276,,982,2
599808,ack,BE:16:0A:00:3B:DA,,0,981,2
599808,ack,11:66:F0:00:01:3D,,0,979,2
599821,send,11:66:F0:00:01:3D,2277,,980,2
599821,send,BE:16:0A:00:3B:DA,2277,,982,2
599836,send,11:66:F0:00:01:3D,2278,,981,2
599837,send,BE:16:0A:00:3B:DA,2278,,983,2
599850,send,11:66:F0:00:01:3D,2279,,982,2
599851,send,BE:16:0A:00:3B:DA,2279,,984,2
599864,send,11:66:F0:00:01:3D,2280,,983,2
599868,send,BE:16:0A:00:3B:DA,2280,,985,2
599869,ack,BE:16:0A:00:3B:DA,,0,984,2
599869,ack,11:66:F0:00:01:3D,,0,982,2
599882,send,11:66:F0:00:01:3D,2281,,983,2
599883,send,BE:16:0A:00:3B:DA,2281,,985,2
599897,send,11:66:F0:00:01:3D,2282,,984,2
599898,send,BE:16:0A:00:3B:DA,2282,,986,2
599911,send,11:66:F0:00:01:3D,2283,,985,2
599912,send,BE:16:0A:00:3B:DA,2283,,987,2
599925,send,11:66:F0:00:01:3D,2284,,986,2
599928,send,BE:16:0A:00:3B:DA,2284,,988,2
599928,ack,BE:16:0A:00:3B:DA,,0,987,2
599928,ack,11:66:F0:00:01:3D,,0,985,2
599941,send,11:66:F0:00:01:3D,2285,,986,2
599941,send,BE:16:0A:00:3B:DA,2285,,988,2
599954,send,11:66:F0:00:01:3D,2286,,987,2
599954,send,BE:16:0A:00:3B:DA,2286,,989,2
599968,send,11:66:F0:00:01:3D,2287,,988,2
599969,send,BE:16:0A:00:3B:DA,2287,,990,2
599981,send,11:66:F0:00:01:3D,2288,,989,2
599985,send,BE:16:0A:00:3B:DA,2288,,991,2
599988,ack,11:66:F0:00:01:3D,,0,988,2
599988,ack,BE:16:0A:00:3B:DA,,0,990,2
599999,send,11:66:F0:00:01:3D,2289,,989,2
600000,send,BE:16:0A:00:3B:DA,2289,,991,2
600012,send,11:66:F0:00:01:3D,2290,,990,2
600013,send,BE:16:0A:00:3B:DA,2290,,992,2
600025,send,11:66:F0:00:01:3D,2291,,991,2
600026,send,BE:16:0A:00:3B:DA,2291,,993,2
600039,send,11:66:F0:00:01:3D,2292,,992,2
600046,send,BE:16:0A:00:3B:DA,2292,,994,2
600048,ack,BE:16:0A:00:3B:DA,,0,993,2
600048,ack,11:66:F0:00:01:3D,,0,991,2
600059,send,11:66:F0:00:01:3D,2293,,992,2
600060,send,BE:16:0A:00:3B:DA,2293,,994,2
600073,send,11:66:F0:00:01:3D,2294,,993,2
600074,send,BE:16:0A:00:3B:DA,2294,,995,2
600088,send,11:66:F0:00:01:3D,2295,,994,2
600089,send,BE:16:0A:00:3B:DA,2295,,996,2
600106,ack,BE:16:0A:00:3B:DA,,0,995,2
600106,ack,11:66:F0:00:01:3D,,0,993,2
600107,send,11:66:F0:00:01:3D,2296,,994,2
600108,send,BE:16:0A:00:3B:DA,2296,,996,2
600122,send,11:66:F0:00:01:3D,2297,,995,2
600123,send,BE:16:0A:00:3B:DA,2297,,997,2
600135,send,11:66:F0:00:01:3D,2298,,996,2
600136,send,BE:16:0A:00:3B:DA,2298,,998,2
600150,send,11:66:F0:00:01:3D,2299,,997,2
600150,send,BE:16:0A:00:3B:DA,2299,,999,2
600164,send,11:66:F0:00:01:3D,2300,,998,2
600166,ack,BE:16:0A:00:3B:DA,,0,998,2
600167,send,BE:16:0A:00:3B:DA,2300,,999,2
600167,ack,11:66:F0:00:01:3D,,0,997,2
600180,send,11:66:F0:00:01:3D,2301,,998,2
600181,send,BE:16:0A:00:3B:DA,2301,,1000,2
600195,send,11:66:F0:00:01:3D,2302,,999,2
600196,send,BE:16:0A:00:3B:DA,2302,,1001,2
600209,send,11:66:F0:00:01:3D,2303,,1000,2
600210,send,BE:16:0A:00:3B:DA,2303,,1002,2
600223,send,11:66:F0:00:01:3D,2304,,1001,2
600227,send,BE:16:0A:00:3B:DA,2304,,1003,2
600227,ack,11:66:F0:00:01:3D,,0,1000,2
600227,ack,BE:16:0A:00:3B:DA,,0,1002,2
600240,send,11:66:F0:00:01:3D,2305,,1001,2
600241,send,BE:16:0A:00:3B:DA,2305,,1003,2
600253,send,11:66:F0:00:01:3D,2306,,1002,2
600254,send,BE:16:0A:00:3B:DA,2306,,1004,2
600268,send,11:66:F0:00:01:3D,2307,,1003,2
600268,send,BE:16:0A:00:3B:DA,2307,,1005,2
600282,send,11:66:F0:00:01:3D,2308,,1004,2
600288,ack,11:66:F0:00:01:3D,,0,1003,2
600288,send,BE:16:0A:00:3B:DA,2308,,1006,2
600288,ack,BE:16:0A:00:3B:DA,,0,1005,2
600303,send,11:66:F0:00:01:3D,2309,,1004,2
600304,send,BE:16:0A:00:3B:DA,2309,,1006,2
600317,send,11:66:F0:00:01:3D,2310,,1005,2
600317,send,BE:16:0A:00:3B:DA,2310,,1007,2
600330,send,11:66:F0:00:01:3D,2311,,1006,2
600331,send,BE:16:0A:00:3B:DA,2311,,1008,2
600343,send,11:66:F0:00:01:3D,2312,,1007,2
600345,send,BE:16:0A:00:3B:DA,2312,,1009,2
600347,ack,11:66:F0:00:01:3D,,0,1006,2
600348,ack,BE:16:0A:00:3B:DA,,0,1008,2
600360,send,11:66:F0:00:01:3D,2313,,1007,2
600361,send,BE:16:0A:00:3B:DA,2313,,1009,2
600373,send,11:66:F0:00:01:3D,2314,,1008,2
600374,send,BE:16:0A:00:3B:DA,2314,,1010,2
600386,send,11:66:F0:00:01:3D,2315,,1009,2
600387,send,BE:16:0A:00:3B:DA,2315,,1011,2
600400,send,11:66:F0:00:01:3D,2316,,1010,2
600404,send,BE:16:0A:00:3B:DA,2316,,1012,2
600405,ack,11:66:F0:00:01:3D,,0,1009,2
600406,ack,BE:16:0A:00:3B:DA,,0,1011,2
600418,send,11:66:F0:00:01:3D,2317,,1010,2
600419,send,BE:16:0A:00:3B:DA,2317,,1012,2
600432,send,11:66:F0:00:01:3D,2318,,1011,2
600433,send,BE:16:0A:00:3B:DA,2318,,1013,2
600446,send,11:66:F0:00:01:3D,2319,,1012,2
600446,send,BE:16:0A:00:3B:DA,2319,,1014,2
600459,send,11:66:F0:00:01:3D,2320,,1013,2
600462,send,BE:16:0A:00:3B:DA,2320,,1015,2
600463,ack,BE:16:0A:00:3B:DA,,0,1014,2
600463,ack,11:66:F0:00:01:3D,,0,1012,2
600475,send,11:66:F0:00:01:3D,2321,,1013,2
600476,send,BE:16:0A:00:3B:DA,2321,,1015,2
600489,send,11:66:F0:00:01:3D,2322,,1014,2
600489,send,BE:16:0A:00:3B:DA,2322,,1016,2
600503,send,11:66:F0:00:01:3D,2323,,1015,2
600503,send,BE:16:0A:00:3B:DA,2323,,1017,2
600516,send,11:66:F0:00:01:3D,2324,,1016,2
600519,ack,BE:16:0A:00:3B:DA,,0,1016,2
600520,send,BE:16:0A:00:3B:DA,2324,,1017,2
600520,ack,11:66:F0:00:01:3D,,0,1015,2
600535,send,11:66:F0:00:01:3D,2325,,1016,2
600535,send,BE:16:0A:00:3B:DA,2325,,1018,2
600549,send,11:66:F0:00:01:3D,2326,,1017,2
600550,send,BE:16:0A:00:3B:DA,2326,,1019,2
600563,send,11:66:F0:00:01:3D,2327,,1018,2
600563,send,BE:16:0A:00:3B:DA,2327,,1020,2
600577,send,11:66:F0:00:01:3D,2328,,1019,2
600582,ack,BE:16:0A:00:3B:DA,,0,1019,2
600582,send,BE:16:0A:00:3B:DA,2328,,1020,2
600582,ack,11:66:F0:00:01:3D,,0,1018,2
600595,send,11:66:F0:00:01:3D,2329,,1019,2
600596,send,BE:16:0A:00:3B:DA,2329,,1021,2
600608,send,11:66:F0:00:01:3D,2330,,1020,2
600609,send,BE:16:0A:00:3B:DA,2330,,1022,2
600622,send,11:66:F0:00:01:3D,2331,,1021,2
600622,send,BE:16:0A:00:3B:DA,2331,,1023,2
600637,send,11:66:F0:00:01:3D,2332,,1022,2
600642,send,BE:16:0A:00:3B:DA,2332,,1024,2
600643,ack,11:66:F0:00:01:3D,,0,1021,2
600643,ack,BE:16:0A:00:3B:DA,,0,1023,2
600656,send,11:66:F0:00:01:3D,2333,,1022,2
600657,send,BE:16:0A:00:3B:DA,2333,,1024,2
600669,send,11:66:F0:00:01:3D,2334,,1023,2
600670,send,BE:16:0A:00:3B:DA,2334,,1025,2
600684,send,11:66:F0:00:01:3D,2335,,1024,2
600685,send,BE:16:0A:00:3B:DA,2335,,1026,2
600698,send,11:66:F0:00:01:3D,2336,,1025,2
600700,send,BE:16:0A:00:3B:DA,2336,,1027,2
600702,ack,11:66:F0:00:01:3D,,0,1024,2
600703,ack,BE:16:0A:00:3B:DA,,0,1026,2
600714,send,11:66:F0:00:01:3D,2337,,1025,2
600715,send,BE:16:0A:00:3B:DA,2337,,1027,2
600728,send,11:66:F0:00:01:3D,2338,,1026,2
600728,send,BE:16:0A:00:3B:DA,2338,,1028,2
600742,send,11:66:F0:00:01:3D,2339,,1027,2
600742,send,BE:16:0A:00:3B:DA,2339,,1029,2
600756,send,11:66:F0:00:01:3D,2340,,1028,2
600762,send,BE:16:0A:00:3B:DA,2340,,1030,2
600762,ack,BE:16:0A:00:3B:DA,,0,1029,2
600762,ack,11:66:F0:00:01:3D,,0,1027,2
600774,send,11:66:F0:00:01:3D,2341,,1028,2
600775,send,BE:16:0A:00:3B:DA,2341,,1030,2
600788,send,11:66:F0:00:01:3D,2342,,1029,2
600789,send,BE:16:0A:00:3B:DA,2342,,1031,2
600804,send,11:66:F0:00:01:3D,2343,,1030,2
600805,send,BE:16:0A:00:3B:DA,2343,,1032,2
600817,send,11:66:F0:00:01:3D,2344,,1031,2
600821,send,BE:16:0A:00:3B:DA,2344,,1033,2
600822,ack,11:66:F0:00:01:3D,,0,1030,2
600823,ack,BE:16:0A:00:3B:DA,,0,1032,2
600835,send,11:66:F0:00:01:3D,2345,,1031,2
600835,send,BE:16:0A:00:3B:DA,2345,,1033,2
600849,send,11:66:F0:00:01:3D,2346,,1032,2
600849,send,BE:16:0A:00:3B:DA,2346,,1034,2
600862,send,11:66:F0:00:01:3D,2347,,1033,2
600862,send,BE:16:0A:00:3B:DA,2347,,1035,2
600875,send,11:66:F0:00:01:3D,2348,,1034,2
600880,send,BE:16:0A:00:3B:DA,2348,,1036,2
600882,ack,BE:16:0A:00:3B:DA,,0,1035,2
600884,ack,11:66:F0:00:01:3D,,0,1033,2
600894,send,11:66:F0:00:01:3D,2349,,1034,2
600894,send,BE:16:0A:00:3B:DA,2349,,1036,2
600907,send,11:66:F0:00:01:3D,2350,,1035,2
600908,send,BE:16:0A:00:3B:DA,2350,,1037,2
600921,send,11:66:F0:00:01:3D,2351,,1036,2
600921,send,BE:16:0A:00:3B:DA,2351,,1038,2
600937,send,11:66:F0:00:01:3D,2352,,1037,2
600943,send,BE:16:0A:00:3B:DA,2352,,1039,2
600944,ack,11:66:F0:00:01:3D,,0,1036,2
600945,ack,BE:16:0A:00:3B:DA,,0,1038,2
600957,send,11:66:F0:00:01:3D,2353,,1037,2
600958,send,BE:16:0A:00:3B:DA,2353,,1039,2
600971,send,11:66:F0:00:01:3D,2354,,1038,2
600971,send,BE:16:0A:00:3B:DA,2354,,1040,2
600986,send,11:66:F0:00:01:3D,2355,,1039,2
600986,send,BE:16:0A:00:3B:DA,2355,,1041,2
600999,send,11:66:F0:00:01:3D,2356,,1040,2
601003,ack,11:66:F0:00:01:3D,,0,1039,2
601003,ack,BE:16:0A:00:3B:DA,,0,1040,2
601003,send,BE:16:0A:00:3B:DA,2356,,1041,2
601017,send,11:66:F0:00:01:3D,2357,,1040,2
601018,send,BE:16:0A:00:3B:DA,2357,,1042,2
601032,send,11:66:F0:00:01:3D,2358,,1041,2
601032,send,BE:16:0A:00:3B:DA,2358,,1043,2
601047,send,11:66:F0:00:01:3D,2359,,1042,2
601048,send,BE:16:0A:00:3B:DA,2359,,1044,2
601060,send,11:66:F0:00:01:3D,2360,,1043,2
601061,send,BE:16:0A:00:3B:DA,2360,,1045,2
601062,ack,BE:16:0A:00:3B:DA,,0,1044,2
601062,ack,11:66:F0:00:01:3D,,0,1042,2
601073,send,11:66:F0:00:01:3D,2361,,1043,2
601074,send,BE:16:0A:00:3B:DA,2361,,1045,2
601086,send,11:66:F0:00:01:3D,2362,,1044,2
601087,send,BE:16:0A:00:3B:DA,2362,,1046,2
601099,send,11:66:F0:00:01:3D,2363,,1045,2
601099,send,BE:16:0A:00:3B:DA,2363,,1047,2
601112,send,11:66:F0:00:01:3D,2364,,1046,2
601117,send,BE:16:0A:00:3B:DA,2364,,1048,2
601118,ack,11:66:F0:00:01:3D,,0,1045,2
601118,ack,BE:16:0A:00:3B:DA,,0,1047,2
601132,send,11:66:F0:00:01:3D,2365,,1046,2
601132,send,BE:16:0A:00:3B:DA,2365,,1048,2
601145,send,11:66:F0:00:01:3D,2366,,1047,2
601146,send,BE:16:0A:00:3B:DA,2366,,1049,2
601158,send,11:66:F0:00:01:3D,2367,,1048,2
601159,send,BE:16:0A:00:3B:DA,2367,,1050,2
601172,send,11:66:F0:00:01:3D,2368,,1049,2
601177,send,BE:16:0A:00:3B:DA,2368,,1051,2
601177,ack,11:66:F0:00:01:3D,,0,1048,2
601179,ack,BE:16:0A:00:3B:DA,,0,1050,2
601192,send,11:66:F0:00:01:3D,2369,,1049,2
601193,send,BE:16:0A:00:3B:DA,2369,,1051,2
601206,send,11:66:F0:00:01:3D,2370,,1050,2
601207,send,BE:16:0A:00:3B:DA,2370,,1052,2
601219,send,11:66:F0:00:01:3D,2371,,1051,2
601220,send,BE:16:0A:00:3B:DA,2371,,1053,2
601233,send,11:66:F0:00:01:3D,2372,,1052,2
601236,send,BE:16:0A:00:3B:DA,2372,,1054,2
601238,ack,BE:16:0A:00:3B:DA,,0,1053,2
601238,ack,11:66:F0:00:01:3D,,0,1051,2
601249,send,11:66:F0:00:01:3D,2373,,1052,2
601250,send,BE:16:0A:00:3B:DA,2373,,1054,2
601263,send,11:66:F0:00:01:3D,2374,,1053,2
601263,send,BE:16:0A:00:3B:DA,2374,,1055,2
601276,send,11:66:F0:00:01:3D,2375,,1054,2
601276,send,BE:16:0A:00:3B:DA,2375,,1056,2
601290,send,11:66:F0:00:01:3D,2376,,1055,2
601296,send,BE:16:0A:00:3B:DA,2376,,1057,2
601298,ack,11:66:F0:00:01:3D,,0,1054,2
601298,ack,BE:16:0A:00:3B:DA,,0,1056,2
601309,send,11:66:F0:00:01:3D,2377,,1055,2
601310,send,BE:16:0A:00:3B:DA,2377,,1057,2
601323,send,11:66:F0:00:01:3D,2378,,1056,2
601323,send,BE:16:0A:00:3B:DA,2378,,1058,2
601335,send,11:66:F0:00:01:3D,2379,,1057,2
601335,send,BE:16:0A:00:3B:DA,2379,,1059,2
601349,send,11:66:F0:00:01:3D,2380,,1058,2
601354,send,BE:16:0A:00:3B:DA,2380,,1060,2
601356,ack,11:66:F0:00:01:3D,,0,1057,2
601356,ack,BE:16:0A:00:3B:DA,,0,1059,2
601368,send,11:66:F0:00:01:3D,2381,,1058,2
601368,send,BE:16:0A:00:3B:DA,2381,,1060,2
601381,send,11:66:F0:00:01:3D,2382,,1059,2
601382,send,BE:16:0A:00:3B:DA,2382,,1061,2
601395,send,11:66:F0:00:01:3D,2383,,1060,2
601395,send,BE:16:0A:00:3B:DA,2383,,1062,2
601407,send,11:66:F0:00:01:3D,2384,,1061,2
601412,send,BE:16:0A:00:3B:DA,2384,,1063,2
601413,ack,BE:16:0A:00:3B:DA,,0,1062,2
601414,ack,11:66:F0:00:01:3D,,0,1060,2
601426,send,11:66:F0:00:01:3D,2385,,1061,2
601427,send,BE:16:0A:00:3B:DA,2385,,1063,2
601439,send,11:66:F0:00:01:3D,2386,,1062,2
601440,send,BE:16:0A:00:3B:DA,2386,,1064,2
601452,send,11:66:F0:00:01:3D,2387,,1063,2
601453,send,BE:16:0A:00:3B:DA,2387,,1065,2
601466,send,11:66:F0:00:01:3D,2388,,1064,2
601475,send,BE:16:0A:00:3B:DA,2388,,1066,2
601475,ack,BE:16:0A:00:3B:DA,,0,1065,2
601476,ack,11:66:F0:00:01:3D,,0,1063,2
601491,send,11:66:F0:00:01:3D,2389,,1064,2
601492,send,BE:16:0A:00:3B:DA,2389,,1066,2
601507,send,11:66:F0:00:01:3D,2390,,1065,2
601508,send,BE:16:0A:00:3B:DA,2390,,1067,2
601521,send,11:66:F0:00:01:3D,2391,,1066,2
601522,send,BE:16:0A:00:3B:DA,2391,,1068,2
601533,ack,BE:16:0A:00:3B:DA,,0,1067,2
601534,ack,11:66:F0:00:01:3D,,0,1065,2
601536,send,11:66:F0:00:01:3D,2392,,1066,2
601537,send,BE:16:0A:00:3B:DA,2392,,1068,2
601551,send,11:66:F0:00:01:3D,2393,,1067,2
601551,send,BE:16:0A:00:3B:DA,2393,,1069,2
601564,send,11:66:F0:00:01:3D,2394,,1068,2
601564,send,BE:16:0A:00:3B:DA,2394,,1070,2
601577,send,11:66:F0:00:01:3D,2395,,1069,2
601577,send,BE:16:0A:00:3B:DA,2395,,1071,2
601591,send,11:66:F0:00:01:3D,2396,,1070,2
601591,send,BE:16:0A:00:3B:DA,2396,,1072,2
601591,ack,BE:16:0A:00:3B:DA,,0,1071,2
601591,ack,11:66:F0:00:01:3D,,0,1069,2
601604,send,11:66:F0:00:01:3D,2397,,1070,2
601605,send,BE:16:0A:00:3B:DA,2397,,1072,2
601618,send,11:66:F0:00:01:3D,2398,,1071,2
601618,send,BE:16:0A:00:3B:DA,2398,,1073,2
601631,send,11:66:F0:00:01:3D,2399,,1072,2
601632,send,BE:16:0A:00:3B:DA,2399,,1074,2
601645,send,11:66:F0:00:01:3D,2400,,1073,2
601649,send,BE:16:0A:00:3B:DA,2400,,1075,2
601650,ack,BE:16:0A:00:3B:DA,,0,1074,2
601650,ack,11:66:F0:00:01:3D,,0,1072,2
601664,send,11:66:F0:00:01:3D,2401,,1073,2
601664,send,BE:16:0A:00:3B:DA,2401,,1075,2
601677,send,11:66:F0:00:01:3D,2402,,1074,2
601677,send,BE:16:0A:00:3B:DA,2402,,1076,2
601690,send,11:66:F0:00:01:3D,2403,,1075,2
601691,send,BE:16:0A:00:3B:DA,2403,,1077,2
601703,send,11:66:F0:00:01:3D,2404,,1076,2
601707,send,BE:16:0A:00:3B:DA,2404,,1078,2
601709,ack,BE:16:0A:00:3B:DA,,0,1077,2
601709,ack,11:66:F0:00:01:3D,,0,1075,2
601721,send,11:66:F0:00:01:3D,2405,,1076,2
601721,send,BE:16:0A:00:3B:DA,2405,,1078,2
601735,send,11:66:F0:00:01:3D,2406,,1077,2
601736,send,BE:16:0A:00:3B:DA,2406,,1079,2
601750,send,11:66:F0:00:01:3D,2407,,1078,2
601750,send,BE:16:0A:00:3B:DA,2407,,1080,2
601763,send,11:66:F0:00:01:3D,2408,,1079,2
601767,ack,BE:16:0A:00:3B:DA,,0,1079,2
601767,ack,11:66:F0:00:01:3D,,0,1078,2
601767,send,BE:16:0A:00:3B:DA,2408,,1080,2
601780,send,11:66:F0:00:01:3D,2409,,1079,2
601781,send,BE:16:0A:00:3B:DA,2409,,1081,2
601794,send,11:66:F0:00:01:3D,2410,,1080,2
601795,send,BE:16:0A:00:3B:DA,2410,,1082,2
601809,send,11:66:F0:00:01:3D,2411,,1081,2
601809,send,BE:16:0A:00:3B:DA,2411,,1083,2
601823,ack,11:66:F0:00:01:3D,,0,1080,2
601824,ack,BE:16:0A:00:3B:DA,,0,1082,2
601824,send,11:66:F0:00:01:3D,2412,,1081,2
601825,send,BE:16:0A:00:3B:DA,2412,,1083,2
601837,send,11:66:F0:00:01:3D,2413,,1082,2
601838,send,BE:16:0A:00:3B:DA,2413,,1084,2
601851,send,11:66:F0:00:01:3D,2414,,1083,2
601851,send,BE:16:0A:00:3B:DA,2414,,1085,2
601865,send,11:66:F0:00:01:3D,2415,,1084,2
601866,send,BE:16:0A:00:3B:DA,2415,,1086,2
601880,send,11:66:F0:00:01:3D,2416,,1085,2
601880,send,BE:16:0A:00:3B:DA,2416,,1087,2
601881,ack,11:66:F0:00:01:3D,,0,1084,2
601881,ack,BE:16:0A:00:3B:DA,,0,1086,2
601893,send,11:66:F0:00:01:3D,2417,,1085,2
601894,send,BE:16:0A:00:3B:DA,2417,,1087,2
601906,send,11:66:F0:00:01:3D,2418,,1086,2
601907,send,BE:16:0A:00:3B:DA,2418,,1088,2
601920,send,11:66:F0:00:01:3D,2419,,1087,2
601921,send,BE:16:0A:00:3B:DA,2419,,1089,2
601935,send,11:66:F0:00:01:3D,2420,,1088,2
601939,send,BE:16:0A:00:3B:DA,2420,,1090,2
601940,ack,11:66:F0:00:01:3D,,0,1087,2
601941,ack,BE:16:0A:00:3B:DA,,0,1089,2
601952,send,11:66:F0:00:01:3D,2421,,1088,2
601953,send,BE:16:0A:00:3B:DA,2421,,1090,2
601966,send,11:66:F0:00:01:3D,2422,,1089,2
601967,send,BE:16:0A:00:3B:DA,2422,,1091,2
601981,send,11:66:F0:00:01:3D,2423,,1090,2
601981,send,BE:16:0A:00:3B:DA,2423,,1092,2
601995,send,11:66:F0:00:01:3D,2424,,1091,2
602000,send,BE:16:0A:00:3B:DA,2424,,1093,2
602000,ack,BE:16:0A:00:3B:DA,,0,1092,2
602000,ack,11:66:F0:00:01:3D,,0,1090,2
602015,send,11:66:F0:00:01:3D,2425,,1091,2
602015,send,BE:16:0A:00:3B:DA,2425,,1093,2
602029,send,11:66:F0:00:01:3D,2426,,1092,2
602030,send,BE:16:0A:00:3B:DA,2426,,1094,2
602044,send,11:66:F0:00:01:3D,2427,,1093,2
602046,send,BE:16:0A:00:3B:DA,2427,,1095,2
602058,send,11:66:F0:00:01:3D,2428,,1094,2
602059,send,BE:16:0A:00:3B:DA,2428,,1096,2
602060,ack,BE:16:0A:00:3B:DA,,0,1095,2
602063,ack,11:66:F0:00:01:3D,,0,1093,2
602071,send,11:66:F0:00:01:3D,2429,,1094,2
602072,send,BE:16:0A:00:3B:DA,2429,,1096,2
602085,send,11:66:F0:00:01:3D,2430,,1095,2
602085,send,BE:16:0A:00:3B:DA,2430,,1097,2
602098,send,11:66:F0:00:01:3D,2431,,1096,2
602099,send,BE:16:0A:00:3B:DA,2431,,1098,2
602112,send,11:66:F0:00:01:3D,2432,,1097,2
602116,send,BE:16:0A:00:3B:DA,2432,,1099,2
602118,ack,BE:16:0A:00:3B:DA,,0,1098,2
602118,ack,11:66:F0:00:01:3D,,0,1096,2
602128,send,11:66:F0:00:01:3D,2433,,1097,2
602129,send,BE:16:0A:00:3B:DA,2433,,1099,2
602142,send,11:66:F0:00:01:3D,2434,,1098,2
602143,send,BE:16:0A:00:3B:DA,2434,,1100,2
602156,send,11:66:F0:00:01:3D,2435,,1099,2
602156,send,BE:16:0A:00:3B:DA,2435,,1101,2
602170,send,11:66:F0:00:01:3D,2436,,1100,2
602175,send,BE:16:0A:00:3B:DA,2436,,1102,2
602176,ack,11:66:F0:00:01:3D,,0,1099,2
602176,ack,BE:16:0A:00:3B:DA,,0,1101,2
602189,send,11:66:F0:00:01:3D,2437,,1100,2
602190,send,BE:16:0A:00:3B:DA,2437,,1102,2
602202,send,11:66:F0:00:01:3D,2438,,1101,2
602203,send,BE:16:0A:00:3B:DA,2438,,1103,2
602216,send,11:66:F0:00:01:3D,2439,,1102,2
602217,send,BE:16:0A:00:3B:DA,2439,,1104,2
602229,send,11:66:F0:00:01:3D,2440,,1103,2
602235,send,BE:16:0A:00:3B:DA,2440,,1105,2
602236,ack,11:66:F0:00:01:3D,,0,1102,2
602237,ack,BE:16:0A:00:3B:DA,,0,1104,2
602248,send,11:66:F0:00:01:3D,2441,,1103,2
602249,send,BE:16:0A:00:3B:DA,2441,,1105,2
602263,send,11:66:F0:00:01:3D,2442,,1104,2
602263,send,BE:16:0A:00:3B:DA,2442,,1106,2
602276,send,11:66:F0:00:01:3D,2443,,1105,2
602277,send,BE:16:0A:00:3B:DA,2443,,1107,2
602292,send,11:66:F0:00:01:3D,2444,,1106,2
602295,send,BE:16:0A:00:3B:DA,2444,,1108,2
602297,ack,11:66:F0:00:01:3D,,0,1105,2
602297,ack,BE:16:0A:00:3B:DA,,0,1107,2
602309,send,11:66:F0:00:01:3D,2445,,1106,2
602309,send,BE:16:0A:00:3B:DA,2445,,1108,2
602322,send,11:66:F0:00:01:3D,2446,,1107,2
602323,send,BE:16:0A:00:3B:DA,2446,,1109,2
602336,send,11:66:F0:00:01:3D,2447,,1108,2
602337,send,BE:16:0A:00:3B:DA,2447,,1110,2
602349,send,11:66:F0:00:01:3D,2448,,1109,2
602357,send,BE:16:0A:00:3B:DA,2448,,1111,2
602359,ack,BE:16:0A:00:3B:DA,,0,1110,2
602359,ack,11:66:F0:00:01:3D,,0,1108,2
602370,send,11:66:F0:00:01:3D,2449,,1109,2
602371,send,BE:16:0A:00:3B:DA,2449,,1111,2
602384,send,11:66:F0:00:01:3D,2450,,1110,2
602384,send,BE:16:0A:00:3B:DA,2450,,1112,2
602398,send,11:66:F0:00:01:3D,2451,,1111,2
602399,send,BE:16:0A:00:3B:DA,2451,,1113,2
602412,send,11:66:F0:00:01:3D,2452,,1112,2
602418,send,BE:16:0A:00:3B:DA,2452,,1114,2
602419,ack,BE:16:0A:00:3B:DA,,0,1113,2
602419,ack,11:66:F0:00:01:3D,,0,1111,2
602432,send,11:66:F0:00:01:3D,2453,,1112,2
602433,send,BE:16:0A:00:3B:DA,2453,,1114,2
602446,send,11:66:F0:00:01:3D,2454,,1113,2
602447,send,BE:16:0A:00:3B:DA,2454,,1115,2
602461,send,11:66:F0:00:01:3D,2455,,1114,2
602462,send,BE:16:0A:00:3B:DA,2455,,1116,2
602475,send,11:66:F0:00:01:3D,2456,,1115,2
602478,send,BE:16:0A:00:3B:DA,2456,,1117,2
602479,ack,11:66:F0:00:01:3D,,0,1114,2
602479,ack,BE:16:0A:00:3B:DA,,0,1116,2
602491,send,11:66:F0:00:01:3D,2457,,1115,2
602492,send,BE:16:0A:00:3B:DA,2457,,1117,2
602504,send,11:66:F0:00:01:3D,2458,,1116,2
602504,send,BE:16:0A:00:3B:DA,2458,,1118,2
602519,send,11:66:F0:00:01:3D,2459,,1117,2
602519,send,BE:16:0A:00:3B:DA,2459,,1119,2
602533,send,11:66:F0:00:01:3D,2460,,1118,2
602537,ack,11:66:F0:00:01:3D,,0,1117,2
602537,ack,BE:16:0A:00:3B:DA,,0,1118,2
602537,send,BE:16:0A:00:3B:DA,2460,,1119,2
602550,send,11:66:F0:00:01:3D,2461,,1118,2
602551,send,BE:16:0A:00:3B:DA,2461,,1120,2
602599,ack,11:66:F0:00:01:3D,,0,1117,2
602599,ack,BE:16:0A:00:3B:DA,,0,1119,2
603253,send,11:66:F0:00:01:3D,2462,,1118,2
603258,send,BE:16:0A:00:3B:DA,2462,,1120,2
603260,ack,11:66:F0:00:01:3D,,0,1117,2
603264,ack,BE:16:0A:00:3B:DA,,0,1119,2
603275,send,11:66:F0:00:01:3D,2463,,1118,2
603276,send,BE:16:0A:00:3B:DA,2463,,1120,2
603287,send,11:66:F0:00:01:3D,2464,,1119,2
603288,send,BE:16:0A:00:3B:DA,2464,,1121,2
603298,send,11:66:F0:00:01:3D,2465,,1120,2
603300,send,BE:16:0A:00:3B:DA,2465,,1122,2
603312,send,11:66:F0:00:01:3D,2466,,1121,2
603317,send,BE:16:0A:00:3B:DA,2466,,1123,2
603319,ack,11:66:F0:00:01:3D,,0,1120,2
603321,ack,BE:16:0A:00:3B:DA,,0,1122,2
603331,send,11:66:F0:00:01:3D,2467,,1121,2
603332,send,BE:16:0A:00:3B:DA,2467,,1123,2
603343,send,11:66:F0:00:01:3D,2468,,1122,2
603344,send,BE:16:0A:00:3B:DA,2468,,1124,2
603355,send,11:66:F0:00:01:3D,2469,,1123,2
603355,send,BE:16:0A:00:3B:DA,2469,,1125,2
603365,send,11:66:F0:00:01:3D,2470,,1124,2
603365,send,BE:16:0A:00:3B:DA,2470,,1126,2
603376,send,11:66:F0:00:01:3D,2471,,1125,2
603377,send,BE:16:0A:00:3B:DA,2471,,1127,2
603377,ack,11:66:F0:00:01:3D,,0,1124,2
603379,ack,BE:16:0A:00:3B:DA,,0,1126,2
603390,send,11:66:F0:00:01:3D,2472,,1125,2
603391,send,BE:16:0A:00:3B:DA,2472,,1127,2
603402,send,11:66:F0:00:01:3D,2473,,1126,2
603402,send,BE:16:0A:00:3B:DA,2473,,1128,2
603414,send,11:66:F0:00:01:3D,2474,,1127,2
603414,send,BE:16:0A:00:3B:DA,2474,,1129,2
603425,send,11:66:F0:00:01:3D,2475,,1128,2
603426,send,BE:16:0A:00:3B:DA,2475,,1130,2
603433,ack,11:66:F0:00:01:3D,,0,1127,2
603436,send,11:66:F0:00:01:3D,2476,,1128,2
603437,send,BE:16:0A:00:3B:DA,2476,,1131,2
603438,ack,BE:16:0A:00:3B:DA,,0,1130,2
603448,send,11:66:F0:00:01:3D,2477,,1129,2
603449,send,BE:16:0A:00:3B:DA,2477,,1131,2
603460,send,11:66:F0:00:01:3D,2478,,1130,2
603460,send,BE:16:0A:00:3B:DA,2478,,1132,2
603474,send,11:66:F0:00:01:3D,2479,,1131,2
603475,send,BE:16:0A:00:3B:DA,2479,,1133,2
603485,send,11:66:F0:00:01:3D,2480,,1132,2
603490,send,BE:16:0A:00:3B:DA,2480,,1134,2
603490,ack,11:66:F0:00:01:3D,,0,1131,2
603494,ack,BE:16:0A:00:3B:DA,,0,1133,2
603504,send,11:66:F0:00:01:3D,2481,,1132,2
603504,send,BE:16:0A:00:3B:DA,2481,,1134,2
603516,send,11:66:F0:00:01:3D,2482,,1133,2
603517,send,BE:16:0A:00:3B:DA,2482,,1135,2
603528,send,11:66:F0:00:01:3D,2483,,1134,2
603529,send,BE:16:0A:00:3B:DA,2483,,1136,2
603540,send,11:66:F0:00:01:3D,2484,,1135,2
603540,send,BE:16:0A:00:3B:DA,2484,,1137,2
603547,ack,11:66:F0:00:01:3D,,0,1134,2
603550,ack,BE:16:0A:00:3B:DA,,0,1136,2
603551,send,11:66:F0:00:01:3D,2485,,1135,2
603552,send,BE:16:0A:00:3B:DA,2485,,1137,2
603562,send,11:66:F0:00:01:3D,2486,,1136,2
603563,send,BE:16:0A:00:3B:DA,2486,,1138,2
603580,send,11:66:F0:00:01:3D,2487,,1137,2
603580,send,BE:16:0A:00:3B:DA,2487,,1139,2
603592,send,11:66:F0:00:01:3D,2488,,1138,2
603592,send,BE:16:0A:00:3B:DA,2488,,1140,2
603603,send,11:66:F0:00:01:3D,2489,,1139,2
603604,send,BE:16:0A:00:3B:DA,2489,,1141,2
603605,ack,11:66:F0:00:01:3D,,0,1138,2
603607,ack,BE:16:0A:00:3B:DA,,0,1140,2
603619,send,11:66:F0:00:01:3D,2490,,1139,2
603620,send,BE:16:0A:00:3B:DA,2490,,1141,2
603631,send,11:66:F0:00:01:3D,2491,,1140,2
603632,send,BE:16:0A:00:3B:DA,2491,,1142,2
603643,send,11:66:F0:00:01:3D,2492,,1141,2
603644,send,BE:16:0A:00:3B:DA,2492,,1143,2
603655,send,11:66:F0:00:01:3D,2493,,1142,2
603659,send,BE:16:0A:00:3B:DA,2493,,1144,2
603661,ack,11:66:F0:00:01:3D,,0,1141,2
603665,ack,BE:16:0A:00:3B:DA,,0,1143,2
603675,send,11:66:F0:00:01:3D,2494,,1142,2
603676,send,BE:16:0A:00:3B:DA,2494,,1144,2
603689,send,11:66:F0:00:01:3D,2495,,1143,2
603689,send,BE:16:0A:00:3B:DA,2495,,1145,2
603702,send,11:66:F0:00:01:3D,2496,,1144,2
603702,send,BE:16:0A:00:3B:DA,2496,,1146,2
603713,send,11:66:F0:00:01:3D,2497,,1145,2
603717,ack,11:66:F0:00:01:3D,,0,1144,2
603718,send,BE:16:0A:00:3B:DA,2497,,1147,2
603720,ack,BE:16:0A:00:3B:DA,,0,1146,2
603731,send,11:66:F0:00:01:3D,2498,,1145,2
603731,send,BE:16:0A:00:3B:DA,2498,,1147,2
603743,send,11:66:F0:00:01:3D,2499,,1146,2
603743,send,BE:16:0A:00:3B:DA,2499,,1148,2
603756,send,11:66:F0:00:01:3D,2500,,1147,2
603756,send,BE:16:0A:00:3B:DA,2500,,1149,2
603768,send,11:66:F0:00:01:3D,2501,,1148,2
603773,send,BE:16:0A:00:3B:DA,2501,,1150,2
603773,ack,11:66:F0:00:01:3D,,0,1147,2
603778,ack,BE:16:0A:00:3B:DA,,0,1149,2
603788,send,11:66:F0:00:01:3D,2502,,1148,2
603789,send,BE:16:0A:00:3B:DA,2502,,1150,2
603800,send,11:66:F0:00:01:3D,2503,,1149,2
603800,send,BE:16:0A:00:3B:DA,2503,,1151,2
603812,send,11:66:F0:00:01:3D,2504,,1150,2
603812,send,BE:16:0A:00:3B:DA,2504,,1152,2
603823,send,11:66:F0:00:01:3D,2505,,1151,2
603823,send,BE:16:0A:00:3B:DA,2505,,1153,2
603830,ack,11:66:F0:00:01:3D,,0,1150,2
603834,send,11:66:F0:00:01:3D,2506,,1151,2
603835,send,BE:16:0A:00:3B:DA,2506,,1154,2
603835,ack,BE:16:0A:00:3B:DA,,0,1153,2
603846,send,11:66:F0:00:01:3D,2507,,1152,2
603846,send,BE:16:0A:00:3B:DA,2507,,1154,2
603858,send,11:66:F0:00:01:3D,2508,,1153,2
603859,send,BE:16:0A:00:3B:DA,2508,,1155,2
603872,send,11:66:F0:00:01:3D,2509,,1154,2
603873,send,BE:16:0A:00:3B:DA,2509,,1156,2
603886,send,11:66:F0:00:01:3D,2510,,1155,2
603890,send,BE:16:0A:00:3B:DA,2510,,1157,2
603891,ack,11:66:F0:00:01:3D,,0,1154,2
603893,ack,BE:16:0A:00:3B:DA,,0,1156,2
603903,send,11:66:F0:00:01:3D,2511,,1155,2
603904,send,BE:16:0A:00:3B:DA,2511,,1157,2
603915,send,11:66:F0:00:01:3D,2512,,1156,2
603916,send,BE:16:0A:00:3B:DA,2512,,1158,2
603927,send,11:66:F0:00:01:3D,2513,,1157,2
603928,send,BE:16:0A:00:3B:DA,2513,,1159,2
603939,send,11:66:F0:00:01:3D,2514,,1158,2
603940,send,BE:16:0A:00:3B:DA,2514,,1160,2
603950,ack,11:66:F0:00:01:3D,,0,1157,2
603950,ack,BE:16:0A:00:3B:DA,,0,1159,2
603951,send,11:66:F0:00:01:3D,2515,,1158,2
603952,send,BE:16:0A:00:3B:DA,2515,,1160,2
603964,send,11:66:F0:00:01:3D,2516,,1159,2
603964,send,BE:16:0A:00:3B:DA,2516,,1161,2
603975,send,11:66:F0:00:01:3D,2517,,1160,2
603976,send,BE:16:0A:00:3B:DA,2517,,1162,2
603987,send,11:66:F0:00:01:3D,2518,,1161,2
603987,send,BE:16:0A:00:3B:DA,2518,,1163,2
603997,send,11:66:F0:00:01:3D,2519,,1162,2
603997,send,BE:16:0A:00:3B:DA,2519,,1164,2
604007,ack,BE:16:0A:00:3B:DA,,0,1163,2
604008,ack,11:66:F0:00:01:3D,,0,1161,2
604009,send,11:66:F0:00:01:3D,2520,,1162,2
604010,send,BE:16:0A:00:3B:DA,2520,,1164,2
604021,send,11:66:F0:00:01:3D,2521,,1163,2
604021,send,BE:16:0A:00:3B:DA,2521,,1165,2
604032,send,11:66:F0:00:01:3D,2522,,1164,2
604032,send,BE:16:0A:00:3B:DA,2522,,1166,2
604044,send,11:66:F0:00:01:3D,2523,,1165,2
604044,send,BE:16:0A:00:3B:DA,2523,,1167,2
604054,send,11:66:F0:00:01:3D,2524,,1166,2
604054,send,BE:16:0A:00:3B:DA,2524,,1168,2
604065,send,11:66:F0:00:01:3D,2525,,1167,2
604066,send,BE:16:0A:00:3B:DA,2525,,1169,2
604066,ack,11:66:F0:00:01:3D,,0,1166,2
604067,ack,BE:16:0A:00:3B:DA,,0,1168,2
604077,send,11:66:F0:00:01:3D,2526,,1167,2
604077,send,BE:16:0A:00:3B:DA,2526,,1169,2
604089,send,11:66:F0:00:01:3D,2527,,1168,2
604089,send,BE:16:0A:00:3B:DA,2527,,1170,2
604100,send,11:66:F0:00:01:3D,2528,,1169,2
604101,send,BE:16:0A:00:3B:DA,2528,,1171,2
604113,send,11:66:F0:00:01:3D,2529,,1170,2
604114,send,BE:16:0A:00:3B:DA,2529,,1172,2
604124,send,11:66:F0:00:01:3D,2530,,1171,2
604124,send,BE:16:0A:00:3B:DA,2530,,1173,2
604125,ack,BE:16:0A:00:3B:DA,,0,1172,2
604125,ack,11:66:F0:00:01:3D,,0,1170,2
604135,send,11:66:F0:00:01:3D,2531,,1171,2
604136,send,BE:16:0A:00:3B:DA,2531,,1173,2
604146,send,11:66:F0:00:01:3D,2532,,1172,2
604147,send,BE:16:0A:00:3B:DA,2532,,1174,2
604157,send,11:66:F0:00:01:3D,2533,,1173,2
604158,send,BE:16:0A:00:3B:DA,2533,,1175,2
604168,send,11:66:F0:00:01:3D,2534,,1174,2
604169,send,BE:16:0A:00:3B:DA,2534,,1176,2
604180,send,11:66:F0:00:01:3D,2535,,1175,2
604182,send,BE:16:0A:00:3B:DA,2535,,1177,2
604183,ack,11:66:F0:00:01:3D,,0,1174,2
604183,ack,BE:16:0A:00:3B:DA,,0,1176,2
604194,send,11:66:F0:00:01:3D,2536,,1175,2
604195,send,BE:16:0A:00:3B:DA,2536,,1177,2
604206,send,11:66:F0:00:01:3D,2537,,1176,2
604206,send,BE:16:0A:00:3B:DA,2537,,1178,2
604218,send,11:66:F0:00:01:3D,2538,,1177,2
604219,send,BE:16:0A:00:3B:DA,2538,,1179,2
604232,send,11:66:F0:00:01:3D,2539,,1178,2
604238,send,BE:16:0A:00:3B:DA,2539,,1180,2
604240,ack,11:66:F0:00:01:3D,,0,1177,2
604245,ack,BE:16:0A:00:3B:DA,,0,1179,2
604254,send,11:66:F0:00:01:3D,2540,,1178,2
604255,send,BE:16:0A:00:3B:DA,2540,,1180,2
604267,send,11:66:F0:00:01:3D,2541,,1179,2
604267,send,BE:16:0A:00:3B:DA,2541,,1181,2
604279,send,11:66:F0:00:01:3D,2542,,1180,2
604279,send,BE:16:0A:00:3B:DA,2542,,1182,2
604291,send,11:66:F0:00:01:3D,2543,,1181,2
604298,send,BE:16:0A:00:3B:DA,2543,,1183,2
604300,ack,11:66:F0:00:01:3D,,0,1180,2
604303,ack,BE:16:0A:00:3B:DA,,0,1182,2
604313,send,11:66:F0:00:01:3D,2544,,1181,2
604314,send,BE:16:0A:00:3B:DA,2544,,1183,2
604325,send,11:66:F0:00:01:3D,2545,,1182,2
604326,send,BE:16:0A:00:3B:DA,2545,,1184,2
604337,send,11:66:F0:00:01:3D,2546,,1183,2
604338,send,BE:16:0A:00:3B:DA,2546,,1185,2
604348,send,11:66:F0:00:01:3D,2547,,1184,2
604349,send,BE:16:0A:00:3B:DA,2547,,1186,2
604358,ack,11:66:F0:00:01:3D,,0,1183,2
604359,ack,BE:16:0A:00:3B:DA,,0,1185,2
604360,send,11:66:F0:00:01:3D,2548,,1184,2
604360,send,BE:16:0A:00:3B:DA,2548,,1186,2
604372,send,11:66:F0:00:01:3D,2549,,1185,2
604372,send,BE:16:0A:00:3B:DA,2549,,1187,2
604383,send,11:66:F0:00:01:3D,2550,,1186,2
604383,send,BE:16:0A:00:3B:DA,2550,,1188,2
604395,send,11:66:F0:00:01:3D,2551,,1187,2
604396,send,BE:16:0A:00:3B:DA,2551,,1189,2
604409,send,11:66:F0:00:01:3D,2552,,1188,2
604414,send,BE:16:0A:00:3B:DA,2552,,1190,2
604416,ack,11:66:F0:00:01:3D,,0,1187,2
604416,ack,BE:16:0A:00:3B:DA,,0,1189,2
604426,send,11:66:F0:00:01:3D,2553,,1188,2
604427,send,BE:16:0A:00:3B:DA,2553,,1190,2
604439,send,11:66:F0:00:01:3D,2554,,1189,2
604439,send,BE:16:0A:00:3B:DA,2554,,1191,2
604452,send,11:66:F0:00:01:3D,2555,,1190,2
604453,send,BE:16:0A:00:3B:DA,2555,,1192,2
604466,send,11:66:F0:00:01:3D,2556,,1191,2
604473,send,BE:16:0A:00:3B:DA,2556,,1193,2
604475,ack,11:66:F0:00:01:3D,,0,1190,2
604476,ack,BE:16:0A:00:3B:DA,,0,1192,2
604484,send,11:66:F0:00:01:3D,2557,,1191,2
604485,send,BE:16:0A:00:3B:DA,2557,,1193,2
604497,send,11:66:F0:00:01:3D,2558,,1192,2
604497,send,BE:16:0A:00:3B:DA,2558,,1194,2
604508,send,11:66:F0:00:01:3D,2559,,1193,2
604509,send,BE:16:0A:00:3B:DA,2559,,1195,2
604521,send,11:66:F0:00:01:3D,2560,,1194,2
604522,send,BE:16:0A:00:3B:DA,2560,,1196,2
604533,send,11:66:F0:00:01:3D,2561,,1195,2
604536,send,BE:16:0A:00:3B:DA,2561,,1197,2
604537,ack,BE:16:0A:00:3B:DA,,0,1196,2
604538,ack,11:66:F0:00:01:3D,,0,1194,2
604548,send,11:66:F0:00:01:3D,2562,,1195,2
604549,send,BE:16:0A:00:3B:DA,2562,,1197,2
604560,send,11:66:F0:00:01:3D,2563,,1196,2
604560,send,BE:16:0A:00:3B:DA,2563,,1198,2
604581,send,11:66:F0:00:01:3D,2564,,1197,2
604582,send,BE:16:0A:00:3B:DA,2564,,1199,2
604593,send,11:66:F0:00:01:3D,2565,,1198,2
604598,send,BE:16:0A:00:3B:DA,2565,,1200,2
604598,ack,BE:16:0A:00:3B:DA,,0,1199,2
604599,ack,11:66:F0:00:01:3D,,0,1197,2
604608,send,11:66:F0:00:01:3D,2566,,1198,2
604609,send,BE:16:0A:00:3B:DA,2566,,1200,2
604620,send,11:66:F0:00:01:3D,2567,,1199,2
604620,send,BE:16:0A:00:3B:DA,2567,,1201,2
604632,send,11:66:F0:00:01:3D,2568,,1200,2
604633,send,BE:16:0A:00:3B:DA,2568,,1202,2
604645,send,11:66:F0:00:01:3D,2569,,1201,2
604646,send,BE:16:0A:00:3B:DA,2569,,1203,2
604657,send,11:66:F0:00:01:3D,2570,,1202,2
604657,send,BE:16:0A:00:3B:DA,2570,,1204,2
604662,ack,11:66:F0:00:01:3D,,0,1201,2
604662,ack,BE:16:0A:00:3B:DA,,0,1203,2
604668,send,11:66:F0:00:01:3D,2571,,1202,2
604669,send,BE:16:0A:00:3B:DA,2571,,1204,2
604681,send,11:66:F0:00:01:3D,2572,,1203,2
604682,send,BE:16:0A:00:3B:DA,2572,,1205,2
604694,send,11:66:F0:00:01:3D,2573,,1204,2
604695,send,BE:16:0A:00:3B:DA,2573,,1206,2
604706,send,11:66:F0:00:01:3D,2574,,1205,2
604706,send,BE:16:0A:00:3B:DA,2574,,1207,2
604717,send,11:66:F0:00:01:3D,2575,,1206,2
604722,send,BE:16:0A:00:3B:DA,2575,,1208,2
604723,ack,BE:16:0A:00:3B:DA,,0,1207,2
604724,ack,11:66:F0:00:01:3D,,0,1205,2
604735,send,11:66:F0:00:01:3D,2576,,1206,2
604736,send,BE:16:0A:00:3B:DA,2576,,1208,2
604746,send,11:66:F0:00:01:3D,2577,,1207,2
604747,send,BE:16:0A:00:3B:DA,2577,,1209,2
604760,send,11:66:F0:00:01:3D,2578,,1208,2
604760,send,BE:16:0A:00:3B:DA,2578,,1210,2
604774,send,11:66:F0:00:01:3D,2579,,1209,2
604781,send,BE:16:0A:00:3B:DA,2579,,1211,2
604782,ack,11:66:F0:00:01:3D,,0,1208,2
604782,ack,BE:16:0A:00:3B:DA,,0,1210,2
604793,send,11:66:F0:00:01:3D,2580,,1209,2
604794,send,BE:16:0A:00:3B:DA,2580,,1211,2
604806,send,11:66:F0:00:01:3D,2581,,1210,2
604807,send,BE:16:0A:00:3B:DA,2581,,1212,2
604819,send,11:66:F0:00:01:3D,2582,,1211,2
604820,send,BE:16:0A:00:3B:DA,2582,,1213,2
604830,send,11:66:F0:00:01:3D,2583,,1212,2
604831,send,BE:16:0A:00:3B:DA,2583,,1214,2
604839,ack,BE:16:0A:00:3B:DA,,0,1213,2
604839,ack,11:66:F0:00:01:3D,,0,1211,2
604842,send,11:66:F0:00:01:3D,2584,,1212,2
604843,send,BE:16:0A:00:3B:DA,2584,,1214,2
604854,send,11:66:F0:00:01:3D,2585,,1213,2
604854,send,BE:16:0A:00:3B:DA,2585,,1215,2
604865,send,11:66:F0:00:01:3D,2586,,1214,2
604866,send,BE:16:0A:00:3B:DA,2586,,1216,2
604878,send,11:66:F0:00:01:3D,2587,,1215,2
604879,send,BE:16:0A:00:3B:DA,2587,,1217,2
604892,send,11:66:F0:00:01:3D,2588,,1216,2
604902,send,BE:16:0A:00:3B:DA,2588,,1218,2
604902,ack,11:66:F0:00:01:3D,,0,1215,2
604902,ack,BE:16:0A:00:3B:DA,,0,1217,2
604913,send,11:66:F0:00:01:3D,2589,,1216,2
604913,send,BE:16:0A:00:3B:DA,2589,,1218,2
604924,send,11:66:F0:00:01:3D,2590,,1217,2
604925,send,BE:16:0A:00:3B:DA,2590,,1219,2
604936,send,11:66:F0:00:01:3D,2591,,1218,2
604937,send,BE:16:0A:00:3B:DA,2591,,1220,2
604949,send,11:66:F0:00:01:3D,2592,,1219,2
604949,send,BE:16:0A:00:3B:DA,2592,,1221,2
604960,send,11:66:F0:00:01:3D,2593,,1220,2
604962,send,BE:16:0A:00:3B:DA,2593,,1222,2
604963,ack,11:66:F0:00:01:3D,,0,1219,2
604964,ack,BE:16:0A:00:3B:DA,,0,1221,2
604973,send,11:66:F0:00:01:3D,2594,,1220,2
604974,send,BE:16:0A:00:3B:DA,2594,,1222,2
604986,send,11:66:F0:00:01:3D,2595,,1221,2
604987,send,BE:16:0A:00:3B:DA,2595,,1223,2
604998,send,11:66:F0:00:01:3D,2596,,1222,2
604999,send,BE:16:0A:00:3B:DA,2596,,1224,2
605009,send,11:66:F0:00:01:3D,2597,,1223,2
605010,send,BE:16:0A:00:3B:DA,2597,,1225,2
605022,send,11:66:F0:00:01:3D,2598,,1224,2
605024,ack,BE:16:0A:00:3B:DA,,0,1224,2
605024,ack,11:66:F0:00:01:3D,,0,1223,2
605025,send,BE:16:0A:00:3B:DA,2598,,1225,2
605038,send,11:66:F0:00:01:3D,2599,,1224,2
605038,send,BE:16:0A:00:3B:DA,2599,,1226,2
605050,send,11:66:F0:00:01:3D,2600,,1225,2
605050,send,BE:16:0A:00:3B:DA,2600,,1227,2
605061,send,11:66:F0:00:01:3D,2601,,1226,2
605061,send,BE:16:0A:00:3B:DA,2601,,1228,2
605072,send,11:66:F0:00:01:3D,2602,,1227,2
605072,send,BE:16:0A:00:3B:DA,2602,,1229,2
605083,ack,11:66:F0:00:01:3D,,0,1226,2
605083,ack,BE:16:0A:00:3B:DA,,0,1228,2
605084,send,11:66:F0:00:01:3D,2603,,1227,2
605085,send,BE:16:0A:00:3B:DA,2603,,1229,2
605096,send,11:66:F0:00:01:3D,2604,,1228,2
605096,send,BE:16:0A:00:3B:DA,2604,,1230,2
605115,send,11:66:F0:00:01:3D,2605,,1229,2
605116,send,BE:16:0A:00:3B:DA,2605,,1231,2
605127,send,11:66:F0:00:01:3D,2606,,1230,2
605128,send,BE:16:0A:00:3B:DA,2606,,1232,2
605138,send,11:66:F0:00:01:3D,2607,,1231,2
605140,send,BE:16:0A:00:3B:DA,2607,,1233,2
605141,ack,BE:16:0A:00:3B:DA,,0,1232,2
605142,ack,11:66:F0:00:01:3D,,0,1230,2
605152,send,11:66:F0:00:01:3D,2608,,1231,2
605152,send,BE:16:0A:00:3B:DA,2608,,1233,2
605163,send,11:66:F0:00:01:3D,2609,,1232,2
605163,send,BE:16:0A:00:3B:DA,2609,,1234,2
605173,send,11:66:F0:00:01:3D,2610,,1233,2
605174,send,BE:16:0A:00:3B:DA,2610,,1235,2
605186,send,11:66:F0:00:01:3D,2611,,1234,2
605187,send,BE:16:0A:00:3B:DA,2611,,1236,2
605198,send,11:66:F0:00:01:3D,2612,,1235,2
605200,send,BE:16:0A:00:3B:DA,2612,,1237,2
605201,ack,11:66:F0:00:01:3D,,0,1234,2
605201,ack,BE:16:0A:00:3B:DA,,0,1236,2
605212,send,11:66:F0:00:01:3D,2613,,1235,2
605212,send,BE:16:0A:00:3B:DA,2613,,1237,2
605223,send,11:66:F0:00:01:3D,2614,,1236,2
605224,send,BE:16:0A:00:3B:DA,2614,,1238,2
605235,send,11:66:F0:00:01:3D,2615,,1237,2
605236,send,BE:16:0A:00:3B:DA,2615,,1239,2
605249,send,11:66:F0:00:01:3D,2616,,1238,2
605250,send,BE:16:0A:00:3B:DA,2616,,1240,2
605261,ack,BE:16:0A:00:3B:DA,,0,1239,2
605261,ack,11:66:F0:00:01:3D,,0,1237,2
605262,send,11:66:F0:00:01:3D,2617,,1238,2
605263,send,BE:16:0A:00:3B:DA,2617,,1240,2
605273,send,11:66:F0:00:01:3D,2618,,1239,2
605274,send,BE:16:0A:00:3B:DA,2618,,1241,2
605284,send,11:66:F0:00:01:3D,2619,,1240,2
605284,send,BE:16:0A:00:3B:DA,2619,,1242,2
605295,send,11:66:F0:00:01:3D,2620,,1241,2
605295,send,BE:16:0A:00:3B:DA,2620,,1243,2
605307,send,11:66:F0:00:01:3D,2621,,1242,2
605307,send,BE:16:0A:00:3B:DA,2621,,1244,2
605318,ack,BE:16:0A:00:3B:DA,,0,1243,2
605318,ack,11:66:F0:00:01:3D,,0,1241,2
605319,send,11:66:F0:00:01:3D,2622,,1242,2
605320,send,BE:16:0A:00:3B:DA,2622,,1244,2
605332,send,11:66:F0:00:01:3D,2623,,1243,2
605332,send,BE:16:0A:00:3B:DA,2623,,1245,2
605343,send,11:66:F0:00:01:3D,2624,,1244,2
605344,send,BE:16:0A:00:3B:DA,2624,,1246,2
605355,send,11:66:F0:00:01:3D,2625,,1245,2
605355,send,BE:16:0A:00:3B:DA,2625,,1247,2
605367,send,11:66:F0:00:01:3D,2626,,1246,2
605374,send,BE:16:0A:00:3B:DA,2626,,1248,2
605376,ack,11:66:F0:00:01:3D,,0,1245,2
605377,ack,BE:16:0A:00:3B:DA,,0,1247,2
605387,send,11:66:F0:00:01:3D,2627,,1246,2
605388,send,BE:16:0A:00:3B:DA,2627,,1248,2
605400,send,11:66:F0:00:01:3D,2628,,1247,2
605401,send,BE:16:0A:00:3B:DA,2628,,1249,2
605413,send,11:66:F0:00:01:3D,2629,,1248,2
605414,send,BE:16:0A:00:3B:DA,2629,,1250,2
605427,send,11:66:F0:00:01:3D,2630,,1249,2
605431,send,BE:16:0A:00:3B:DA,2630,,1251,2
605432,ack,BE:16:0A:00:3B:DA,,0,1250,2
605433,ack,11:66:F0:00:01:3D,,0,1248,2
605444,send,11:66:F0:00:01:3D,2631,,1249,2
605446,send,BE:16:0A:00:3B:DA,2631,,1251,2
605457,send,11:66:F0:00:01:3D,2632,,1250,2
605458,send,BE:16:0A:00:3B:DA,2632,,1252,2
605470,send,11:66:F0:00:01:3D,2633,,1251,2
605471,send,BE:16:0A:00:3B:DA,2633,,1253,2
605483,send,11:66:F0:00:01:3D,2634,,1252,2
605488,send,BE:16:0A:00:3B:DA,2634,,1254,2
605489,ack,11:66:F0:00:01:3D,,0,1251,2
605489,ack,BE:16:0A:00:3B:DA,,0,1253,2
605500,send,11:66:F0:00:01:3D,2635,,1252,2
605501,send,BE:16:0A:00:3B:DA,2635,,1254,2
605511,send,11:66:F0:00:01:3D,2636,,1253,2
605512,send,BE:16:0A:00:3B:DA,2636,,1255,2
605522,send,11:66:F0:00:01:3D,2637,,1254,2
605523,send,BE:16:0A:00:3B:DA,2637,,1256,2
605537,send,11:66:F0:00:01:3D,2638,,1255,2
605538,send,BE:16:0A:00:3B:DA,2638,,1257,2
605547,ack,11:66:F0:00:01:3D,,0,1254,2
605548,ack,BE:16:0A:00:3B:DA,,0,1256,2
605548,send,11:66:F0:00:01:3D,2639,,1255,2
605549,send,BE:16:0A:00:3B:DA,2639,,1257,2
605560,send,11:66:F0:00:01:3D,2640,,1256,2
605561,send,BE:16:0A:00:3B:DA,2640,,1258,2
605571,send,11:66:F0:00:01:3D,2641,,1257,2
605572,send,BE:16:0A:00:3B:DA,2641,,1259,2
605584,send,11:66:F0:00:01:3D,2642,,1258,2
605585,send,BE:16:0A:00:3B:DA,2642,,1260,2
605597,send,11:66:F0:00:01:3D,2643,,1259,2
605602,send,BE:16:0A:00:3B:DA,2643,,1261,2
605603,ack,11:66:F0:00:01:3D,,0,1258,2
605606,ack,BE:16:0A:00:3B:DA,,0,1260,2
605615,send,11:66:F0:00:01:3D,2644,,1259,2
605616,send,BE:16:0A:00:3B:DA,2644,,1261,2
605627,send,11:66:F0:00:01:3D,2645,,1260,2
605628,send,BE:16:0A:00:3B:DA,2645,,1262,2
605638,send,11:66:F0:00:01:3D,2646,,1261,2
605639,send,BE:16:0A:00:3B:DA,2646,,1263,2
605650,send,11:66:F0:00:01:3D,2647,,1262,2
605650,send,BE:16:0A:00:3B:DA,2647,,1264,2
605659,ack,11:66:F0:00:01:3D,,0,1261,2
605662,ack,BE:16:0A:00:3B:DA,,0,1263,2
605663,send,11:66:F0:00:01:3D,2648,,1262,2
605663,send,BE:16:0A:00:3B:DA,2648,,1264,2
605674,send,11:66:F0:00:01:3D,2649,,1263,2
605675,send,BE:16:0A:00:3B:DA,2649,,1265,2
605685,send,11:66:F0:00:01:3D,2650,,1264,2
605686,send,BE:16:0A:00:3B:DA,2650,,1266,2
605697,send,11:66:F0:00:01:3D,2651,,1265,2
605698,send,BE:16:0A:00:3B:DA,2651,,1267,2
605708,send,11:66:F0:00:01:3D,2652,,1266,2
605708,send,BE:16:0A:00:3B:DA,2652,,1268,2
605717,ack,11:66:F0:00:01:3D,,0,1265,2
605719,ack,BE:16:0A:00:3B:DA,,0,1267,2
605719,send,11:66:F0:00:01:3D,2653,,1266,2
605720,send,BE:16:0A:00:3B:DA,2653,,1268,2
605731,send,11:66:F0:00:01:3D,2654,,1267,2
605732,send,BE:16:0A:00:3B:DA,2654,,1269,2
605744,send,11:66:F0:00:01:3D,2655,,1268,2
605744,send,BE:16:0A:00:3B:DA,2655,,1270,2
605755,send,11:66:F0:00:01:3D,2656,,1269,2
605756,send,BE:16:0A:00:3B:DA,2656,,1271,2
605766,send,11:66:F0:00:01:3D,2657,,1270,2
605770,send,BE:16:0A:00:3B:DA,2657,,1272,2
605772,ack,11:66:F0:00:01:3D,,0,1269,2
605777,ack,BE:16:0A:00:3B:DA,,0,1271,2
605787,send,11:66:F0:00:01:3D,2658,,1270,2
605788,send,BE:16:0A:00:3B:DA,2658,,1272,2
605799,send,11:66:F0:00:01:3D,2659,,1271,2
605800,send,BE:16:0A:00:3B:DA,2659,,1273,2
605811,send,11:66:F0:00:01:3D,2660,,1272,2
605812,send,BE:16:0A:00:3B:DA,2660,,1274,2
605823,send,11:66:F0:00:01:3D,2661,,1273,2
605826,send,BE:16:0A:00:3B:DA,2661,,1275,2
605828,ack,11:66:F0:00:01:3D,,0,1272,2
605832,ack,BE:16:0A:00:3B:DA,,0,1274,2
605840,send,11:66:F0:00:01:3D,2662,,1273,2
605841,send,BE:16:0A:00:3B:DA,2662,,1275,2
605852,send,11:66:F0:00:01:3D,2663,,1274,2
605853,send,BE:16:0A:00:3B:DA,2663,,1276,2
605863,send,11:66:F0:00:01:3D,2664,,1275,2
605864,send,BE:16:0A:00:3B:DA,2664,,1277,2
605874,send,11:66:F0:00:01:3D,2665,,1276,2
605875,send,BE:16:0A:00:3B:DA,2665,,1278,2
605886,send,11:66:F0:00:01:3D,2666,,1277,2
605886,send,BE:16:0A:00:3B:DA,2666,,1279,2
605888,ack,11:66:F0:00:01:3D,,0,1276,2
605889,ack,BE:16:0A:00:3B:DA,,0,1278,2
605902,send,11:66:F0:00:01:3D,2667,,1277,2
605903,send,BE:16:0A:00:3B:DA,2667,,1279,2
605914,send,11:66:F0:00:01:3D,2668,,1278,2
605914,send,BE:16:0A:00:3B:DA,2668,,1280,2
605925,send,11:66:F0:00:01:3D,2669,,1279,2
605926,send,BE:16:0A:00:3B:DA,2669,,1281,2
605938,send,11:66:F0:00:01:3D,2670,,1280,2
605943,send,BE:16:0A:00:3B:DA,2670,,1282,2
605945,ack,11:66:F0:00:01:3D,,0,1279,2
605947,ack,BE:16:0A:00:3B:DA,,0,1281,2
605957,send,11:66:F0:00:01:3D,2671,,1280,2
605958,send,BE:16:0A:00:3B:DA,2671,,1282,2
605968,send,11:66:F0:00:01:3D,2672,,1281,2
605968,send,BE:16:0A:00:3B:DA,2672,,1283,2
605980,send,11:66:F0:00:01:3D,2673,,1282,2
605980,send,BE:16:0A:00:3B:DA,2673,,1284,2
605991,send,11:66:F0:00:01:3D,2674,,1283,2
605991,send,BE:16:0A:00:3B:DA,2674,,1285,2
606002,send,11:66:F0:00:01:3D,2675,,1284,2
606002,ack,BE:16:0A:00:3B:DA,,0,1284,2
606003,send,BE:16:0A:00:3B:DA,2675,,1285,2
606003,ack,11:66:F0:00:01:3D,,0,1283,2
606014,send,11:66:F0:00:01:3D,2676,,1284,2
606014,send,BE:16:0A:00:3B:DA,2676,,1286,2
606026,send,11:66:F0:00:01:3D,2677,,1285,2
606027,send,BE:16:0A:00:3B:DA,2677,,1287,2
606039,send,11:66:F0:00:01:3D,2678,,1286,2
606039,send,BE:16:0A:00:3B:DA,2678,,1288,2
606052,send,11:66:F0:00:01:3D,2679,,1287,2
606052,send,BE:16:0A:00:3B:DA,2679,,1289,2
606058,ack,BE:16:0A:00:3B:DA,,0,1288,2
606059,ack,11:66:F0:00:01:3D,,0,1286,2
606068,send,11:66:F0:00:01:3D,2680,,1287,2
606069,send,BE:16:0A:00:3B:DA,2680,,1289,2
606080,send,11:66:F0:00:01:3D,2681,,1288,2
606080,send,BE:16:0A:00:3B:DA,2681,,1290,2
606091,send,11:66:F0:00:01:3D,2682,,1289,2
606091,send,BE:16:0A:00:3B:DA,2682,,1291,2
606103,send,11:66:F0:00:01:3D,2683,,1290,2
606104,send,BE:16:0A:00:3B:DA,2683,,1292,2
606117,send,11:66:F0:00:01:3D,2684,,1291,2
606117,ack,11:66:F0:00:01:3D,,0,1290,2
606117,ack,BE:16:0A:00:3B:DA,,0,1291,2
606118,send,BE:16:0A:00:3B:DA,2684,,1292,2
606130,send,11:66:F0:00:01:3D,2685,,1291,2
606131,send,BE:16:0A:00:3B:DA,2685,,1293,2
606141,send,11:66:F0:00:01:3D,2686,,1292,2
606142,send,BE:16:0A:00:3B:DA,2686,,1294,2
606153,send,11:66:F0:00:01:3D,2687,,1293,2
606153,send,BE:16:0A:00:3B:DA,2687,,1295,2
606164,send,11:66:F0:00:01:3D,2688,,1294,2
606165,send,BE:16:0A:00:3B:DA,2688,,1296,2
606176,ack,11:66:F0:00:01:3D,,0,1293,2
606176,ack,BE:16:0A:00:3B:DA,,0,1295,2
606176,send,11:66:F0:00:01:3D,2689,,1294,2
606177,send,BE:16:0A:00:3B:DA,2689,,1296,2
606189,send,11:66:F0:00:01:3D,2690,,1295,2
606189,send,BE:16:0A:00:3B:DA,2690,,1297,2
606201,send,11:66:F0:00:01:3D,2691,,1296,2
606201,send,BE:16:0A:00:3B:DA,2691,,1298,2
606213,send,11:66:F0:00:01:3D,2692,,1297,2
606214,send,BE:16:0A:00:3B:DA,2692,,1299,2
606225,send,11:66:F0:00:01:3D,2693,,1298,2
606231,send,BE:16:0A:00:3B:DA,2693,,1300,2
606233,ack,11:66:F0:00:01:3D,,0,1297,2
606235,ack,BE:16:0A:00:3B:DA,,0,1299,2
606244,send,11:66:F0:00:01:3D,2694,,1298,2
606245,send,BE:16:0A:00:3B:DA,2694,,1300,2
606256,send,11:66:F0:00:01:3D,2695,,1299,2
606256,send,BE:16:0A:00:3B:DA,2695,,1301,2
606268,send,11:66:F0:00:01:3D,2696,,1300,2
606269,send,BE:16:0A:00:3B:DA,2696,,1302,2
606283,send,11:66:F0:00:01:3D,2697,,1301,2
606288,send,BE:16:0A:00:3B:DA,2697,,1303,2
606290,ack,11:66:F0:00:01:3D,,0,1300,2
606292,ack,BE:16:0A:00:3B:DA,,0,1302,2
606302,send,11:66:F0:00:01:3D,2698,,1301,2
606302,send,BE:16:0A:00:3B:DA,2698,,1303,2
606315,send,11:66:F0:00:01:3D,2699,,1302,2
606315,send,BE:16:0A:00:3B:DA,2699,,1304,2
606328,send,11:66:F0:00:01:3D,2700,,1303,2
606329,send,BE:16:0A:00:3B:DA,2700,,1305,2
606341,send,11:66:F0:00:01:3D,2701,,1304,2
606346,send,BE:16:0A:00:3B:DA,2701,,1306,2
606348,ack,11:66:F0:00:01:3D,,0,1303,2
606349,ack,BE:16:0A:00:3B:DA,,0,1305,2
606359,send,11:66:F0:00:01:3D,2702,,1304,2
606360,send,BE:16:0A:00:3B:DA,2702,,1306,2
606371,send,11:66:F0:00:01:3D,2703,,1305,2
606371,send,BE:16:0A:00:3B:DA,2703,,1307,2
606381,send,11:66:F0:00:01:3D,2704,,1306,2
606382,send,BE:16:0A:00:3B:DA,2704,,1308,2
606392,send,11:66:F0:00:01:3D,2705,,1307,2
606393,send,BE:16:0A:00:3B:DA,2705,,1309,2
606404,send,11:66:F0:00:01:3D,2706,,1308,2
606408,send,BE:16:0A:00:3B:DA,2706,,1310,2
606410,ack,11:66:F0:00:01:3D,,0,1307,2
606410,ack,BE:16:0A:00:3B:DA,,0,1309,2
606420,send,11:66:F0:00:01:3D,2707,,1308,2
606420,send,BE:16:0A:00:3B:DA,2707,,1310,2
606431,send,11:66:F0:00:01:3D,2708,,1309,2
606432,send,BE:16:0A:00:3B:DA,2708,,1311,2
606442,send,11:66:F0:00:01:3D,2709,,1310,2
606443,send,BE:16:0A:00:3B:DA,2709,,1312,2
606455,send,11:66:F0:00:01:3D,2710,,1311,2
606455,send,BE:16:0A:00:3B:DA,2710,,1313,2
606467,send,11:66:F0:00:01:3D,2711,,1312,2
606468,send,BE:16:0A:00:3B:DA,2711,,1314,2
606470,ack,BE:16:0A:00:3B:DA,,0,1313,2
606470,ack,11:66:F0:00:01:3D,,0,1311,2
606480,send,11:66:F0:00:01:3D,2712,,1312,2
606481,send,BE:16:0A:00:3B:DA,2712,,1314,2
606492,send,11:66:F0:00:01:3D,2713,,1313,2
606492,send,BE:16:0A:00:3B:DA,2713,,1315,2
606503,send,11:66:F0:00:01:3D,2714,,1314,2
606504,send,BE:16:0A:00:3B:DA,2714,,1316,2
606517,send,11:66:F0:00:01:3D,2715,,1315,2
606518,send,BE:16:0A:00:3B:DA,2715,,1317,2
606529,ack,11:66:F0:00:01:3D,,0,1314,2
606529,send,11:66:F0:00:01:3D,2716,,1315,2
606529,ack,BE:16:0A:00:3B:DA,,0,1316,2
606530,send,BE:16:0A:00:3B:DA,2716,,1317,2
606542,send,11:66:F0:00:01:3D,2717,,1316,2
606542,send,BE:16:0A:00:3B:DA,2717,,1318,2
606553,send,11:66:F0:00:01:3D,2718,,1317,2
606554,send,BE:16:0A:00:3B:DA,2718,,1319,2
606566,send,11:66:F0:00:01:3D,2719,,1318,2
606567,send,BE:16:0A:00:3B:DA,2719,,1320,2
606579,send,11:66:F0:00:01:3D,2720,,1319,2
606584,send,BE:16:0A:00:3B:DA,2720,,1321,2
606585,ack,11:66:F0:00:01:3D,,0,1318,2
606589,ack,BE:16:0A:00:3B:DA,,0,1320,2
606599,send,11:66:F0:00:01:3D,2721,,1319,2
606600,send,BE:16:0A:00:3B:DA,2721,,1321,2
606611,send,11:66:F0:00:01:3D,2722,,1320,2
606612,send,BE:16:0A:00:3B:DA,2722,,1322,2
606623,send,11:66:F0:00:01:3D,2723,,1321,2
606623,send,BE:16:0A:00:3B:DA,2723,,1323,2
606633,send,11:66:F0:00:01:3D,2724,,1322,2
606633,send,BE:16:0A:00:3B:DA,2724,,1324,2
606645,send,11:66:F0:00:01:3D,2725,,1323,2
606645,ack,11:66:F0:00:01:3D,,0,1322,2
606647,ack,BE:16:0A:00:3B:DA,,0,1323,2
606648,send,BE:16:0A:00:3B:DA,2725,,1324,2
606659,send,11:66:F0:00:01:3D,2726,,1323,2
606659,send,BE:16:0A:00:3B:DA,2726,,1325,2
606672,send,11:66:F0:00:01:3D,2727,,1324,2
606672,send,BE:16:0A:00:3B:DA,2727,,1326,2
606684,send,11:66:F0:00:01:3D,2728,,1325,2
606685,send,BE:16:0A:00:3B:DA,2728,,1327,2
606696,send,11:66:F0:00:01:3D,2729,,1326,2
606700,send,BE:16:0A:00:3B:DA,2729,,1328,2
606700,ack,11:66:F0:00:01:3D,,0,1325,2
606706,ack,BE:16:0A:00:3B:DA,,0,1327,2
606716,send,11:66:F0:00:01:3D,2730,,1326,2
606717,send,BE:16:0A:00:3B:DA,2730,,1328,2
606727,send,11:66:F0:00:01:3D,2731,,1327,2
606727,send,BE:16:0A:00:3B:DA,2731,,1329,2
606738,send,11:66:F0:00:01:3D,2732,,1328,2
606739,send,BE:16:0A:00:3B:DA,2732,,1330,2
606751,send,11:66:F0:00:01:3D,2733,,1329,2
606757,send,BE:16:0A:00:3B:DA,2733,,1331,2
606759,ack,11:66:F0:00:01:3D,,0,1328,2
606764,ack,BE:16:0A:00:3B:DA,,0,1330,2
606774,send,11:66:F0:00:01:3D,2734,,1329,2
606775,send,BE:16:0A:00:3B:DA,2734,,1331,2
606786,send,11:66:F0:00:01:3D,2735,,1330,2
606787,send,BE:16:0A:00:3B:DA,2735,,1332,2
606798,send,11:66:F0:00:01:3D,2736,,1331,2
606799,send,BE:16:0A:00:3B:DA,2736,,1333,2
606811,send,11:66:F0:00:01:3D,2737,,1332,2
606819,send,BE:16:0A:00:3B:DA,2737,,1334,2
606820,ack,11:66:F0:00:01:3D,,0,1331,2
606822,ack,BE:16:0A:00:3B:DA,,0,1333,2
606832,send,11:66:F0:00:01:3D,2738,,1332,2
606833,send,BE:16:0A:00:3B:DA,2738,,1334,2
606844,send,11:66:F0:00:01:3D,2739,,1333,2
606845,send,BE:16:0A:00:3B:DA,2739,,1335,2
606857,send,11:66:F0:00:01:3D,2740,,1334,2
606858,send,BE:16:0A:00:3B:DA,2740,,1336,2
606870,send,11:66:F0:00:01:3D,2741,,1335,2
606875,send,BE:16:0A:00:3B:DA,2741,,1337,2
606877,ack,11:66:F0:00:01:3D,,0,1334,2
606880,ack,BE:16:0A:00:3B:DA,,0,1336,2
606892,send,11:66:F0:00:01:3D,2742,,1335,2
606893,send,BE:16:0A:00:3B:DA,2742,,1337,2
606903,send,11:66:F0:00:01:3D,2743,,1336,2
606903,send,BE:16:0A:00:3B:DA,2743,,1338,2
606914,send,11:66:F0:00:01:3D,2744,,1337,2
606915,send,BE:16:0A:00:3B:DA,2744,,1339,2
606927,send,11:66:F0:00:01:3D,2745,,1338,2
606933,send,BE:16:0A:00:3B:DA,2745,,1340,2
606934,ack,11:66:F0:00:01:3D,,0,1337,2
606940,ack,BE:16:0A:00:3B:DA,,0,1339,2
606950,send,11:66:F0:00:01:3D,2746,,1338,2
606951,send,BE:16:0A:00:3B:DA,2746,,1340,2
606962,send,11:66:F0:00:01:3D,2747,,1339,2
606963,send,BE:16:0A:00:3B:DA,2747,,1341,2
606973,send,11:66:F0:00:01:3D,2748,,1340,2
606974,send,BE:16:0A:00:3B:DA,2748,,1342,2
606985,send,11:66:F0:00:01:3D,2749,,1341,2
606990,send,BE:16:0A:00:3B:DA,2749,,1343,2
606991,ack,11:66:F0:00:01:3D,,0,1340,2
606996,ack,BE:16:0A:00:3B:DA,,0,1342,2
607005,send,11:66:F0:00:01:3D,2750,,1341,2
607006,send,BE:16:0A:00:3B:DA,2750,,1343,2
607018,send,11:66:F0:00:01:3D,2751,,1342,2
607018,send,BE:16:0A:00:3B:DA,2751,,1344,2
607029,send,11:66:F0:00:01:3D,2752,,1343,2
607030,send,BE:16:0A:00:3B:DA,2752,,1345,2
607041,send,11:66:F0:00:01:3D,2753,,1344,2
607049,send,BE:16:0A:00:3B:DA,2753,,1346,2
607051,ack,11:66:F0:00:01:3D,,0,1343,2
607056,ack,BE:16:0A:00:3B:DA,,0,1345,2
607066,send,11:66:F0:00:01:3D,2754,,1344,2
607067,send,BE:16:0A:00:3B:DA,2754,,1346,2
607077,send,11:66:F0:00:01:3D,2755,,1345,2
607078,send,BE:16:0A:00:3B:DA,2755,,1347,2
607088,send,11:66:F0:00:01:3D,2756,,1346,2
607088,send,BE:16:0A:00:3B:DA,2756,,1348,2
607099,send,11:66:F0:00:01:3D,2757,,1347,2
607099,send,BE:16:0A:00:3B:DA,2757,,1349,2
607109,ack,11:66:F0:00:01:3D,,0,1346,2
607110,send,11:66:F0:00:01:3D,2758,,1347,2
607111,send,BE:16:0A:00:3B:DA,2758,,1350,2
607111,ack,BE:16:0A:00:3B:DA,,0,1349,2
607122,send,11:66:F0:00:01:3D,2759,,1348,2
607122,send,BE:16:0A:00:3B:DA,2759,,1350,2
607133,send,11:66:F0:00:01:3D,2760,,1349,2
607134,send,BE:16:0A:00:3B:DA,2760,,1351,2
607146,send,11:66:F0:00:01:3D,2761,,1350,2
607146,send,BE:16:0A:00:3B:DA,2761,,1352,2
607157,send,11:66:F0:00:01:3D,2762,,1351,2
607158,send,BE:16:0A:00:3B:DA,2762,,1353,2
607168,send,11:66:F0:00:01:3D,2763,,1352,2
607169,ack,BE:16:0A:00:3B:DA,,0,1352,2
607169,send,BE:16:0A:00:3B:DA,2763,,1353,2
607169,ack,11:66:F0:00:01:3D,,0,1351,2
607180,send,11:66:F0:00:01:3D,2764,,1352,2
607181,send,BE:16:0A:00:3B:DA,2764,,1354,2
607192,send,11:66:F0:00:01:3D,2765,,1353,2
607193,send,BE:16:0A:00:3B:DA,2765,,1355,2
607204,send,11:66:F0:00:01:3D,2766,,1354,2
607205,send,BE:16:0A:00:3B:DA,2766,,1356,2
607216,send,11:66:F0:00:01:3D,2767,,1355,2
607217,send,BE:16:0A:00:3B:DA,2767,,1357,2
607227,ack,BE:16:0A:00:3B:DA,,0,1356,2
607227,ack,11:66:F0:00:01:3D,,0,1354,2
607228,send,11:66:F0:00:01:3D,2768,,1355,2
607229,send,BE:16:0A:00:3B:DA,2768,,1357,2
607240,send,11:66:F0:00:01:3D,2769,,1356,2
607241,send,BE:16:0A:00:3B:DA,2769,,1358,2
607251,send,11:66:F0:00:01:3D,2770,,1357,2
607251,send,BE:16:0A:00:3B:DA,2770,,1359,2
607263,send,11:66:F0:00:01:3D,2771,,1358,2
607264,send,BE:16:0A:00:3B:DA,2771,,1360,2
607275,send,11:66:F0:00:01:3D,2772,,1359,2
607276,send,BE:16:0A:00:3B:DA,2772,,1361,2
607286,send,11:66:F0:00:01:3D,2773,,1360,2
607287,send,BE:16:0A:00:3B:DA,2773,,1362,2
607288,ack,BE:16:0A:00:3B:DA,,0,1361,2
607288,ack,11:66:F0:00:01:3D,,0,1359,2
607298,send,11:66:F0:00:01:3D,2774,,1360,2
607298,send,BE:16:0A:00:3B:DA,2774,,1362,2
607310,send,11:66:F0:00:01:3D,2775,,1361,2
607310,send,BE:16:0A:00:3B:DA,2775,,1363,2
607321,send,11:66:F0:00:01:3D,2776,,1362,2
607322,send,BE:16:0A:00:3B:DA,2776,,1364,2
607332,send,11:66:F0:00:01:3D,2777,,1363,2
607333,send,BE:16:0A:00:3B:DA,2777,,1365,2
607344,send,11:66:F0:00:01:3D,2778,,1364,2
607347,send,BE:16:0A:00:3B:DA,2778,,1366,2
607349,ack,11:66:F0:00:01:3D,,0,1363,2
607349,ack,BE:16:0A:00:3B:DA,,0,1365,2
607359,send,11:66:F0:00:01:3D,2779,,1364,2
607359,send,BE:16:0A:00:3B:DA,2779,,1366,2
607372,send,11:66:F0:00:01:3D,2780,,1365,2
607373,send,BE:16:0A:00:3B:DA,2780,,1367,2
607384,send,11:66:F0:00:01:3D,2781,,1366,2
607385,send,BE:16:0A:00:3B:DA,2781,,1368,2
607397,send,11:66:F0:00:01:3D,2782,,1367,2
607397,send,BE:16:0A:00:3B:DA,2782,,1369,2
607408,ack,11:66:F0:00:01:3D,,0,1366,2
607408,ack,BE:16:0A:00:3B:DA,,0,1368,2
607409,send,11:66:F0:00:01:3D,2783,,1367,2
607409,send,BE:16:0A:00:3B:DA,2783,,1369,2
607422,send,11:66:F0:00:01:3D,2784,,1368,2
607422,send,BE:16:0A:00:3B:DA,2784,,1370,2
607434,send,11:66:F0:00:01:3D,2785,,1369,2
607434,send,BE:16:0A:00:3B:DA,2785,,1371,2
607446,send,11:66:F0:00:01:3D,2786,,1370,2
607446,send,BE:16:0A:00:3B:DA,2786,,1372,2
607460,send,11:66:F0:00:01:3D,2787,,1371,2
607465,send,BE:16:0A:00:3B:DA,2787,,1373,2
607466,ack,BE:16:0A:00:3B:DA,,0,1372,2
607467,ack,11:66:F0:00:01:3D,,0,1370,2
607476,send,11:66:F0:00:01:3D,2788,,1371,2
607477,send,BE:16:0A:00:3B:DA,2788,,1373,2
607488,send,11:66:F0:00:01:3D,2789,,1372,2
607488,send,BE:16:0A:00:3B:DA,2789,,1374,2
607499,send,11:66:F0:00:01:3D,2790,,1373,2
607500,send,BE:16:0A:00:3B:DA,2790,,1375,2
607511,send,11:66:F0:00:01:3D,2791,,1374,2
607512,send,BE:16:0A:00:3B:DA,2791,,1376,2
607523,send,11:66:F0:00:01:3D,2792,,1375,2
607524,send,BE:16:0A:00:3B:DA,2792,,1377,2
607525,ack,11:66:F0:00:01:3D,,0,1374,2
607525,ack,BE:16:0A:00:3B:DA,,0,1376,2
607534,send,11:66:F0:00:01:3D,2793,,1375,2
607535,send,BE:16:0A:00:3B:DA,2793,,1377,2
607547,send,11:66:F0:00:01:3D,2794,,1376,2
607547,send,BE:16:0A:00:3B:DA,2794,,1378,2
607559,send,11:66:F0:00:01:3D,2795,,1377,2
607560,send,BE:16:0A:00:3B:DA,2795,,1379,2
607572,send,11:66:F0:00:01:3D,2796,,1378,2
607573,send,BE:16:0A:00:3B:DA,2796,,1380,2
607584,send,11:66:F0:00:01:3D,2797,,1379,2
607585,send,BE:16:0A:00:3B:DA,2797,,1381,2
607586,ack,11:66:F0:00:01:3D,,0,1378,2
607586,ack,BE:16:0A:00:3B:DA,,0,1380,2
607597,send,11:66:F0:00:01:3D,2798,,1379,2
607597,send,BE:16:0A:00:3B:DA,2798,,1381,2
607608,send,11:66:F0:00:01:3D,2799,,1380,2
607609,send,BE:16:0A:00:3B:DA,2799,,1382,2
607621,send,11:66:F0:00:01:3D,2800,,1381,2
607622,send,BE:16:0A:00:3B:DA,2800,,1383,2
607634,send,11:66:F0:00:01:3D,2801,,1382,2
607634,send,BE:16:0A:00:3B:DA,2801,,1384,2
607644,ack,BE:16:0A:00:3B:DA,,0,1383,2
607644,ack,11:66:F0:00:01:3D,,0,1381,2
607645,send,11:66:F0:00:01:3D,2802,,1382,2
607646,send,BE:16:0A:00:3B:DA,2802,,1384,2
607657,send,11:66:F0:00:01:3D,2803,,1383,2
607658,send,BE:16:0A:00:3B:DA,2803,,1385,2
607668,send,11:66:F0:00:01:3D,2804,,1384,2
607669,send,BE:16:0A:00:3B:DA,2804,,1386,2
607680,send,11:66:F0:00:01:3D,2805,,1385,2
607680,send,BE:16:0A:00:3B:DA,2805,,1387,2
607692,send,11:66:F0:00:01:3D,2806,,1386,2
607693,send,BE:16:0A:00:3B:DA,2806,,1388,2
607701,ack,BE:16:0A:00:3B:DA,,0,1387,2
607701,ack,11:66:F0:00:01:3D,,0,1385,2
607704,send,11:66:F0:00:01:3D,2807,,1386,2
607705,send,BE:16:0A:00:3B:DA,2807,,1388,2
607716,send,11:66:F0:00:01:3D,2808,,1387,2
607717,send,BE:16:0A:00:3B:DA,2808,,1389,2
607728,send,11:66:F0:00:01:3D,2809,,1388,2
607728,send,BE:16:0A:00:3B:DA,2809,,1390,2
607742,send,11:66:F0:00:01:3D,2810,,1389,2
607742,send,BE:16:0A:00:3B:DA,2810,,1391,2
607755,send,11:66:F0:00:01:3D,2811,,1390,2
607762,ack,11:66:F0:00:01:3D,,0,1389,2
607762,ack,BE:16:0A:00:3B:DA,,0,1390,2
607762,send,BE:16:0A:00:3B:DA,2811,,1391,2
607773,send,11:66:F0:00:01:3D,2812,,1390,2
607773,send,BE:16:0A:00:3B:DA,2812,,1392,2
607784,send,11:66:F0:00:01:3D,2813,,1391,2
607784,send,BE:16:0A:00:3B:DA,2813,,1393,2
607797,send,11:66:F0:00:01:3D,2814,,1392,2
607798,send,BE:16:0A:00:3B:DA,2814,,1394,2
607809,send,11:66:F0:00:01:3D,2815,,1393,2
607809,send,BE:16:0A:00:3B:DA,2815,,1395,2
607820,send,11:66:F0:00:01:3D,2816,,1394,2
607820,ack,11:66:F0:00:01:3D,,0,1393,2
607821,ack,BE:16:0A:00:3B:DA,,0,1394,2
607821,send,BE:16:0A:00:3B:DA,2816,,1395,2
607833,send,11:66:F0:00:01:3D,2817,,1394,2
607833,send,BE:16:0A:00:3B:DA,2817,,1396,2
607845,send,11:66:F0:00:01:3D,2818,,1395,2
607845,send,BE:16:0A:00:3B:DA,2818,,1397,2
607856,send,11:66:F0:00:01:3D,2819,,1396,2
607857,send,BE:16:0A:00:3B:DA,2819,,1398,2
607869,send,11:66:F0:00:01:3D,2820,,1397,2
607875,send,BE:16:0A:00:3B:DA,2820,,1399,2
607877,ack,11:66:F0:00:01:3D,,0,1396,2
607878,ack,BE:16:0A:00:3B:DA,,0,1398,2
607886,send,11:66:F0:00:01:3D,2821,,1397,2
607887,send,BE:16:0A:00:3B:DA,2821,,1399,2
607899,send,11:66:F0:00:01:3D,2822,,1398,2
607900,send,BE:16:0A:00:3B:DA,2822,,1400,2
607910,send,11:66:F0:00:01:3D,2823,,1399,2
607911,send,BE:16:0A:00:3B:DA,2823,,1401,2
607921,send,11:66:F0:00:01:3D,2824,,1400,2
607921,send,BE:16:0A:00:3B:DA,2824,,1402,2
607932,send,11:66:F0:00:01:3D,2825,,1401,2
607933,send,BE:16:0A:00:3B:DA,2825,,1403,2
607933,ack,11:66:F0:00:01:3D,,0,1400,2
607935,ack,BE:16:0A:00:3B:DA,,0,1402,2
607946,send,11:66:F0:00:01:3D,2826,,1401,2
607947,send,BE:16:0A:00:3B:DA,2826,,1403,2
607957,send,11:66:F0:00:01:3D,2827,,1402,2
607957,send,BE:16:0A:00:3B:DA,2827,,1404,2
607968,send,11:66:F0:00:01:3D,2828,,1403,2
607968,send,BE:16:0A:00:3B:DA,2828,,1405,2
607979,send,11:66:F0:00:01:3D,2829,,1404,2
607980,send,BE:16:0A:00:3B:DA,2829,,1406,2
607991,send,11:66:F0:00:01:3D,2830,,1405,2
607991,send,BE:16:0A:00:3B:DA,2830,,1407,2
607992,ack,11:66:F0:00:01:3D,,0,1404,2
607992,ack,BE:16:0A:00:3B:DA,,0,1406,2
608002,send,11:66:F0:00:01:3D,2831,,1405,2
608003,send,BE:16:0A:00:3B:DA,2831,,1407,2
608014,send,11:66:F0:00:01:3D,2832,,1406,2
608014,send,BE:16:0A:00:3B:DA,2832,,1408,2
608024,send,11:66:F0:00:01:3D,2833,,1407,2
608025,send,BE:16:0A:00:3B:DA,2833,,1409,2
608035,send,11:66:F0:00:01:3D,2834,,1408,2
608036,send,BE:16:0A:00:3B:DA,2834,,1410,2
608047,send,11:66:F0:00:01:3D,2835,,1409,2
608050,ack,11:66:F0:00:01:3D,,0,1408,2
608050,send,BE:16:0A:00:3B:DA,2835,,1411,2
608050,ack,BE:16:0A:00:3B:DA,,0,1410,2
608063,send,11:66:F0:00:01:3D,2836,,1409,2
608064,send,BE:16:0A:00:3B:DA,2836,,1411,2
608074,send,11:66:F0:00:01:3D,2837,,1410,2
608075,send,BE:16:0A:00:3B:DA,2837,,1412,2
608087,send,11:66:F0:00:01:3D,2838,,1411,2
608088,send,BE:16:0A:00:3B:DA,2838,,1413,2
608099,send,11:66:F0:00:01:3D,2839,,1412,2
608105,send,BE:16:0A:00:3B:DA,2839,,1414,2
608106,ack,11:66:F0:00:01:3D,,0,1411,2
608107,ack,BE:16:0A:00:3B:DA,,0,1413,2
608119,send,11:66:F0:00:01:3D,2840,,1412,2
608120,send,BE:16:0A:00:3B:DA,2840,,1414,2
608131,send,11:66:F0:00:01:3D,2841,,1413,2
608131,send,BE:16:0A:00:3B:DA,2841,,1415,2
608142,send,11:66:F0:00:01:3D,2842,,1414,2
608143,send,BE:16:0A:00:3B:DA,2842,,1416,2
608153,send,11:66:F0:00:01:3D,2843,,1415,2
608154,send,BE:16:0A:00:3B:DA,2843,,1417,2
608163,ack,BE:16:0A:00:3B:DA,,0,1416,2
608163,ack,11:66:F0:00:01:3D,,0,1414,2
608165,send,11:66:F0:00:01:3D,2844,,1415,2
608165,send,BE:16:0A:00:3B:DA,2844,,1417,2
608176,send,11:66:F0:00:01:3D,2845,,1416,2
608177,send,BE:16:0A:00:3B:DA,2845,,1418,2
608188,send,11:66:F0:00:01:3D,2846,,1417,2
608188,send,BE:16:0A:00:3B:DA,2846,,1419,2
608199,send,11:66:F0:00:01:3D,2847,,1418,2
608200,send,BE:16:0A:00:3B:DA,2847,,1420,2
608210,send,11:66:F0:00:01:3D,2848,,1419,2
608211,send,BE:16:0A:00:3B:DA,2848,,1421,2
608221,ack,BE:16:0A:00:3B:DA,,0,1420,2
608221,send,11:66:F0:00:01:3D,2849,,1420,2
608222,send,BE:16:0A:00:3B:DA,2849,,1421,2
608223,ack,11:66:F0:00:01:3D,,0,1419,2
608233,send,11:66:F0:00:01:3D,2850,,1420,2
608234,send,BE:16:0A:00:3B:DA,2850,,1422,2
608244,send,11:66:F0:00:01:3D,2851,,1421,2
608245,send,BE:16:0A:00:3B:DA,2851,,1423,2
608257,send,11:66:F0:00:01:3D,2852,,1422,2
608257,send,BE:16:0A:00:3B:DA,2852,,1424,2
608268,send,11:66:F0:00:01:3D,2853,,1423,2
608269,send,BE:16:0A:00:3B:DA,2853,,1425,2
608279,send,11:66:F0:00:01:3D,2854,,1424,2
608280,ack,BE:16:0A:00:3B:DA,,0,1424,2
608280,send,BE:16:0A:00:3B:DA,2854,,1425,2
608280,ack,11:66:F0:00:01:3D,,0,1423,2
608291,send,11:66:F0:00:01:3D,2855,,1424,2
608292,send,BE:16:0A:00:3B:DA,2855,,1426,2
608304,send,11:66:F0:00:01:3D,2856,,1425,2
608305,send,BE:16:0A:00:3B:DA,2856,,1427,2
608317,send,11:66:F0:00:01:3D,2857,,1426,2
608318,send,BE:16:0A:00:3B:DA,2857,,1428,2
608331,send,11:66:F0:00:01:3D,2858,,1427,2
608338,send,BE:16:0A:00:3B:DA,2858,,1429,2
608340,ack,11:66:F0:00:01:3D,,0,1426,2
608341,ack,BE:16:0A:00:3B:DA,,0,1428,2
608352,send,11:66:F0:00:01:3D,2859,,1427,2
608353,send,BE:16:0A:00:3B:DA,2859,,1429,2
608365,send,11:66:F0:00:01:3D,2860,,1428,2
608366,send,BE:16:0A:00:3B:DA,2860,,1430,2
608376,send,11:66:F0:00:01:3D,2861,,1429,2
608377,send,BE:16:0A:00:3B:DA,2861,,1431,2
608389,send,11:66:F0:00:01:3D,2862,,1430,2
608389,send,BE:16:0A:00:3B:DA,2862,,1432,2
