elapsed_ms,event,address,seq,status,outstanding,devices
6,send,11:66:F0:00:01:3D,1,,1,1
16,ack,11:66:F0:00:01:3D,,0,0,1
412,send,11:66:F0:00:01:3D,2,,1,1
420,ack,11:66:F0:00:01:3D,,0,0,1
1419,send,11:66:F0:00:01:3D,3,,1,1
1425,ack,11:66:F0:00:01:3D,,0,0,1
1544,send,11:66:F0:00:01:3D,4,,1,1
1549,ack,11:66:F0:00:01:3D,,0,0,1
1831,send,11:66:F0:00:01:3D,5,,1,1
1839,ack,11:66:F0:00:01:3D,,0,0,1
1959,send,11:66:F0:00:01:3D,6,,1,1
1966,ack,11:66:F0:00:01:3D,,0,0,1
2247,send,11:66:F0:00:01:3D,7,,1,1
2253,ack,11:66:F0:00:01:3D,,0,0,1
2375,send,11:66:F0:00:01:3D,8,,1,1
2387,ack,11:66:F0:00:01:3D,,0,0,1
4167,send,11:66:F0:00:01:3D,9,,1,1
4172,ack,11:66:F0:00:01:3D,,0,0,1
6172,send,11:66:F0:00:01:3D,10,,1,1
6180,ack,11:66:F0:00:01:3D,,0,0,1
8178,send,11:66:F0:00:01:3D,11,,1,1
8184,ack,11:66:F0:00:01:3D,,0,0,1
10185,send,11:66:F0:00:01:3D,12,,1,1
10194,ack,11:66:F0:00:01:3D,,0,0,1
12193,send,11:66:F0:00:01:3D,13,,1,1
12199,ack,11:66:F0:00:01:3D,,0,0,1
14199,send,11:66:F0:00:01:3D,14,,1,1
14209,ack,11:66:F0:00:01:3D,,0,0,1
16209,send,11:66:F0:00:01:3D,15,,1,1
16216,ack,11:66:F0:00:01:3D,,0,0,1
18215,send,11:66:F0:00:01:3D,16,,1,1
18222,ack,11:66:F0:00:01:3D,,0,0,1
20222,send,11:66:F0:00:01:3D,17,,1,1
20229,ack,11:66:F0:00:01:3D,,0,0,1
22229,send,11:66:F0:00:01:3D,18,,1,1
22238,ack,11:66:F0:00:01:3D,,0,0,1
24235,send,11:66:F0:00:01:3D,19,,1,1
24243,ack,11:66:F0:00:01:3D,,0,0,1
26242,send,11:66:F0:00:01:3D,20,,1,1
26249,ack,11:66:F0:00:01:3D,,0,0,1
28249,send,11:66:F0:00:01:3D,21,,1,1
28257,ack,11:66:F0:00:01:3D,,0,0,1
30256,send,11:66:F0:00:01:3D,22,,1,1
30265,ack,11:66:F0:00:01:3D,,0,0,1
32261,send,11:66:F0:00:01:3D,23,,1,1
32268,ack,11:66:F0:00:01:3D,,0,0,1
34267,send,11:66:F0:00:01:3D,24,,1,1
34275,ack,11:66:F0:00:01:3D,,0,0,1
35473,send,11:66:F0:00:01:3D,25,,1,1
35481,ack,11:66:F0:00:01:3D,,0,0,1
36680,send,11:66:F0:00:01:3D,26,,1,1
36687,ack,11:66:F0:00:01:3D,,0,0,1
37888,send,11:66:F0:00:01:3D,27,,1,1
37895,ack,11:66:F0:00:01:3D,,0,0,1
39095,send,11:66:F0:00:01:3D,28,,1,1
39102,ack,11:66:F0:00:01:3D,,0,0,1
40304,send,11:66:F0:00:01:3D,29,,1,1
40311,ack,11:66:F0:00:01:3D,,0,0,1
41510,send,11:66:F0:00:01:3D,30,,1,1
41518,ack,11:66:F0:00:01:3D,,0,0,1
42717,send,11:66:F0:00:01:3D,31,,1,1
42725,ack,11:66:F0:00:01:3D,,0,0,1
43923,send,11:66:F0:00:01:3D,32,,1,1
43928,ack,11:66:F0:00:01:3D,,0,0,1
45127,send,11:66:F0:00:01:3D,33,,1,1
45134,ack,11:66:F0:00:01:3D,,0,0,1
46334,send,11:66:F0:00:01:3D,34,,1,1
46341,ack,11:66:F0:00:01:3D,,0,0,1
47541,send,11:66:F0:00:01:3D,35,,1,1
47546,ack,11:66:F0:00:01:3D,,0,0,1
48746,send,11:66:F0:00:01:3D,36,,1,1
48752,ack,11:66:F0:00:01:3D,,0,0,1
49952,send,11:66:F0:00:01:3D,37,,1,1
49960,ack,11:66:F0:00:01:3D,,0,0,1
51161,send,11:66:F0:00:01:3D,38,,1,1
51169,ack,11:66:F0:00:01:3D,,0,0,1
52370,send,11:66:F0:00:01:3D,39,,1,1
52376,ack,11:66:F0:00:01:3D,,0,0,1
53375,send,11:66:F0:00:01:3D,40,,1,1
53383,ack,11:66:F0:00:01:3D,,0,0,1
53502,send,11:66:F0:00:01:3D,41,,1,1
53511,ack,11:66:F0:00:01:3D,,0,0,1
53790,send,11:66:F0:00:01:3D,42,,1,1
53796,ack,11:66:F0:00:01:3D,,0,0,1
53915,send,11:66:F0:00:01:3D,43,,1,1
53925,ack,11:66:F0:00:01:3D,,0,0,1
54204,send,11:66:F0:00:01:3D,44,,1,1
54211,ack,11:66:F0:00:01:3D,,0,0,1
54331,send,11:66:F0:00:01:3D,45,,1,1
54338,ack,11:66:F0:00:01:3D,,0,0,1
56120,send,11:66:F0:00:01:3D,46,,1,1
56129,ack,11:66:F0:00:01:3D,,0,0,1
57629,send,11:66:F0:00:01:3D,47,,1,1
57638,ack,11:66:F0:00:01:3D,,0,0,1
59137,send,11:66:F0:00:01:3D,48,,1,1
59144,ack,11:66:F0:00:01:3D,,0,0,1
60644,send,11:66:F0:00:01:3D,49,,1,1
60653,ack,11:66:F0:00:01:3D,,0,0,1
62155,send,11:66:F0:00:01:3D,50,,1,1
62163,ack,11:66:F0:00:01:3D,,0,0,1
63665,send,11:66:F0:00:01:3D,51,,1,1
63673,ack,11:66:F0:00:01:3D,,0,0,1
65174,send,11:66:F0:00:01:3D,52,,1,1
65181,ack,11:66:F0:00:01:3D,,0,0,1
66682,send,11:66:F0:00:01:3D,53,,1,1
66691,ack,11:66:F0:00:01:3D,,0,0,1
68189,send,11:66:F0:00:01:3D,54,,1,1
68198,ack,11:66:F0:00:01:3D,,0,0,1
69695,send,11:66:F0:00:01:3D,55,,1,1
69703,ack,11:66:F0:00:01:3D,,0,0,1
71203,send,11:66:F0:00:01:3D,56,,1,1
71206,ack,11:66:F0:00:01:3D,,0,0,1
72709,send,11:66:F0:00:01:3D,57,,1,1
72718,ack,11:66:F0:00:01:3D,,0,0,1
74214,send,11:66:F0:00:01:3D,58,,1,1
74220,ack,11:66:F0:00:01:3D,,0,0,1
75719,send,11:66:F0:00:01:3D,59,,1,1
75727,ack,11:66:F0:00:01:3D,,0,0,1
77227,send,11:66:F0:00:01:3D,60,,1,1
77235,ack,11:66:F0:00:01:3D,,0,0,1
78735,send,11:66:F0:00:01:3D,61,,1,1
78742,ack,11:66:F0:00:01:3D,,0,0,1
80244,send,11:66:F0:00:01:3D,62,,1,1
80254,ack,11:66:F0:00:01:3D,,0,0,1
81754,send,11:66:F0:00:01:3D,63,,1,1
81764,ack,11:66:F0:00:01:3D,,0,0,1
83263,send,11:66:F0:00:01:3D,64,,1,1
83273,ack,11:66:F0:00:01:3D,,0,0,1
84770,send,11:66:F0:00:01:3D,65,,1,1
84777,ack,11:66:F0:00:01:3D,,0,0,1
86277,send,11:66:F0:00:01:3D,66,,1,1
86283,ack,11:66:F0:00:01:3D,,0,0,1
87785,send,11:66:F0:00:01:3D,67,,1,1
87793,ack,11:66:F0:00:01:3D,,0,0,1
89291,send,11:66:F0:00:01:3D,68,,1,1
89300,ack,11:66:F0:00:01:3D,,0,0,1
90799,send,11:66:F0:00:01:3D,69,,1,1
90808,ack,11:66:F0:00:01:3D,,0,0,1
92307,send,11:66:F0:00:01:3D,70,,1,1
92315,ack,11:66:F0:00:01:3D,,0,0,1
93815,send,11:66:F0:00:01:3D,71,,1,1
93824,ack,11:66:F0:00:01:3D,,0,0,1
95322,send,11:66:F0:00:01:3D,72,,1,1
95330,ack,11:66:F0:00:01:3D,,0,0,1
96829,send,11:66:F0:00:01:3D,73,,1,1
96836,ack,11:66:F0:00:01:3D,,0,0,1
98335,send,11:66:F0:00:01:3D,74,,1,1
98344,ack,11:66:F0:00:01:3D,,0,0,1
99842,send,11:66:F0:00:01:3D,75,,1,1
99853,ack,11:66:F0:00:01:3D,,0,0,1
101362,send,11:66:F0:00:01:3D,76,,1,1
101368,ack,11:66:F0:00:01:3D,,0,0,1
102867,send,11:66:F0:00:01:3D,77,,1,1
102877,ack,11:66:F0:00:01:3D,,0,0,1
104376,send,11:66:F0:00:01:3D,78,,1,1
104384,ack,11:66:F0:00:01:3D,,0,0,1
105883,send,11:66:F0:00:01:3D,79,,1,1
105893,ack,11:66:F0:00:01:3D,,0,0,1
106894,send,11:66:F0:00:01:3D,80,,1,1
106903,ack,11:66:F0:00:01:3D,,0,0,1
107900,send,11:66:F0:00:01:3D,81,,1,1
107907,ack,11:66:F0:00:01:3D,,0,0,1
108907,send,11:66:F0:00:01:3D,82,,1,1
108914,ack,11:66:F0:00:01:3D,,0,0,1
109914,send,11:66:F0:00:01:3D,83,,1,1
109922,ack,11:66:F0:00:01:3D,,0,0,1
110921,send,11:66:F0:00:01:3D,84,,1,1
110929,ack,11:66:F0:00:01:3D,,0,0,1
111928,send,11:66:F0:00:01:3D,85,,1,1
111933,ack,11:66:F0:00:01:3D,,0,0,1
112932,send,11:66:F0:00:01:3D,86,,1,1
112939,ack,11:66:F0:00:01:3D,,0,0,1
113940,send,11:66:F0:00:01:3D,87,,1,1
113947,ack,11:66:F0:00:01:3D,,0,0,1
114946,send,11:66:F0:00:01:3D,88,,1,1
114955,ack,11:66:F0:00:01:3D,,0,0,1
116454,send,11:66:F0:00:01:3D,89,,1,1
116457,send,11:66:F0:00:01:3D,90,,2,1
116458,ack,11:66:F0:00:01:3D,,0,1,1
116516,ack,11:66:F0:00:01:3D,,0,0,1
117958,send,11:66:F0:00:01:3D,91,,1,1
117965,send,11:66:F0:00:01:3D,92,,2,1
117967,ack,11:66:F0:00:01:3D,,0,1,1
118029,ack,11:66:F0:00:01:3D,,0,0,1
119467,send,11:66:F0:00:01:3D,93,,1,1
119473,send,11:66:F0:00:01:3D,94,,2,1
119474,ack,11:66:F0:00:01:3D,,0,1,1
119532,ack,11:66:F0:00:01:3D,,0,0,1
120974,send,11:66:F0:00:01:3D,95,,1,1
120982,send,11:66:F0:00:01:3D,96,,2,1
120983,ack,11:66:F0:00:01:3D,,0,1,1
121042,ack,11:66:F0:00:01:3D,,0,0,1
122483,send,11:66:F0:00:01:3D,97,,1,1
122490,send,11:66:F0:00:01:3D,98,,2,1
122492,ack,11:66:F0:00:01:3D,,0,1,1
122550,ack,11:66:F0:00:01:3D,,0,0,1
123991,send,11:66:F0:00:01:3D,99,,1,1
123998,send,11:66:F0:00:01:3D,100,,2,1
123999,ack,11:66:F0:00:01:3D,,0,1,1
124058,ack,11:66:F0:00:01:3D,,0,0,1
125500,send,11:66:F0:00:01:3D,101,,1,1
125508,send,11:66:F0:00:01:3D,102,,2,1
125511,ack,11:66:F0:00:01:3D,,0,1,1
125570,ack,11:66:F0:00:01:3D,,0,0,1
127010,send,11:66:F0:00:01:3D,103,,1,1
127016,send,11:66:F0:00:01:3D,104,,2,1
127016,ack,11:66:F0:00:01:3D,,0,1,1
127075,ack,11:66:F0:00:01:3D,,0,0,1
128519,send,11:66:F0:00:01:3D,105,,1,1
128527,send,11:66:F0:00:01:3D,106,,2,1
128528,ack,11:66:F0:00:01:3D,,0,1,1
128585,ack,11:66:F0:00:01:3D,,0,0,1
130028,send,11:66:F0:00:01:3D,107,,1,1
130035,send,11:66:F0:00:01:3D,108,,2,1
130036,ack,11:66:F0:00:01:3D,,0,1,1
130097,ack,11:66:F0:00:01:3D,,0,0,1
131536,send,11:66:F0:00:01:3D,109,,1,1
131544,send,11:66:F0:00:01:3D,110,,2,1
131544,ack,11:66:F0:00:01:3D,,0,1,1
131605,ack,11:66:F0:00:01:3D,,0,0,1
133045,send,11:66:F0:00:01:3D,111,,1,1
133053,send,11:66:F0:00:01:3D,112,,2,1
133054,ack,11:66:F0:00:01:3D,,0,1,1
133116,ack,11:66:F0:00:01:3D,,0,0,1
134554,send,11:66:F0:00:01:3D,113,,1,1
134563,ack,11:66:F0:00:01:3D,,0,0,1
134563,send,11:66:F0:00:01:3D,114,,1,1
134622,ack,11:66:F0:00:01:3D,,0,0,1
136065,send,11:66:F0:00:01:3D,115,,1,1
136072,send,11:66:F0:00:01:3D,116,,2,1
136072,ack,11:66:F0:00:01:3D,,0,1,1
136133,ack,11:66:F0:00:01:3D,,0,0,1
137573,send,11:66:F0:00:01:3D,117,,1,1
137580,send,11:66:F0:00:01:3D,118,,2,1
137582,ack,11:66:F0:00:01:3D,,0,1,1
137642,ack,11:66:F0:00:01:3D,,0,0,1
139081,send,11:66:F0:00:01:3D,119,,1,1
139088,send,11:66:F0:00:01:3D,120,,2,1
139090,ack,11:66:F0:00:01:3D,,0,1,1
139151,ack,11:66:F0:00:01:3D,,0,0,1
140589,send,11:66:F0:00:01:3D,121,,1,1
140596,send,11:66:F0:00:01:3D,122,,2,1
140597,ack,11:66:F0:00:01:3D,,0,1,1
140657,ack,11:66:F0:00:01:3D,,0,0,1
142097,send,11:66:F0:00:01:3D,123,,1,1
142102,send,11:66:F0:00:01:3D,124,,2,1
142105,ack,11:66:F0:00:01:3D,,0,1,1
142165,ack,11:66:F0:00:01:3D,,0,0,1
143604,send,11:66:F0:00:01:3D,125,,1,1
143611,send,11:66:F0:00:01:3D,126,,2,1
143613,ack,11:66:F0:00:01:3D,,0,1,1
143673,ack,11:66:F0:00:01:3D,,0,0,1
145112,send,11:66:F0:00:01:3D,127,,1,1
145118,send,11:66:F0:00:01:3D,128,,2,1
145119,ack,11:66:F0:00:01:3D,,0,1,1
145179,ack,11:66:F0:00:01:3D,,0,0,1
146620,send,11:66:F0:00:01:3D,129,,1,1
146627,send,11:66:F0:00:01:3D,130,,2,1
146628,ack,11:66:F0:00:01:3D,,0,1,1
146687,ack,11:66:F0:00:01:3D,,0,0,1
147628,send,11:66:F0:00:01:3D,131,,1,1
147634,ack,11:66:F0:00:01:3D,,0,0,1
147754,send,11:66:F0:00:01:3D,132,,1,1
147763,ack,11:66:F0:00:01:3D,,0,0,1
148041,send,11:66:F0:00:01:3D,133,,1,1
148048,ack,11:66:F0:00:01:3D,,0,0,1
148169,send,11:66:F0:00:01:3D,134,,1,1
148178,ack,11:66:F0:00:01:3D,,0,0,1
148455,send,11:66:F0:00:01:3D,135,,1,1
148464,ack,11:66:F0:00:01:3D,,0,0,1
148583,send,11:66:F0:00:01:3D,136,,1,1
148592,ack,11:66:F0:00:01:3D,,0,0,1
150372,send,11:66:F0:00:01:3D,137,,1,1
150381,ack,11:66:F0:00:01:3D,,0,0,1
151880,send,11:66:F0:00:01:3D,138,,1,1
151890,ack,11:66:F0:00:01:3D,,0,0,1
153388,send,11:66:F0:00:01:3D,139,,1,1
153397,ack,11:66:F0:00:01:3D,,0,0,1
154896,send,11:66:F0:00:01:3D,140,,1,1
154903,ack,11:66:F0:00:01:3D,,0,0,1
156403,send,11:66:F0:00:01:3D,141,,1,1
156410,ack,11:66:F0:00:01:3D,,0,0,1
157910,send,11:66:F0:00:01:3D,142,,1,1
157920,ack,11:66:F0:00:01:3D,,0,0,1
159419,send,11:66:F0:00:01:3D,143,,1,1
159427,ack,11:66:F0:00:01:3D,,0,0,1
160926,send,11:66:F0:00:01:3D,144,,1,1
160935,ack,11:66:F0:00:01:3D,,0,0,1
162434,send,11:66:F0:00:01:3D,145,,1,1
162441,ack,11:66:F0:00:01:3D,,0,0,1
163945,send,11:66:F0:00:01:3D,146,,1,1
163953,ack,11:66:F0:00:01:3D,,0,0,1
165451,send,11:66:F0:00:01:3D,147,,1,1
165460,ack,11:66:F0:00:01:3D,,0,0,1
166959,send,11:66:F0:00:01:3D,148,,1,1
166965,ack,11:66:F0:00:01:3D,,0,0,1
168462,send,11:66:F0:00:01:3D,149,,1,1
168470,ack,11:66:F0:00:01:3D,,0,0,1
169967,send,11:66:F0:00:01:3D,150,,1,1
169974,ack,11:66:F0:00:01:3D,,0,0,1
171476,send,11:66:F0:00:01:3D,151,,1,1
171486,ack,11:66:F0:00:01:3D,,0,0,1
172986,send,11:66:F0:00:01:3D,152,,1,1
172994,ack,11:66:F0:00:01:3D,,0,0,1
174493,send,11:66:F0:00:01:3D,153,,1,1
174502,ack,11:66:F0:00:01:3D,,0,0,1
176001,send,11:66:F0:00:01:3D,154,,1,1
176009,ack,11:66:F0:00:01:3D,,0,0,1
177508,send,11:66:F0:00:01:3D,155,,1,1
177515,ack,11:66:F0:00:01:3D,,0,0,1
179014,send,11:66:F0:00:01:3D,156,,1,1
179022,ack,11:66:F0:00:01:3D,,0,0,1
180520,send,11:66:F0:00:01:3D,157,,1,1
180527,ack,11:66:F0:00:01:3D,,0,0,1
182027,send,11:66:F0:00:01:3D,158,,1,1
182035,ack,11:66:F0:00:01:3D,,0,0,1
183539,send,11:66:F0:00:01:3D,159,,1,1
183546,ack,11:66:F0:00:01:3D,,0,0,1
185045,send,11:66:F0:00:01:3D,160,,1,1
185053,ack,11:66:F0:00:01:3D,,0,0,1
186551,send,11:66:F0:00:01:3D,161,,1,1
186556,ack,11:66:F0:00:01:3D,,0,0,1
188055,send,11:66:F0:00:01:3D,162,,1,1
188065,ack,11:66:F0:00:01:3D,,0,0,1
189563,send,11:66:F0:00:01:3D,163,,1,1
189569,ack,11:66:F0:00:01:3D,,0,0,1
191069,send,11:66:F0:00:01:3D,164,,1,1
191078,ack,11:66:F0:00:01:3D,,0,0,1
192578,send,11:66:F0:00:01:3D,165,,1,1
192586,ack,11:66:F0:00:01:3D,,0,0,1
194085,send,11:66:F0:00:01:3D,166,,1,1
194091,ack,11:66:F0:00:01:3D,,0,0,1
195591,send,11:66:F0:00:01:3D,167,,1,1
195598,ack,11:66:F0:00:01:3D,,0,0,1
197097,send,11:66:F0:00:01:3D,168,,1,1
197101,ack,11:66:F0:00:01:3D,,0,0,1
198601,send,11:66:F0:00:01:3D,169,,1,1
198605,ack,11:66:F0:00:01:3D,,0,0,1
200104,send,11:66:F0:00:01:3D,170,,1,1
200112,ack,11:66:F0:00:01:3D,,0,0,1
201611,send,11:66:F0:00:01:3D,171,,1,1
201618,ack,11:66:F0:00:01:3D,,0,0,1
203116,send,11:66:F0:00:01:3D,172,,1,1
203121,ack,11:66:F0:00:01:3D,,0,0,1
204621,send,11:66:F0:00:01:3D,173,,1,1
204628,ack,11:66:F0:00:01:3D,,0,0,1
206127,send,11:66:F0:00:01:3D,174,,1,1
206135,ack,11:66:F0:00:01:3D,,0,0,1
207135,send,11:66:F0:00:01:3D,175,,1,1
207141,ack,11:66:F0:00:01:3D,,0,0,1
207261,send,11:66:F0:00:01:3D,176,,1,1
207268,ack,11:66:F0:00:01:3D,,0,0,1
207548,send,11:66:F0:00:01:3D,177,,1,1
207555,ack,11:66:F0:00:01:3D,,0,0,1
207676,send,11:66:F0:00:01:3D,178,,1,1
207683,ack,11:66:F0:00:01:3D,,0,0,1
207963,send,11:66:F0:00:01:3D,179,,1,1
207967,ack,11:66:F0:00:01:3D,,0,0,1
208086,send,11:66:F0:00:01:3D,180,,1,1
208090,ack,11:66:F0:00:01:3D,,0,0,1
209872,send,11:66:F0:00:01:3D,181,,1,1
209881,ack,11:66:F0:00:01:3D,,0,0,1
210481,send,11:66:F0:00:01:3D,182,,1,1
210489,ack,11:66:F0:00:01:3D,,0,0,1
211986,send,11:66:F0:00:01:3D,183,,1,1
211995,ack,11:66:F0:00:01:3D,,0,0,1
213493,send,11:66:F0:00:01:3D,184,,1,1
213504,ack,11:66:F0:00:01:3D,,0,0,1
215003,send,11:66:F0:00:01:3D,185,,1,1
215012,ack,11:66:F0:00:01:3D,,0,0,1
216511,send,11:66:F0:00:01:3D,186,,1,1
216520,ack,11:66:F0:00:01:3D,,0,0,1
218020,send,11:66:F0:00:01:3D,187,,1,1
218031,ack,11:66:F0:00:01:3D,,0,0,1
218630,send,11:66:F0:00:01:3D,188,,1,1
218639,ack,11:66:F0:00:01:3D,,0,0,1
220137,send,11:66:F0:00:01:3D,189,,1,1
220143,ack,11:66:F0:00:01:3D,,0,0,1
221643,send,11:66:F0:00:01:3D,190,,1,1
221650,ack,11:66:F0:00:01:3D,,0,0,1
223149,send,11:66:F0:00:01:3D,191,,1,1
223157,ack,11:66:F0:00:01:3D,,0,0,1
224657,send,11:66:F0:00:01:3D,192,,1,1
224670,ack,11:66:F0:00:01:3D,,0,0,1
226166,send,11:66:F0:00:01:3D,193,,1,1
226171,ack,11:66:F0:00:01:3D,,0,0,1
226771,send,11:66:F0:00:01:3D,194,,1,1
226780,ack,11:66:F0:00:01:3D,,0,0,1
228278,send,11:66:F0:00:01:3D,195,,1,1
228287,ack,11:66:F0:00:01:3D,,0,0,1
229785,send,11:66:F0:00:01:3D,196,,1,1
229791,ack,11:66:F0:00:01:3D,,0,0,1
231291,send,11:66:F0:00:01:3D,197,,1,1
231299,ack,11:66:F0:00:01:3D,,0,0,1
232798,send,11:66:F0:00:01:3D,198,,1,1
232803,ack,11:66:F0:00:01:3D,,0,0,1
234302,send,11:66:F0:00:01:3D,199,,1,1
234310,ack,11:66:F0:00:01:3D,,0,0,1
234911,send,11:66:F0:00:01:3D,200,,1,1
234921,ack,11:66:F0:00:01:3D,,0,0,1
236419,send,11:66:F0:00:01:3D,201,,1,1
236425,ack,11:66:F0:00:01:3D,,0,0,1
237925,send,11:66:F0:00:01:3D,202,,1,1
237933,ack,11:66:F0:00:01:3D,,0,0,1
239433,send,11:66:F0:00:01:3D,203,,1,1
239439,ack,11:66:F0:00:01:3D,,0,0,1
240938,send,11:66:F0:00:01:3D,204,,1,1
240946,ack,11:66:F0:00:01:3D,,0,0,1
242446,send,11:66:F0:00:01:3D,205,,1,1
242453,ack,11:66:F0:00:01:3D,,0,0,1
243054,send,11:66:F0:00:01:3D,206,,1,1
243062,ack,11:66:F0:00:01:3D,,0,0,1
244561,send,11:66:F0:00:01:3D,207,,1,1
244570,ack,11:66:F0:00:01:3D,,0,0,1
246069,send,11:66:F0:00:01:3D,208,,1,1
246078,ack,11:66:F0:00:01:3D,,0,0,1
247578,send,11:66:F0:00:01:3D,209,,1,1
247586,ack,11:66:F0:00:01:3D,,0,0,1
249086,send,11:66:F0:00:01:3D,210,,1,1
249097,ack,11:66:F0:00:01:3D,,0,0,1
250595,send,11:66:F0:00:01:3D,211,,1,1
250604,ack,11:66:F0:00:01:3D,,0,0,1
251005,send,11:66:F0:00:01:3D,212,,1,1
251012,ack,11:66:F0:00:01:3D,,0,0,1
252011,send,11:66:F0:00:01:3D,213,,1,1
252018,ack,11:66:F0:00:01:3D,,0,0,1
252138,send,11:66:F0:00:01:3D,214,,1,1
252145,ack,11:66:F0:00:01:3D,,0,0,1
252424,send,11:66:F0:00:01:3D,215,,1,1
252434,ack,11:66:F0:00:01:3D,,0,0,1
252553,send,11:66:F0:00:01:3D,216,,1,1
252559,ack,11:66:F0:00:01:3D,,0,0,1
252840,send,11:66:F0:00:01:3D,217,,1,1
252849,ack,11:66:F0:00:01:3D,,0,0,1
252968,send,11:66:F0:00:01:3D,218,,1,1
252976,ack,11:66:F0:00:01:3D,,0,0,1
254755,send,11:66:F0:00:01:3D,219,,1,1
254759,ack,11:66:F0:00:01:3D,,0,0,1
255558,send,11:66:F0:00:01:3D,220,,1,1
255568,ack,11:66:F0:00:01:3D,,0,0,1
257067,send,11:66:F0:00:01:3D,221,,1,1
257076,ack,11:66:F0:00:01:3D,,0,0,1
258576,send,11:66:F0:00:01:3D,222,,1,1
258584,ack,11:66:F0:00:01:3D,,0,0,1
260083,send,11:66:F0:00:01:3D,223,,1,1
260093,ack,11:66:F0:00:01:3D,,0,0,1
261594,send,11:66:F0:00:01:3D,224,,1,1
261602,ack,11:66:F0:00:01:3D,,0,0,1
263102,send,11:66:F0:00:01:3D,225,,1,1
263108,ack,11:66:F0:00:01:3D,,0,0,1
264607,send,11:66:F0:00:01:3D,226,,1,1
264615,ack,11:66:F0:00:01:3D,,0,0,1
266113,send,11:66:F0:00:01:3D,227,,1,1
266123,ack,11:66:F0:00:01:3D,,0,0,1
267621,send,11:66:F0:00:01:3D,228,,1,1
267629,ack,11:66:F0:00:01:3D,,0,0,1
269130,send,11:66:F0:00:01:3D,229,,1,1
269138,ack,11:66:F0:00:01:3D,,0,0,1
270636,send,11:66:F0:00:01:3D,230,,1,1
270645,ack,11:66:F0:00:01:3D,,0,0,1
272143,send,11:66:F0:00:01:3D,231,,1,1
272152,ack,11:66:F0:00:01:3D,,0,0,1
273650,send,11:66:F0:00:01:3D,232,,1,1
273658,ack,11:66:F0:00:01:3D,,0,0,1
275158,send,11:66:F0:00:01:3D,233,,1,1
275166,ack,11:66:F0:00:01:3D,,0,0,1
276666,send,11:66:F0:00:01:3D,234,,1,1
276676,ack,11:66:F0:00:01:3D,,0,0,1
278175,send,11:66:F0:00:01:3D,235,,1,1
278182,ack,11:66:F0:00:01:3D,,0,0,1
279682,send,11:66:F0:00:01:3D,236,,1,1
279690,ack,11:66:F0:00:01:3D,,0,0,1
281190,send,11:66:F0:00:01:3D,237,,1,1
281196,ack,11:66:F0:00:01:3D,,0,0,1
282699,send,11:66:F0:00:01:3D,238,,1,1
282708,ack,11:66:F0:00:01:3D,,0,0,1
284208,send,11:66:F0:00:01:3D,239,,1,1
284218,ack,11:66:F0:00:01:3D,,0,0,1
285716,send,11:66:F0:00:01:3D,240,,1,1
285726,ack,11:66:F0:00:01:3D,,0,0,1
287225,send,11:66:F0:00:01:3D,241,,1,1
287233,ack,11:66:F0:00:01:3D,,0,0,1
288733,send,11:66:F0:00:01:3D,242,,1,1
288741,ack,11:66:F0:00:01:3D,,0,0,1
290240,send,11:66:F0:00:01:3D,243,,1,1
290247,ack,11:66:F0:00:01:3D,,0,0,1
291757,send,11:66:F0:00:01:3D,244,,1,1
291764,ack,11:66:F0:00:01:3D,,0,0,1
293264,send,11:66:F0:00:01:3D,245,,1,1
293272,ack,11:66:F0:00:01:3D,,0,0,1
294272,send,11:66:F0:00:01:3D,246,,1,1
294279,ack,11:66:F0:00:01:3D,,0,0,1
294396,send,11:66:F0:00:01:3D,247,,1,1
294401,ack,11:66:F0:00:01:3D,,0,0,1
294682,send,11:66:F0:00:01:3D,248,,1,1
294692,ack,11:66:F0:00:01:3D,,0,0,1
294811,send,11:66:F0:00:01:3D,249,,1,1
294817,ack,11:66:F0:00:01:3D,,0,0,1
295096,send,11:66:F0:00:01:3D,250,,1,1
295104,ack,11:66:F0:00:01:3D,,0,0,1
295225,send,11:66:F0:00:01:3D,251,,1,1
295234,ack,11:66:F0:00:01:3D,,0,0,1
297014,send,11:66:F0:00:01:3D,252,,1,1
297021,ack,11:66:F0:00:01:3D,,0,0,1
298820,send,11:66:F0:00:01:3D,253,,1,1
298827,ack,11:66:F0:00:01:3D,,0,0,1
300626,send,11:66:F0:00:01:3D,254,,1,1
300634,ack,11:66:F0:00:01:3D,,0,0,1
302434,send,11:66:F0:00:01:3D,255,,1,1
302441,ack,11:66:F0:00:01:3D,,0,0,1
304242,send,11:66:F0:00:01:3D,256,,1,1
304251,ack,11:66:F0:00:01:3D,,0,0,1
306049,send,11:66:F0:00:01:3D,257,,1,1
306054,ack,11:66:F0:00:01:3D,,0,0,1
307855,send,11:66:F0:00:01:3D,258,,1,1
307864,ack,11:66:F0:00:01:3D,,0,0,1
309662,send,11:66:F0:00:01:3D,259,,1,1
309671,ack,11:66:F0:00:01:3D,,0,0,1
311471,send,11:66:F0:00:01:3D,260,,1,1
311478,ack,11:66:F0:00:01:3D,,0,0,1
313279,send,11:66:F0:00:01:3D,261,,1,1
313285,ack,11:66:F0:00:01:3D,,0,0,1
315086,send,11:66:F0:00:01:3D,262,,1,1
315094,ack,11:66:F0:00:01:3D,,0,0,1
316893,send,11:66:F0:00:01:3D,263,,1,1
316902,ack,11:66:F0:00:01:3D,,0,0,1
318702,send,11:66:F0:00:01:3D,264,,1,1
318707,ack,11:66:F0:00:01:3D,,0,0,1
320507,send,11:66:F0:00:01:3D,265,,1,1
320514,ack,11:66:F0:00:01:3D,,0,0,1
322315,send,11:66:F0:00:01:3D,266,,1,1
322322,ack,11:66:F0:00:01:3D,,0,0,1
324123,send,11:66:F0:00:01:3D,267,,1,1
324129,ack,11:66:F0:00:01:3D,,0,0,1
325929,send,11:66:F0:00:01:3D,268,,1,1
325936,ack,11:66:F0:00:01:3D,,0,0,1
327738,send,11:66:F0:00:01:3D,269,,1,1
327747,ack,11:66:F0:00:01:3D,,0,0,1
329544,send,11:66:F0:00:01:3D,270,,1,1
329550,ack,11:66:F0:00:01:3D,,0,0,1
331351,send,11:66:F0:00:01:3D,271,,1,1
331358,ack,11:66:F0:00:01:3D,,0,0,1
333157,send,11:66:F0:00:01:3D,272,,1,1
333165,ack,11:66:F0:00:01:3D,,0,0,1
334965,send,11:66:F0:00:01:3D,273,,1,1
334972,ack,11:66:F0:00:01:3D,,0,0,1
336772,send,11:66:F0:00:01:3D,274,,1,1
336780,ack,11:66:F0:00:01:3D,,0,0,1
338579,send,11:66:F0:00:01:3D,275,,1,1
338590,ack,11:66:F0:00:01:3D,,0,0,1
340387,send,11:66:F0:00:01:3D,276,,1,1
340395,ack,11:66:F0:00:01:3D,,0,0,1
341397,send,11:66:F0:00:01:3D,277,,1,1
341406,ack,11:66:F0:00:01:3D,,0,0,1
341525,send,11:66:F0:00:01:3D,278,,1,1
341533,ack,11:66:F0:00:01:3D,,0,0,1
341813,send,11:66:F0:00:01:3D,279,,1,1
341820,ack,11:66:F0:00:01:3D,,0,0,1
341940,send,11:66:F0:00:01:3D,280,,1,1
341944,ack,11:66:F0:00:01:3D,,0,0,1
342225,send,11:66:F0:00:01:3D,281,,1,1
342231,ack,11:66:F0:00:01:3D,,0,0,1
342349,send,11:66:F0:00:01:3D,282,,1,1
342353,ack,11:66:F0:00:01:3D,,0,0,1
344136,send,11:66:F0:00:01:3D,283,,1,1
344145,ack,11:66:F0:00:01:3D,,0,0,1
345344,send,11:66:F0:00:01:3D,284,,1,1
345351,ack,11:66:F0:00:01:3D,,0,0,1
346552,send,11:66:F0:00:01:3D,285,,1,1
346559,ack,11:66:F0:00:01:3D,,0,0,1
347760,send,11:66:F0:00:01:3D,286,,1,1
347767,ack,11:66:F0:00:01:3D,,0,0,1
348967,send,11:66:F0:00:01:3D,287,,1,1
348975,ack,11:66:F0:00:01:3D,,0,0,1
350176,send,11:66:F0:00:01:3D,288,,1,1
350185,ack,11:66:F0:00:01:3D,,0,0,1
351385,send,11:66:F0:00:01:3D,289,,1,1
351396,ack,11:66:F0:00:01:3D,,0,0,1
352594,send,11:66:F0:00:01:3D,290,,1,1
352603,ack,11:66:F0:00:01:3D,,0,0,1
353802,send,11:66:F0:00:01:3D,291,,1,1
353806,ack,11:66:F0:00:01:3D,,0,0,1
355007,send,11:66:F0:00:01:3D,292,,1,1
355014,ack,11:66:F0:00:01:3D,,0,0,1
356214,send,11:66:F0:00:01:3D,293,,1,1
356221,ack,11:66:F0:00:01:3D,,0,0,1
357422,send,11:66:F0:00:01:3D,294,,1,1
357430,ack,11:66:F0:00:01:3D,,0,0,1
358629,send,11:66:F0:00:01:3D,295,,1,1
358637,ack,11:66:F0:00:01:3D,,0,0,1
359836,send,11:66:F0:00:01:3D,296,,1,1
359844,ack,11:66:F0:00:01:3D,,0,0,1
361045,send,11:66:F0:00:01:3D,297,,1,1
361054,ack,11:66:F0:00:01:3D,,0,0,1
362254,send,11:66:F0:00:01:3D,298,,1,1
362262,ack,11:66:F0:00:01:3D,,0,0,1
363462,send,11:66:F0:00:01:3D,299,,1,1
363470,ack,11:66:F0:00:01:3D,,0,0,1
364669,send,11:66:F0:00:01:3D,300,,1,1
364678,ack,11:66:F0:00:01:3D,,0,0,1
365878,send,11:66:F0:00:01:3D,301,,1,1
365881,ack,11:66:F0:00:01:3D,,0,0,1
367081,send,11:66:F0:00:01:3D,302,,1,1
367091,ack,11:66:F0:00:01:3D,,0,0,1
368290,send,11:66:F0:00:01:3D,303,,1,1
368298,ack,11:66:F0:00:01:3D,,0,0,1
369497,send,11:66:F0:00:01:3D,304,,1,1
369505,ack,11:66:F0:00:01:3D,,0,0,1
370705,send,11:66:F0:00:01:3D,305,,1,1
370713,ack,11:66:F0:00:01:3D,,0,0,1
371922,send,11:66:F0:00:01:3D,306,,1,1
371928,ack,11:66:F0:00:01:3D,,0,0,1
373129,send,11:66:F0:00:01:3D,307,,1,1
373134,send,11:66:F0:00:01:3D,308,,2,1
373134,send,11:66:F0:00:01:3D,309,,3,1
373135,send,11:66:F0:00:01:3D,310,,4,1
373135,ack,11:66:F0:00:01:3D,,0,3,1
373135,send,11:66:F0:00:01:3D,311,,4,1
373136,send,11:66:F0:00:01:3D,312,,5,1
373136,send,11:66:F0:00:01:3D,313,,6,1
373136,send,11:66:F0:00:01:3D,314,,7,1
373136,send,11:66:F0:00:01:3D,315,,8,1
373137,send,11:66:F0:00:01:3D,316,,9,1
373137,send,11:66:F0:00:01:3D,317,,10,1
373137,send,11:66:F0:00:01:3D,318,,11,1
373138,send,11:66:F0:00:01:3D,319,,12,1
373138,send,11:66:F0:00:01:3D,320,,13,1
373138,send,11:66:F0:00:01:3D,321,,14,1
373139,send,11:66:F0:00:01:3D,322,,15,1
373139,send,11:66:F0:00:01:3D,323,,16,1
373139,send,11:66:F0:00:01:3D,324,,17,1
373139,send,11:66:F0:00:01:3D,325,,18,1
373140,send,11:66:F0:00:01:3D,326,,19,1
373140,send,11:66:F0:00:01:3D,327,,20,1
373140,send,11:66:F0:00:01:3D,328,,21,1
373141,send,11:66:F0:00:01:3D,329,,22,1
373141,send,11:66:F0:00:01:3D,330,,23,1
373141,send,11:66:F0:00:01:3D,331,,24,1
373141,send,11:66:F0:00:01:3D,332,,25,1
373142,send,11:66:F0:00:01:3D,333,,26,1
373142,send,11:66:F0:00:01:3D,334,,27,1
373142,send,11:66:F0:00:01:3D,335,,28,1
373142,send,11:66:F0:00:01:3D,336,,29,1
373143,send,11:66:F0:00:01:3D,337,,30,1
373143,send,11:66:F0:00:01:3D,338,,31,1
373143,send,11:66:F0:00:01:3D,339,,32,1
373143,send,11:66:F0:00:01:3D,340,,33,1
373143,send,11:66:F0:00:01:3D,341,,34,1
373144,send,11:66:F0:00:01:3D,342,,35,1
373144,send,11:66:F0:00:01:3D,343,,36,1
373144,send,11:66:F0:00:01:3D,344,,37,1
373144,send,11:66:F0:00:01:3D,345,,38,1
373145,send,11:66:F0:00:01:3D,346,,39,1
373145,send,11:66:F0:00:01:3D,347,,40,1
373145,send,11:66:F0:00:01:3D,348,,41,1
373145,send,11:66:F0:00:01:3D,349,,42,1
373146,send,11:66:F0:00:01:3D,350,,43,1
373146,send,11:66:F0:00:01:3D,351,,44,1
373146,send,11:66:F0:00:01:3D,352,,45,1
373146,send,11:66:F0:00:01:3D,353,,46,1
373147,send,11:66:F0:00:01:3D,354,,47,1
373147,send,11:66:F0:00:01:3D,355,,48,1
373147,send,11:66:F0:00:01:3D,356,,49,1
373147,send,11:66:F0:00:01:3D,357,,50,1
373148,send,11:66:F0:00:01:3D,358,,51,1
373148,send,11:66:F0:00:01:3D,359,,52,1
373148,send,11:66:F0:00:01:3D,360,,53,1
373148,send,11:66:F0:00:01:3D,361,,54,1
373149,send,11:66:F0:00:01:3D,362,,55,1
373149,send,11:66:F0:00:01:3D,363,,56,1
373149,send,11:66:F0:00:01:3D,364,,57,1
373149,send,11:66:F0:00:01:3D,365,,58,1
373149,send,11:66:F0:00:01:3D,366,,59,1
373150,send,11:66:F0:00:01:3D,367,,60,1
373150,send,11:66:F0:00:01:3D,368,,61,1
373150,send,11:66:F0:00:01:3D,369,,62,1
373150,send,11:66:F0:00:01:3D,370,,63,1
373150,send,11:66:F0:00:01:3D,371,,64,1
373150,send,11:66:F0:00:01:3D,372,,65,1
373150,send,11:66:F0:00:01:3D,373,,66,1
373151,send,11:66:F0:00:01:3D,374,,67,1
373151,send,11:66:F0:00:01:3D,375,,68,1
373151,send,11:66:F0:00:01:3D,376,,69,1
373151,send,11:66:F0:00:01:3D,377,,70,1
373151,send,11:66:F0:00:01:3D,378,,71,1
373151,send,11:66:F0:00:01:3D,379,,72,1
373151,send,11:66:F0:00:01:3D,380,,73,1
373152,send,11:66:F0:00:01:3D,381,,74,1
373152,send,11:66:F0:00:01:3D,382,,75,1
373152,send,11:66:F0:00:01:3D,383,,76,1
373152,send,11:66:F0:00:01:3D,384,,77,1
373152,send,11:66:F0:00:01:3D,385,,78,1
373152,send,11:66:F0:00:01:3D,386,,79,1
373152,send,11:66:F0:00:01:3D,387,,80,1
373152,send,11:66:F0:00:01:3D,388,,81,1
373153,send,11:66:F0:00:01:3D,389,,82,1
373153,send,11:66:F0:00:01:3D,390,,83,1
373153,send,11:66:F0:00:01:3D,391,,84,1
373153,send,11:66:F0:00:01:3D,392,,85,1
373153,send,11:66:F0:00:01:3D,393,,86,1
373153,send,11:66:F0:00:01:3D,394,,87,1
373153,send,11:66:F0:00:01:3D,395,,88,1
373154,send,11:66:F0:00:01:3D,396,,89,1
373154,send,11:66:F0:00:01:3D,397,,90,1
373154,send,11:66:F0:00:01:3D,398,,91,1
373154,send,11:66:F0:00:01:3D,399,,92,1
373154,send,11:66:F0:00:01:3D,400,,93,1
373154,send,11:66:F0:00:01:3D,401,,94,1
373154,send,11:66:F0:00:01:3D,402,,95,1
373154,send,11:66:F0:00:01:3D,403,,96,1
373154,send,11:66:F0:00:01:3D,404,,97,1
373155,send,11:66:F0:00:01:3D,405,,98,1
373155,send,11:66:F0:00:01:3D,406,,99,1
373155,send,11:66:F0:00:01:3D,407,,100,1
373155,send,11:66:F0:00:01:3D,408,,101,1
373155,send,11:66:F0:00:01:3D,409,,102,1
373155,send,11:66:F0:00:01:3D,410,,103,1
373155,send,11:66:F0:00:01:3D,411,,104,1
373156,send,11:66:F0:00:01:3D,412,,105,1
373156,send,11:66:F0:00:01:3D,413,,106,1
373156,send,11:66:F0:00:01:3D,414,,107,1
373156,send,11:66:F0:00:01:3D,415,,108,1
373156,send,11:66:F0:00:01:3D,416,,109,1
373156,send,11:66:F0:00:01:3D,417,,110,1
373156,send,11:66:F0:00:01:3D,418,,111,1
373156,send,11:66:F0:00:01:3D,419,,112,1
373156,send,11:66:F0:00:01:3D,420,,113,1
373157,send,11:66:F0:00:01:3D,421,,114,1
373157,send,11:66:F0:00:01:3D,422,,115,1
373157,send,11:66:F0:00:01:3D,423,,116,1
373157,send,11:66:F0:00:01:3D,424,,117,1
373157,send,11:66:F0:00:01:3D,425,,118,1
373157,send,11:66:F0:00:01:3D,426,,119,1
373157,send,11:66:F0:00:01:3D,427,,120,1
373157,send,11:66:F0:00:01:3D,428,,121,1
373157,send,11:66:F0:00:01:3D,429,,122,1
373157,send,11:66:F0:00:01:3D,430,,123,1
373158,send,11:66:F0:00:01:3D,431,,124,1
373158,send,11:66:F0:00:01:3D,432,,125,1
373158,send,11:66:F0:00:01:3D,433,,126,1
373158,send,11:66:F0:00:01:3D,434,,127,1
373158,send,11:66:F0:00:01:3D,435,,128,1
373158,send,11:66:F0:00:01:3D,436,,129,1
373158,send,11:66:F0:00:01:3D,437,,130,1
373158,send,11:66:F0:00:01:3D,438,,131,1
373158,send,11:66:F0:00:01:3D,439,,132,1
373158,send,11:66:F0:00:01:3D,440,,133,1
373158,send,11:66:F0:00:01:3D,441,,134,1
373159,send,11:66:F0:00:01:3D,442,,135,1
373159,send,11:66:F0:00:01:3D,443,,136,1
373159,send,11:66:F0:00:01:3D,444,,137,1
373159,send,11:66:F0:00:01:3D,445,,138,1
373159,send,11:66:F0:00:01:3D,446,,139,1
373159,send,11:66:F0:00:01:3D,447,,140,1
373159,send,11:66:F0:00:01:3D,448,,141,1
373159,send,11:66:F0:00:01:3D,449,,142,1
373159,send,11:66:F0:00:01:3D,450,,143,1
373159,send,11:66:F0:00:01:3D,451,,144,1
373159,send,11:66:F0:00:01:3D,452,,145,1
373160,send,11:66:F0:00:01:3D,453,,146,1
373160,send,11:66:F0:00:01:3D,454,,147,1
373160,send,11:66:F0:00:01:3D,455,,148,1
373160,send,11:66:F0:00:01:3D,456,,149,1
373160,send,11:66:F0:00:01:3D,457,,150,1
373160,send,11:66:F0:00:01:3D,458,,151,1
373160,send,11:66:F0:00:01:3D,459,,152,1
373160,send,11:66:F0:00:01:3D,460,,153,1
373160,send,11:66:F0:00:01:3D,461,,154,1
373160,send,11:66:F0:00:01:3D,462,,155,1
373160,send,11:66:F0:00:01:3D,463,,156,1
373160,send,11:66:F0:00:01:3D,464,,157,1
373161,send,11:66:F0:00:01:3D,465,,158,1
373161,send,11:66:F0:00:01:3D,466,,159,1
373161,send,11:66:F0:00:01:3D,467,,160,1
373161,send,11:66:F0:00:01:3D,468,,161,1
373161,send,11:66:F0:00:01:3D,469,,162,1
373161,send,11:66:F0:00:01:3D,470,,163,1
373161,send,11:66:F0:00:01:3D,471,,164,1
373161,send,11:66:F0:00:01:3D,472,,165,1
373161,send,11:66:F0:00:01:3D,473,,166,1
373161,send,11:66:F0:00:01:3D,474,,167,1
373162,send,11:66:F0:00:01:3D,475,,168,1
373162,send,11:66:F0:00:01:3D,476,,169,1
373162,send,11:66:F0:00:01:3D,477,,170,1
373162,send,11:66:F0:00:01:3D,478,,171,1
373162,send,11:66:F0:00:01:3D,479,,172,1
373162,send,11:66:F0:00:01:3D,480,,173,1
373162,send,11:66:F0:00:01:3D,481,,174,1
373162,send,11:66:F0:00:01:3D,482,,175,1
373162,send,11:66:F0:00:01:3D,483,,176,1
373162,send,11:66:F0:00:01:3D,484,,177,1
373162,send,11:66:F0:00:01:3D,485,,178,1
373162,send,11:66:F0:00:01:3D,486,,179,1
373162,send,11:66:F0:00:01:3D,487,,180,1
373163,send,11:66:F0:00:01:3D,488,,181,1
373163,send,11:66:F0:00:01:3D,489,,182,1
373163,send,11:66:F0:00:01:3D,490,,183,1
373163,send,11:66:F0:00:01:3D,491,,184,1
373163,send,11:66:F0:00:01:3D,492,,185,1
373163,send,11:66:F0:00:01:3D,493,,186,1
373163,send,11:66:F0:00:01:3D,494,,187,1
373163,send,11:66:F0:00:01:3D,495,,188,1
373163,send,11:66:F0:00:01:3D,496,,189,1
373163,send,11:66:F0:00:01:3D,497,,190,1
373163,send,11:66:F0:00:01:3D,498,,191,1
373163,send,11:66:F0:00:01:3D,499,,192,1
373164,send,11:66:F0:00:01:3D,500,,193,1
373164,send,11:66:F0:00:01:3D,501,,194,1
373164,send,11:66:F0:00:01:3D,502,,195,1
373164,send,11:66:F0:00:01:3D,503,,196,1
373164,send,11:66:F0:00:01:3D,504,,197,1
373164,send,11:66:F0:00:01:3D,505,,198,1
373164,send,11:66:F0:00:01:3D,506,,199,1
373193,ack,11:66:F0:00:01:3D,,0,198,1
375165,send,11:66:F0:00:01:3D,507,,199,1
375171,send,11:66:F0:00:01:3D,508,,200,1
375171,send,11:66:F0:00:01:3D,509,,201,1
375172,send,11:66:F0:00:01:3D,510,,202,1
375172,send,11:66:F0:00:01:3D,511,,203,1
375172,send,11:66:F0:00:01:3D,512,,204,1
375173,ack,11:66:F0:00:01:3D,,0,203,1
375173,send,11:66:F0:00:01:3D,513,,204,1
375173,send,11:66:F0:00:01:3D,514,,205,1
375174,send,11:66:F0:00:01:3D,515,,206,1
375174,send,11:66:F0:00:01:3D,516,,207,1
375175,send,11:66:F0:00:01:3D,517,,208,1
375175,send,11:66:F0:00:01:3D,518,,209,1
375176,send,11:66:F0:00:01:3D,519,,210,1
375176,send,11:66:F0:00:01:3D,520,,211,1
375177,send,11:66:F0:00:01:3D,521,,212,1
375177,send,11:66:F0:00:01:3D,522,,213,1
375178,send,11:66:F0:00:01:3D,523,,214,1
375178,send,11:66:F0:00:01:3D,524,,215,1
375178,send,11:66:F0:00:01:3D,525,,216,1
375179,send,11:66:F0:00:01:3D,526,,217,1
375179,send,11:66:F0:00:01:3D,527,,218,1
375180,send,11:66:F0:00:01:3D,528,,219,1
375180,send,11:66:F0:00:01:3D,529,,220,1
375180,send,11:66:F0:00:01:3D,530,,221,1
375181,send,11:66:F0:00:01:3D,531,,222,1
375181,send,11:66:F0:00:01:3D,532,,223,1
375181,send,11:66:F0:00:01:3D,533,,224,1
375182,send,11:66:F0:00:01:3D,534,,225,1
375182,send,11:66:F0:00:01:3D,535,,226,1
375182,send,11:66:F0:00:01:3D,536,,227,1
375182,send,11:66:F0:00:01:3D,537,,228,1
375182,send,11:66:F0:00:01:3D,538,,229,1
375182,send,11:66:F0:00:01:3D,539,,230,1
375183,send,11:66:F0:00:01:3D,540,,231,1
375183,send,11:66:F0:00:01:3D,541,,232,1
375183,send,11:66:F0:00:01:3D,542,,233,1
375183,send,11:66:F0:00:01:3D,543,,234,1
375183,send,11:66:F0:00:01:3D,544,,235,1
375183,send,11:66:F0:00:01:3D,545,,236,1
375184,send,11:66:F0:00:01:3D,546,,237,1
375184,send,11:66:F0:00:01:3D,547,,238,1
375184,send,11:66:F0:00:01:3D,548,,239,1
375184,send,11:66:F0:00:01:3D,549,,240,1
375184,send,11:66:F0:00:01:3D,550,,241,1
375184,send,11:66:F0:00:01:3D,551,,242,1
375185,send,11:66:F0:00:01:3D,552,,243,1
375185,send,11:66:F0:00:01:3D,553,,244,1
375185,send,11:66:F0:00:01:3D,554,,245,1
375185,send,11:66:F0:00:01:3D,555,,246,1
375185,send,11:66:F0:00:01:3D,556,,247,1
375185,send,11:66:F0:00:01:3D,557,,248,1
375185,send,11:66:F0:00:01:3D,558,,249,1
375186,send,11:66:F0:00:01:3D,559,,250,1
375186,send,11:66:F0:00:01:3D,560,,251,1
375186,send,11:66:F0:00:01:3D,561,,252,1
375186,send,11:66:F0:00:01:3D,562,,253,1
375186,send,11:66:F0:00:01:3D,563,,254,1
375186,send,11:66:F0:00:01:3D,564,,255,1
375186,send,11:66:F0:00:01:3D,565,,256,1
375186,send,11:66:F0:00:01:3D,566,,257,1
375187,send,11:66:F0:00:01:3D,567,,258,1
375187,send,11:66:F0:00:01:3D,568,,259,1
375187,send,11:66:F0:00:01:3D,569,,260,1
375187,send,11:66:F0:00:01:3D,570,,261,1
375187,send,11:66:F0:00:01:3D,571,,262,1
375187,send,11:66:F0:00:01:3D,572,,263,1
375187,send,11:66:F0:00:01:3D,573,,264,1
375188,send,11:66:F0:00:01:3D,574,,265,1
375188,send,11:66:F0:00:01:3D,575,,266,1
375188,send,11:66:F0:00:01:3D,576,,267,1
375188,send,11:66:F0:00:01:3D,577,,268,1
375188,send,11:66:F0:00:01:3D,578,,269,1
375188,send,11:66:F0:00:01:3D,579,,270,1
375188,send,11:66:F0:00:01:3D,580,,271,1
375189,send,11:66:F0:00:01:3D,581,,272,1
375189,send,11:66:F0:00:01:3D,582,,273,1
375189,send,11:66:F0:00:01:3D,583,,274,1
375189,send,11:66:F0:00:01:3D,584,,275,1
375189,send,11:66:F0:00:01:3D,585,,276,1
375189,send,11:66:F0:00:01:3D,586,,277,1
375189,send,11:66:F0:00:01:3D,587,,278,1
375189,send,11:66:F0:00:01:3D,588,,279,1
375189,send,11:66:F0:00:01:3D,589,,280,1
375190,send,11:66:F0:00:01:3D,590,,281,1
375190,send,11:66:F0:00:01:3D,591,,282,1
375190,send,11:66:F0:00:01:3D,592,,283,1
375190,send,11:66:F0:00:01:3D,593,,284,1
375190,send,11:66:F0:00:01:3D,594,,285,1
375190,send,11:66:F0:00:01:3D,595,,286,1
375190,send,11:66:F0:00:01:3D,596,,287,1
375190,send,11:66:F0:00:01:3D,597,,288,1
375191,send,11:66:F0:00:01:3D,598,,289,1
375191,send,11:66:F0:00:01:3D,599,,290,1
375191,send,11:66:F0:00:01:3D,600,,291,1
375191,send,11:66:F0:00:01:3D,601,,292,1
375191,send,11:66:F0:00:01:3D,602,,293,1
375191,send,11:66:F0:00:01:3D,603,,294,1
375191,send,11:66:F0:00:01:3D,604,,295,1
375191,send,11:66:F0:00:01:3D,605,,296,1
375191,send,11:66:F0:00:01:3D,606,,297,1
375191,send,11:66:F0:00:01:3D,607,,298,1
375192,send,11:66:F0:00:01:3D,608,,299,1
375192,send,11:66:F0:00:01:3D,609,,300,1
375192,send,11:66:F0:00:01:3D,610,,301,1
375192,send,11:66:F0:00:01:3D,611,,302,1
375192,send,11:66:F0:00:01:3D,612,,303,1
375192,send,11:66:F0:00:01:3D,613,,304,1
375192,send,11:66:F0:00:01:3D,614,,305,1
375192,send,11:66:F0:00:01:3D,615,,306,1
375193,send,11:66:F0:00:01:3D,616,,307,1
375193,send,11:66:F0:00:01:3D,617,,308,1
375193,send,11:66:F0:00:01:3D,618,,309,1
375193,send,11:66:F0:00:01:3D,619,,310,1
375193,send,11:66:F0:00:01:3D,620,,311,1
375193,send,11:66:F0:00:01:3D,621,,312,1
375193,send,11:66:F0:00:01:3D,622,,313,1
375193,send,11:66:F0:00:01:3D,623,,314,1
375193,send,11:66:F0:00:01:3D,624,,315,1
375193,send,11:66:F0:00:01:3D,625,,316,1
375194,send,11:66:F0:00:01:3D,626,,317,1
375194,send,11:66:F0:00:01:3D,627,,318,1
375194,send,11:66:F0:00:01:3D,628,,319,1
375194,send,11:66:F0:00:01:3D,629,,320,1
375194,send,11:66:F0:00:01:3D,630,,321,1
375194,send,11:66:F0:00:01:3D,631,,322,1
375194,send,11:66:F0:00:01:3D,632,,323,1
375194,send,11:66:F0:00:01:3D,633,,324,1
375194,send,11:66:F0:00:01:3D,634,,325,1
375194,send,11:66:F0:00:01:3D,635,,326,1
375194,send,11:66:F0:00:01:3D,636,,327,1
375195,send,11:66:F0:00:01:3D,637,,328,1
375195,send,11:66:F0:00:01:3D,638,,329,1
375195,send,11:66:F0:00:01:3D,639,,330,1
375195,send,11:66:F0:00:01:3D,640,,331,1
375195,send,11:66:F0:00:01:3D,641,,332,1
375195,send,11:66:F0:00:01:3D,642,,333,1
375195,send,11:66:F0:00:01:3D,643,,334,1
375195,send,11:66:F0:00:01:3D,644,,335,1
375195,send,11:66:F0:00:01:3D,645,,336,1
375195,send,11:66:F0:00:01:3D,646,,337,1
375195,send,11:66:F0:00:01:3D,647,,338,1
375196,send,11:66:F0:00:01:3D,648,,339,1
375196,send,11:66:F0:00:01:3D,649,,340,1
375196,send,11:66:F0:00:01:3D,650,,341,1
375196,send,11:66:F0:00:01:3D,651,,342,1
375196,send,11:66:F0:00:01:3D,652,,343,1
375196,send,11:66:F0:00:01:3D,653,,344,1
375196,send,11:66:F0:00:01:3D,654,,345,1
375196,send,11:66:F0:00:01:3D,655,,346,1
375196,send,11:66:F0:00:01:3D,656,,347,1
375196,send,11:66:F0:00:01:3D,657,,348,1
375197,send,11:66:F0:00:01:3D,658,,349,1
375197,send,11:66:F0:00:01:3D,659,,350,1
375197,send,11:66:F0:00:01:3D,660,,351,1
375197,send,11:66:F0:00:01:3D,661,,352,1
375197,send,11:66:F0:00:01:3D,662,,353,1
375197,send,11:66:F0:00:01:3D,663,,354,1
375197,send,11:66:F0:00:01:3D,664,,355,1
375197,send,11:66:F0:00:01:3D,665,,356,1
375197,send,11:66:F0:00:01:3D,666,,357,1
375197,send,11:66:F0:00:01:3D,667,,358,1
375197,send,11:66:F0:00:01:3D,668,,359,1
375198,send,11:66:F0:00:01:3D,669,,360,1
375198,send,11:66:F0:00:01:3D,670,,361,1
375198,send,11:66:F0:00:01:3D,671,,362,1
375198,send,11:66:F0:00:01:3D,672,,363,1
375198,send,11:66:F0:00:01:3D,673,,364,1
375198,send,11:66:F0:00:01:3D,674,,365,1
375198,send,11:66:F0:00:01:3D,675,,366,1
375198,send,11:66:F0:00:01:3D,676,,367,1
375198,send,11:66:F0:00:01:3D,677,,368,1
375198,send,11:66:F0:00:01:3D,678,,369,1
375198,send,11:66:F0:00:01:3D,679,,370,1
375198,send,11:66:F0:00:01:3D,680,,371,1
375199,send,11:66:F0:00:01:3D,681,,372,1
375199,send,11:66:F0:00:01:3D,682,,373,1
375199,send,11:66:F0:00:01:3D,683,,374,1
375199,send,11:66:F0:00:01:3D,684,,375,1
375199,send,11:66:F0:00:01:3D,685,,376,1
375199,send,11:66:F0:00:01:3D,686,,377,1
375199,send,11:66:F0:00:01:3D,687,,378,1
375199,send,11:66:F0:00:01:3D,688,,379,1
375199,send,11:66:F0:00:01:3D,689,,380,1
375199,send,11:66:F0:00:01:3D,690,,381,1
375199,send,11:66:F0:00:01:3D,691,,382,1
375199,send,11:66:F0:00:01:3D,692,,383,1
375200,send,11:66:F0:00:01:3D,693,,384,1
375200,send,11:66:F0:00:01:3D,694,,385,1
375200,send,11:66:F0:00:01:3D,695,,386,1
375200,send,11:66:F0:00:01:3D,696,,387,1
375200,send,11:66:F0:00:01:3D,697,,388,1
375200,send,11:66:F0:00:01:3D,698,,389,1
375200,send,11:66:F0:00:01:3D,699,,390,1
375200,send,11:66:F0:00:01:3D,700,,391,1
375200,send,11:66:F0:00:01:3D,701,,392,1
375200,send,11:66:F0:00:01:3D,702,,393,1
375200,send,11:66:F0:00:01:3D,703,,394,1
375200,send,11:66:F0:00:01:3D,704,,395,1
375200,send,11:66:F0:00:01:3D,705,,396,1
375201,send,11:66:F0:00:01:3D,706,,397,1
375232,ack,11:66:F0:00:01:3D,,0,396,1
377201,send,11:66:F0:00:01:3D,707,,397,1
377204,ack,11:66:F0:00:01:3D,,0,396,1
377225,send,11:66:F0:00:01:3D,708,,397,1
377247,send,11:66:F0:00:01:3D,709,,398,1
377262,ack,11:66:F0:00:01:3D,,0,397,1
377268,send,11:66:F0:00:01:3D,710,,398,1
377289,send,11:66:F0:00:01:3D,711,,399,1
377311,send,11:66:F0:00:01:3D,712,,400,1
377320,ack,11:66:F0:00:01:3D,,0,399,1
377332,send,11:66:F0:00:01:3D,713,,400,1
377354,send,11:66:F0:00:01:3D,714,,401,1
377374,send,11:66:F0:00:01:3D,715,,402,1
377379,ack,11:66:F0:00:01:3D,,0,401,1
377398,send,11:66:F0:00:01:3D,716,,402,1
377420,send,11:66:F0:00:01:3D,717,,403,1
377438,ack,11:66:F0:00:01:3D,,0,402,1
377442,send,11:66:F0:00:01:3D,718,,403,1
377462,send,11:66:F0:00:01:3D,719,,404,1
377484,send,11:66:F0:00:01:3D,720,,405,1
377498,ack,11:66:F0:00:01:3D,,0,404,1
377506,send,11:66:F0:00:01:3D,721,,405,1
377528,send,11:66:F0:00:01:3D,722,,406,1
377548,send,11:66:F0:00:01:3D,723,,407,1
377555,ack,11:66:F0:00:01:3D,,0,406,1
377574,send,11:66:F0:00:01:3D,724,,407,1
377596,send,11:66:F0:00:01:3D,725,,408,1
377613,ack,11:66:F0:00:01:3D,,0,407,1
377617,send,11:66:F0:00:01:3D,726,,408,1
377639,send,11:66:F0:00:01:3D,727,,409,1
377661,send,11:66:F0:00:01:3D,728,,410,1
377672,ack,11:66:F0:00:01:3D,,0,409,1
377682,send,11:66:F0:00:01:3D,729,,410,1
377704,send,11:66:F0:00:01:3D,730,,411,1
377725,send,11:66:F0:00:01:3D,731,,412,1
377731,ack,11:66:F0:00:01:3D,,0,411,1
377751,send,11:66:F0:00:01:3D,732,,412,1
377772,send,11:66:F0:00:01:3D,733,,413,1
377789,ack,11:66:F0:00:01:3D,,0,412,1
377794,send,11:66:F0:00:01:3D,734,,413,1
377814,send,11:66:F0:00:01:3D,735,,414,1
377836,send,11:66:F0:00:01:3D,736,,415,1
377849,ack,11:66:F0:00:01:3D,,0,414,1
377858,send,11:66:F0:00:01:3D,737,,415,1
377878,send,11:66:F0:00:01:3D,738,,416,1
377900,send,11:66:F0:00:01:3D,739,,417,1
377908,ack,11:66:F0:00:01:3D,,0,416,1
377939,send,11:66:F0:00:01:3D,740,,417,1
377960,send,11:66:F0:00:01:3D,741,,418,1
377965,ack,11:66:F0:00:01:3D,,0,417,1
377985,send,11:66:F0:00:01:3D,742,,418,1
378007,send,11:66:F0:00:01:3D,743,,419,1
378021,ack,11:66:F0:00:01:3D,,0,418,1
378029,send,11:66:F0:00:01:3D,744,,419,1
378050,send,11:66:F0:00:01:3D,745,,420,1
378072,send,11:66:F0:00:01:3D,746,,421,1
378078,ack,11:66:F0:00:01:3D,,0,420,1
378096,send,11:66:F0:00:01:3D,747,,421,1
378119,send,11:66:F0:00:01:3D,748,,422,1
378136,ack,11:66:F0:00:01:3D,,0,421,1
378140,send,11:66:F0:00:01:3D,749,,422,1
378163,send,11:66:F0:00:01:3D,750,,423,1
378185,send,11:66:F0:00:01:3D,751,,424,1
378194,ack,11:66:F0:00:01:3D,,0,423,1
378212,send,11:66:F0:00:01:3D,752,,424,1
378234,send,11:66:F0:00:01:3D,753,,425,1
378251,ack,11:66:F0:00:01:3D,,0,424,1
378255,send,11:66:F0:00:01:3D,754,,425,1
378278,send,11:66:F0:00:01:3D,755,,426,1
378299,send,11:66:F0:00:01:3D,756,,427,1
378309,ack,11:66:F0:00:01:3D,,0,426,1
378320,send,11:66:F0:00:01:3D,757,,427,1
378342,send,11:66:F0:00:01:3D,758,,428,1
378363,send,11:66:F0:00:01:3D,759,,429,1
378369,ack,11:66:F0:00:01:3D,,0,428,1
378389,send,11:66:F0:00:01:3D,760,,429,1
378410,send,11:66:F0:00:01:3D,761,,430,1
378427,ack,11:66:F0:00:01:3D,,0,429,1
378431,send,11:66:F0:00:01:3D,762,,430,1
378452,send,11:66:F0:00:01:3D,763,,431,1
378472,send,11:66:F0:00:01:3D,764,,432,1
378482,ack,11:66:F0:00:01:3D,,0,431,1
378494,send,11:66:F0:00:01:3D,765,,432,1
378514,send,11:66:F0:00:01:3D,766,,433,1
378535,send,11:66:F0:00:01:3D,767,,434,1
378537,ack,11:66:F0:00:01:3D,,0,433,1
378556,send,11:66:F0:00:01:3D,768,,434,1
378578,send,11:66:F0:00:01:3D,769,,435,1
378594,ack,11:66:F0:00:01:3D,,0,434,1
378599,send,11:66:F0:00:01:3D,770,,435,1
378622,send,11:66:F0:00:01:3D,771,,436,1
378643,send,11:66:F0:00:01:3D,772,,437,1
378652,ack,11:66:F0:00:01:3D,,0,436,1
378664,send,11:66:F0:00:01:3D,773,,437,1
378685,send,11:66:F0:00:01:3D,774,,438,1
378707,send,11:66:F0:00:01:3D,775,,439,1
378710,ack,11:66:F0:00:01:3D,,0,438,1
378730,send,11:66:F0:00:01:3D,776,,439,1
378753,send,11:66:F0:00:01:3D,777,,440,1
378767,ack,11:66:F0:00:01:3D,,0,439,1
378773,send,11:66:F0:00:01:3D,778,,440,1
378795,send,11:66:F0:00:01:3D,779,,441,1
378817,send,11:66:F0:00:01:3D,780,,442,1
378821,ack,11:66:F0:00:01:3D,,0,441,1
378842,send,11:66:F0:00:01:3D,781,,442,1
378864,send,11:66:F0:00:01:3D,782,,443,1
378881,ack,11:66:F0:00:01:3D,,0,442,1
378885,send,11:66:F0:00:01:3D,783,,443,1
378907,send,11:66:F0:00:01:3D,784,,444,1
378929,send,11:66:F0:00:01:3D,785,,445,1
378939,ack,11:66:F0:00:01:3D,,0,444,1
378950,send,11:66:F0:00:01:3D,786,,445,1
378972,send,11:66:F0:00:01:3D,787,,446,1
378993,send,11:66:F0:00:01:3D,788,,447,1
378997,ack,11:66:F0:00:01:3D,,0,446,1
379016,send,11:66:F0:00:01:3D,789,,447,1
379039,send,11:66:F0:00:01:3D,790,,448,1
379058,ack,11:66:F0:00:01:3D,,0,447,1
379060,send,11:66:F0:00:01:3D,791,,448,1
379082,send,11:66:F0:00:01:3D,792,,449,1
379103,send,11:66:F0:00:01:3D,793,,450,1
379116,ack,11:66:F0:00:01:3D,,0,449,1
379124,send,11:66:F0:00:01:3D,794,,450,1
379145,send,11:66:F0:00:01:3D,795,,451,1
379167,send,11:66:F0:00:01:3D,796,,452,1
379173,ack,11:66:F0:00:01:3D,,0,451,1
379193,send,11:66:F0:00:01:3D,797,,452,1
379215,send,11:66:F0:00:01:3D,798,,453,1
379235,ack,11:66:F0:00:01:3D,,0,452,1
379236,send,11:66:F0:00:01:3D,799,,453,1
379258,send,11:66:F0:00:01:3D,800,,454,1
379280,send,11:66:F0:00:01:3D,801,,455,1
379294,ack,11:66:F0:00:01:3D,,0,454,1
379300,send,11:66:F0:00:01:3D,802,,455,1
379322,send,11:66:F0:00:01:3D,803,,456,1
379344,send,11:66:F0:00:01:3D,804,,457,1
379351,ack,11:66:F0:00:01:3D,,0,456,1
379371,send,11:66:F0:00:01:3D,805,,457,1
379392,send,11:66:F0:00:01:3D,806,,458,1
379408,ack,11:66:F0:00:01:3D,,0,457,1
380914,send,11:66:F0:00:01:3D,807,,458,1
380922,ack,11:66:F0:00:01:3D,,0,457,1
381923,send,11:66:F0:00:01:3D,808,,458,1
381930,ack,11:66:F0:00:01:3D,,0,457,1
382049,send,11:66:F0:00:01:3D,809,,458,1
382057,ack,11:66:F0:00:01:3D,,0,457,1
382337,send,11:66:F0:00:01:3D,810,,458,1
382343,ack,11:66:F0:00:01:3D,,0,457,1
382463,send,11:66:F0:00:01:3D,811,,458,1
382471,ack,11:66:F0:00:01:3D,,0,457,1
382749,send,11:66:F0:00:01:3D,812,,458,1
382756,ack,11:66:F0:00:01:3D,,0,457,1
382876,send,11:66:F0:00:01:3D,813,,458,1
382884,ack,11:66:F0:00:01:3D,,0,457,1
384663,send,11:66:F0:00:01:3D,814,,458,1
384671,ack,11:66:F0:00:01:3D,,0,457,1
385372,send,11:66:F0:00:01:3D,815,,458,1
385382,ack,11:66:F0:00:01:3D,,0,457,1
385882,send,11:66:F0:00:01:3D,816,,458,1
385890,send,11:66:F0:00:01:3D,817,,459,1
385890,ack,11:66:F0:00:01:3D,,0,458,1
385947,ack,11:66:F0:00:01:3D,,0,457,1
386591,send,11:66:F0:00:01:3D,818,,458,1
386598,ack,11:66:F0:00:01:3D,,0,457,1
387098,send,11:66:F0:00:01:3D,819,,458,1
387106,ack,11:66:F0:00:01:3D,,0,457,1
387109,send,11:66:F0:00:01:3D,820,,458,1
387165,ack,11:66:F0:00:01:3D,,0,457,1
387812,send,11:66:F0:00:01:3D,821,,458,1
387820,ack,11:66:F0:00:01:3D,,0,457,1
388319,send,11:66:F0:00:01:3D,822,,458,1
388326,ack,11:66:F0:00:01:3D,,0,457,1
388327,send,11:66:F0:00:01:3D,823,,458,1
388385,ack,11:66:F0:00:01:3D,,0,457,1
389027,send,11:66:F0:00:01:3D,824,,458,1
389032,ack,11:66:F0:00:01:3D,,0,457,1
389531,send,11:66:F0:00:01:3D,825,,458,1
389538,ack,11:66:F0:00:01:3D,,0,457,1
389540,send,11:66:F0:00:01:3D,826,,458,1
389600,ack,11:66:F0:00:01:3D,,0,457,1
390242,send,11:66:F0:00:01:3D,827,,458,1
390245,ack,11:66:F0:00:01:3D,,0,457,1
390746,send,11:66:F0:00:01:3D,828,,458,1
390753,ack,11:66:F0:00:01:3D,,0,457,1
390754,send,11:66:F0:00:01:3D,829,,458,1
390812,ack,11:66:F0:00:01:3D,,0,457,1
391455,send,11:66:F0:00:01:3D,830,,458,1
391461,ack,11:66:F0:00:01:3D,,0,457,1
391962,send,11:66:F0:00:01:3D,831,,458,1
391967,ack,11:66:F0:00:01:3D,,0,457,1
391968,send,11:66:F0:00:01:3D,832,,458,1
392026,ack,11:66:F0:00:01:3D,,0,457,1
392669,send,11:66:F0:00:01:3D,833,,458,1
392678,ack,11:66:F0:00:01:3D,,0,457,1
393176,send,11:66:F0:00:01:3D,834,,458,1
393183,ack,11:66:F0:00:01:3D,,0,457,1
393186,send,11:66:F0:00:01:3D,835,,458,1
393240,ack,11:66:F0:00:01:3D,,0,457,1
393888,send,11:66:F0:00:01:3D,836,,458,1
393893,ack,11:66:F0:00:01:3D,,0,457,1
394394,send,11:66:F0:00:01:3D,837,,458,1
394401,ack,11:66:F0:00:01:3D,,0,457,1
394402,send,11:66:F0:00:01:3D,838,,458,1
394457,ack,11:66:F0:00:01:3D,,0,457,1
395104,send,11:66:F0:00:01:3D,839,,458,1
395112,ack,11:66:F0:00:01:3D,,0,457,1
395611,send,11:66:F0:00:01:3D,840,,458,1
395621,send,11:66:F0:00:01:3D,841,,459,1
395622,ack,11:66:F0:00:01:3D,,0,458,1
395682,ack,11:66:F0:00:01:3D,,0,457,1
396322,send,11:66:F0:00:01:3D,842,,458,1
396330,ack,11:66:F0:00:01:3D,,0,457,1
396829,send,11:66:F0:00:01:3D,843,,458,1
396837,ack,11:66:F0:00:01:3D,,0,457,1
396839,send,11:66:F0:00:01:3D,844,,458,1
396899,ack,11:66:F0:00:01:3D,,0,457,1
397542,send,11:66:F0:00:01:3D,845,,458,1
397547,ack,11:66:F0:00:01:3D,,0,457,1
398247,send,11:66:F0:00:01:3D,846,,458,1
398255,ack,11:66:F0:00:01:3D,,0,457,1
398755,send,11:66:F0:00:01:3D,847,,458,1
398764,ack,11:66:F0:00:01:3D,,0,457,1
398766,send,11:66:F0:00:01:3D,848,,458,1
398822,ack,11:66:F0:00:01:3D,,0,457,1
399467,send,11:66:F0:00:01:3D,849,,458,1
399475,ack,11:66:F0:00:01:3D,,0,457,1
399984,send,11:66:F0:00:01:3D,850,,458,1
399992,ack,11:66:F0:00:01:3D,,0,457,1
399994,send,11:66:F0:00:01:3D,851,,458,1
400052,ack,11:66:F0:00:01:3D,,0,457,1
400696,send,11:66:F0:00:01:3D,852,,458,1
400703,ack,11:66:F0:00:01:3D,,0,457,1
401202,send,11:66:F0:00:01:3D,853,,458,1
401208,ack,11:66:F0:00:01:3D,,0,457,1
401213,send,11:66:F0:00:01:3D,854,,458,1
401268,ack,11:66:F0:00:01:3D,,0,457,1
401915,send,11:66:F0:00:01:3D,855,,458,1
401921,ack,11:66:F0:00:01:3D,,0,457,1
402423,send,11:66:F0:00:01:3D,856,,458,1
402430,ack,11:66:F0:00:01:3D,,0,457,1
402433,send,11:66:F0:00:01:3D,857,,458,1
402490,ack,11:66:F0:00:01:3D,,0,457,1
403134,send,11:66:F0:00:01:3D,858,,458,1
403143,ack,11:66:F0:00:01:3D,,0,457,1
403642,send,11:66:F0:00:01:3D,859,,458,1
403650,ack,11:66:F0:00:01:3D,,0,457,1
403653,send,11:66:F0:00:01:3D,860,,458,1
403709,ack,11:66:F0:00:01:3D,,0,457,1
404355,send,11:66:F0:00:01:3D,861,,458,1
404357,ack,11:66:F0:00:01:3D,,0,457,1
404857,send,11:66:F0:00:01:3D,862,,458,1
404865,ack,11:66:F0:00:01:3D,,0,457,1
404866,send,11:66:F0:00:01:3D,863,,458,1
404924,ack,11:66:F0:00:01:3D,,0,457,1
405568,send,11:66:F0:00:01:3D,864,,458,1
405573,ack,11:66:F0:00:01:3D,,0,457,1
406073,send,11:66:F0:00:01:3D,865,,458,1
406080,ack,11:66:F0:00:01:3D,,0,457,1
406085,send,11:66:F0:00:01:3D,866,,458,1
406142,ack,11:66:F0:00:01:3D,,0,457,1
406786,send,11:66:F0:00:01:3D,867,,458,1
406794,ack,11:66:F0:00:01:3D,,0,457,1
407294,send,11:66:F0:00:01:3D,868,,458,1
407300,ack,11:66:F0:00:01:3D,,0,457,1
407305,send,11:66:F0:00:01:3D,869,,458,1
407360,ack,11:66:F0:00:01:3D,,0,457,1
408006,send,11:66:F0:00:01:3D,870,,458,1
408011,ack,11:66:F0:00:01:3D,,0,457,1
408511,send,11:66:F0:00:01:3D,871,,458,1
408518,ack,11:66:F0:00:01:3D,,0,457,1
408522,send,11:66:F0:00:01:3D,872,,458,1
408578,ack,11:66:F0:00:01:3D,,0,457,1
409223,send,11:66:F0:00:01:3D,873,,458,1
409230,ack,11:66:F0:00:01:3D,,0,457,1
409729,send,11:66:F0:00:01:3D,874,,458,1
409736,ack,11:66:F0:00:01:3D,,0,457,1
409739,send,11:66:F0:00:01:3D,875,,458,1
409795,ack,11:66:F0:00:01:3D,,0,457,1
410440,send,11:66:F0:00:01:3D,876,,458,1
410445,ack,11:66:F0:00:01:3D,,0,457,1
411144,send,11:66:F0:00:01:3D,877,,458,1
411152,ack,11:66:F0:00:01:3D,,0,457,1
411652,send,11:66:F0:00:01:3D,878,,458,1
411659,ack,11:66:F0:00:01:3D,,0,457,1
411665,send,11:66:F0:00:01:3D,879,,458,1
411720,ack,11:66:F0:00:01:3D,,0,457,1
412367,send,11:66:F0:00:01:3D,880,,458,1
412375,ack,11:66:F0:00:01:3D,,0,457,1
412872,send,11:66:F0:00:01:3D,881,,458,1
412882,ack,11:66:F0:00:01:3D,,0,457,1
412886,send,11:66:F0:00:01:3D,882,,458,1
412943,ack,11:66:F0:00:01:3D,,0,457,1
413587,send,11:66:F0:00:01:3D,883,,458,1
413595,ack,11:66:F0:00:01:3D,,0,457,1
414095,send,11:66:F0:00:01:3D,884,,458,1
414102,ack,11:66:F0:00:01:3D,,0,457,1
414108,send,11:66:F0:00:01:3D,885,,458,1
414161,ack,11:66:F0:00:01:3D,,0,457,1
414811,send,11:66:F0:00:01:3D,886,,458,1
414819,ack,11:66:F0:00:01:3D,,0,457,1
415317,send,11:66:F0:00:01:3D,887,,458,1
415324,ack,11:66:F0:00:01:3D,,0,457,1
415328,send,11:66:F0:00:01:3D,888,,458,1
415382,ack,11:66:F0:00:01:3D,,0,457,1
416029,send,11:66:F0:00:01:3D,889,,458,1
416035,ack,11:66:F0:00:01:3D,,0,457,1
416535,send,11:66:F0:00:01:3D,890,,458,1
416539,ack,11:66:F0:00:01:3D,,0,457,1
416546,send,11:66:F0:00:01:3D,891,,458,1
416595,ack,11:66:F0:00:01:3D,,0,457,1
417248,send,11:66:F0:00:01:3D,892,,458,1
417257,ack,11:66:F0:00:01:3D,,0,457,1
417755,send,11:66:F0:00:01:3D,893,,458,1
417764,ack,11:66:F0:00:01:3D,,0,457,1
417770,send,11:66:F0:00:01:3D,894,,458,1
417824,ack,11:66:F0:00:01:3D,,0,457,1
418471,send,11:66:F0:00:01:3D,895,,458,1
418481,ack,11:66:F0:00:01:3D,,0,457,1
418980,send,11:66:F0:00:01:3D,896,,458,1
418989,ack,11:66:F0:00:01:3D,,0,457,1
418994,send,11:66:F0:00:01:3D,897,,458,1
419050,ack,11:66:F0:00:01:3D,,0,457,1
419695,send,11:66:F0:00:01:3D,898,,458,1
419704,ack,11:66:F0:00:01:3D,,0,457,1
420202,send,11:66:F0:00:01:3D,899,,458,1
420211,ack,11:66:F0:00:01:3D,,0,457,1
420217,send,11:66:F0:00:01:3D,900,,458,1
420270,ack,11:66:F0:00:01:3D,,0,457,1
420919,send,11:66:F0:00:01:3D,901,,458,1
420923,ack,11:66:F0:00:01:3D,,0,457,1
421422,send,11:66:F0:00:01:3D,902,,458,1
421430,ack,11:66:F0:00:01:3D,,0,457,1
421436,send,11:66:F0:00:01:3D,903,,458,1
421488,ack,11:66:F0:00:01:3D,,0,457,1
422138,send,11:66:F0:00:01:3D,904,,458,1
422144,ack,11:66:F0:00:01:3D,,0,457,1
422643,send,11:66:F0:00:01:3D,905,,458,1
422650,ack,11:66:F0:00:01:3D,,0,457,1
422658,send,11:66:F0:00:01:3D,906,,458,1
422710,ack,11:66:F0:00:01:3D,,0,457,1
423359,send,11:66:F0:00:01:3D,907,,458,1
423363,ack,11:66:F0:00:01:3D,,0,457,1
424064,send,11:66:F0:00:01:3D,908,,458,1
424073,ack,11:66:F0:00:01:3D,,0,457,1
424571,send,11:66:F0:00:01:3D,909,,458,1
424578,ack,11:66:F0:00:01:3D,,0,457,1
424586,send,11:66:F0:00:01:3D,910,,458,1
424637,ack,11:66:F0:00:01:3D,,0,457,1
425287,send,11:66:F0:00:01:3D,911,,458,1
425296,ack,11:66:F0:00:01:3D,,0,457,1
425794,send,11:66:F0:00:01:3D,912,,458,1
425805,ack,11:66:F0:00:01:3D,,0,457,1
425812,send,11:66:F0:00:01:3D,913,,458,1
425866,ack,11:66:F0:00:01:3D,,0,457,1
426514,send,11:66:F0:00:01:3D,914,,458,1
426523,ack,11:66:F0:00:01:3D,,0,457,1
427023,send,11:66:F0:00:01:3D,915,,458,1
427032,ack,11:66:F0:00:01:3D,,0,457,1
427043,send,11:66:F0:00:01:3D,916,,458,1
427091,ack,11:66:F0:00:01:3D,,0,457,1
427744,send,11:66:F0:00:01:3D,917,,458,1
427752,ack,11:66:F0:00:01:3D,,0,457,1
428252,send,11:66:F0:00:01:3D,918,,458,1
428259,ack,11:66:F0:00:01:3D,,0,457,1
428270,send,11:66:F0:00:01:3D,919,,458,1
428319,ack,11:66:F0:00:01:3D,,0,457,1
428971,send,11:66:F0:00:01:3D,920,,458,1
428979,ack,11:66:F0:00:01:3D,,0,457,1
429478,send,11:66:F0:00:01:3D,921,,458,1
429485,ack,11:66:F0:00:01:3D,,0,457,1
429495,send,11:66:F0:00:01:3D,922,,458,1
429546,ack,11:66:F0:00:01:3D,,0,457,1
430196,send,11:66:F0:00:01:3D,923,,458,1
430205,ack,11:66:F0:00:01:3D,,0,457,1
430703,send,11:66:F0:00:01:3D,924,,458,1
430714,ack,11:66:F0:00:01:3D,,0,457,1
430720,send,11:66:F0:00:01:3D,925,,458,1
430773,ack,11:66:F0:00:01:3D,,0,457,1
431421,send,11:66:F0:00:01:3D,926,,458,1
431430,ack,11:66:F0:00:01:3D,,0,457,1
431930,send,11:66:F0:00:01:3D,927,,458,1
431942,ack,11:66:F0:00:01:3D,,0,457,1
431950,send,11:66:F0:00:01:3D,928,,458,1
432004,ack,11:66:F0:00:01:3D,,0,457,1
432652,send,11:66:F0:00:01:3D,929,,458,1
432660,ack,11:66:F0:00:01:3D,,0,457,1
433159,send,11:66:F0:00:01:3D,930,,458,1
433166,ack,11:66:F0:00:01:3D,,0,457,1
433172,send,11:66:F0:00:01:3D,931,,458,1
433229,ack,11:66:F0:00:01:3D,,0,457,1
433875,send,11:66:F0:00:01:3D,932,,458,1
433884,ack,11:66:F0:00:01:3D,,0,457,1
434384,send,11:66:F0:00:01:3D,933,,458,1
434391,ack,11:66:F0:00:01:3D,,0,457,1
434400,send,11:66:F0:00:01:3D,934,,458,1
434451,ack,11:66:F0:00:01:3D,,0,457,1
435102,send,11:66:F0:00:01:3D,935,,458,1
435110,ack,11:66:F0:00:01:3D,,0,457,1
435609,send,11:66:F0:00:01:3D,936,,458,1
435616,ack,11:66:F0:00:01:3D,,0,457,1
435622,send,11:66:F0:00:01:3D,937,,458,1
435675,ack,11:66:F0:00:01:3D,,0,457,1
436324,send,11:66:F0:00:01:3D,938,,458,1
436332,ack,11:66:F0:00:01:3D,,0,457,1
437032,send,11:66:F0:00:01:3D,939,,458,1
437040,ack,11:66:F0:00:01:3D,,0,457,1
437539,send,11:66:F0:00:01:3D,940,,458,1
437549,ack,11:66:F0:00:01:3D,,0,457,1
437558,send,11:66:F0:00:01:3D,941,,458,1
437607,ack,11:66:F0:00:01:3D,,0,457,1
438260,send,11:66:F0:00:01:3D,942,,458,1
438266,ack,11:66:F0:00:01:3D,,0,457,1
438766,send,11:66:F0:00:01:3D,943,,458,1
438775,ack,11:66:F0:00:01:3D,,0,457,1
438786,send,11:66:F0:00:01:3D,944,,458,1
438834,ack,11:66:F0:00:01:3D,,0,457,1
439489,send,11:66:F0:00:01:3D,945,,458,1
439498,ack,11:66:F0:00:01:3D,,0,457,1
439997,send,11:66:F0:00:01:3D,946,,458,1
440005,ack,11:66:F0:00:01:3D,,0,457,1
440016,send,11:66:F0:00:01:3D,947,,458,1
440066,ack,11:66:F0:00:01:3D,,0,457,1
440719,send,11:66:F0:00:01:3D,948,,458,1
440728,ack,11:66:F0:00:01:3D,,0,457,1
441227,send,11:66:F0:00:01:3D,949,,458,1
441236,ack,11:66:F0:00:01:3D,,0,457,1
441248,send,11:66:F0:00:01:3D,950,,458,1
441295,ack,11:66:F0:00:01:3D,,0,457,1
441950,send,11:66:F0:00:01:3D,951,,458,1
441959,ack,11:66:F0:00:01:3D,,0,457,1
442459,send,11:66:F0:00:01:3D,952,,458,1
442467,ack,11:66:F0:00:01:3D,,0,457,1
442477,send,11:66:F0:00:01:3D,953,,458,1
442526,ack,11:66:F0:00:01:3D,,0,457,1
443180,send,11:66:F0:00:01:3D,954,,458,1
443188,ack,11:66:F0:00:01:3D,,0,457,1
443687,send,11:66:F0:00:01:3D,955,,458,1
443695,ack,11:66:F0:00:01:3D,,0,457,1
443708,send,11:66:F0:00:01:3D,956,,458,1
443753,ack,11:66:F0:00:01:3D,,0,457,1
444410,send,11:66:F0:00:01:3D,957,,458,1
444419,ack,11:66:F0:00:01:3D,,0,457,1
444917,send,11:66:F0:00:01:3D,958,,458,1
444925,ack,11:66:F0:00:01:3D,,0,457,1
444936,send,11:66:F0:00:01:3D,959,,458,1
444986,ack,11:66:F0:00:01:3D,,0,457,1
445638,send,11:66:F0:00:01:3D,960,,458,1
445645,ack,11:66:F0:00:01:3D,,0,457,1
446145,send,11:66:F0:00:01:3D,961,,458,1
446153,ack,11:66:F0:00:01:3D,,0,457,1
446163,send,11:66:F0:00:01:3D,962,,458,1
446212,ack,11:66:F0:00:01:3D,,0,457,1
446865,send,11:66:F0:00:01:3D,963,,458,1
446873,ack,11:66:F0:00:01:3D,,0,457,1
447373,send,11:66:F0:00:01:3D,964,,458,1
447382,ack,11:66:F0:00:01:3D,,0,457,1
447393,send,11:66:F0:00:01:3D,965,,458,1
447440,ack,11:66:F0:00:01:3D,,0,457,1
448096,send,11:66:F0:00:01:3D,966,,458,1
448102,ack,11:66:F0:00:01:3D,,0,457,1
448600,send,11:66:F0:00:01:3D,967,,458,1
448607,ack,11:66:F0:00:01:3D,,0,457,1
448619,send,11:66:F0:00:01:3D,968,,458,1
448665,ack,11:66:F0:00:01:3D,,0,457,1
449320,send,11:66:F0:00:01:3D,969,,458,1
449328,ack,11:66:F0:00:01:3D,,0,457,1
450027,send,11:66:F0:00:01:3D,970,,458,1
450036,ack,11:66:F0:00:01:3D,,0,457,1
450535,send,11:66:F0:00:01:3D,971,,458,1
450545,ack,11:66:F0:00:01:3D,,0,457,1
450558,send,11:66:F0:00:01:3D,972,,458,1
450603,ack,11:66:F0:00:01:3D,,0,457,1
451259,send,11:66:F0:00:01:3D,973,,458,1
451267,ack,11:66:F0:00:01:3D,,0,457,1
451767,send,11:66:F0:00:01:3D,974,,458,1
451773,ack,11:66:F0:00:01:3D,,0,457,1
451788,send,11:66:F0:00:01:3D,975,,458,1
451833,ack,11:66:F0:00:01:3D,,0,457,1
452490,send,11:66:F0:00:01:3D,976,,458,1
452499,ack,11:66:F0:00:01:3D,,0,457,1
452997,send,11:66:F0:00:01:3D,977,,458,1
453004,ack,11:66:F0:00:01:3D,,0,457,1
453021,send,11:66:F0:00:01:3D,978,,458,1
453063,ack,11:66:F0:00:01:3D,,0,457,1
453723,send,11:66:F0:00:01:3D,979,,458,1
453731,ack,11:66:F0:00:01:3D,,0,457,1
454231,send,11:66:F0:00:01:3D,980,,458,1
454239,ack,11:66:F0:00:01:3D,,0,457,1
454254,send,11:66:F0:00:01:3D,981,,458,1
454300,ack,11:66:F0:00:01:3D,,0,457,1
454956,send,11:66:F0:00:01:3D,982,,458,1
454963,ack,11:66:F0:00:01:3D,,0,457,1
455463,send,11:66:F0:00:01:3D,983,,458,1
455473,ack,11:66:F0:00:01:3D,,0,457,1
455486,send,11:66:F0:00:01:3D,984,,458,1
455536,ack,11:66:F0:00:01:3D,,0,457,1
456188,send,11:66:F0:00:01:3D,985,,458,1
456197,ack,11:66:F0:00:01:3D,,0,457,1
456695,send,11:66:F0:00:01:3D,986,,458,1
456702,ack,11:66:F0:00:01:3D,,0,457,1
456718,send,11:66:F0:00:01:3D,987,,458,1
456761,ack,11:66:F0:00:01:3D,,0,457,1
457421,send,11:66:F0:00:01:3D,988,,458,1
457430,ack,11:66:F0:00:01:3D,,0,457,1
457929,send,11:66:F0:00:01:3D,989,,458,1
457935,ack,11:66:F0:00:01:3D,,0,457,1
457952,send,11:66:F0:00:01:3D,990,,458,1
457993,ack,11:66:F0:00:01:3D,,0,457,1
458653,send,11:66:F0:00:01:3D,991,,458,1
458660,ack,11:66:F0:00:01:3D,,0,457,1
459160,send,11:66:F0:00:01:3D,992,,458,1
459172,ack,11:66:F0:00:01:3D,,0,457,1
459187,send,11:66:F0:00:01:3D,993,,458,1
459232,ack,11:66:F0:00:01:3D,,0,457,1
459889,send,11:66:F0:00:01:3D,994,,458,1
459895,ack,11:66:F0:00:01:3D,,0,457,1
460395,send,11:66:F0:00:01:3D,995,,458,1
460401,ack,11:66:F0:00:01:3D,,0,457,1
460416,send,11:66:F0:00:01:3D,996,,458,1
460462,ack,11:66:F0:00:01:3D,,0,457,1
461119,send,11:66:F0:00:01:3D,997,,458,1
461124,ack,11:66:F0:00:01:3D,,0,457,1
461623,send,11:66:F0:00:01:3D,998,,458,1
461630,ack,11:66:F0:00:01:3D,,0,457,1
461646,send,11:66:F0:00:01:3D,999,,458,1
461691,ack,11:66:F0:00:01:3D,,0,457,1
462347,send,11:66:F0:00:01:3D,1000,,458,1
462356,ack,11:66:F0:00:01:3D,,0,457,1
463055,send,11:66:F0:00:01:3D,1001,,458,1
463062,ack,11:66:F0:00:01:3D,,0,457,1
463563,send,11:66:F0:00:01:3D,1002,,458,1
463571,ack,11:66:F0:00:01:3D,,0,457,1
463590,send,11:66:F0:00:01:3D,1003,,458,1
463628,ack,11:66:F0:00:01:3D,,0,457,1
464291,send,11:66:F0:00:01:3D,1004,,458,1
464301,ack,11:66:F0:00:01:3D,,0,457,1
464799,send,11:66:F0:00:01:3D,1005,,458,1
464807,ack,11:66:F0:00:01:3D,,0,457,1
464825,send,11:66:F0:00:01:3D,1006,,458,1
464864,ack,11:66:F0:00:01:3D,,0,457,1
465527,send,11:66:F0:00:01:3D,1007,,458,1
465531,ack,11:66:F0:00:01:3D,,0,457,1
466032,send,11:66:F0:00:01:3D,1008,,458,1
466036,ack,11:66:F0:00:01:3D,,0,457,1
466055,send,11:66:F0:00:01:3D,1009,,458,1
466092,ack,11:66:F0:00:01:3D,,0,457,1
466756,send,11:66:F0:00:01:3D,1010,,458,1
466764,ack,11:66:F0:00:01:3D,,0,457,1
467264,send,11:66:F0:00:01:3D,1011,,458,1
467269,ack,11:66:F0:00:01:3D,,0,457,1
467288,send,11:66:F0:00:01:3D,1012,,458,1
467327,ack,11:66:F0:00:01:3D,,0,457,1
467991,send,11:66:F0:00:01:3D,1013,,458,1
467999,ack,11:66:F0:00:01:3D,,0,457,1
468499,send,11:66:F0:00:01:3D,1014,,458,1
468507,ack,11:66:F0:00:01:3D,,0,457,1
468524,send,11:66:F0:00:01:3D,1015,,458,1
468568,ack,11:66:F0:00:01:3D,,0,457,1
469227,send,11:66:F0:00:01:3D,1016,,458,1
469235,ack,11:66:F0:00:01:3D,,0,457,1
469734,send,11:66:F0:00:01:3D,1017,,458,1
469741,ack,11:66:F0:00:01:3D,,0,457,1
469762,send,11:66:F0:00:01:3D,1018,,458,1
469801,ack,11:66:F0:00:01:3D,,0,457,1
470465,send,11:66:F0:00:01:3D,1019,,458,1
470471,ack,11:66:F0:00:01:3D,,0,457,1
470971,send,11:66:F0:00:01:3D,1020,,458,1
470979,ack,11:66:F0:00:01:3D,,0,457,1
470999,send,11:66:F0:00:01:3D,1021,,458,1
471036,ack,11:66:F0:00:01:3D,,0,457,1
471702,send,11:66:F0:00:01:3D,1022,,458,1
471709,ack,11:66:F0:00:01:3D,,0,457,1
472209,send,11:66:F0:00:01:3D,1023,,458,1
472217,ack,11:66:F0:00:01:3D,,0,457,1
472236,send,11:66:F0:00:01:3D,1024,,458,1
472276,ack,11:66:F0:00:01:3D,,0,457,1
472937,send,11:66:F0:00:01:3D,1025,,458,1
472945,ack,11:66:F0:00:01:3D,,0,457,1
473445,send,11:66:F0:00:01:3D,1026,,458,1
473453,ack,11:66:F0:00:01:3D,,0,457,1
473471,send,11:66:F0:00:01:3D,1027,,458,1
473512,ack,11:66:F0:00:01:3D,,0,457,1
474172,send,11:66:F0:00:01:3D,1028,,458,1
474181,ack,11:66:F0:00:01:3D,,0,457,1
474680,send,11:66:F0:00:01:3D,1029,,458,1
474687,ack,11:66:F0:00:01:3D,,0,457,1
474707,send,11:66:F0:00:01:3D,1030,,458,1
474745,ack,11:66:F0:00:01:3D,,0,457,1
475409,send,11:66:F0:00:01:3D,1031,,458,1
475418,ack,11:66:F0:00:01:3D,,0,457,1
476117,send,11:66:F0:00:01:3D,1032,,458,1
476122,ack,11:66:F0:00:01:3D,,0,457,1
476623,send,11:66:F0:00:01:3D,1033,,458,1
476627,ack,11:66:F0:00:01:3D,,0,457,1
476652,send,11:66:F0:00:01:3D,1034,,458,1
476685,ack,11:66:F0:00:01:3D,,0,457,1
477354,send,11:66:F0:00:01:3D,1035,,458,1
477359,ack,11:66:F0:00:01:3D,,0,457,1
477858,send,11:66:F0:00:01:3D,1036,,458,1
477864,ack,11:66:F0:00:01:3D,,0,457,1
477887,send,11:66:F0:00:01:3D,1037,,458,1
477919,ack,11:66:F0:00:01:3D,,0,457,1
478589,send,11:66:F0:00:01:3D,1038,,458,1
478599,ack,11:66:F0:00:01:3D,,0,457,1
479101,send,11:66:F0:00:01:3D,1039,,458,1
479108,ack,11:66:F0:00:01:3D,,0,457,1
479132,send,11:66:F0:00:01:3D,1040,,458,1
479170,ack,11:66:F0:00:01:3D,,0,457,1
479833,send,11:66:F0:00:01:3D,1041,,458,1
479839,ack,11:66:F0:00:01:3D,,0,457,1
480341,send,11:66:F0:00:01:3D,1042,,458,1
480349,ack,11:66:F0:00:01:3D,,0,457,1
480374,send,11:66:F0:00:01:3D,1043,,458,1
480407,ack,11:66:F0:00:01:3D,,0,457,1
481077,send,11:66:F0:00:01:3D,1044,,458,1
481083,ack,11:66:F0:00:01:3D,,0,457,1
481582,send,11:66:F0:00:01:3D,1045,,458,1
481590,ack,11:66:F0:00:01:3D,,0,457,1
481614,send,11:66:F0:00:01:3D,1046,,458,1
481647,ack,11:66:F0:00:01:3D,,0,457,1
482316,send,11:66:F0:00:01:3D,1047,,458,1
482323,ack,11:66:F0:00:01:3D,,0,457,1
482823,send,11:66:F0:00:01:3D,1048,,458,1
482832,ack,11:66:F0:00:01:3D,,0,457,1
482854,send,11:66:F0:00:01:3D,1049,,458,1
482890,ack,11:66:F0:00:01:3D,,0,457,1
483556,send,11:66:F0:00:01:3D,1050,,458,1
483565,ack,11:66:F0:00:01:3D,,0,457,1
484064,send,11:66:F0:00:01:3D,1051,,458,1
484073,ack,11:66:F0:00:01:3D,,0,457,1
484097,send,11:66:F0:00:01:3D,1052,,458,1
484132,ack,11:66:F0:00:01:3D,,0,457,1
484799,send,11:66:F0:00:01:3D,1053,,458,1
484807,ack,11:66:F0:00:01:3D,,0,457,1
485307,send,11:66:F0:00:01:3D,1054,,458,1
485313,ack,11:66:F0:00:01:3D,,0,457,1
485339,send,11:66:F0:00:01:3D,1055,,458,1
485374,ack,11:66:F0:00:01:3D,,0,457,1
486041,send,11:66:F0:00:01:3D,1056,,458,1
486050,ack,11:66:F0:00:01:3D,,0,457,1
486550,send,11:66:F0:00:01:3D,1057,,458,1
486556,ack,11:66:F0:00:01:3D,,0,457,1
486582,send,11:66:F0:00:01:3D,1058,,458,1
486613,ack,11:66:F0:00:01:3D,,0,457,1
487284,send,11:66:F0:00:01:3D,1059,,458,1
487292,ack,11:66:F0:00:01:3D,,0,457,1
487792,send,11:66:F0:00:01:3D,1060,,458,1
487801,ack,11:66:F0:00:01:3D,,0,457,1
487825,send,11:66:F0:00:01:3D,1061,,458,1
487860,ack,11:66:F0:00:01:3D,,0,457,1
488527,send,11:66:F0:00:01:3D,1062,,458,1
488534,ack,11:66:F0:00:01:3D,,0,457,1
489234,send,11:66:F0:00:01:3D,1063,,458,1
489242,ack,11:66:F0:00:01:3D,,0,457,1
489742,send,11:66:F0:00:01:3D,1064,,458,1
489755,ack,11:66:F0:00:01:3D,,0,457,1
489781,send,11:66:F0:00:01:3D,1065,,458,1
489815,ack,11:66:F0:00:01:3D,,0,457,1
490483,send,11:66:F0:00:01:3D,1066,,458,1
490493,ack,11:66:F0:00:01:3D,,0,457,1
490991,send,11:66:F0:00:01:3D,1067,,458,1
490998,ack,11:66:F0:00:01:3D,,0,457,1
491028,send,11:66:F0:00:01:3D,1068,,458,1
491060,ack,11:66:F0:00:01:3D,,0,457,1
491730,send,11:66:F0:00:01:3D,1069,,458,1
491739,ack,11:66:F0:00:01:3D,,0,457,1
492237,send,11:66:F0:00:01:3D,1070,,458,1
492247,ack,11:66:F0:00:01:3D,,0,457,1
492275,send,11:66:F0:00:01:3D,1071,,458,1
492305,ack,11:66:F0:00:01:3D,,0,457,1
492978,send,11:66:F0:00:01:3D,1072,,458,1
492987,ack,11:66:F0:00:01:3D,,0,457,1
493486,send,11:66:F0:00:01:3D,1073,,458,1
493492,ack,11:66:F0:00:01:3D,,0,457,1
493522,send,11:66:F0:00:01:3D,1074,,458,1
493550,ack,11:66:F0:00:01:3D,,0,457,1
494224,send,11:66:F0:00:01:3D,1075,,458,1
494232,ack,11:66:F0:00:01:3D,,0,457,1
494732,send,11:66:F0:00:01:3D,1076,,458,1
494742,ack,11:66:F0:00:01:3D,,0,457,1
494770,send,11:66:F0:00:01:3D,1077,,458,1
494801,ack,11:66:F0:00:01:3D,,0,457,1
495472,send,11:66:F0:00:01:3D,1078,,458,1
495479,ack,11:66:F0:00:01:3D,,0,457,1
495981,send,11:66:F0:00:01:3D,1079,,458,1
495991,ack,11:66:F0:00:01:3D,,0,457,1
496018,send,11:66:F0:00:01:3D,1080,,458,1
496046,ack,11:66:F0:00:01:3D,,0,457,1
496720,send,11:66:F0:00:01:3D,1081,,458,1
496731,ack,11:66:F0:00:01:3D,,0,457,1
497229,send,11:66:F0:00:01:3D,1082,,458,1
497237,ack,11:66:F0:00:01:3D,,0,457,1
497268,send,11:66:F0:00:01:3D,1083,,458,1
497296,ack,11:66:F0:00:01:3D,,0,457,1
497970,send,11:66:F0:00:01:3D,1084,,458,1
497975,ack,11:66:F0:00:01:3D,,0,457,1
498476,send,11:66:F0:00:01:3D,1085,,458,1
498484,ack,11:66:F0:00:01:3D,,0,457,1
498513,send,11:66:F0:00:01:3D,1086,,458,1
498545,ack,11:66:F0:00:01:3D,,0,457,1
499214,send,11:66:F0:00:01:3D,1087,,458,1
499223,ack,11:66:F0:00:01:3D,,0,457,1
499722,send,11:66:F0:00:01:3D,1088,,458,1
499731,ack,11:66:F0:00:01:3D,,0,457,1
499761,send,11:66:F0:00:01:3D,1089,,458,1
499790,ack,11:66:F0:00:01:3D,,0,457,1
500463,send,11:66:F0:00:01:3D,1090,,458,1
500472,ack,11:66:F0:00:01:3D,,0,457,1
500970,send,11:66:F0:00:01:3D,1091,,458,1
500981,ack,11:66:F0:00:01:3D,,0,457,1
501009,send,11:66:F0:00:01:3D,1092,,458,1
501041,ack,11:66:F0:00:01:3D,,0,457,1
501711,send,11:66:F0:00:01:3D,1093,,458,1
501718,ack,11:66:F0:00:01:3D,,0,457,1
502418,send,11:66:F0:00:01:3D,1094,,458,1
502426,ack,11:66:F0:00:01:3D,,0,457,1
502925,send,11:66:F0:00:01:3D,1095,,458,1
502933,ack,11:66:F0:00:01:3D,,0,457,1
502973,send,11:66:F0:00:01:3D,1096,,458,1
502994,ack,11:66:F0:00:01:3D,,0,457,1
503676,send,11:66:F0:00:01:3D,1097,,458,1
503682,ack,11:66:F0:00:01:3D,,0,457,1
504183,send,11:66:F0:00:01:3D,1098,,458,1
504190,ack,11:66:F0:00:01:3D,,0,457,1
504230,send,11:66:F0:00:01:3D,1099,,458,1
504249,ack,11:66:F0:00:01:3D,,0,457,1
504933,send,11:66:F0:00:01:3D,1100,,458,1
504942,ack,11:66:F0:00:01:3D,,0,457,1
505442,send,11:66:F0:00:01:3D,1101,,458,1
505449,ack,11:66:F0:00:01:3D,,0,457,1
505490,send,11:66:F0:00:01:3D,1102,,458,1
505506,ack,11:66:F0:00:01:3D,,0,457,1
506191,send,11:66:F0:00:01:3D,1103,,458,1
506198,ack,11:66:F0:00:01:3D,,0,457,1
506697,send,11:66:F0:00:01:3D,1104,,458,1
506707,ack,11:66:F0:00:01:3D,,0,457,1
506744,send,11:66:F0:00:01:3D,1105,,458,1
506765,ack,11:66:F0:00:01:3D,,0,457,1
507446,send,11:66:F0:00:01:3D,1106,,458,1
507454,ack,11:66:F0:00:01:3D,,0,457,1
507953,send,11:66:F0:00:01:3D,1107,,458,1
507962,ack,11:66:F0:00:01:3D,,0,457,1
508000,send,11:66:F0:00:01:3D,1108,,458,1
508022,ack,11:66:F0:00:01:3D,,0,457,1
508702,send,11:66:F0:00:01:3D,1109,,458,1
508709,ack,11:66:F0:00:01:3D,,0,457,1
509219,send,11:66:F0:00:01:3D,1110,,458,1
509225,ack,11:66:F0:00:01:3D,,0,457,1
509266,send,11:66:F0:00:01:3D,1111,,458,1
509284,ack,11:66:F0:00:01:3D,,0,457,1
509968,send,11:66:F0:00:01:3D,1112,,458,1
509976,ack,11:66:F0:00:01:3D,,0,457,1
510474,send,11:66:F0:00:01:3D,1113,,458,1
510480,ack,11:66:F0:00:01:3D,,0,457,1
510520,send,11:66:F0:00:01:3D,1114,,458,1
510538,ack,11:66:F0:00:01:3D,,0,457,1
511222,send,11:66:F0:00:01:3D,1115,,458,1
511227,ack,11:66:F0:00:01:3D,,0,457,1
511726,send,11:66:F0:00:01:3D,1116,,458,1
511732,ack,11:66:F0:00:01:3D,,0,457,1
511771,send,11:66:F0:00:01:3D,1117,,458,1
511792,ack,11:66:F0:00:01:3D,,0,457,1
512473,send,11:66:F0:00:01:3D,1118,,458,1
512481,ack,11:66:F0:00:01:3D,,0,457,1
512981,send,11:66:F0:00:01:3D,1119,,458,1
512989,ack,11:66:F0:00:01:3D,,0,457,1
513027,send,11:66:F0:00:01:3D,1120,,458,1
513050,ack,11:66:F0:00:01:3D,,0,457,1
513728,send,11:66:F0:00:01:3D,1121,,458,1
513735,ack,11:66:F0:00:01:3D,,0,457,1
514233,send,11:66:F0:00:01:3D,1122,,458,1
514238,ack,11:66:F0:00:01:3D,,0,457,1
514278,send,11:66:F0:00:01:3D,1123,,458,1
514296,ack,11:66:F0:00:01:3D,,0,457,1
514980,send,11:66:F0:00:01:3D,1124,,458,1
514988,ack,11:66:F0:00:01:3D,,0,457,1
515687,send,11:66:F0:00:01:3D,1125,,458,1
515692,ack,11:66:F0:00:01:3D,,0,457,1
516193,send,11:66:F0:00:01:3D,1126,,458,1
516203,ack,11:66:F0:00:01:3D,,0,457,1
516260,send,11:66:F0:00:01:3D,1127,,458,1
516266,ack,11:66:F0:00:01:3D,,0,457,1
516965,send,11:66:F0:00:01:3D,1128,,458,1
516974,ack,11:66:F0:00:01:3D,,0,457,1
517472,send,11:66:F0:00:01:3D,1129,,458,1
517479,ack,11:66:F0:00:01:3D,,0,457,1
517539,send,11:66:F0:00:01:3D,1130,,458,1
517546,ack,11:66:F0:00:01:3D,,0,457,1
518244,send,11:66:F0:00:01:3D,1131,,458,1
518251,ack,11:66:F0:00:01:3D,,0,457,1
518750,send,11:66:F0:00:01:3D,1132,,458,1
518759,ack,11:66:F0:00:01:3D,,0,457,1
518816,send,11:66:F0:00:01:3D,1133,,458,1
518822,ack,11:66:F0:00:01:3D,,0,457,1
519522,send,11:66:F0:00:01:3D,1134,,458,1
519532,ack,11:66:F0:00:01:3D,,0,457,1
520031,send,11:66:F0:00:01:3D,1135,,458,1
520040,ack,11:66:F0:00:01:3D,,0,457,1
520100,send,11:66:F0:00:01:3D,1136,,458,1
520110,ack,11:66:F0:00:01:3D,,0,457,1
520809,send,11:66:F0:00:01:3D,1137,,458,1
520819,ack,11:66:F0:00:01:3D,,0,457,1
521316,send,11:66:F0:00:01:3D,1138,,458,1
521323,ack,11:66:F0:00:01:3D,,0,457,1
521384,send,11:66:F0:00:01:3D,1139,,458,1
521391,ack,11:66:F0:00:01:3D,,0,457,1
522090,send,11:66:F0:00:01:3D,1140,,458,1
522098,ack,11:66:F0:00:01:3D,,0,457,1
522598,send,11:66:F0:00:01:3D,1141,,458,1
522606,ack,11:66:F0:00:01:3D,,0,457,1
522666,send,11:66:F0:00:01:3D,1142,,458,1
522674,ack,11:66:F0:00:01:3D,,0,457,1
523372,send,11:66:F0:00:01:3D,1143,,458,1
523380,ack,11:66:F0:00:01:3D,,0,457,1
523880,send,11:66:F0:00:01:3D,1144,,458,1
523889,ack,11:66:F0:00:01:3D,,0,457,1
523947,send,11:66:F0:00:01:3D,1145,,458,1
523952,ack,11:66:F0:00:01:3D,,0,457,1
524652,send,11:66:F0:00:01:3D,1146,,458,1
524659,ack,11:66:F0:00:01:3D,,0,457,1
525157,send,11:66:F0:00:01:3D,1147,,458,1
525163,ack,11:66:F0:00:01:3D,,0,457,1
525223,send,11:66:F0:00:01:3D,1148,,458,1
525230,ack,11:66:F0:00:01:3D,,0,457,1
525928,send,11:66:F0:00:01:3D,1149,,458,1
525936,ack,11:66:F0:00:01:3D,,0,457,1
526433,send,11:66:F0:00:01:3D,1150,,458,1
526442,ack,11:66:F0:00:01:3D,,0,457,1
526503,send,11:66:F0:00:01:3D,1151,,458,1
526511,ack,11:66:F0:00:01:3D,,0,457,1
527208,send,11:66:F0:00:01:3D,1152,,458,1
527220,ack,11:66:F0:00:01:3D,,0,457,1
527719,send,11:66:F0:00:01:3D,1153,,458,1
527730,ack,11:66:F0:00:01:3D,,0,457,1
527788,send,11:66:F0:00:01:3D,1154,,458,1
527796,ack,11:66:F0:00:01:3D,,0,457,1
528495,send,11:66:F0:00:01:3D,1155,,458,1
528502,ack,11:66:F0:00:01:3D,,0,457,1
529202,send,11:66:F0:00:01:3D,1156,,458,1
529212,ack,11:66:F0:00:01:3D,,0,457,1
529711,send,11:66:F0:00:01:3D,1157,,458,1
529718,ack,11:66:F0:00:01:3D,,0,457,1
530418,send,11:66:F0:00:01:3D,1158,,458,1
530425,ack,11:66:F0:00:01:3D,,0,457,1
530925,send,11:66:F0:00:01:3D,1159,,458,1
530933,ack,11:66:F0:00:01:3D,,0,457,1
531631,send,11:66:F0:00:01:3D,1160,,458,1
531638,ack,11:66:F0:00:01:3D,,0,457,1
532137,send,11:66:F0:00:01:3D,1161,,458,1
532146,ack,11:66:F0:00:01:3D,,0,457,1
532845,send,11:66:F0:00:01:3D,1162,,458,1
532852,ack,11:66:F0:00:01:3D,,0,457,1
533351,send,11:66:F0:00:01:3D,1163,,458,1
533361,ack,11:66:F0:00:01:3D,,0,457,1
534059,send,11:66:F0:00:01:3D,1164,,458,1
534069,ack,11:66:F0:00:01:3D,,0,457,1
534568,send,11:66:F0:00:01:3D,1165,,458,1
534579,ack,11:66:F0:00:01:3D,,0,457,1
535278,send,11:66:F0:00:01:3D,1166,,458,1
535284,ack,11:66:F0:00:01:3D,,0,457,1
535784,send,11:66:F0:00:01:3D,1167,,458,1
535792,ack,11:66:F0:00:01:3D,,0,457,1
536489,send,11:66:F0:00:01:3D,1168,,458,1
536498,ack,11:66:F0:00:01:3D,,0,457,1
536998,send,11:66:F0:00:01:3D,1169,,458,1
537006,ack,11:66:F0:00:01:3D,,0,457,1
537705,send,11:66:F0:00:01:3D,1170,,458,1
537713,ack,11:66:F0:00:01:3D,,0,457,1
538212,send,11:66:F0:00:01:3D,1171,,458,1
538219,ack,11:66:F0:00:01:3D,,0,457,1
538919,send,11:66:F0:00:01:3D,1172,,458,1
538931,ack,11:66:F0:00:01:3D,,0,457,1
539429,send,11:66:F0:00:01:3D,1173,,458,1
539439,ack,11:66:F0:00:01:3D,,0,457,1
540137,send,11:66:F0:00:01:3D,1174,,458,1
540146,ack,11:66:F0:00:01:3D,,0,457,1
540646,send,11:66:F0:00:01:3D,1175,,458,1
540656,ack,11:66:F0:00:01:3D,,0,457,1
541354,send,11:66:F0:00:01:3D,1176,,458,1
541362,ack,11:66:F0:00:01:3D,,0,457,1
542363,send,11:66:F0:00:01:3D,1177,,458,1
542370,ack,11:66:F0:00:01:3D,,0,457,1
542492,send,11:66:F0:00:01:3D,1178,,458,1
542499,ack,11:66:F0:00:01:3D,,0,457,1
542778,send,11:66:F0:00:01:3D,1179,,458,1
542787,ack,11:66:F0:00:01:3D,,0,457,1
542905,send,11:66:F0:00:01:3D,1180,,458,1
542910,ack,11:66:F0:00:01:3D,,0,457,1
543191,send,11:66:F0:00:01:3D,1181,,458,1
543199,ack,11:66:F0:00:01:3D,,0,457,1
543318,send,11:66:F0:00:01:3D,1182,,458,1
543325,ack,11:66:F0:00:01:3D,,0,457,1
545104,send,11:66:F0:00:01:3D,1183,,458,1
545114,ack,11:66:F0:00:01:3D,,0,457,1
545812,send,11:66:F0:00:01:3D,1184,,458,1
545822,ack,11:66:F0:00:01:3D,,0,457,1
546320,send,11:66:F0:00:01:3D,1185,,458,1
546327,ack,11:66:F0:00:01:3D,,0,457,1
546826,send,11:66:F0:00:01:3D,1186,,458,1
546834,ack,11:66:F0:00:01:3D,,0,457,1
547333,send,11:66:F0:00:01:3D,1187,,458,1
547341,ack,11:66:F0:00:01:3D,,0,457,1
547839,send,11:66:F0:00:01:3D,1188,,458,1
547847,ack,11:66:F0:00:01:3D,,0,457,1
548346,send,11:66:F0:00:01:3D,1189,,458,1
548354,ack,11:66:F0:00:01:3D,,0,457,1
548853,send,11:66:F0:00:01:3D,1190,,458,1
548861,ack,11:66:F0:00:01:3D,,0,457,1
549360,send,11:66:F0:00:01:3D,1191,,458,1
549368,ack,11:66:F0:00:01:3D,,0,457,1
549867,send,11:66:F0:00:01:3D,1192,,458,1
549875,ack,11:66:F0:00:01:3D,,0,457,1
550575,send,11:66:F0:00:01:3D,1193,,458,1
550583,ack,11:66:F0:00:01:3D,,0,457,1
550784,send,11:66:F0:00:01:3D,1194,,458,1
550791,ack,11:66:F0:00:01:3D,,0,457,1
550992,send,11:66:F0:00:01:3D,1195,,458,1
551000,ack,11:66:F0:00:01:3D,,0,457,1
551199,send,11:66:F0:00:01:3D,1196,,458,1
551205,ack,11:66:F0:00:01:3D,,0,457,1
551405,send,11:66:F0:00:01:3D,1197,,458,1
551412,ack,11:66:F0:00:01:3D,,0,457,1
551612,send,11:66:F0:00:01:3D,1198,,458,1
551619,ack,11:66:F0:00:01:3D,,0,457,1
551818,send,11:66:F0:00:01:3D,1199,,458,1
551824,ack,11:66:F0:00:01:3D,,0,457,1
552025,send,11:66:F0:00:01:3D,1200,,458,1
552031,ack,11:66:F0:00:01:3D,,0,457,1
552230,send,11:66:F0:00:01:3D,1201,,458,1
552238,ack,11:66:F0:00:01:3D,,0,457,1
552436,send,11:66:F0:00:01:3D,1202,,458,1
552444,ack,11:66:F0:00:01:3D,,0,457,1
552642,send,11:66:F0:00:01:3D,1203,,458,1
552648,ack,11:66:F0:00:01:3D,,0,457,1
552850,send,11:66:F0:00:01:3D,1204,,458,1
552860,ack,11:66:F0:00:01:3D,,0,457,1
553060,send,11:66:F0:00:01:3D,1205,,458,1
553070,ack,11:66:F0:00:01:3D,,0,457,1
553267,send,11:66:F0:00:01:3D,1206,,458,1
553273,ack,11:66:F0:00:01:3D,,0,457,1
553475,send,11:66:F0:00:01:3D,1207,,458,1
553483,ack,11:66:F0:00:01:3D,,0,457,1
553683,send,11:66:F0:00:01:3D,1208,,458,1
553691,ack,11:66:F0:00:01:3D,,0,457,1
553891,send,11:66:F0:00:01:3D,1209,,458,1
553898,ack,11:66:F0:00:01:3D,,0,457,1
554099,send,11:66:F0:00:01:3D,1210,,458,1
554105,ack,11:66:F0:00:01:3D,,0,457,1
554307,send,11:66:F0:00:01:3D,1211,,458,1
554313,ack,11:66:F0:00:01:3D,,0,457,1
554511,send,11:66:F0:00:01:3D,1212,,458,1
554519,ack,11:66:F0:00:01:3D,,0,457,1
554717,send,11:66:F0:00:01:3D,1213,,458,1
554726,ack,11:66:F0:00:01:3D,,0,457,1
555423,send,11:66:F0:00:01:3D,1214,,458,1
555432,ack,11:66:F0:00:01:3D,,0,457,1
555531,send,11:66:F0:00:01:3D,1215,,458,1
555537,ack,11:66:F0:00:01:3D,,0,457,1
555638,send,11:66:F0:00:01:3D,1216,,458,1
555644,ack,11:66:F0:00:01:3D,,0,457,1
555744,send,11:66:F0:00:01:3D,1217,,458,1
555751,ack,11:66:F0:00:01:3D,,0,457,1
555850,send,11:66:F0:00:01:3D,1218,,458,1
555857,ack,11:66:F0:00:01:3D,,0,457,1
555957,send,11:66:F0:00:01:3D,1219,,458,1
555962,ack,11:66:F0:00:01:3D,,0,457,1
556063,send,11:66:F0:00:01:3D,1220,,458,1
556071,ack,11:66:F0:00:01:3D,,0,457,1
556170,send,11:66:F0:00:01:3D,1221,,458,1
556179,ack,11:66:F0:00:01:3D,,0,457,1
556279,send,11:66:F0:00:01:3D,1222,,458,1
556286,ack,11:66:F0:00:01:3D,,0,457,1
556384,send,11:66:F0:00:01:3D,1223,,458,1
556391,ack,11:66:F0:00:01:3D,,0,457,1
556491,send,11:66:F0:00:01:3D,1224,,458,1
556498,ack,11:66:F0:00:01:3D,,0,457,1
556597,send,11:66:F0:00:01:3D,1225,,458,1
556606,ack,11:66:F0:00:01:3D,,0,457,1
556704,send,11:66:F0:00:01:3D,1226,,458,1
556713,ack,11:66:F0:00:01:3D,,0,457,1
556811,send,11:66:F0:00:01:3D,1227,,458,1
556818,ack,11:66:F0:00:01:3D,,0,457,1
556917,send,11:66:F0:00:01:3D,1228,,458,1
556923,ack,11:66:F0:00:01:3D,,0,457,1
557024,send,11:66:F0:00:01:3D,1229,,458,1
557030,ack,11:66:F0:00:01:3D,,0,457,1
557130,send,11:66:F0:00:01:3D,1230,,458,1
557136,ack,11:66:F0:00:01:3D,,0,457,1
557234,send,11:66:F0:00:01:3D,1231,,458,1
557239,ack,11:66:F0:00:01:3D,,0,457,1
557340,send,11:66:F0:00:01:3D,1232,,458,1
557346,ack,11:66:F0:00:01:3D,,0,457,1
557445,send,11:66:F0:00:01:3D,1233,,458,1
557453,ack,11:66:F0:00:01:3D,,0,457,1
557553,send,11:66:F0:00:01:3D,1234,,458,1
557562,ack,11:66:F0:00:01:3D,,0,457,1
557661,send,11:66:F0:00:01:3D,1235,,458,1
557666,ack,11:66:F0:00:01:3D,,0,457,1
557766,send,11:66:F0:00:01:3D,1236,,458,1
557772,ack,11:66:F0:00:01:3D,,0,457,1
557871,send,11:66:F0:00:01:3D,1237,,458,1
557879,ack,11:66:F0:00:01:3D,,0,457,1
557977,send,11:66:F0:00:01:3D,1238,,458,1
557984,ack,11:66:F0:00:01:3D,,0,457,1
558084,send,11:66:F0:00:01:3D,1239,,458,1
558090,ack,11:66:F0:00:01:3D,,0,457,1
558189,send,11:66:F0:00:01:3D,1240,,458,1
558197,ack,11:66:F0:00:01:3D,,0,457,1
558297,send,11:66:F0:00:01:3D,1241,,458,1
558304,ack,11:66:F0:00:01:3D,,0,457,1
558404,send,11:66:F0:00:01:3D,1242,,458,1
558412,ack,11:66:F0:00:01:3D,,0,457,1
558511,send,11:66:F0:00:01:3D,1243,,458,1
558518,ack,11:66:F0:00:01:3D,,0,457,1
558617,send,11:66:F0:00:01:3D,1244,,458,1
558623,ack,11:66:F0:00:01:3D,,0,457,1
558722,send,11:66:F0:00:01:3D,1245,,458,1
558728,ack,11:66:F0:00:01:3D,,0,457,1
558829,send,11:66:F0:00:01:3D,1246,,458,1
558834,ack,11:66:F0:00:01:3D,,0,457,1
558935,send,11:66:F0:00:01:3D,1247,,458,1
558942,ack,11:66:F0:00:01:3D,,0,457,1
559043,send,11:66:F0:00:01:3D,1248,,458,1
559050,ack,11:66:F0:00:01:3D,,0,457,1
559148,send,11:66:F0:00:01:3D,1249,,458,1
559156,ack,11:66:F0:00:01:3D,,0,457,1
559254,send,11:66:F0:00:01:3D,1250,,458,1
559260,ack,11:66:F0:00:01:3D,,0,457,1
559359,send,11:66:F0:00:01:3D,1251,,458,1
559365,ack,11:66:F0:00:01:3D,,0,457,1
559465,send,11:66:F0:00:01:3D,1252,,458,1
559473,ack,11:66:F0:00:01:3D,,0,457,1
559572,send,11:66:F0:00:01:3D,1253,,458,1
559580,ack,11:66:F0:00:01:3D,,0,457,1
559680,send,11:66:F0:00:01:3D,1254,,458,1
559686,ack,11:66:F0:00:01:3D,,0,457,1
560386,send,11:66:F0:00:01:3D,1255,,458,1
560394,ack,11:66:F0:00:01:3D,,0,457,1
560460,send,11:66:F0:00:01:3D,1256,,458,1
560469,ack,11:66:F0:00:01:3D,,0,457,1
560532,send,11:66:F0:00:01:3D,1257,,458,1
560541,ack,11:66:F0:00:01:3D,,0,457,1
560605,send,11:66:F0:00:01:3D,1258,,458,1
560613,ack,11:66:F0:00:01:3D,,0,457,1
560680,send,11:66:F0:00:01:3D,1259,,458,1
560688,ack,11:66:F0:00:01:3D,,0,457,1
560754,send,11:66:F0:00:01:3D,1260,,458,1
560763,ack,11:66:F0:00:01:3D,,0,457,1
560827,send,11:66:F0:00:01:3D,1261,,458,1
560835,ack,11:66:F0:00:01:3D,,0,457,1
560900,send,11:66:F0:00:01:3D,1262,,458,1
560906,ack,11:66:F0:00:01:3D,,0,457,1
560971,send,11:66:F0:00:01:3D,1263,,458,1
560980,ack,11:66:F0:00:01:3D,,0,457,1
561043,send,11:66:F0:00:01:3D,1264,,458,1
561049,ack,11:66:F0:00:01:3D,,0,457,1
561117,send,11:66:F0:00:01:3D,1265,,458,1
561124,ack,11:66:F0:00:01:3D,,0,457,1
561189,send,11:66:F0:00:01:3D,1266,,458,1
561194,ack,11:66:F0:00:01:3D,,0,457,1
561261,send,11:66:F0:00:01:3D,1267,,458,1
561266,ack,11:66:F0:00:01:3D,,0,457,1
561333,send,11:66:F0:00:01:3D,1268,,458,1
561339,ack,11:66:F0:00:01:3D,,0,457,1
561406,send,11:66:F0:00:01:3D,1269,,458,1
561411,ack,11:66:F0:00:01:3D,,0,457,1
561478,send,11:66:F0:00:01:3D,1270,,458,1
561485,ack,11:66:F0:00:01:3D,,0,457,1
561551,send,11:66:F0:00:01:3D,1271,,458,1
561557,ack,11:66:F0:00:01:3D,,0,457,1
561625,send,11:66:F0:00:01:3D,1272,,458,1
561632,ack,11:66:F0:00:01:3D,,0,457,1
561698,send,11:66:F0:00:01:3D,1273,,458,1
561706,ack,11:66:F0:00:01:3D,,0,457,1
561771,send,11:66:F0:00:01:3D,1274,,458,1
561778,ack,11:66:F0:00:01:3D,,0,457,1
561843,send,11:66:F0:00:01:3D,1275,,458,1
561849,ack,11:66:F0:00:01:3D,,0,457,1
561915,send,11:66:F0:00:01:3D,1276,,458,1
561921,ack,11:66:F0:00:01:3D,,0,457,1
561987,send,11:66:F0:00:01:3D,1277,,458,1
561995,ack,11:66:F0:00:01:3D,,0,457,1
562062,send,11:66:F0:00:01:3D,1278,,458,1
562070,ack,11:66:F0:00:01:3D,,0,457,1
562136,send,11:66:F0:00:01:3D,1279,,458,1
562142,ack,11:66:F0:00:01:3D,,0,457,1
562209,send,11:66:F0:00:01:3D,1280,,458,1
562217,ack,11:66:F0:00:01:3D,,0,457,1
562282,send,11:66:F0:00:01:3D,1281,,458,1
562288,ack,11:66:F0:00:01:3D,,0,457,1
562354,send,11:66:F0:00:01:3D,1282,,458,1
562361,ack,11:66:F0:00:01:3D,,0,457,1
562426,send,11:66:F0:00:01:3D,1283,,458,1
562434,ack,11:66:F0:00:01:3D,,0,457,1
562498,send,11:66:F0:00:01:3D,1284,,458,1
562503,ack,11:66:F0:00:01:3D,,0,457,1
562570,send,11:66:F0:00:01:3D,1285,,458,1
562576,ack,11:66:F0:00:01:3D,,0,457,1
562642,send,11:66:F0:00:01:3D,1286,,458,1
562651,ack,11:66:F0:00:01:3D,,0,457,1
562716,send,11:66:F0:00:01:3D,1287,,458,1
562727,ack,11:66:F0:00:01:3D,,0,457,1
562791,send,11:66:F0:00:01:3D,1288,,458,1
562797,ack,11:66:F0:00:01:3D,,0,457,1
562863,send,11:66:F0:00:01:3D,1289,,458,1
562868,ack,11:66:F0:00:01:3D,,0,457,1
562933,send,11:66:F0:00:01:3D,1290,,458,1
562940,ack,11:66:F0:00:01:3D,,0,457,1
563006,send,11:66:F0:00:01:3D,1291,,458,1
563013,ack,11:66:F0:00:01:3D,,0,457,1
563078,send,11:66:F0:00:01:3D,1292,,458,1
563086,ack,11:66:F0:00:01:3D,,0,457,1
563150,send,11:66:F0:00:01:3D,1293,,458,1
563158,ack,11:66:F0:00:01:3D,,0,457,1
563224,send,11:66:F0:00:01:3D,1294,,458,1
563230,ack,11:66:F0:00:01:3D,,0,457,1
563298,send,11:66:F0:00:01:3D,1295,,458,1
563303,ack,11:66:F0:00:01:3D,,0,457,1
563370,send,11:66:F0:00:01:3D,1296,,458,1
563378,ack,11:66:F0:00:01:3D,,0,457,1
563441,send,11:66:F0:00:01:3D,1297,,458,1
563447,ack,11:66:F0:00:01:3D,,0,457,1
563513,send,11:66:F0:00:01:3D,1298,,458,1
563520,ack,11:66:F0:00:01:3D,,0,457,1
563587,send,11:66:F0:00:01:3D,1299,,458,1
563593,ack,11:66:F0:00:01:3D,,0,457,1
563659,send,11:66:F0:00:01:3D,1300,,458,1
563665,ack,11:66:F0:00:01:3D,,0,457,1
563731,send,11:66:F0:00:01:3D,1301,,458,1
563736,ack,11:66:F0:00:01:3D,,0,457,1
563802,send,11:66:F0:00:01:3D,1302,,458,1
563809,ack,11:66:F0:00:01:3D,,0,457,1
563874,send,11:66:F0:00:01:3D,1303,,458,1
563881,ack,11:66:F0:00:01:3D,,0,457,1
563947,send,11:66:F0:00:01:3D,1304,,458,1
563953,ack,11:66:F0:00:01:3D,,0,457,1
564019,send,11:66:F0:00:01:3D,1305,,458,1
564024,ack,11:66:F0:00:01:3D,,0,457,1
564090,send,11:66:F0:00:01:3D,1306,,458,1
564096,ack,11:66:F0:00:01:3D,,0,457,1
564162,send,11:66:F0:00:01:3D,1307,,458,1
564169,ack,11:66:F0:00:01:3D,,0,457,1
564234,send,11:66:F0:00:01:3D,1308,,458,1
564242,ack,11:66:F0:00:01:3D,,0,457,1
564308,send,11:66:F0:00:01:3D,1309,,458,1
564315,ack,11:66:F0:00:01:3D,,0,457,1
564380,send,11:66:F0:00:01:3D,1310,,458,1
564388,ack,11:66:F0:00:01:3D,,0,457,1
564452,send,11:66:F0:00:01:3D,1311,,458,1
564458,ack,11:66:F0:00:01:3D,,0,457,1
564526,send,11:66:F0:00:01:3D,1312,,458,1
564531,ack,11:66:F0:00:01:3D,,0,457,1
564598,send,11:66:F0:00:01:3D,1313,,458,1
564605,ack,11:66:F0:00:01:3D,,0,457,1
564670,send,11:66:F0:00:01:3D,1314,,458,1
564678,ack,11:66:F0:00:01:3D,,0,457,1
564744,send,11:66:F0:00:01:3D,1315,,458,1
564750,ack,11:66:F0:00:01:3D,,0,457,1
565453,send,11:66:F0:00:01:3D,1316,,458,1
565464,ack,11:66:F0:00:01:3D,,0,457,1
565513,send,11:66:F0:00:01:3D,1317,,458,1
565519,ack,11:66:F0:00:01:3D,,0,457,1
565567,send,11:66:F0:00:01:3D,1318,,458,1
565576,ack,11:66:F0:00:01:3D,,0,457,1
565619,send,11:66:F0:00:01:3D,1319,,458,1
565634,ack,11:66:F0:00:01:3D,,0,457,1
565670,send,11:66:F0:00:01:3D,1320,,458,1
565693,ack,11:66:F0:00:01:3D,,0,457,1
565720,send,11:66:F0:00:01:3D,1321,,458,1
565751,ack,11:66:F0:00:01:3D,,0,457,1
565772,send,11:66:F0:00:01:3D,1322,,458,1
565812,ack,11:66:F0:00:01:3D,,0,457,1
565824,send,11:66:F0:00:01:3D,1323,,458,1
565872,ack,11:66:F0:00:01:3D,,0,457,1
565876,send,11:66:F0:00:01:3D,1324,,458,1
565928,send,11:66:F0:00:01:3D,1325,,459,1
565930,ack,11:66:F0:00:01:3D,,0,458,1
565980,send,11:66:F0:00:01:3D,1326,,459,1
565993,ack,11:66:F0:00:01:3D,,0,458,1
566032,send,11:66:F0:00:01:3D,1327,,459,1
566054,ack,11:66:F0:00:01:3D,,0,458,1
566084,send,11:66:F0:00:01:3D,1328,,459,1
566110,ack,11:66:F0:00:01:3D,,0,458,1
566135,send,11:66:F0:00:01:3D,1329,,459,1
566168,ack,11:66:F0:00:01:3D,,0,458,1
566186,send,11:66:F0:00:01:3D,1330,,459,1
566226,ack,11:66:F0:00:01:3D,,0,458,1
566238,send,11:66:F0:00:01:3D,1331,,459,1
566284,ack,11:66:F0:00:01:3D,,0,458,1
566290,send,11:66:F0:00:01:3D,1332,,459,1
566342,send,11:66:F0:00:01:3D,1333,,460,1
566344,ack,11:66:F0:00:01:3D,,0,459,1
566393,send,11:66:F0:00:01:3D,1334,,460,1
566399,ack,11:66:F0:00:01:3D,,0,459,1
566447,send,11:66:F0:00:01:3D,1335,,460,1
566455,ack,11:66:F0:00:01:3D,,0,459,1
566499,send,11:66:F0:00:01:3D,1336,,460,1
566513,ack,11:66:F0:00:01:3D,,0,459,1
566551,send,11:66:F0:00:01:3D,1337,,460,1
566572,ack,11:66:F0:00:01:3D,,0,459,1
566603,send,11:66:F0:00:01:3D,1338,,460,1
566632,ack,11:66:F0:00:01:3D,,0,459,1
566654,send,11:66:F0:00:01:3D,1339,,460,1
566689,ack,11:66:F0:00:01:3D,,0,459,1
566706,send,11:66:F0:00:01:3D,1340,,460,1
566749,ack,11:66:F0:00:01:3D,,0,459,1
566757,send,11:66:F0:00:01:3D,1341,,460,1
566806,ack,11:66:F0:00:01:3D,,0,459,1
566809,send,11:66:F0:00:01:3D,1342,,460,1
566860,send,11:66:F0:00:01:3D,1343,,461,1
566865,ack,11:66:F0:00:01:3D,,0,460,1
566915,send,11:66:F0:00:01:3D,1344,,461,1
566923,ack,11:66:F0:00:01:3D,,0,460,1
566971,send,11:66:F0:00:01:3D,1345,,461,1
566979,ack,11:66:F0:00:01:3D,,0,460,1
567023,send,11:66:F0:00:01:3D,1346,,461,1
567037,ack,11:66:F0:00:01:3D,,0,460,1
567073,send,11:66:F0:00:01:3D,1347,,461,1
567091,ack,11:66:F0:00:01:3D,,0,460,1
567125,send,11:66:F0:00:01:3D,1348,,461,1
567152,ack,11:66:F0:00:01:3D,,0,460,1
567177,send,11:66:F0:00:01:3D,1349,,461,1
567214,ack,11:66:F0:00:01:3D,,0,460,1
567229,send,11:66:F0:00:01:3D,1350,,461,1
567273,ack,11:66:F0:00:01:3D,,0,460,1
567281,send,11:66:F0:00:01:3D,1351,,461,1
567331,ack,11:66:F0:00:01:3D,,0,460,1
567333,send,11:66:F0:00:01:3D,1352,,461,1
567384,send,11:66:F0:00:01:3D,1353,,462,1
567390,ack,11:66:F0:00:01:3D,,0,461,1
567439,send,11:66:F0:00:01:3D,1354,,462,1
567448,ack,11:66:F0:00:01:3D,,0,461,1
567490,send,11:66:F0:00:01:3D,1355,,462,1
567505,ack,11:66:F0:00:01:3D,,0,461,1
567541,send,11:66:F0:00:01:3D,1356,,462,1
567561,ack,11:66:F0:00:01:3D,,0,461,1
567593,send,11:66:F0:00:01:3D,1357,,462,1
567618,ack,11:66:F0:00:01:3D,,0,461,1
567644,send,11:66:F0:00:01:3D,1358,,462,1
567675,ack,11:66:F0:00:01:3D,,0,461,1
567696,send,11:66:F0:00:01:3D,1359,,462,1
567733,ack,11:66:F0:00:01:3D,,0,461,1
567746,send,11:66:F0:00:01:3D,1360,,462,1
567792,ack,11:66:F0:00:01:3D,,0,461,1
567798,send,11:66:F0:00:01:3D,1361,,462,1
567850,send,11:66:F0:00:01:3D,1362,,463,1
567851,ack,11:66:F0:00:01:3D,,0,462,1
567901,send,11:66:F0:00:01:3D,1363,,463,1
567906,ack,11:66:F0:00:01:3D,,0,462,1
567959,send,11:66:F0:00:01:3D,1364,,463,1
567964,ack,11:66:F0:00:01:3D,,0,462,1
568015,send,11:66:F0:00:01:3D,1365,,463,1
568019,ack,11:66:F0:00:01:3D,,0,462,1
568069,send,11:66:F0:00:01:3D,1366,,463,1
568075,ack,11:66:F0:00:01:3D,,0,462,1
568125,send,11:66:F0:00:01:3D,1367,,463,1
568133,ack,11:66:F0:00:01:3D,,0,462,1
568182,send,11:66:F0:00:01:3D,1368,,463,1
568191,ack,11:66:F0:00:01:3D,,0,462,1
568239,send,11:66:F0:00:01:3D,1369,,463,1
568250,ack,11:66:F0:00:01:3D,,0,462,1
568291,send,11:66:F0:00:01:3D,1370,,463,1
568307,ack,11:66:F0:00:01:3D,,0,462,1
568343,send,11:66:F0:00:01:3D,1371,,463,1
568365,ack,11:66:F0:00:01:3D,,0,462,1
568394,send,11:66:F0:00:01:3D,1372,,463,1
568424,ack,11:66:F0:00:01:3D,,0,462,1
568445,send,11:66:F0:00:01:3D,1373,,463,1
568483,ack,11:66:F0:00:01:3D,,0,462,1
568497,send,11:66:F0:00:01:3D,1374,,463,1
568542,ack,11:66:F0:00:01:3D,,0,462,1
568549,send,11:66:F0:00:01:3D,1375,,463,1
568601,ack,11:66:F0:00:01:3D,,0,462,1
568601,send,11:66:F0:00:01:3D,1376,,463,1
568653,send,11:66:F0:00:01:3D,1377,,464,1
568659,ack,11:66:F0:00:01:3D,,0,463,1
568707,send,11:66:F0:00:01:3D,1378,,464,1
568719,ack,11:66:F0:00:01:3D,,0,463,1
568759,send,11:66:F0:00:01:3D,1379,,464,1
568778,ack,11:66:F0:00:01:3D,,0,463,1
568811,send,11:66:F0:00:01:3D,1380,,464,1
568839,ack,11:66:F0:00:01:3D,,0,463,1
568862,send,11:66:F0:00:01:3D,1381,,464,1
568897,ack,11:66:F0:00:01:3D,,0,463,1
568914,send,11:66:F0:00:01:3D,1382,,464,1
568958,ack,11:66:F0:00:01:3D,,0,463,1
568965,send,11:66:F0:00:01:3D,1383,,464,1
569017,send,11:66:F0:00:01:3D,1384,,465,1
569018,ack,11:66:F0:00:01:3D,,0,464,1
569070,send,11:66:F0:00:01:3D,1385,,465,1
569075,ack,11:66:F0:00:01:3D,,0,464,1
569127,send,11:66:F0:00:01:3D,1386,,465,1
569133,ack,11:66:F0:00:01:3D,,0,464,1
569183,send,11:66:F0:00:01:3D,1387,,465,1
569189,ack,11:66:F0:00:01:3D,,0,464,1
569237,send,11:66:F0:00:01:3D,1388,,465,1
569247,ack,11:66:F0:00:01:3D,,0,464,1
569289,send,11:66:F0:00:01:3D,1389,,465,1
569305,ack,11:66:F0:00:01:3D,,0,464,1
569340,send,11:66:F0:00:01:3D,1390,,465,1
569363,ack,11:66:F0:00:01:3D,,0,464,1
569392,send,11:66:F0:00:01:3D,1391,,465,1
569421,ack,11:66:F0:00:01:3D,,0,464,1
569443,send,11:66:F0:00:01:3D,1392,,465,1
569478,ack,11:66:F0:00:01:3D,,0,464,1
569495,send,11:66:F0:00:01:3D,1393,,465,1
569542,ack,11:66:F0:00:01:3D,,0,464,1
569548,send,11:66:F0:00:01:3D,1394,,465,1
569599,ack,11:66:F0:00:01:3D,,0,464,1
569599,send,11:66:F0:00:01:3D,1395,,465,1
569651,send,11:66:F0:00:01:3D,1396,,466,1
569657,ack,11:66:F0:00:01:3D,,0,465,1
569713,ack,11:66:F0:00:01:3D,,0,464,1
570357,send,11:66:F0:00:01:3D,1397,,465,1
570366,ack,11:66:F0:00:01:3D,,0,464,1
570398,send,11:66:F0:00:01:3D,1398,,465,1
570424,ack,11:66:F0:00:01:3D,,0,464,1
570432,send,11:66:F0:00:01:3D,1399,,465,1
570467,send,11:66:F0:00:01:3D,1400,,466,1
570479,ack,11:66:F0:00:01:3D,,0,465,1
570500,send,11:66:F0:00:01:3D,1401,,466,1
570535,send,11:66:F0:00:01:3D,1402,,467,1
570539,ack,11:66:F0:00:01:3D,,0,466,1
570571,send,11:66:F0:00:01:3D,1403,,467,1
570597,ack,11:66:F0:00:01:3D,,0,466,1
570606,send,11:66:F0:00:01:3D,1404,,467,1
570641,send,11:66:F0:00:01:3D,1405,,468,1
570656,ack,11:66:F0:00:01:3D,,0,467,1
570674,send,11:66:F0:00:01:3D,1406,,468,1
570709,send,11:66:F0:00:01:3D,1407,,469,1
570714,ack,11:66:F0:00:01:3D,,0,468,1
570746,send,11:66:F0:00:01:3D,1408,,469,1
570770,ack,11:66:F0:00:01:3D,,0,468,1
570780,send,11:66:F0:00:01:3D,1409,,469,1
570815,send,11:66:F0:00:01:3D,1410,,470,1
570827,ack,11:66:F0:00:01:3D,,0,469,1
570848,send,11:66:F0:00:01:3D,1411,,470,1
570882,send,11:66:F0:00:01:3D,1412,,471,1
570883,ack,11:66:F0:00:01:3D,,0,470,1
570917,send,11:66:F0:00:01:3D,1413,,471,1
570942,ack,11:66:F0:00:01:3D,,0,470,1
570951,send,11:66:F0:00:01:3D,1414,,471,1
570986,send,11:66:F0:00:01:3D,1415,,472,1
571004,ack,11:66:F0:00:01:3D,,0,471,1
571020,send,11:66:F0:00:01:3D,1416,,472,1
571054,send,11:66:F0:00:01:3D,1417,,473,1
571062,ack,11:66:F0:00:01:3D,,0,472,1
571094,send,11:66:F0:00:01:3D,1418,,473,1
571119,ack,11:66:F0:00:01:3D,,0,472,1
571129,send,11:66:F0:00:01:3D,1419,,473,1
571163,send,11:66:F0:00:01:3D,1420,,474,1
571178,ack,11:66:F0:00:01:3D,,0,473,1
571197,send,11:66:F0:00:01:3D,1421,,474,1
571231,send,11:66:F0:00:01:3D,1422,,475,1
571237,ack,11:66:F0:00:01:3D,,0,474,1
571271,send,11:66:F0:00:01:3D,1423,,475,1
571295,ack,11:66:F0:00:01:3D,,0,474,1
571305,send,11:66:F0:00:01:3D,1424,,475,1
571340,send,11:66:F0:00:01:3D,1425,,476,1
571354,ack,11:66:F0:00:01:3D,,0,475,1
571374,send,11:66:F0:00:01:3D,1426,,476,1
571408,send,11:66:F0:00:01:3D,1427,,477,1
571412,ack,11:66:F0:00:01:3D,,0,476,1
571444,send,11:66:F0:00:01:3D,1428,,477,1
571471,ack,11:66:F0:00:01:3D,,0,476,1
571478,send,11:66:F0:00:01:3D,1429,,477,1
571512,send,11:66:F0:00:01:3D,1430,,478,1
571529,ack,11:66:F0:00:01:3D,,0,477,1
571546,send,11:66:F0:00:01:3D,1431,,478,1
571579,send,11:66:F0:00:01:3D,1432,,479,1
571584,ack,11:66:F0:00:01:3D,,0,478,1
571619,send,11:66:F0:00:01:3D,1433,,479,1
571640,ack,11:66:F0:00:01:3D,,0,478,1
571653,send,11:66:F0:00:01:3D,1434,,479,1
571687,send,11:66:F0:00:01:3D,1435,,480,1
571696,ack,11:66:F0:00:01:3D,,0,479,1
571722,send,11:66:F0:00:01:3D,1436,,480,1
571754,ack,11:66:F0:00:01:3D,,0,479,1
571756,send,11:66:F0:00:01:3D,1437,,480,1
571790,send,11:66:F0:00:01:3D,1438,,481,1
571812,ack,11:66:F0:00:01:3D,,0,480,1
571825,send,11:66:F0:00:01:3D,1439,,481,1
571859,send,11:66:F0:00:01:3D,1440,,482,1
571870,ack,11:66:F0:00:01:3D,,0,481,1
571892,send,11:66:F0:00:01:3D,1441,,482,1
571927,send,11:66:F0:00:01:3D,1442,,483,1
571928,ack,11:66:F0:00:01:3D,,0,482,1
571960,send,11:66:F0:00:01:3D,1443,,483,1
571987,ack,11:66:F0:00:01:3D,,0,482,1
571994,send,11:66:F0:00:01:3D,1444,,483,1
572029,send,11:66:F0:00:01:3D,1445,,484,1
572046,ack,11:66:F0:00:01:3D,,0,483,1
572063,send,11:66:F0:00:01:3D,1446,,484,1
572097,send,11:66:F0:00:01:3D,1447,,485,1
572101,ack,11:66:F0:00:01:3D,,0,484,1
572135,send,11:66:F0:00:01:3D,1448,,485,1
572161,ack,11:66:F0:00:01:3D,,0,484,1
572169,send,11:66:F0:00:01:3D,1449,,485,1
572204,send,11:66:F0:00:01:3D,1450,,486,1
572219,ack,11:66:F0:00:01:3D,,0,485,1
572238,send,11:66:F0:00:01:3D,1451,,486,1
572271,send,11:66:F0:00:01:3D,1452,,487,1
572279,ack,11:66:F0:00:01:3D,,0,486,1
572311,send,11:66:F0:00:01:3D,1453,,487,1
572340,ack,11:66:F0:00:01:3D,,0,486,1
572345,send,11:66:F0:00:01:3D,1454,,487,1
572379,send,11:66:F0:00:01:3D,1455,,488,1
572398,ack,11:66:F0:00:01:3D,,0,487,1
572413,send,11:66:F0:00:01:3D,1456,,488,1
572448,send,11:66:F0:00:01:3D,1457,,489,1
572454,ack,11:66:F0:00:01:3D,,0,488,1
572486,send,11:66:F0:00:01:3D,1458,,489,1
572512,ack,11:66:F0:00:01:3D,,0,488,1
572519,send,11:66:F0:00:01:3D,1459,,489,1
572553,send,11:66:F0:00:01:3D,1460,,490,1
572568,ack,11:66:F0:00:01:3D,,0,489,1
572588,send,11:66:F0:00:01:3D,1461,,490,1
572623,send,11:66:F0:00:01:3D,1462,,491,1
572629,ack,11:66:F0:00:01:3D,,0,490,1
572662,send,11:66:F0:00:01:3D,1463,,491,1
572686,ack,11:66:F0:00:01:3D,,0,490,1
572695,send,11:66:F0:00:01:3D,1464,,491,1
572730,send,11:66:F0:00:01:3D,1465,,492,1
572744,ack,11:66:F0:00:01:3D,,0,491,1
572763,send,11:66:F0:00:01:3D,1466,,492,1
572798,send,11:66:F0:00:01:3D,1467,,493,1
572802,ack,11:66:F0:00:01:3D,,0,492,1
572833,send,11:66:F0:00:01:3D,1468,,493,1
572858,ack,11:66:F0:00:01:3D,,0,492,1
572868,send,11:66:F0:00:01:3D,1469,,493,1
572902,send,11:66:F0:00:01:3D,1470,,494,1
572919,ack,11:66:F0:00:01:3D,,0,493,1
572937,send,11:66:F0:00:01:3D,1471,,494,1
572971,send,11:66:F0:00:01:3D,1472,,495,1
572976,ack,11:66:F0:00:01:3D,,0,494,1
573008,send,11:66:F0:00:01:3D,1473,,495,1
573034,ack,11:66:F0:00:01:3D,,0,494,1
573043,send,11:66:F0:00:01:3D,1474,,495,1
573076,send,11:66:F0:00:01:3D,1475,,496,1
573091,ack,11:66:F0:00:01:3D,,0,495,1
573109,send,11:66:F0:00:01:3D,1476,,496,1
573144,send,11:66:F0:00:01:3D,1477,,497,1
573151,ack,11:66:F0:00:01:3D,,0,496,1
573183,send,11:66:F0:00:01:3D,1478,,497,1
573211,ack,11:66:F0:00:01:3D,,0,496,1
573218,send,11:66:F0:00:01:3D,1479,,497,1
573252,send,11:66:F0:00:01:3D,1480,,498,1
573270,ack,11:66:F0:00:01:3D,,0,497,1
573286,send,11:66:F0:00:01:3D,1481,,498,1
573321,send,11:66:F0:00:01:3D,1482,,499,1
573327,ack,11:66:F0:00:01:3D,,0,498,1
573361,send,11:66:F0:00:01:3D,1483,,499,1
573385,ack,11:66:F0:00:01:3D,,0,498,1
573395,send,11:66:F0:00:01:3D,1484,,499,1
573430,send,11:66:F0:00:01:3D,1485,,500,1
573444,ack,11:66:F0:00:01:3D,,0,499,1
573464,send,11:66:F0:00:01:3D,1486,,500,1
573498,send,11:66:F0:00:01:3D,1487,,501,1
573501,ack,11:66:F0:00:01:3D,,0,500,1
573534,send,11:66:F0:00:01:3D,1488,,501,1
573561,ack,11:66:F0:00:01:3D,,0,500,1
573569,send,11:66:F0:00:01:3D,1489,,501,1
573603,send,11:66:F0:00:01:3D,1490,,502,1
573618,ack,11:66:F0:00:01:3D,,0,501,1
573637,send,11:66:F0:00:01:3D,1491,,502,1
573671,send,11:66:F0:00:01:3D,1492,,503,1
573676,ack,11:66:F0:00:01:3D,,0,502,1
573708,send,11:66:F0:00:01:3D,1493,,503,1
573734,ack,11:66:F0:00:01:3D,,0,502,1
573743,send,11:66:F0:00:01:3D,1494,,503,1
573778,send,11:66:F0:00:01:3D,1495,,504,1
573794,ack,11:66:F0:00:01:3D,,0,503,1
573812,send,11:66:F0:00:01:3D,1496,,504,1
573846,send,11:66:F0:00:01:3D,1497,,505,1
573851,ack,11:66:F0:00:01:3D,,0,504,1
573882,send,11:66:F0:00:01:3D,1498,,505,1
573908,ack,11:66:F0:00:01:3D,,0,504,1
573916,send,11:66:F0:00:01:3D,1499,,505,1
573951,send,11:66:F0:00:01:3D,1500,,506,1
573967,ack,11:66:F0:00:01:3D,,0,505,1
573986,send,11:66:F0:00:01:3D,1501,,506,1
574020,send,11:66:F0:00:01:3D,1502,,507,1
574025,ack,11:66:F0:00:01:3D,,0,506,1
574059,send,11:66:F0:00:01:3D,1503,,507,1
574085,ack,11:66:F0:00:01:3D,,0,506,1
574092,send,11:66:F0:00:01:3D,1504,,507,1
574126,send,11:66:F0:00:01:3D,1505,,508,1
574141,ack,11:66:F0:00:01:3D,,0,507,1
574159,send,11:66:F0:00:01:3D,1506,,508,1
574195,send,11:66:F0:00:01:3D,1507,,509,1
574200,ack,11:66:F0:00:01:3D,,0,508,1
574232,send,11:66:F0:00:01:3D,1508,,509,1
574259,ack,11:66:F0:00:01:3D,,0,508,1
574266,send,11:66:F0:00:01:3D,1509,,509,1
574300,send,11:66:F0:00:01:3D,1510,,510,1
574317,ack,11:66:F0:00:01:3D,,0,509,1
574338,send,11:66:F0:00:01:3D,1511,,510,1
574372,send,11:66:F0:00:01:3D,1512,,511,1
574373,ack,11:66:F0:00:01:3D,,0,510,1
574406,send,11:66:F0:00:01:3D,1513,,511,1
574433,ack,11:66:F0:00:01:3D,,0,510,1
574439,send,11:66:F0:00:01:3D,1514,,511,1
574474,send,11:66:F0:00:01:3D,1515,,512,1
574494,ack,11:66:F0:00:01:3D,,0,511,1
574508,send,11:66:F0:00:01:3D,1516,,512,1
574543,send,11:66:F0:00:01:3D,1517,,513,1
574552,ack,11:66:F0:00:01:3D,,0,512,1
575245,send,11:66:F0:00:01:3D,1518,,513,1
575254,ack,11:66:F0:00:01:3D,,0,512,1
575277,send,11:66:F0:00:01:3D,1519,,513,1
575304,send,11:66:F0:00:01:3D,1520,,514,1
575309,ack,11:66:F0:00:01:3D,,0,513,1
575339,send,11:66:F0:00:01:3D,1521,,514,1
575366,send,11:66:F0:00:01:3D,1522,,515,1
575367,ack,11:66:F0:00:01:3D,,0,514,1
575391,send,11:66:F0:00:01:3D,1523,,515,1
575417,send,11:66:F0:00:01:3D,1524,,516,1
575423,ack,11:66:F0:00:01:3D,,0,515,1
575448,send,11:66:F0:00:01:3D,1525,,516,1
575474,send,11:66:F0:00:01:3D,1526,,517,1
575480,ack,11:66:F0:00:01:3D,,0,516,1
575503,send,11:66:F0:00:01:3D,1527,,517,1
575529,send,11:66:F0:00:01:3D,1528,,518,1
575535,ack,11:66:F0:00:01:3D,,0,517,1
575558,send,11:66:F0:00:01:3D,1529,,518,1
575585,send,11:66:F0:00:01:3D,1530,,519,1
575592,ack,11:66:F0:00:01:3D,,0,518,1
575616,send,11:66:F0:00:01:3D,1531,,519,1
575641,send,11:66:F0:00:01:3D,1532,,520,1
575647,ack,11:66:F0:00:01:3D,,0,519,1
575670,send,11:66:F0:00:01:3D,1533,,520,1
575697,send,11:66:F0:00:01:3D,1534,,521,1
575703,ack,11:66:F0:00:01:3D,,0,520,1
575728,send,11:66:F0:00:01:3D,1535,,521,1
575754,send,11:66:F0:00:01:3D,1536,,522,1
575760,ack,11:66:F0:00:01:3D,,0,521,1
575782,send,11:66:F0:00:01:3D,1537,,522,1
575809,send,11:66:F0:00:01:3D,1538,,523,1
575820,ack,11:66:F0:00:01:3D,,0,522,1
575835,send,11:66:F0:00:01:3D,1539,,523,1
575861,send,11:66:F0:00:01:3D,1540,,524,1
575877,ack,11:66:F0:00:01:3D,,0,523,1
575887,send,11:66:F0:00:01:3D,1541,,524,1
575913,send,11:66:F0:00:01:3D,1542,,525,1
575934,ack,11:66:F0:00:01:3D,,0,524,1
575939,send,11:66:F0:00:01:3D,1543,,525,1
575966,send,11:66:F0:00:01:3D,1544,,526,1
575992,send,11:66:F0:00:01:3D,1545,,527,1
575993,ack,11:66:F0:00:01:3D,,0,526,1
576018,send,11:66:F0:00:01:3D,1546,,527,1
576045,send,11:66:F0:00:01:3D,1547,,528,1
576050,ack,11:66:F0:00:01:3D,,0,527,1
576076,send,11:66:F0:00:01:3D,1548,,528,1
576101,send,11:66:F0:00:01:3D,1549,,529,1
576108,ack,11:66:F0:00:01:3D,,0,528,1
576130,send,11:66:F0:00:01:3D,1550,,529,1
576157,send,11:66:F0:00:01:3D,1551,,530,1
576164,ack,11:66:F0:00:01:3D,,0,529,1
576186,send,11:66:F0:00:01:3D,1552,,530,1
576213,send,11:66:F0:00:01:3D,1553,,531,1
576221,ack,11:66:F0:00:01:3D,,0,530,1
576239,send,11:66:F0:00:01:3D,1554,,531,1
576265,send,11:66:F0:00:01:3D,1555,,532,1
576278,ack,11:66:F0:00:01:3D,,0,531,1
576292,send,11:66:F0:00:01:3D,1556,,532,1
576319,send,11:66:F0:00:01:3D,1557,,533,1
576337,ack,11:66:F0:00:01:3D,,0,532,1
576348,send,11:66:F0:00:01:3D,1558,,533,1
576375,send,11:66:F0:00:01:3D,1559,,534,1
576395,ack,11:66:F0:00:01:3D,,0,533,1
576401,send,11:66:F0:00:01:3D,1560,,534,1
576428,send,11:66:F0:00:01:3D,1561,,535,1
576454,send,11:66:F0:00:01:3D,1562,,536,1
576455,ack,11:66:F0:00:01:3D,,0,535,1
576480,send,11:66:F0:00:01:3D,1563,,536,1
576506,send,11:66:F0:00:01:3D,1564,,537,1
576512,ack,11:66:F0:00:01:3D,,0,536,1
576537,send,11:66:F0:00:01:3D,1565,,537,1
576564,send,11:66:F0:00:01:3D,1566,,538,1
576569,ack,11:66:F0:00:01:3D,,0,537,1
576595,send,11:66:F0:00:01:3D,1567,,538,1
576620,send,11:66:F0:00:01:3D,1568,,539,1
576625,ack,11:66:F0:00:01:3D,,0,538,1
576650,send,11:66:F0:00:01:3D,1569,,539,1
576676,send,11:66:F0:00:01:3D,1570,,540,1
576682,ack,11:66:F0:00:01:3D,,0,539,1
576707,send,11:66:F0:00:01:3D,1571,,540,1
576732,send,11:66:F0:00:01:3D,1572,,541,1
576738,ack,11:66:F0:00:01:3D,,0,540,1
576763,send,11:66:F0:00:01:3D,1573,,541,1
576790,send,11:66:F0:00:01:3D,1574,,542,1
576794,ack,11:66:F0:00:01:3D,,0,541,1
576820,send,11:66:F0:00:01:3D,1575,,542,1
576848,send,11:66:F0:00:01:3D,1576,,543,1
576853,ack,11:66:F0:00:01:3D,,0,542,1
576877,send,11:66:F0:00:01:3D,1577,,543,1
576904,send,11:66:F0:00:01:3D,1578,,544,1
576910,ack,11:66:F0:00:01:3D,,0,543,1
576933,send,11:66:F0:00:01:3D,1579,,544,1
576960,send,11:66:F0:00:01:3D,1580,,545,1
576965,ack,11:66:F0:00:01:3D,,0,544,1
576990,send,11:66:F0:00:01:3D,1581,,545,1
577018,send,11:66:F0:00:01:3D,1582,,546,1
577023,ack,11:66:F0:00:01:3D,,0,545,1
577049,send,11:66:F0:00:01:3D,1583,,546,1
577075,send,11:66:F0:00:01:3D,1584,,547,1
577082,ack,11:66:F0:00:01:3D,,0,546,1
577105,send,11:66:F0:00:01:3D,1585,,547,1
577132,send,11:66:F0:00:01:3D,1586,,548,1
577140,ack,11:66:F0:00:01:3D,,0,547,1
577164,send,11:66:F0:00:01:3D,1587,,548,1
577191,send,11:66:F0:00:01:3D,1588,,549,1
577199,ack,11:66:F0:00:01:3D,,0,548,1
577222,send,11:66:F0:00:01:3D,1589,,549,1
577248,send,11:66:F0:00:01:3D,1590,,550,1
577257,ack,11:66:F0:00:01:3D,,0,549,1
577274,send,11:66:F0:00:01:3D,1591,,550,1
577301,send,11:66:F0:00:01:3D,1592,,551,1
577315,ack,11:66:F0:00:01:3D,,0,550,1
577327,send,11:66:F0:00:01:3D,1593,,551,1
577354,send,11:66:F0:00:01:3D,1594,,552,1
577376,ack,11:66:F0:00:01:3D,,0,551,1
577379,send,11:66:F0:00:01:3D,1595,,552,1
577405,send,11:66:F0:00:01:3D,1596,,553,1
577430,send,11:66:F0:00:01:3D,1597,,554,1
577436,ack,11:66:F0:00:01:3D,,0,553,1
577461,send,11:66:F0:00:01:3D,1598,,554,1
577486,send,11:66:F0:00:01:3D,1599,,555,1
577492,ack,11:66:F0:00:01:3D,,0,554,1
577516,send,11:66:F0:00:01:3D,1600,,555,1
577542,send,11:66:F0:00:01:3D,1601,,556,1
577548,ack,11:66:F0:00:01:3D,,0,555,1
577574,send,11:66:F0:00:01:3D,1602,,556,1
577601,send,11:66:F0:00:01:3D,1603,,557,1
577605,ack,11:66:F0:00:01:3D,,0,556,1
577629,send,11:66:F0:00:01:3D,1604,,557,1
577656,send,11:66:F0:00:01:3D,1605,,558,1
577661,ack,11:66:F0:00:01:3D,,0,557,1
577685,send,11:66:F0:00:01:3D,1606,,558,1
577712,send,11:66:F0:00:01:3D,1607,,559,1
577718,ack,11:66:F0:00:01:3D,,0,558,1
577743,send,11:66:F0:00:01:3D,1608,,559,1
577769,send,11:66:F0:00:01:3D,1609,,560,1
577775,ack,11:66:F0:00:01:3D,,0,559,1
577799,send,11:66:F0:00:01:3D,1610,,560,1
577826,send,11:66:F0:00:01:3D,1611,,561,1
577832,ack,11:66:F0:00:01:3D,,0,560,1
577856,send,11:66:F0:00:01:3D,1612,,561,1
577882,send,11:66:F0:00:01:3D,1613,,562,1
577887,ack,11:66:F0:00:01:3D,,0,561,1
577912,send,11:66:F0:00:01:3D,1614,,562,1
577938,send,11:66:F0:00:01:3D,1615,,563,1
577944,ack,11:66:F0:00:01:3D,,0,562,1
577969,send,11:66:F0:00:01:3D,1616,,563,1
577996,send,11:66:F0:00:01:3D,1617,,564,1
578001,ack,11:66:F0:00:01:3D,,0,563,1
578026,send,11:66:F0:00:01:3D,1618,,564,1
578053,send,11:66:F0:00:01:3D,1619,,565,1
578060,ack,11:66:F0:00:01:3D,,0,564,1
578085,send,11:66:F0:00:01:3D,1620,,565,1
578110,send,11:66:F0:00:01:3D,1621,,566,1
578117,ack,11:66:F0:00:01:3D,,0,565,1
578141,send,11:66:F0:00:01:3D,1622,,566,1
578166,send,11:66:F0:00:01:3D,1623,,567,1
578174,ack,11:66:F0:00:01:3D,,0,566,1
578197,send,11:66:F0:00:01:3D,1624,,567,1
578224,send,11:66:F0:00:01:3D,1625,,568,1
578234,ack,11:66:F0:00:01:3D,,0,567,1
578249,send,11:66:F0:00:01:3D,1626,,568,1
578277,send,11:66:F0:00:01:3D,1627,,569,1
578293,ack,11:66:F0:00:01:3D,,0,568,1
578303,send,11:66:F0:00:01:3D,1628,,569,1
578332,send,11:66:F0:00:01:3D,1629,,570,1
578352,ack,11:66:F0:00:01:3D,,0,569,1
578358,send,11:66:F0:00:01:3D,1630,,570,1
578384,send,11:66:F0:00:01:3D,1631,,571,1
578409,ack,11:66:F0:00:01:3D,,0,570,1
578410,send,11:66:F0:00:01:3D,1632,,571,1
578437,send,11:66:F0:00:01:3D,1633,,572,1
578465,send,11:66:F0:00:01:3D,1634,,573,1
578467,ack,11:66:F0:00:01:3D,,0,572,1
578492,send,11:66:F0:00:01:3D,1635,,573,1
578518,send,11:66:F0:00:01:3D,1636,,574,1
578524,ack,11:66:F0:00:01:3D,,0,573,1
578548,send,11:66:F0:00:01:3D,1637,,574,1
578576,send,11:66:F0:00:01:3D,1638,,575,1
578582,ack,11:66:F0:00:01:3D,,0,574,1
578605,send,11:66:F0:00:01:3D,1639,,575,1
578631,send,11:66:F0:00:01:3D,1640,,576,1
578640,ack,11:66:F0:00:01:3D,,0,575,1
578658,send,11:66:F0:00:01:3D,1641,,576,1
578684,send,11:66:F0:00:01:3D,1642,,577,1
578698,ack,11:66:F0:00:01:3D,,0,576,1
578709,send,11:66:F0:00:01:3D,1643,,577,1
578735,send,11:66:F0:00:01:3D,1644,,578,1
578756,ack,11:66:F0:00:01:3D,,0,577,1
578762,send,11:66:F0:00:01:3D,1645,,578,1
578789,send,11:66:F0:00:01:3D,1646,,579,1
578815,send,11:66:F0:00:01:3D,1647,,580,1
578815,ack,11:66:F0:00:01:3D,,0,579,1
578841,send,11:66:F0:00:01:3D,1648,,580,1
578868,send,11:66:F0:00:01:3D,1649,,581,1
578873,ack,11:66:F0:00:01:3D,,0,580,1
578898,send,11:66:F0:00:01:3D,1650,,581,1
578924,send,11:66:F0:00:01:3D,1651,,582,1
578930,ack,11:66:F0:00:01:3D,,0,581,1
578954,send,11:66:F0:00:01:3D,1652,,582,1
578981,send,11:66:F0:00:01:3D,1653,,583,1
578987,ack,11:66:F0:00:01:3D,,0,582,1
579012,send,11:66:F0:00:01:3D,1654,,583,1
579040,send,11:66:F0:00:01:3D,1655,,584,1
579045,ack,11:66:F0:00:01:3D,,0,583,1
579072,send,11:66:F0:00:01:3D,1656,,584,1
579100,send,11:66:F0:00:01:3D,1657,,585,1
579104,ack,11:66:F0:00:01:3D,,0,584,1
579128,send,11:66:F0:00:01:3D,1658,,585,1
579154,send,11:66:F0:00:01:3D,1659,,586,1
579162,ack,11:66:F0:00:01:3D,,0,585,1
579185,send,11:66:F0:00:01:3D,1660,,586,1
579213,send,11:66:F0:00:01:3D,1661,,587,1
579220,ack,11:66:F0:00:01:3D,,0,586,1
579245,send,11:66:F0:00:01:3D,1662,,587,1
579273,send,11:66:F0:00:01:3D,1663,,588,1
579279,ack,11:66:F0:00:01:3D,,0,587,1
579303,send,11:66:F0:00:01:3D,1664,,588,1
579329,send,11:66:F0:00:01:3D,1665,,589,1
579336,ack,11:66:F0:00:01:3D,,0,588,1
579360,send,11:66:F0:00:01:3D,1666,,589,1
579387,send,11:66:F0:00:01:3D,1667,,590,1
579392,ack,11:66:F0:00:01:3D,,0,589,1
579415,send,11:66:F0:00:01:3D,1668,,590,1
579442,send,11:66:F0:00:01:3D,1669,,591,1
579448,ack,11:66:F0:00:01:3D,,0,590,1
579472,send,11:66:F0:00:01:3D,1670,,591,1
579498,send,11:66:F0:00:01:3D,1671,,592,1
579504,ack,11:66:F0:00:01:3D,,0,591,1
579528,send,11:66:F0:00:01:3D,1672,,592,1
579556,send,11:66:F0:00:01:3D,1673,,593,1
579561,ack,11:66:F0:00:01:3D,,0,592,1
579589,send,11:66:F0:00:01:3D,1674,,593,1
579615,send,11:66:F0:00:01:3D,1675,,594,1
579620,ack,11:66:F0:00:01:3D,,0,593,1
579645,send,11:66:F0:00:01:3D,1676,,594,1
579670,send,11:66:F0:00:01:3D,1677,,595,1
579677,ack,11:66:F0:00:01:3D,,0,594,1
579701,send,11:66:F0:00:01:3D,1678,,595,1
579739,ack,11:66:F0:00:01:3D,,0,594,1
580403,send,11:66:F0:00:01:3D,1679,,595,1
580411,ack,11:66:F0:00:01:3D,,0,594,1
580431,send,11:66:F0:00:01:3D,1680,,595,1
580451,send,11:66:F0:00:01:3D,1681,,596,1
580470,ack,11:66:F0:00:01:3D,,0,595,1
580472,send,11:66:F0:00:01:3D,1682,,596,1
580493,send,11:66:F0:00:01:3D,1683,,597,1
580516,send,11:66:F0:00:01:3D,1684,,598,1
580529,ack,11:66:F0:00:01:3D,,0,597,1
580537,send,11:66:F0:00:01:3D,1685,,598,1
580557,send,11:66:F0:00:01:3D,1686,,599,1
580578,send,11:66:F0:00:01:3D,1687,,600,1
580589,ack,11:66:F0:00:01:3D,,0,599,1
580599,send,11:66:F0:00:01:3D,1688,,600,1
580621,send,11:66:F0:00:01:3D,1689,,601,1
580642,send,11:66:F0:00:01:3D,1690,,602,1
580648,ack,11:66:F0:00:01:3D,,0,601,1
580667,send,11:66:F0:00:01:3D,1691,,602,1
580688,send,11:66:F0:00:01:3D,1692,,603,1
580706,ack,11:66:F0:00:01:3D,,0,602,1
580709,send,11:66:F0:00:01:3D,1693,,603,1
580731,send,11:66:F0:00:01:3D,1694,,604,1
580752,send,11:66:F0:00:01:3D,1695,,605,1
580764,ack,11:66:F0:00:01:3D,,0,604,1
580774,send,11:66:F0:00:01:3D,1696,,605,1
580794,send,11:66:F0:00:01:3D,1697,,606,1
580817,send,11:66:F0:00:01:3D,1698,,607,1
580822,ack,11:66:F0:00:01:3D,,0,606,1
580843,send,11:66:F0:00:01:3D,1699,,607,1
580864,send,11:66:F0:00:01:3D,1700,,608,1
580880,ack,11:66:F0:00:01:3D,,0,607,1
580885,send,11:66:F0:00:01:3D,1701,,608,1
580906,send,11:66:F0:00:01:3D,1702,,609,1
580927,send,11:66:F0:00:01:3D,1703,,610,1
580938,ack,11:66:F0:00:01:3D,,0,609,1
580948,send,11:66:F0:00:01:3D,1704,,610,1
580970,send,11:66:F0:00:01:3D,1705,,611,1
580991,send,11:66:F0:00:01:3D,1706,,612,1
580995,ack,11:66:F0:00:01:3D,,0,611,1
581015,send,11:66:F0:00:01:3D,1707,,612,1
581036,send,11:66:F0:00:01:3D,1708,,613,1
581053,ack,11:66:F0:00:01:3D,,0,612,1
581056,send,11:66:F0:00:01:3D,1709,,613,1
581078,send,11:66:F0:00:01:3D,1710,,614,1
581101,send,11:66:F0:00:01:3D,1711,,615,1
581113,ack,11:66:F0:00:01:3D,,0,614,1
581122,send,11:66:F0:00:01:3D,1712,,615,1
581143,send,11:66:F0:00:01:3D,1713,,616,1
581164,send,11:66:F0:00:01:3D,1714,,617,1
581168,ack,11:66:F0:00:01:3D,,0,616,1
581189,send,11:66:F0:00:01:3D,1715,,617,1
581209,send,11:66:F0:00:01:3D,1716,,618,1
581227,ack,11:66:F0:00:01:3D,,0,617,1
581230,send,11:66:F0:00:01:3D,1717,,618,1
581252,send,11:66:F0:00:01:3D,1718,,619,1
581273,send,11:66:F0:00:01:3D,1719,,620,1
581284,ack,11:66:F0:00:01:3D,,0,619,1
581294,send,11:66:F0:00:01:3D,1720,,620,1
581315,send,11:66:F0:00:01:3D,1721,,621,1
581336,send,11:66:F0:00:01:3D,1722,,622,1
581341,ack,11:66:F0:00:01:3D,,0,621,1
581361,send,11:66:F0:00:01:3D,1723,,622,1
581382,send,11:66:F0:00:01:3D,1724,,623,1
581400,ack,11:66:F0:00:01:3D,,0,622,1
581403,send,11:66:F0:00:01:3D,1725,,623,1
581423,send,11:66:F0:00:01:3D,1726,,624,1
581445,send,11:66:F0:00:01:3D,1727,,625,1
581458,ack,11:66:F0:00:01:3D,,0,624,1
581466,send,11:66:F0:00:01:3D,1728,,625,1
581488,send,11:66:F0:00:01:3D,1729,,626,1
581509,send,11:66:F0:00:01:3D,1730,,627,1
581514,ack,11:66:F0:00:01:3D,,0,626,1
581533,send,11:66:F0:00:01:3D,1731,,627,1
581555,send,11:66:F0:00:01:3D,1732,,628,1
581571,ack,11:66:F0:00:01:3D,,0,627,1
581577,send,11:66:F0:00:01:3D,1733,,628,1
581598,send,11:66:F0:00:01:3D,1734,,629,1
581618,send,11:66:F0:00:01:3D,1735,,630,1
581631,ack,11:66:F0:00:01:3D,,0,629,1
581640,send,11:66:F0:00:01:3D,1736,,630,1
581661,send,11:66:F0:00:01:3D,1737,,631,1
581682,send,11:66:F0:00:01:3D,1738,,632,1
581688,ack,11:66:F0:00:01:3D,,0,631,1
581708,send,11:66:F0:00:01:3D,1739,,632,1
581730,send,11:66:F0:00:01:3D,1740,,633,1
581747,ack,11:66:F0:00:01:3D,,0,632,1
581750,send,11:66:F0:00:01:3D,1741,,633,1
581771,send,11:66:F0:00:01:3D,1742,,634,1
581793,send,11:66:F0:00:01:3D,1743,,635,1
581804,ack,11:66:F0:00:01:3D,,0,634,1
581814,send,11:66:F0:00:01:3D,1744,,635,1
581834,send,11:66:F0:00:01:3D,1745,,636,1
581856,send,11:66:F0:00:01:3D,1746,,637,1
581862,ack,11:66:F0:00:01:3D,,0,636,1
581882,send,11:66:F0:00:01:3D,1747,,637,1
581903,send,11:66:F0:00:01:3D,1748,,638,1
581922,ack,11:66:F0:00:01:3D,,0,637,1
581924,send,11:66:F0:00:01:3D,1749,,638,1
581945,send,11:66:F0:00:01:3D,1750,,639,1
581967,send,11:66:F0:00:01:3D,1751,,640,1
581981,ack,11:66:F0:00:01:3D,,0,639,1
581988,send,11:66:F0:00:01:3D,1752,,640,1
582010,send,11:66:F0:00:01:3D,1753,,641,1
582030,send,11:66:F0:00:01:3D,1754,,642,1
582038,ack,11:66:F0:00:01:3D,,0,641,1
582056,send,11:66:F0:00:01:3D,1755,,642,1
582078,send,11:66:F0:00:01:3D,1756,,643,1
582098,ack,11:66:F0:00:01:3D,,0,642,1
582099,send,11:66:F0:00:01:3D,1757,,643,1
582120,send,11:66:F0:00:01:3D,1758,,644,1
582141,send,11:66:F0:00:01:3D,1759,,645,1
582161,ack,11:66:F0:00:01:3D,,0,644,1
582162,send,11:66:F0:00:01:3D,1760,,645,1
582184,send,11:66:F0:00:01:3D,1761,,646,1
582205,send,11:66:F0:00:01:3D,1762,,647,1
582220,ack,11:66:F0:00:01:3D,,0,646,1
582226,send,11:66:F0:00:01:3D,1763,,647,1
582247,send,11:66:F0:00:01:3D,1764,,648,1
582267,send,11:66:F0:00:01:3D,1765,,649,1
582281,ack,11:66:F0:00:01:3D,,0,648,1
582288,send,11:66:F0:00:01:3D,1766,,649,1
582308,send,11:66:F0:00:01:3D,1767,,650,1
582330,send,11:66:F0:00:01:3D,1768,,651,1
582337,ack,11:66:F0:00:01:3D,,0,650,1
582360,send,11:66:F0:00:01:3D,1769,,651,1
582382,send,11:66:F0:00:01:3D,1770,,652,1
582394,ack,11:66:F0:00:01:3D,,0,651,1
582403,send,11:66:F0:00:01:3D,1771,,652,1
582425,send,11:66:F0:00:01:3D,1772,,653,1
582448,send,11:66:F0:00:01:3D,1773,,654,1
582453,ack,11:66:F0:00:01:3D,,0,653,1
582473,send,11:66:F0:00:01:3D,1774,,654,1
582494,send,11:66:F0:00:01:3D,1775,,655,1
582510,ack,11:66:F0:00:01:3D,,0,654,1
582515,send,11:66:F0:00:01:3D,1776,,655,1
582536,send,11:66:F0:00:01:3D,1777,,656,1
582557,send,11:66:F0:00:01:3D,1778,,657,1
582569,ack,11:66:F0:00:01:3D,,0,656,1
582577,send,11:66:F0:00:01:3D,1779,,657,1
582599,send,11:66:F0:00:01:3D,1780,,658,1
582621,send,11:66:F0:00:01:3D,1781,,659,1
582627,ack,11:66:F0:00:01:3D,,0,658,1
582647,send,11:66:F0:00:01:3D,1782,,659,1
582669,send,11:66:F0:00:01:3D,1783,,660,1
582684,ack,11:66:F0:00:01:3D,,0,659,1
582690,send,11:66:F0:00:01:3D,1784,,660,1
582713,send,11:66:F0:00:01:3D,1785,,661,1
582734,send,11:66:F0:00:01:3D,1786,,662,1
582739,ack,11:66:F0:00:01:3D,,0,661,1
582758,send,11:66:F0:00:01:3D,1787,,662,1
582778,send,11:66:F0:00:01:3D,1788,,663,1
582798,ack,11:66:F0:00:01:3D,,0,662,1
582800,send,11:66:F0:00:01:3D,1789,,663,1
582821,send,11:66:F0:00:01:3D,1790,,664,1
582841,send,11:66:F0:00:01:3D,1791,,665,1
582860,ack,11:66:F0:00:01:3D,,0,664,1
582863,send,11:66:F0:00:01:3D,1792,,665,1
582884,send,11:66:F0:00:01:3D,1793,,666,1
582907,send,11:66:F0:00:01:3D,1794,,667,1
582919,ack,11:66:F0:00:01:3D,,0,666,1
582928,send,11:66:F0:00:01:3D,1795,,667,1
582949,send,11:66:F0:00:01:3D,1796,,668,1
582969,send,11:66:F0:00:01:3D,1797,,669,1
582975,ack,11:66:F0:00:01:3D,,0,668,1
582994,send,11:66:F0:00:01:3D,1798,,669,1
583016,send,11:66:F0:00:01:3D,1799,,670,1
583031,ack,11:66:F0:00:01:3D,,0,669,1
583038,send,11:66:F0:00:01:3D,1800,,670,1
583058,send,11:66:F0:00:01:3D,1801,,671,1
583079,send,11:66:F0:00:01:3D,1802,,672,1
583091,ack,11:66:F0:00:01:3D,,0,671,1
583101,send,11:66:F0:00:01:3D,1803,,672,1
583123,send,11:66:F0:00:01:3D,1804,,673,1
583144,send,11:66:F0:00:01:3D,1805,,674,1
583148,ack,11:66:F0:00:01:3D,,0,673,1
583168,send,11:66:F0:00:01:3D,1806,,674,1
583188,send,11:66:F0:00:01:3D,1807,,675,1
583205,ack,11:66:F0:00:01:3D,,0,674,1
583209,send,11:66:F0:00:01:3D,1808,,675,1
583230,send,11:66:F0:00:01:3D,1809,,676,1
583252,send,11:66:F0:00:01:3D,1810,,677,1
583263,ack,11:66:F0:00:01:3D,,0,676,1
583273,send,11:66:F0:00:01:3D,1811,,677,1
583296,send,11:66:F0:00:01:3D,1812,,678,1
583317,send,11:66:F0:00:01:3D,1813,,679,1
583322,ack,11:66:F0:00:01:3D,,0,678,1
583340,send,11:66:F0:00:01:3D,1814,,679,1
583362,send,11:66:F0:00:01:3D,1815,,680,1
583382,ack,11:66:F0:00:01:3D,,0,679,1
583382,send,11:66:F0:00:01:3D,1816,,680,1
583404,send,11:66:F0:00:01:3D,1817,,681,1
583425,send,11:66:F0:00:01:3D,1818,,682,1
583441,ack,11:66:F0:00:01:3D,,0,681,1
583446,send,11:66:F0:00:01:3D,1819,,682,1
583468,send,11:66:F0:00:01:3D,1820,,683,1
583489,send,11:66:F0:00:01:3D,1821,,684,1
583500,ack,11:66:F0:00:01:3D,,0,683,1
583511,send,11:66:F0:00:01:3D,1822,,684,1
583531,send,11:66:F0:00:01:3D,1823,,685,1
583552,send,11:66:F0:00:01:3D,1824,,686,1
583557,ack,11:66:F0:00:01:3D,,0,685,1
583577,send,11:66:F0:00:01:3D,1825,,686,1
583599,send,11:66:F0:00:01:3D,1826,,687,1
583614,ack,11:66:F0:00:01:3D,,0,686,1
583619,send,11:66:F0:00:01:3D,1827,,687,1
583642,send,11:66:F0:00:01:3D,1828,,688,1
583663,send,11:66:F0:00:01:3D,1829,,689,1
583670,ack,11:66:F0:00:01:3D,,0,688,1
583683,send,11:66:F0:00:01:3D,1830,,689,1
583704,send,11:66:F0:00:01:3D,1831,,690,1
583727,send,11:66:F0:00:01:3D,1832,,691,1
583728,ack,11:66:F0:00:01:3D,,0,690,1
583749,send,11:66:F0:00:01:3D,1833,,691,1
583771,send,11:66:F0:00:01:3D,1834,,692,1
583785,ack,11:66:F0:00:01:3D,,0,691,1
583794,send,11:66:F0:00:01:3D,1835,,692,1
583815,send,11:66:F0:00:01:3D,1836,,693,1
583836,send,11:66:F0:00:01:3D,1837,,694,1
583843,ack,11:66:F0:00:01:3D,,0,693,1
583861,send,11:66:F0:00:01:3D,1838,,694,1
583883,send,11:66:F0:00:01:3D,1839,,695,1
583902,ack,11:66:F0:00:01:3D,,0,694,1
583903,send,11:66:F0:00:01:3D,1840,,695,1
583924,send,11:66:F0:00:01:3D,1841,,696,1
583946,send,11:66:F0:00:01:3D,1842,,697,1
583960,ack,11:66:F0:00:01:3D,,0,696,1
583967,send,11:66:F0:00:01:3D,1843,,697,1
583989,send,11:66:F0:00:01:3D,1844,,698,1
584010,send,11:66:F0:00:01:3D,1845,,699,1
584014,ack,11:66:F0:00:01:3D,,0,698,1
584034,send,11:66:F0:00:01:3D,1846,,699,1
584055,send,11:66:F0:00:01:3D,1847,,700,1
584073,ack,11:66:F0:00:01:3D,,0,699,1
584077,send,11:66:F0:00:01:3D,1848,,700,1
584098,send,11:66:F0:00:01:3D,1849,,701,1
584120,send,11:66:F0:00:01:3D,1850,,702,1
584132,ack,11:66:F0:00:01:3D,,0,701,1
584141,send,11:66:F0:00:01:3D,1851,,702,1
584163,send,11:66:F0:00:01:3D,1852,,703,1
584183,send,11:66:F0:00:01:3D,1853,,704,1
584190,ack,11:66:F0:00:01:3D,,0,703,1
584210,send,11:66:F0:00:01:3D,1854,,704,1
584230,send,11:66:F0:00:01:3D,1855,,705,1
584248,ack,11:66:F0:00:01:3D,,0,704,1
584252,send,11:66:F0:00:01:3D,1856,,705,1
584274,send,11:66:F0:00:01:3D,1857,,706,1
584294,send,11:66:F0:00:01:3D,1858,,707,1
584306,ack,11:66:F0:00:01:3D,,0,706,1
584314,send,11:66:F0:00:01:3D,1859,,707,1
584336,send,11:66:F0:00:01:3D,1860,,708,1
584356,send,11:66:F0:00:01:3D,1861,,709,1
584364,ack,11:66:F0:00:01:3D,,0,708,1
584381,send,11:66:F0:00:01:3D,1862,,709,1
584403,send,11:66:F0:00:01:3D,1863,,710,1
584423,send,11:66:F0:00:01:3D,1864,,711,1
584423,ack,11:66:F0:00:01:3D,,0,710,1
584445,send,11:66:F0:00:01:3D,1865,,711,1
584467,send,11:66:F0:00:01:3D,1866,,712,1
584481,ack,11:66:F0:00:01:3D,,0,711,1
584488,send,11:66:F0:00:01:3D,1867,,712,1
584509,send,11:66:F0:00:01:3D,1868,,713,1
584530,send,11:66:F0:00:01:3D,1869,,714,1
584539,ack,11:66:F0:00:01:3D,,0,713,1
584550,send,11:66:F0:00:01:3D,1870,,714,1
584572,send,11:66:F0:00:01:3D,1871,,715,1
584594,send,11:66:F0:00:01:3D,1872,,716,1
584597,ack,11:66:F0:00:01:3D,,0,715,1
584616,send,11:66:F0:00:01:3D,1873,,716,1
584636,send,11:66:F0:00:01:3D,1874,,717,1
584655,ack,11:66:F0:00:01:3D,,0,716,1
584659,send,11:66:F0:00:01:3D,1875,,717,1
584679,send,11:66:F0:00:01:3D,1876,,718,1
584700,send,11:66:F0:00:01:3D,1877,,719,1
584719,ack,11:66:F0:00:01:3D,,0,718,1
584720,send,11:66:F0:00:01:3D,1878,,719,1
584742,send,11:66:F0:00:01:3D,1879,,720,1
584776,ack,11:66:F0:00:01:3D,,0,719,1
585444,send,11:66:F0:00:01:3D,1880,,720,1
585453,ack,11:66:F0:00:01:3D,,0,719,1
585468,send,11:66:F0:00:01:3D,1881,,720,1
585485,send,11:66:F0:00:01:3D,1882,,721,1
585502,send,11:66:F0:00:01:3D,1883,,722,1
585514,ack,11:66:F0:00:01:3D,,0,721,1
585518,send,11:66:F0:00:01:3D,1884,,722,1
585534,send,11:66:F0:00:01:3D,1885,,723,1
585550,send,11:66:F0:00:01:3D,1886,,724,1
585567,send,11:66:F0:00:01:3D,1887,,725,1
585570,ack,11:66:F0:00:01:3D,,0,724,1
585585,send,11:66:F0:00:01:3D,1888,,725,1
585601,send,11:66:F0:00:01:3D,1889,,726,1
585617,send,11:66:F0:00:01:3D,1890,,727,1
585628,ack,11:66:F0:00:01:3D,,0,726,1
585633,send,11:66:F0:00:01:3D,1891,,727,1
585650,send,11:66:F0:00:01:3D,1892,,728,1
585666,send,11:66:F0:00:01:3D,1893,,729,1
585683,send,11:66:F0:00:01:3D,1894,,730,1
585686,ack,11:66:F0:00:01:3D,,0,729,1
585700,send,11:66:F0:00:01:3D,1895,,730,1
585717,send,11:66:F0:00:01:3D,1896,,731,1
585734,send,11:66:F0:00:01:3D,1897,,732,1
585744,ack,11:66:F0:00:01:3D,,0,731,1
585749,send,11:66:F0:00:01:3D,1898,,732,1
585766,send,11:66:F0:00:01:3D,1899,,733,1
585781,send,11:66:F0:00:01:3D,1900,,734,1
585797,send,11:66:F0:00:01:3D,1901,,735,1
585802,ack,11:66:F0:00:01:3D,,0,734,1
585818,send,11:66:F0:00:01:3D,1902,,735,1
585834,send,11:66:F0:00:01:3D,1903,,736,1
585850,send,11:66:F0:00:01:3D,1904,,737,1
585860,ack,11:66:F0:00:01:3D,,0,736,1
585866,send,11:66:F0:00:01:3D,1905,,737,1
585883,send,11:66:F0:00:01:3D,1906,,738,1
585899,send,11:66:F0:00:01:3D,1907,,739,1
585915,send,11:66:F0:00:01:3D,1908,,740,1
585919,ack,11:66:F0:00:01:3D,,0,739,1
585933,send,11:66:F0:00:01:3D,1909,,740,1
585950,send,11:66:F0:00:01:3D,1910,,741,1
585966,send,11:66:F0:00:01:3D,1911,,742,1
585975,ack,11:66:F0:00:01:3D,,0,741,1
585982,send,11:66:F0:00:01:3D,1912,,742,1
585999,send,11:66:F0:00:01:3D,1913,,743,1
586014,send,11:66:F0:00:01:3D,1914,,744,1
586030,send,11:66:F0:00:01:3D,1915,,745,1
586035,ack,11:66:F0:00:01:3D,,0,744,1
586050,send,11:66:F0:00:01:3D,1916,,745,1
586066,send,11:66:F0:00:01:3D,1917,,746,1
586082,send,11:66:F0:00:01:3D,1918,,747,1
586091,ack,11:66:F0:00:01:3D,,0,746,1
586098,send,11:66:F0:00:01:3D,1919,,747,1
586114,send,11:66:F0:00:01:3D,1920,,748,1
586131,send,11:66:F0:00:01:3D,1921,,749,1
586147,send,11:66:F0:00:01:3D,1922,,750,1
586150,ack,11:66:F0:00:01:3D,,0,749,1
586167,send,11:66:F0:00:01:3D,1923,,750,1
586184,send,11:66:F0:00:01:3D,1924,,751,1
586201,send,11:66:F0:00:01:3D,1925,,752,1
586207,ack,11:66:F0:00:01:3D,,0,751,1
586220,send,11:66:F0:00:01:3D,1926,,752,1
586236,send,11:66:F0:00:01:3D,1927,,753,1
586252,send,11:66:F0:00:01:3D,1928,,754,1
586267,ack,11:66:F0:00:01:3D,,0,753,1
586268,send,11:66:F0:00:01:3D,1929,,754,1
586285,send,11:66:F0:00:01:3D,1930,,755,1
586301,send,11:66:F0:00:01:3D,1931,,756,1
586318,send,11:66:F0:00:01:3D,1932,,757,1
586325,ack,11:66:F0:00:01:3D,,0,756,1
586339,send,11:66:F0:00:01:3D,1933,,757,1
586365,send,11:66:F0:00:01:3D,1934,,758,1
586381,send,11:66:F0:00:01:3D,1935,,759,1
586384,ack,11:66:F0:00:01:3D,,0,758,1
586398,send,11:66:F0:00:01:3D,1936,,759,1
586414,send,11:66:F0:00:01:3D,1937,,760,1
586429,send,11:66:F0:00:01:3D,1938,,761,1
586441,ack,11:66:F0:00:01:3D,,0,760,1
586446,send,11:66:F0:00:01:3D,1939,,761,1
586462,send,11:66:F0:00:01:3D,1940,,762,1
586478,send,11:66:F0:00:01:3D,1941,,763,1
586496,send,11:66:F0:00:01:3D,1942,,764,1
586501,ack,11:66:F0:00:01:3D,,0,763,1
586516,send,11:66:F0:00:01:3D,1943,,764,1
586532,send,11:66:F0:00:01:3D,1944,,765,1
586548,send,11:66:F0:00:01:3D,1945,,766,1
586559,ack,11:66:F0:00:01:3D,,0,765,1
586563,send,11:66:F0:00:01:3D,1946,,766,1
586579,send,11:66:F0:00:01:3D,1947,,767,1
586595,send,11:66:F0:00:01:3D,1948,,768,1
586611,send,11:66:F0:00:01:3D,1949,,769,1
586615,ack,11:66:F0:00:01:3D,,0,768,1
586631,send,11:66:F0:00:01:3D,1950,,769,1
586647,send,11:66:F0:00:01:3D,1951,,770,1
586663,send,11:66:F0:00:01:3D,1952,,771,1
586673,ack,11:66:F0:00:01:3D,,0,770,1
586679,send,11:66:F0:00:01:3D,1953,,771,1
586695,send,11:66:F0:00:01:3D,1954,,772,1
586711,send,11:66:F0:00:01:3D,1955,,773,1
586727,send,11:66:F0:00:01:3D,1956,,774,1
586731,ack,11:66:F0:00:01:3D,,0,773,1
586746,send,11:66:F0:00:01:3D,1957,,774,1
586762,send,11:66:F0:00:01:3D,1958,,775,1
586778,send,11:66:F0:00:01:3D,1959,,776,1
586787,ack,11:66:F0:00:01:3D,,0,775,1
586794,send,11:66:F0:00:01:3D,1960,,776,1
586810,send,11:66:F0:00:01:3D,1961,,777,1
586828,send,11:66:F0:00:01:3D,1962,,778,1
586844,ack,11:66:F0:00:01:3D,,0,777,1
586845,send,11:66:F0:00:01:3D,1963,,778,1
586862,send,11:66:F0:00:01:3D,1964,,779,1
586879,send,11:66:F0:00:01:3D,1965,,780,1
586895,send,11:66:F0:00:01:3D,1966,,781,1
586900,ack,11:66:F0:00:01:3D,,0,780,1
586916,send,11:66:F0:00:01:3D,1967,,781,1
586933,send,11:66:F0:00:01:3D,1968,,782,1
586949,send,11:66:F0:00:01:3D,1969,,783,1
586962,ack,11:66:F0:00:01:3D,,0,782,1
586965,send,11:66:F0:00:01:3D,1970,,783,1
586982,send,11:66:F0:00:01:3D,1971,,784,1
586997,send,11:66:F0:00:01:3D,1972,,785,1
587013,send,11:66:F0:00:01:3D,1973,,786,1
587019,ack,11:66:F0:00:01:3D,,0,785,1
587034,send,11:66:F0:00:01:3D,1974,,786,1
587051,send,11:66:F0:00:01:3D,1975,,787,1
587067,send,11:66:F0:00:01:3D,1976,,788,1
587077,ack,11:66:F0:00:01:3D,,0,787,1
587083,send,11:66:F0:00:01:3D,1977,,788,1
587099,send,11:66:F0:00:01:3D,1978,,789,1
587114,send,11:66:F0:00:01:3D,1979,,790,1
587130,send,11:66:F0:00:01:3D,1980,,791,1
587134,ack,11:66:F0:00:01:3D,,0,790,1
587150,send,11:66:F0:00:01:3D,1981,,791,1
587166,send,11:66:F0:00:01:3D,1982,,792,1
587182,send,11:66:F0:00:01:3D,1983,,793,1
587193,ack,11:66:F0:00:01:3D,,0,792,1
587198,send,11:66:F0:00:01:3D,1984,,793,1
587214,send,11:66:F0:00:01:3D,1985,,794,1
587229,send,11:66:F0:00:01:3D,1986,,795,1
587245,send,11:66:F0:00:01:3D,1987,,796,1
587251,ack,11:66:F0:00:01:3D,,0,795,1
587265,send,11:66:F0:00:01:3D,1988,,796,1
587281,send,11:66:F0:00:01:3D,1989,,797,1
587296,send,11:66:F0:00:01:3D,1990,,798,1
587312,ack,11:66:F0:00:01:3D,,0,797,1
587312,send,11:66:F0:00:01:3D,1991,,798,1
587329,send,11:66:F0:00:01:3D,1992,,799,1
587344,send,11:66:F0:00:01:3D,1993,,800,1
587363,send,11:66:F0:00:01:3D,1994,,801,1
587368,ack,11:66:F0:00:01:3D,,0,800,1
587383,send,11:66:F0:00:01:3D,1995,,801,1
587399,send,11:66:F0:00:01:3D,1996,,802,1
587415,send,11:66:F0:00:01:3D,1997,,803,1
587426,ack,11:66:F0:00:01:3D,,0,802,1
587432,send,11:66:F0:00:01:3D,1998,,803,1
587447,send,11:66:F0:00:01:3D,1999,,804,1
587463,send,11:66:F0:00:01:3D,2000,,805,1
587480,send,11:66:F0:00:01:3D,2001,,806,1
587489,ack,11:66:F0:00:01:3D,,0,805,1
587503,send,11:66:F0:00:01:3D,2002,,806,1
587519,send,11:66:F0:00:01:3D,2003,,807,1
587535,send,11:66:F0:00:01:3D,2004,,808,1
587547,ack,11:66:F0:00:01:3D,,0,807,1
587552,send,11:66:F0:00:01:3D,2005,,808,1
587569,send,11:66:F0:00:01:3D,2006,,809,1
587585,send,11:66:F0:00:01:3D,2007,,810,1
587601,send,11:66:F0:00:01:3D,2008,,811,1
587606,ack,11:66:F0:00:01:3D,,0,810,1
587619,send,11:66:F0:00:01:3D,2009,,811,1
587636,send,11:66:F0:00:01:3D,2010,,812,1
587652,send,11:66:F0:00:01:3D,2011,,813,1
587666,ack,11:66:F0:00:01:3D,,0,812,1
587668,send,11:66:F0:00:01:3D,2012,,813,1
587686,send,11:66:F0:00:01:3D,2013,,814,1
587702,send,11:66:F0:00:01:3D,2014,,815,1
587717,send,11:66:F0:00:01:3D,2015,,816,1
587722,ack,11:66:F0:00:01:3D,,0,815,1
587736,send,11:66:F0:00:01:3D,2016,,816,1
587752,send,11:66:F0:00:01:3D,2017,,817,1
587767,send,11:66:F0:00:01:3D,2018,,818,1
587782,ack,11:66:F0:00:01:3D,,0,817,1
587784,send,11:66:F0:00:01:3D,2019,,818,1
587801,send,11:66:F0:00:01:3D,2020,,819,1
587816,send,11:66:F0:00:01:3D,2021,,820,1
587833,send,11:66:F0:00:01:3D,2022,,821,1
587840,ack,11:66:F0:00:01:3D,,0,820,1
587852,send,11:66:F0:00:01:3D,2023,,821,1
587869,send,11:66:F0:00:01:3D,2024,,822,1
587884,send,11:66:F0:00:01:3D,2025,,823,1
587898,ack,11:66:F0:00:01:3D,,0,822,1
587900,send,11:66:F0:00:01:3D,2026,,823,1
587917,send,11:66:F0:00:01:3D,2027,,824,1
587933,send,11:66:F0:00:01:3D,2028,,825,1
587949,send,11:66:F0:00:01:3D,2029,,826,1
587956,ack,11:66:F0:00:01:3D,,0,825,1
587969,send,11:66:F0:00:01:3D,2030,,826,1
587987,send,11:66:F0:00:01:3D,2031,,827,1
588003,send,11:66:F0:00:01:3D,2032,,828,1
588015,ack,11:66:F0:00:01:3D,,0,827,1
588019,send,11:66:F0:00:01:3D,2033,,828,1
588035,send,11:66:F0:00:01:3D,2034,,829,1
588052,send,11:66:F0:00:01:3D,2035,,830,1
588068,send,11:66:F0:00:01:3D,2036,,831,1
588075,ack,11:66:F0:00:01:3D,,0,830,1
588088,send,11:66:F0:00:01:3D,2037,,831,1
588105,send,11:66:F0:00:01:3D,2038,,832,1
588120,send,11:66:F0:00:01:3D,2039,,833,1
588133,ack,11:66:F0:00:01:3D,,0,832,1
588136,send,11:66:F0:00:01:3D,2040,,833,1
588153,send,11:66:F0:00:01:3D,2041,,834,1
588169,send,11:66:F0:00:01:3D,2042,,835,1
588185,send,11:66:F0:00:01:3D,2043,,836,1
588192,ack,11:66:F0:00:01:3D,,0,835,1
588206,send,11:66:F0:00:01:3D,2044,,836,1
588223,send,11:66:F0:00:01:3D,2045,,837,1
588238,send,11:66:F0:00:01:3D,2046,,838,1
588254,ack,11:66:F0:00:01:3D,,0,837,1
588255,send,11:66:F0:00:01:3D,2047,,838,1
588270,send,11:66:F0:00:01:3D,2048,,839,1
588289,send,11:66:F0:00:01:3D,2049,,840,1
588306,send,11:66:F0:00:01:3D,2050,,841,1
588312,ack,11:66:F0:00:01:3D,,0,840,1
588327,send,11:66:F0:00:01:3D,2051,,841,1
588343,send,11:66:F0:00:01:3D,2052,,842,1
588358,send,11:66:F0:00:01:3D,2053,,843,1
588371,ack,11:66:F0:00:01:3D,,0,842,1
588375,send,11:66:F0:00:01:3D,2054,,843,1
588391,send,11:66:F0:00:01:3D,2055,,844,1
588406,send,11:66:F0:00:01:3D,2056,,845,1
588423,send,11:66:F0:00:01:3D,2057,,846,1
588430,ack,11:66:F0:00:01:3D,,0,845,1
588445,send,11:66:F0:00:01:3D,2058,,846,1
588460,send,11:66:F0:00:01:3D,2059,,847,1
588477,send,11:66:F0:00:01:3D,2060,,848,1
588489,ack,11:66:F0:00:01:3D,,0,847,1
588494,send,11:66:F0:00:01:3D,2061,,848,1
588511,send,11:66:F0:00:01:3D,2062,,849,1
588527,send,11:66:F0:00:01:3D,2063,,850,1
588543,send,11:66:F0:00:01:3D,2064,,851,1
588547,ack,11:66:F0:00:01:3D,,0,850,1
588561,send,11:66:F0:00:01:3D,2065,,851,1
588579,send,11:66:F0:00:01:3D,2066,,852,1
588596,send,11:66:F0:00:01:3D,2067,,853,1
588602,ack,11:66:F0:00:01:3D,,0,852,1
588617,send,11:66:F0:00:01:3D,2068,,853,1
588633,send,11:66:F0:00:01:3D,2069,,854,1
588648,send,11:66:F0:00:01:3D,2070,,855,1
588664,ack,11:66:F0:00:01:3D,,0,854,1
588665,send,11:66:F0:00:01:3D,2071,,855,1
588681,send,11:66:F0:00:01:3D,2072,,856,1
588697,send,11:66:F0:00:01:3D,2073,,857,1
588713,send,11:66:F0:00:01:3D,2074,,858,1
588719,ack,11:66:F0:00:01:3D,,0,857,1
588733,send,11:66:F0:00:01:3D,2075,,858,1
588749,send,11:66:F0:00:01:3D,2076,,859,1
588766,send,11:66:F0:00:01:3D,2077,,860,1
588775,ack,11:66:F0:00:01:3D,,0,859,1
588782,send,11:66:F0:00:01:3D,2078,,860,1
588798,send,11:66:F0:00:01:3D,2079,,861,1
588815,send,11:66:F0:00:01:3D,2080,,862,1
588830,send,11:66:F0:00:01:3D,2081,,863,1
588832,ack,11:66:F0:00:01:3D,,0,862,1
588846,send,11:66:F0:00:01:3D,2082,,863,1
588863,send,11:66:F0:00:01:3D,2083,,864,1
588878,send,11:66:F0:00:01:3D,2084,,865,1
588890,ack,11:66:F0:00:01:3D,,0,864,1
588895,send,11:66:F0:00:01:3D,2085,,865,1
588913,send,11:66:F0:00:01:3D,2086,,866,1
588930,send,11:66:F0:00:01:3D,2087,,867,1
588945,send,11:66:F0:00:01:3D,2088,,868,1
588946,ack,11:66:F0:00:01:3D,,0,867,1
588963,send,11:66:F0:00:01:3D,2089,,868,1
588980,send,11:66:F0:00:01:3D,2090,,869,1
588995,send,11:66:F0:00:01:3D,2091,,870,1
589000,ack,11:66:F0:00:01:3D,,0,869,1
589015,send,11:66:F0:00:01:3D,2092,,870,1
589032,send,11:66:F0:00:01:3D,2093,,871,1
589049,send,11:66:F0:00:01:3D,2094,,872,1
589060,ack,11:66:F0:00:01:3D,,0,871,1
589065,send,11:66:F0:00:01:3D,2095,,872,1
589080,send,11:66:F0:00:01:3D,2096,,873,1
589097,send,11:66:F0:00:01:3D,2097,,874,1
589114,send,11:66:F0:00:01:3D,2098,,875,1
589118,ack,11:66:F0:00:01:3D,,0,874,1
589134,send,11:66:F0:00:01:3D,2099,,875,1
589151,send,11:66:F0:00:01:3D,2100,,876,1
589167,send,11:66:F0:00:01:3D,2101,,877,1
589176,ack,11:66:F0:00:01:3D,,0,876,1
589182,send,11:66:F0:00:01:3D,2102,,877,1
589199,send,11:66:F0:00:01:3D,2103,,878,1
589214,send,11:66:F0:00:01:3D,2104,,879,1
589230,send,11:66:F0:00:01:3D,2105,,880,1
589232,ack,11:66:F0:00:01:3D,,0,879,1
589246,send,11:66:F0:00:01:3D,2106,,880,1
589261,send,11:66:F0:00:01:3D,2107,,881,1
589277,send,11:66:F0:00:01:3D,2108,,882,1
589291,ack,11:66:F0:00:01:3D,,0,881,1
589294,send,11:66:F0:00:01:3D,2109,,882,1
589311,send,11:66:F0:00:01:3D,2110,,883,1
589327,send,11:66:F0:00:01:3D,2111,,884,1
589342,send,11:66:F0:00:01:3D,2112,,885,1
589349,ack,11:66:F0:00:01:3D,,0,884,1
589365,send,11:66:F0:00:01:3D,2113,,885,1
589381,send,11:66:F0:00:01:3D,2114,,886,1
589397,send,11:66:F0:00:01:3D,2115,,887,1
589410,ack,11:66:F0:00:01:3D,,0,886,1
589413,send,11:66:F0:00:01:3D,2116,,887,1
589430,send,11:66:F0:00:01:3D,2117,,888,1
589445,send,11:66:F0:00:01:3D,2118,,889,1
589463,send,11:66:F0:00:01:3D,2119,,890,1
589470,ack,11:66:F0:00:01:3D,,0,889,1
589483,send,11:66:F0:00:01:3D,2120,,890,1
589499,send,11:66:F0:00:01:3D,2121,,891,1
589515,send,11:66:F0:00:01:3D,2122,,892,1
589529,ack,11:66:F0:00:01:3D,,0,891,1
589532,send,11:66:F0:00:01:3D,2123,,892,1
589549,send,11:66:F0:00:01:3D,2124,,893,1
589565,send,11:66:F0:00:01:3D,2125,,894,1
589580,send,11:66:F0:00:01:3D,2126,,895,1
589586,ack,11:66:F0:00:01:3D,,0,894,1
589601,send,11:66:F0:00:01:3D,2127,,895,1
589617,send,11:66:F0:00:01:3D,2128,,896,1
589633,send,11:66:F0:00:01:3D,2129,,897,1
589646,ack,11:66:F0:00:01:3D,,0,896,1
589649,send,11:66:F0:00:01:3D,2130,,897,1
589665,send,11:66:F0:00:01:3D,2131,,898,1
589680,send,11:66:F0:00:01:3D,2132,,899,1
589697,send,11:66:F0:00:01:3D,2133,,900,1
589702,ack,11:66:F0:00:01:3D,,0,899,1
589718,send,11:66:F0:00:01:3D,2134,,900,1
589734,send,11:66:F0:00:01:3D,2135,,901,1
589751,send,11:66:F0:00:01:3D,2136,,902,1
589757,ack,11:66:F0:00:01:3D,,0,901,1
589772,send,11:66:F0:00:01:3D,2137,,902,1
589789,send,11:66:F0:00:01:3D,2138,,903,1
589804,send,11:66:F0:00:01:3D,2139,,904,1
589813,ack,11:66:F0:00:01:3D,,0,903,1
589820,send,11:66:F0:00:01:3D,2140,,904,1
589872,ack,11:66:F0:00:01:3D,,0,903,1
590522,send,11:66:F0:00:01:3D,2141,,904,1
590530,ack,11:66:F0:00:01:3D,,0,903,1
590541,send,11:66:F0:00:01:3D,2142,,904,1
590553,send,11:66:F0:00:01:3D,2143,,905,1
590567,send,11:66:F0:00:01:3D,2144,,906,1
590580,send,11:66:F0:00:01:3D,2145,,907,1
590590,ack,11:66:F0:00:01:3D,,0,906,1
590594,send,11:66:F0:00:01:3D,2146,,907,1
590606,send,11:66:F0:00:01:3D,2147,,908,1
590620,send,11:66:F0:00:01:3D,2148,,909,1
590632,send,11:66:F0:00:01:3D,2149,,910,1
590646,send,11:66:F0:00:01:3D,2150,,911,1
590647,ack,11:66:F0:00:01:3D,,0,910,1
590660,send,11:66:F0:00:01:3D,2151,,911,1
590672,send,11:66:F0:00:01:3D,2152,,912,1
590686,send,11:66:F0:00:01:3D,2153,,913,1
590700,send,11:66:F0:00:01:3D,2154,,914,1
590705,ack,11:66:F0:00:01:3D,,0,913,1
590716,send,11:66:F0:00:01:3D,2155,,914,1
590730,send,11:66:F0:00:01:3D,2156,,915,1
590743,send,11:66:F0:00:01:3D,2157,,916,1
590756,send,11:66:F0:00:01:3D,2158,,917,1
590761,ack,11:66:F0:00:01:3D,,0,916,1
590773,send,11:66:F0:00:01:3D,2159,,917,1
590787,send,11:66:F0:00:01:3D,2160,,918,1
590800,send,11:66:F0:00:01:3D,2161,,919,1
590813,send,11:66:F0:00:01:3D,2162,,920,1
590819,ack,11:66:F0:00:01:3D,,0,919,1
590829,send,11:66:F0:00:01:3D,2163,,920,1
590843,send,11:66:F0:00:01:3D,2164,,921,1
590856,send,11:66:F0:00:01:3D,2165,,922,1
590868,send,11:66:F0:00:01:3D,2166,,923,1
590874,ack,11:66:F0:00:01:3D,,0,922,1
590884,send,11:66:F0:00:01:3D,2167,,923,1
590898,send,11:66:F0:00:01:3D,2168,,924,1
590913,send,11:66:F0:00:01:3D,2169,,925,1
590927,send,11:66:F0:00:01:3D,2170,,926,1
590933,ack,11:66:F0:00:01:3D,,0,925,1
590945,send,11:66:F0:00:01:3D,2171,,926,1
590958,send,11:66:F0:00:01:3D,2172,,927,1
590970,send,11:66:F0:00:01:3D,2173,,928,1
590986,send,11:66:F0:00:01:3D,2174,,929,1
590992,ack,11:66:F0:00:01:3D,,0,928,1
591004,send,11:66:F0:00:01:3D,2175,,929,1
591017,send,11:66:F0:00:01:3D,2176,,930,1
591030,send,11:66:F0:00:01:3D,2177,,931,1
591043,send,11:66:F0:00:01:3D,2178,,932,1
591050,ack,11:66:F0:00:01:3D,,0,931,1
591061,send,11:66:F0:00:01:3D,2179,,932,1
591075,send,11:66:F0:00:01:3D,2180,,933,1
591088,send,11:66:F0:00:01:3D,2181,,934,1
591101,send,11:66:F0:00:01:3D,2182,,935,1
591105,ack,11:66:F0:00:01:3D,,0,934,1
591117,send,11:66:F0:00:01:3D,2183,,935,1
591130,send,11:66:F0:00:01:3D,2184,,936,1
591143,send,11:66:F0:00:01:3D,2185,,937,1
591156,send,11:66:F0:00:01:3D,2186,,938,1
591161,ack,11:66:F0:00:01:3D,,0,937,1
591173,send,11:66:F0:00:01:3D,2187,,938,1
591186,send,11:66:F0:00:01:3D,2188,,939,1
591199,send,11:66:F0:00:01:3D,2189,,940,1
591211,send,11:66:F0:00:01:3D,2190,,941,1
591217,ack,11:66:F0:00:01:3D,,0,940,1
591229,send,11:66:F0:00:01:3D,2191,,941,1
591243,send,11:66:F0:00:01:3D,2192,,942,1
591256,send,11:66:F0:00:01:3D,2193,,943,1
591269,send,11:66:F0:00:01:3D,2194,,944,1
591276,ack,11:66:F0:00:01:3D,,0,943,1
591287,send,11:66:F0:00:01:3D,2195,,944,1
591300,send,11:66:F0:00:01:3D,2196,,945,1
591314,send,11:66:F0:00:01:3D,2197,,946,1
591326,send,11:66:F0:00:01:3D,2198,,947,1
591333,ack,11:66:F0:00:01:3D,,0,946,1
591344,send,11:66:F0:00:01:3D,2199,,947,1
591358,send,11:66:F0:00:01:3D,2200,,948,1
591373,send,11:66:F0:00:01:3D,2201,,949,1
591386,send,11:66:F0:00:01:3D,2202,,950,1
591392,ack,11:66:F0:00:01:3D,,0,949,1
591404,send,11:66:F0:00:01:3D,2203,,950,1
591417,send,11:66:F0:00:01:3D,2204,,951,1
591430,send,11:66:F0:00:01:3D,2205,,952,1
591443,send,11:66:F0:00:01:3D,2206,,953,1
591449,ack,11:66:F0:00:01:3D,,0,952,1
591461,send,11:66:F0:00:01:3D,2207,,953,1
591474,send,11:66:F0:00:01:3D,2208,,954,1
591487,send,11:66:F0:00:01:3D,2209,,955,1
591501,send,11:66:F0:00:01:3D,2210,,956,1
591508,ack,11:66:F0:00:01:3D,,0,955,1
591522,send,11:66:F0:00:01:3D,2211,,956,1
591536,send,11:66:F0:00:01:3D,2212,,957,1
591550,send,11:66:F0:00:01:3D,2213,,958,1
591562,send,11:66:F0:00:01:3D,2214,,959,1
591567,ack,11:66:F0:00:01:3D,,0,958,1
591580,send,11:66:F0:00:01:3D,2215,,959,1
591593,send,11:66:F0:00:01:3D,2216,,960,1
591606,send,11:66:F0:00:01:3D,2217,,961,1
591619,send,11:66:F0:00:01:3D,2218,,962,1
591626,ack,11:66:F0:00:01:3D,,0,961,1
591639,send,11:66:F0:00:01:3D,2219,,962,1
591653,send,11:66:F0:00:01:3D,2220,,963,1
591665,send,11:66:F0:00:01:3D,2221,,964,1
591678,send,11:66:F0:00:01:3D,2222,,965,1
591685,ack,11:66:F0:00:01:3D,,0,964,1
591698,send,11:66:F0:00:01:3D,2223,,965,1
591710,send,11:66:F0:00:01:3D,2224,,966,1
591724,send,11:66:F0:00:01:3D,2225,,967,1
591736,send,11:66:F0:00:01:3D,2226,,968,1
591742,ack,11:66:F0:00:01:3D,,0,967,1
591753,send,11:66:F0:00:01:3D,2227,,968,1
591766,send,11:66:F0:00:01:3D,2228,,969,1
591781,send,11:66:F0:00:01:3D,2229,,970,1
591794,send,11:66:F0:00:01:3D,2230,,971,1
591798,ack,11:66:F0:00:01:3D,,0,970,1
591810,send,11:66:F0:00:01:3D,2231,,971,1
591824,send,11:66:F0:00:01:3D,2232,,972,1
591836,send,11:66:F0:00:01:3D,2233,,973,1
591849,send,11:66:F0:00:01:3D,2234,,974,1
591854,ack,11:66:F0:00:01:3D,,0,973,1
591866,send,11:66:F0:00:01:3D,2235,,974,1
591878,send,11:66:F0:00:01:3D,2236,,975,1
591891,send,11:66:F0:00:01:3D,2237,,976,1
591904,send,11:66:F0:00:01:3D,2238,,977,1
591910,ack,11:66:F0:00:01:3D,,0,976,1
591920,send,11:66:F0:00:01:3D,2239,,977,1
591933,send,11:66:F0:00:01:3D,2240,,978,1
591946,send,11:66:F0:00:01:3D,2241,,979,1
591959,send,11:66:F0:00:01:3D,2242,,980,1
591967,ack,11:66:F0:00:01:3D,,0,979,1
591971,send,11:66:F0:00:01:3D,2243,,980,1
591985,send,11:66:F0:00:01:3D,2244,,981,1
591999,send,11:66:F0:00:01:3D,2245,,982,1
592011,send,11:66:F0:00:01:3D,2246,,983,1
592024,ack,11:66:F0:00:01:3D,,0,982,1
592024,send,11:66:F0:00:01:3D,2247,,983,1
592037,send,11:66:F0:00:01:3D,2248,,984,1
592050,send,11:66:F0:00:01:3D,2249,,985,1
592063,send,11:66:F0:00:01:3D,2250,,986,1
592078,send,11:66:F0:00:01:3D,2251,,987,1
592083,ack,11:66:F0:00:01:3D,,0,986,1
592095,send,11:66:F0:00:01:3D,2252,,987,1
592107,send,11:66:F0:00:01:3D,2253,,988,1
592120,send,11:66:F0:00:01:3D,2254,,989,1
592134,send,11:66:F0:00:01:3D,2255,,990,1
592140,ack,11:66:F0:00:01:3D,,0,989,1
592151,send,11:66:F0:00:01:3D,2256,,990,1
592165,send,11:66:F0:00:01:3D,2257,,991,1
592177,send,11:66:F0:00:01:3D,2258,,992,1
592191,send,11:66:F0:00:01:3D,2259,,993,1
592197,ack,11:66:F0:00:01:3D,,0,992,1
592208,send,11:66:F0:00:01:3D,2260,,993,1
592222,send,11:66:F0:00:01:3D,2261,,994,1
592235,send,11:66:F0:00:01:3D,2262,,995,1
592247,send,11:66:F0:00:01:3D,2263,,996,1
592253,ack,11:66:F0:00:01:3D,,0,995,1
592263,send,11:66:F0:00:01:3D,2264,,996,1
592277,send,11:66:F0:00:01:3D,2265,,997,1
592291,send,11:66:F0:00:01:3D,2266,,998,1
592303,send,11:66:F0:00:01:3D,2267,,999,1
592311,ack,11:66:F0:00:01:3D,,0,998,1
592322,send,11:66:F0:00:01:3D,2268,,999,1
592335,send,11:66:F0:00:01:3D,2269,,1000,1
592347,send,11:66:F0:00:01:3D,2270,,1001,1
592360,send,11:66:F0:00:01:3D,2271,,1002,1
592371,ack,11:66:F0:00:01:3D,,0,1001,1
592372,send,11:66:F0:00:01:3D,2272,,1002,1
592385,send,11:66:F0:00:01:3D,2273,,1003,1
592398,send,11:66:F0:00:01:3D,2274,,1004,1
592410,send,11:66:F0:00:01:3D,2275,,1005,1
592425,send,11:66:F0:00:01:3D,2276,,1006,1
592430,ack,11:66:F0:00:01:3D,,0,1005,1
592441,send,11:66:F0:00:01:3D,2277,,1006,1
592453,send,11:66:F0:00:01:3D,2278,,1007,1
592466,send,11:66:F0:00:01:3D,2279,,1008,1
592478,send,11:66:F0:00:01:3D,2280,,1009,1
592489,ack,11:66:F0:00:01:3D,,0,1008,1
592492,send,11:66:F0:00:01:3D,2281,,1009,1
592506,send,11:66:F0:00:01:3D,2282,,1010,1
592519,send,11:66:F0:00:01:3D,2283,,1011,1
592534,send,11:66:F0:00:01:3D,2284,,1012,1
592547,send,11:66:F0:00:01:3D,2285,,1013,1
592550,ack,11:66:F0:00:01:3D,,0,1012,1
592560,send,11:66:F0:00:01:3D,2286,,1013,1
592574,send,11:66:F0:00:01:3D,2287,,1014,1
592587,send,11:66:F0:00:01:3D,2288,,1015,1
592600,send,11:66:F0:00:01:3D,2289,,1016,1
592607,ack,11:66:F0:00:01:3D,,0,1015,1
592618,send,11:66:F0:00:01:3D,2290,,1016,1
592630,send,11:66:F0:00:01:3D,2291,,1017,1
592644,send,11:66:F0:00:01:3D,2292,,1018,1
592657,send,11:66:F0:00:01:3D,2293,,1019,1
592664,ack,11:66:F0:00:01:3D,,0,1018,1
592674,send,11:66:F0:00:01:3D,2294,,1019,1
592686,send,11:66:F0:00:01:3D,2295,,1020,1
592698,send,11:66:F0:00:01:3D,2296,,1021,1
592712,send,11:66:F0:00:01:3D,2297,,1022,1
592723,ack,11:66:F0:00:01:3D,,0,1021,1
592724,send,11:66:F0:00:01:3D,2298,,1022,1
592738,send,11:66:F0:00:01:3D,2299,,1023,1
592751,send,11:66:F0:00:01:3D,2300,,1024,1
592764,send,11:66:F0:00:01:3D,2301,,1025,1
592777,send,11:66:F0:00:01:3D,2302,,1026,1
592782,ack,11:66:F0:00:01:3D,,0,1025,1
592794,send,11:66:F0:00:01:3D,2303,,1026,1
592807,send,11:66:F0:00:01:3D,2304,,1027,1
592821,send,11:66:F0:00:01:3D,2305,,1028,1
592834,send,11:66:F0:00:01:3D,2306,,1029,1
592838,ack,11:66:F0:00:01:3D,,0,1028,1
592851,send,11:66:F0:00:01:3D,2307,,1029,1
592864,send,11:66:F0:00:01:3D,2308,,1030,1
592876,send,11:66:F0:00:01:3D,2309,,1031,1
592890,send,11:66:F0:00:01:3D,2310,,1032,1
592895,ack,11:66:F0:00:01:3D,,0,1031,1
592907,send,11:66:F0:00:01:3D,2311,,1032,1
592920,send,11:66:F0:00:01:3D,2312,,1033,1
592935,send,11:66:F0:00:01:3D,2313,,1034,1
592947,send,11:66:F0:00:01:3D,2314,,1035,1
592953,ack,11:66:F0:00:01:3D,,0,1034,1
592965,send,11:66:F0:00:01:3D,2315,,1035,1
592979,send,11:66:F0:00:01:3D,2316,,1036,1
592993,send,11:66:F0:00:01:3D,2317,,1037,1
593006,send,11:66:F0:00:01:3D,2318,,1038,1
593011,ack,11:66:F0:00:01:3D,,0,1037,1
593023,send,11:66:F0:00:01:3D,2319,,1038,1
593036,send,11:66:F0:00:01:3D,2320,,1039,1
593048,send,11:66:F0:00:01:3D,2321,,1040,1
593062,send,11:66:F0:00:01:3D,2322,,1041,1
593069,ack,11:66:F0:00:01:3D,,0,1040,1
593081,send,11:66:F0:00:01:3D,2323,,1041,1
593096,send,11:66:F0:00:01:3D,2324,,1042,1
593111,send,11:66:F0:00:01:3D,2325,,1043,1
593124,send,11:66:F0:00:01:3D,2326,,1044,1
593128,ack,11:66:F0:00:01:3D,,0,1043,1
593139,send,11:66:F0:00:01:3D,2327,,1044,1
593154,send,11:66:F0:00:01:3D,2328,,1045,1
593166,send,11:66:F0:00:01:3D,2329,,1046,1
593179,send,11:66:F0:00:01:3D,2330,,1047,1
593183,ack,11:66:F0:00:01:3D,,0,1046,1
593195,send,11:66:F0:00:01:3D,2331,,1047,1
593209,send,11:66:F0:00:01:3D,2332,,1048,1
593222,send,11:66:F0:00:01:3D,2333,,1049,1
593236,send,11:66:F0:00:01:3D,2334,,1050,1
593243,ack,11:66:F0:00:01:3D,,0,1049,1
593254,send,11:66:F0:00:01:3D,2335,,1050,1
593269,send,11:66:F0:00:01:3D,2336,,1051,1
593281,send,11:66:F0:00:01:3D,2337,,1052,1
593294,send,11:66:F0:00:01:3D,2338,,1053,1
593301,ack,11:66:F0:00:01:3D,,0,1052,1
593312,send,11:66:F0:00:01:3D,2339,,1053,1
593326,send,11:66:F0:00:01:3D,2340,,1054,1
593338,send,11:66:F0:00:01:3D,2341,,1055,1
593351,send,11:66:F0:00:01:3D,2342,,1056,1
593358,ack,11:66:F0:00:01:3D,,0,1055,1
593368,send,11:66:F0:00:01:3D,2343,,1056,1
593382,send,11:66:F0:00:01:3D,2344,,1057,1
593396,send,11:66:F0:00:01:3D,2345,,1058,1
593409,send,11:66:F0:00:01:3D,2346,,1059,1
593416,ack,11:66:F0:00:01:3D,,0,1058,1
593426,send,11:66:F0:00:01:3D,2347,,1059,1
593439,send,11:66:F0:00:01:3D,2348,,1060,1
593452,send,11:66:F0:00:01:3D,2349,,1061,1
593464,send,11:66:F0:00:01:3D,2350,,1062,1
593474,ack,11:66:F0:00:01:3D,,0,1061,1
593478,send,11:66:F0:00:01:3D,2351,,1062,1
593492,send,11:66:F0:00:01:3D,2352,,1063,1
593505,send,11:66:F0:00:01:3D,2353,,1064,1
593517,send,11:66:F0:00:01:3D,2354,,1065,1
593530,ack,11:66:F0:00:01:3D,,0,1064,1
593531,send,11:66:F0:00:01:3D,2355,,1065,1
593544,send,11:66:F0:00:01:3D,2356,,1066,1
593557,send,11:66:F0:00:01:3D,2357,,1067,1
593570,send,11:66:F0:00:01:3D,2358,,1068,1
593582,send,11:66:F0:00:01:3D,2359,,1069,1
593588,ack,11:66:F0:00:01:3D,,0,1068,1
593601,send,11:66:F0:00:01:3D,2360,,1069,1
593613,send,11:66:F0:00:01:3D,2361,,1070,1
593627,send,11:66:F0:00:01:3D,2362,,1071,1
593639,send,11:66:F0:00:01:3D,2363,,1072,1
593644,ack,11:66:F0:00:01:3D,,0,1071,1
593657,send,11:66:F0:00:01:3D,2364,,1072,1
593670,send,11:66:F0:00:01:3D,2365,,1073,1
593683,send,11:66:F0:00:01:3D,2366,,1074,1
593695,send,11:66:F0:00:01:3D,2367,,1075,1
593701,ack,11:66:F0:00:01:3D,,0,1074,1
593714,send,11:66:F0:00:01:3D,2368,,1075,1
593728,send,11:66:F0:00:01:3D,2369,,1076,1
593740,send,11:66:F0:00:01:3D,2370,,1077,1
593753,send,11:66:F0:00:01:3D,2371,,1078,1
593758,ack,11:66:F0:00:01:3D,,0,1077,1
593771,send,11:66:F0:00:01:3D,2372,,1078,1
593784,send,11:66:F0:00:01:3D,2373,,1079,1
593796,send,11:66:F0:00:01:3D,2374,,1080,1
593809,send,11:66:F0:00:01:3D,2375,,1081,1
593815,ack,11:66:F0:00:01:3D,,0,1080,1
593826,send,11:66:F0:00:01:3D,2376,,1081,1
593839,send,11:66:F0:00:01:3D,2377,,1082,1
593851,send,11:66:F0:00:01:3D,2378,,1083,1
593865,send,11:66:F0:00:01:3D,2379,,1084,1
593873,ack,11:66:F0:00:01:3D,,0,1083,1
593883,send,11:66:F0:00:01:3D,2380,,1084,1
593895,send,11:66:F0:00:01:3D,2381,,1085,1
593908,send,11:66:F0:00:01:3D,2382,,1086,1
593921,send,11:66:F0:00:01:3D,2383,,1087,1
593930,ack,11:66:F0:00:01:3D,,0,1086,1
593934,send,11:66:F0:00:01:3D,2384,,1087,1
593948,send,11:66:F0:00:01:3D,2385,,1088,1
593962,send,11:66:F0:00:01:3D,2386,,1089,1
593975,send,11:66:F0:00:01:3D,2387,,1090,1
593987,send,11:66:F0:00:01:3D,2388,,1091,1
593988,ack,11:66:F0:00:01:3D,,0,1090,1
594000,send,11:66:F0:00:01:3D,2389,,1091,1
594013,send,11:66:F0:00:01:3D,2390,,1092,1
594027,send,11:66:F0:00:01:3D,2391,,1093,1
594039,send,11:66:F0:00:01:3D,2392,,1094,1
594044,ack,11:66:F0:00:01:3D,,0,1093,1
594055,send,11:66:F0:00:01:3D,2393,,1094,1
594069,send,11:66:F0:00:01:3D,2394,,1095,1
594082,send,11:66:F0:00:01:3D,2395,,1096,1
594095,send,11:66:F0:00:01:3D,2396,,1097,1
594100,ack,11:66:F0:00:01:3D,,0,1096,1
594111,send,11:66:F0:00:01:3D,2397,,1097,1
594124,send,11:66:F0:00:01:3D,2398,,1098,1
594136,send,11:66:F0:00:01:3D,2399,,1099,1
594150,send,11:66:F0:00:01:3D,2400,,1100,1
594154,ack,11:66:F0:00:01:3D,,0,1099,1
594166,send,11:66:F0:00:01:3D,2401,,1100,1
594178,send,11:66:F0:00:01:3D,2402,,1101,1
594192,send,11:66:F0:00:01:3D,2403,,1102,1
594205,send,11:66:F0:00:01:3D,2404,,1103,1
594210,ack,11:66:F0:00:01:3D,,0,1102,1
594221,send,11:66:F0:00:01:3D,2405,,1103,1
594234,send,11:66:F0:00:01:3D,2406,,1104,1
594248,send,11:66:F0:00:01:3D,2407,,1105,1
594260,send,11:66:F0:00:01:3D,2408,,1106,1
594267,ack,11:66:F0:00:01:3D,,0,1105,1
594277,send,11:66:F0:00:01:3D,2409,,1106,1
594291,send,11:66:F0:00:01:3D,2410,,1107,1
594304,send,11:66:F0:00:01:3D,2411,,1108,1
594317,send,11:66:F0:00:01:3D,2412,,1109,1
594322,ack,11:66:F0:00:01:3D,,0,1108,1
594334,send,11:66:F0:00:01:3D,2413,,1109,1
594346,send,11:66:F0:00:01:3D,2414,,1110,1
594359,send,11:66:F0:00:01:3D,2415,,1111,1
594373,send,11:66:F0:00:01:3D,2416,,1112,1
594376,ack,11:66:F0:00:01:3D,,0,1111,1
594389,send,11:66:F0:00:01:3D,2417,,1112,1
594402,send,11:66:F0:00:01:3D,2418,,1113,1
594416,send,11:66:F0:00:01:3D,2419,,1114,1
594429,send,11:66:F0:00:01:3D,2420,,1115,1
594437,ack,11:66:F0:00:01:3D,,0,1114,1
594448,send,11:66:F0:00:01:3D,2421,,1115,1
594462,send,11:66:F0:00:01:3D,2422,,1116,1
594475,send,11:66:F0:00:01:3D,2423,,1117,1
594488,send,11:66:F0:00:01:3D,2424,,1118,1
594495,ack,11:66:F0:00:01:3D,,0,1117,1
594504,send,11:66:F0:00:01:3D,2425,,1118,1
594518,send,11:66:F0:00:01:3D,2426,,1119,1
594530,send,11:66:F0:00:01:3D,2427,,1120,1
594544,send,11:66:F0:00:01:3D,2428,,1121,1
594549,ack,11:66:F0:00:01:3D,,0,1120,1
594560,send,11:66:F0:00:01:3D,2429,,1121,1
594574,send,11:66:F0:00:01:3D,2430,,1122,1
594587,send,11:66:F0:00:01:3D,2431,,1123,1
594600,send,11:66:F0:00:01:3D,2432,,1124,1
594606,ack,11:66:F0:00:01:3D,,0,1123,1
594618,send,11:66:F0:00:01:3D,2433,,1124,1
594632,send,11:66:F0:00:01:3D,2434,,1125,1
594646,send,11:66:F0:00:01:3D,2435,,1126,1
594659,send,11:66:F0:00:01:3D,2436,,1127,1
594665,ack,11:66:F0:00:01:3D,,0,1126,1
594675,send,11:66:F0:00:01:3D,2437,,1127,1
594689,send,11:66:F0:00:01:3D,2438,,1128,1
594702,send,11:66:F0:00:01:3D,2439,,1129,1
594716,send,11:66:F0:00:01:3D,2440,,1130,1
594722,ack,11:66:F0:00:01:3D,,0,1129,1
594733,send,11:66:F0:00:01:3D,2441,,1130,1
594746,send,11:66:F0:00:01:3D,2442,,1131,1
594760,send,11:66:F0:00:01:3D,2443,,1132,1
594773,send,11:66:F0:00:01:3D,2444,,1133,1
594780,ack,11:66:F0:00:01:3D,,0,1132,1
594791,send,11:66:F0:00:01:3D,2445,,1133,1
594805,send,11:66:F0:00:01:3D,2446,,1134,1
594818,send,11:66:F0:00:01:3D,2447,,1135,1
594830,send,11:66:F0:00:01:3D,2448,,1136,1
594836,ack,11:66:F0:00:01:3D,,0,1135,1
594849,send,11:66:F0:00:01:3D,2449,,1136,1
594862,send,11:66:F0:00:01:3D,2450,,1137,1
594875,send,11:66:F0:00:01:3D,2451,,1138,1
594888,send,11:66:F0:00:01:3D,2452,,1139,1
594893,ack,11:66:F0:00:01:3D,,0,1138,1
594904,send,11:66:F0:00:01:3D,2453,,1139,1
594917,send,11:66:F0:00:01:3D,2454,,1140,1
594930,send,11:66:F0:00:01:3D,2455,,1141,1
594943,send,11:66:F0:00:01:3D,2456,,1142,1
594949,ack,11:66:F0:00:01:3D,,0,1141,1
594961,send,11:66:F0:00:01:3D,2457,,1142,1
594974,send,11:66:F0:00:01:3D,2458,,1143,1
594987,send,11:66:F0:00:01:3D,2459,,1144,1
594999,send,11:66:F0:00:01:3D,2460,,1145,1
595005,ack,11:66:F0:00:01:3D,,0,1144,1
595016,send,11:66:F0:00:01:3D,2461,,1145,1
595063,ack,11:66:F0:00:01:3D,,0,1144,1
595717,send,11:66:F0:00:01:3D,2462,,1145,1
595725,ack,11:66:F0:00:01:3D,,0,1144,1
595735,send,11:66:F0:00:01:3D,2463,,1145,1
595747,send,11:66:F0:00:01:3D,2464,,1146,1
595757,send,11:66:F0:00:01:3D,2465,,1147,1
595769,send,11:66:F0:00:01:3D,2466,,1148,1
595780,send,11:66:F0:00:01:3D,2467,,1149,1
595784,ack,11:66:F0:00:01:3D,,0,1148,1
595793,send,11:66:F0:00:01:3D,2468,,1149,1
595804,send,11:66:F0:00:01:3D,2469,,1150,1
595814,send,11:66:F0:00:01:3D,2470,,1151,1
595824,send,11:66:F0:00:01:3D,2471,,1152,1
595837,send,11:66:F0:00:01:3D,2472,,1153,1
595844,ack,11:66:F0:00:01:3D,,0,1152,1
595853,send,11:66:F0:00:01:3D,2473,,1153,1
595865,send,11:66:F0:00:01:3D,2474,,1154,1
595876,send,11:66:F0:00:01:3D,2475,,1155,1
595886,send,11:66:F0:00:01:3D,2476,,1156,1
595897,send,11:66:F0:00:01:3D,2477,,1157,1
595903,ack,11:66:F0:00:01:3D,,0,1156,1
595913,send,11:66:F0:00:01:3D,2478,,1157,1
595924,send,11:66:F0:00:01:3D,2479,,1158,1
595935,send,11:66:F0:00:01:3D,2480,,1159,1
595946,send,11:66:F0:00:01:3D,2481,,1160,1
595957,send,11:66:F0:00:01:3D,2482,,1161,1
595962,ack,11:66:F0:00:01:3D,,0,1160,1
595974,send,11:66:F0:00:01:3D,2483,,1161,1
595984,send,11:66:F0:00:01:3D,2484,,1162,1
595995,send,11:66:F0:00:01:3D,2485,,1163,1
596005,send,11:66:F0:00:01:3D,2486,,1164,1
596016,send,11:66:F0:00:01:3D,2487,,1165,1
596021,ack,11:66:F0:00:01:3D,,0,1164,1
596030,send,11:66:F0:00:01:3D,2488,,1165,1
596042,send,11:66:F0:00:01:3D,2489,,1166,1
596053,send,11:66:F0:00:01:3D,2490,,1167,1
596063,send,11:66:F0:00:01:3D,2491,,1168,1
596075,send,11:66:F0:00:01:3D,2492,,1169,1
596079,ack,11:66:F0:00:01:3D,,0,1168,1
596088,send,11:66:F0:00:01:3D,2493,,1169,1
596101,send,11:66:F0:00:01:3D,2494,,1170,1
596112,send,11:66:F0:00:01:3D,2495,,1171,1
596123,send,11:66:F0:00:01:3D,2496,,1172,1
596133,send,11:66:F0:00:01:3D,2497,,1173,1
596137,ack,11:66:F0:00:01:3D,,0,1172,1
596146,send,11:66:F0:00:01:3D,2498,,1173,1
596156,send,11:66:F0:00:01:3D,2499,,1174,1
596167,send,11:66:F0:00:01:3D,2500,,1175,1
596178,send,11:66:F0:00:01:3D,2501,,1176,1
596188,send,11:66:F0:00:01:3D,2502,,1177,1
596194,ack,11:66:F0:00:01:3D,,0,1176,1
596204,send,11:66:F0:00:01:3D,2503,,1177,1
596215,send,11:66:F0:00:01:3D,2504,,1178,1
596225,send,11:66:F0:00:01:3D,2505,,1179,1
596237,send,11:66:F0:00:01:3D,2506,,1180,1
596247,send,11:66:F0:00:01:3D,2507,,1181,1
596252,ack,11:66:F0:00:01:3D,,0,1180,1
596264,send,11:66:F0:00:01:3D,2508,,1181,1
596275,send,11:66:F0:00:01:3D,2509,,1182,1
596285,send,11:66:F0:00:01:3D,2510,,1183,1
596298,send,11:66:F0:00:01:3D,2511,,1184,1
596310,ack,11:66:F0:00:01:3D,,0,1183,1
596310,send,11:66:F0:00:01:3D,2512,,1184,1
596321,send,11:66:F0:00:01:3D,2513,,1185,1
596333,send,11:66:F0:00:01:3D,2514,,1186,1
596344,send,11:66:F0:00:01:3D,2515,,1187,1
596356,send,11:66:F0:00:01:3D,2516,,1188,1
596367,ack,11:66:F0:00:01:3D,,0,1187,1
596373,send,11:66:F0:00:01:3D,2517,,1188,1
596383,send,11:66:F0:00:01:3D,2518,,1189,1
596393,send,11:66:F0:00:01:3D,2519,,1190,1
596405,send,11:66:F0:00:01:3D,2520,,1191,1
596416,send,11:66:F0:00:01:3D,2521,,1192,1
596427,ack,11:66:F0:00:01:3D,,0,1191,1
596427,send,11:66:F0:00:01:3D,2522,,1192,1
596439,send,11:66:F0:00:01:3D,2523,,1193,1
596450,send,11:66:F0:00:01:3D,2524,,1194,1
596461,send,11:66:F0:00:01:3D,2525,,1195,1
596473,send,11:66:F0:00:01:3D,2526,,1196,1
596484,send,11:66:F0:00:01:3D,2527,,1197,1
596485,ack,11:66:F0:00:01:3D,,0,1196,1
596495,send,11:66:F0:00:01:3D,2528,,1197,1
596505,send,11:66:F0:00:01:3D,2529,,1198,1
596517,send,11:66:F0:00:01:3D,2530,,1199,1
596527,send,11:66:F0:00:01:3D,2531,,1200,1
596540,send,11:66:F0:00:01:3D,2532,,1201,1
596546,ack,11:66:F0:00:01:3D,,0,1200,1
596557,send,11:66:F0:00:01:3D,2533,,1201,1
596568,send,11:66:F0:00:01:3D,2534,,1202,1
596578,send,11:66:F0:00:01:3D,2535,,1203,1
596589,send,11:66:F0:00:01:3D,2536,,1204,1
596602,send,11:66:F0:00:01:3D,2537,,1205,1
596606,ack,11:66:F0:00:01:3D,,0,1204,1
596615,send,11:66:F0:00:01:3D,2538,,1205,1
596626,send,11:66:F0:00:01:3D,2539,,1206,1
596637,send,11:66:F0:00:01:3D,2540,,1207,1
596648,send,11:66:F0:00:01:3D,2541,,1208,1
596658,send,11:66:F0:00:01:3D,2542,,1209,1
596664,ack,11:66:F0:00:01:3D,,0,1208,1
596675,send,11:66:F0:00:01:3D,2543,,1209,1
596686,send,11:66:F0:00:01:3D,2544,,1210,1
596698,send,11:66:F0:00:01:3D,2545,,1211,1
596710,send,11:66:F0:00:01:3D,2546,,1212,1
596722,send,11:66:F0:00:01:3D,2547,,1213,1
596726,ack,11:66:F0:00:01:3D,,0,1212,1
596735,send,11:66:F0:00:01:3D,2548,,1213,1
596746,send,11:66:F0:00:01:3D,2549,,1214,1
596758,send,11:66:F0:00:01:3D,2550,,1215,1
596768,send,11:66:F0:00:01:3D,2551,,1216,1
596780,send,11:66:F0:00:01:3D,2552,,1217,1
596782,ack,11:66:F0:00:01:3D,,0,1216,1
596794,send,11:66:F0:00:01:3D,2553,,1217,1
596804,send,11:66:F0:00:01:3D,2554,,1218,1
596814,send,11:66:F0:00:01:3D,2555,,1219,1
596826,send,11:66:F0:00:01:3D,2556,,1220,1
596836,send,11:66:F0:00:01:3D,2557,,1221,1
596846,ack,11:66:F0:00:01:3D,,0,1220,1
596853,send,11:66:F0:00:01:3D,2558,,1221,1
596864,send,11:66:F0:00:01:3D,2559,,1222,1
596877,send,11:66:F0:00:01:3D,2560,,1223,1
596888,send,11:66:F0:00:01:3D,2561,,1224,1
596900,send,11:66:F0:00:01:3D,2562,,1225,1
596904,ack,11:66:F0:00:01:3D,,0,1224,1
596915,send,11:66:F0:00:01:3D,2563,,1225,1
596926,send,11:66:F0:00:01:3D,2564,,1226,1
596938,send,11:66:F0:00:01:3D,2565,,1227,1
596949,send,11:66:F0:00:01:3D,2566,,1228,1
596961,send,11:66:F0:00:01:3D,2567,,1229,1
596964,ack,11:66:F0:00:01:3D,,0,1228,1
596975,send,11:66:F0:00:01:3D,2568,,1229,1
596986,send,11:66:F0:00:01:3D,2569,,1230,1
596996,send,11:66:F0:00:01:3D,2570,,1231,1
597007,send,11:66:F0:00:01:3D,2571,,1232,1
597017,send,11:66:F0:00:01:3D,2572,,1233,1
597022,ack,11:66:F0:00:01:3D,,0,1232,1
597031,send,11:66:F0:00:01:3D,2573,,1233,1
597043,send,11:66:F0:00:01:3D,2574,,1234,1
597054,send,11:66:F0:00:01:3D,2575,,1235,1
597065,send,11:66:F0:00:01:3D,2576,,1236,1
597075,send,11:66:F0:00:01:3D,2577,,1237,1
597080,ack,11:66:F0:00:01:3D,,0,1236,1
597090,send,11:66:F0:00:01:3D,2578,,1237,1
597101,send,11:66:F0:00:01:3D,2579,,1238,1
597112,send,11:66:F0:00:01:3D,2580,,1239,1
597124,send,11:66:F0:00:01:3D,2581,,1240,1
597134,send,11:66:F0:00:01:3D,2582,,1241,1
597139,ack,11:66:F0:00:01:3D,,0,1240,1
597149,send,11:66:F0:00:01:3D,2583,,1241,1
597160,send,11:66:F0:00:01:3D,2584,,1242,1
597172,send,11:66:F0:00:01:3D,2585,,1243,1
597183,send,11:66:F0:00:01:3D,2586,,1244,1
597195,send,11:66:F0:00:01:3D,2587,,1245,1
597197,ack,11:66:F0:00:01:3D,,0,1244,1
597206,send,11:66:F0:00:01:3D,2588,,1245,1
597217,send,11:66:F0:00:01:3D,2589,,1246,1
597230,send,11:66:F0:00:01:3D,2590,,1247,1
597240,send,11:66:F0:00:01:3D,2591,,1248,1
597251,send,11:66:F0:00:01:3D,2592,,1249,1
597255,ack,11:66:F0:00:01:3D,,0,1248,1
597264,send,11:66:F0:00:01:3D,2593,,1249,1
597275,send,11:66:F0:00:01:3D,2594,,1250,1
597286,send,11:66:F0:00:01:3D,2595,,1251,1
597298,send,11:66:F0:00:01:3D,2596,,1252,1
597309,send,11:66:F0:00:01:3D,2597,,1253,1
597313,ack,11:66:F0:00:01:3D,,0,1252,1
597325,send,11:66:F0:00:01:3D,2598,,1253,1
597336,send,11:66:F0:00:01:3D,2599,,1254,1
597348,send,11:66:F0:00:01:3D,2600,,1255,1
597358,send,11:66:F0:00:01:3D,2601,,1256,1
597370,ack,11:66:F0:00:01:3D,,0,1255,1
597373,send,11:66:F0:00:01:3D,2602,,1256,1
597383,send,11:66:F0:00:01:3D,2603,,1257,1
597394,send,11:66:F0:00:01:3D,2604,,1258,1
597405,send,11:66:F0:00:01:3D,2605,,1259,1
597416,send,11:66:F0:00:01:3D,2606,,1260,1
597427,send,11:66:F0:00:01:3D,2607,,1261,1
597428,ack,11:66:F0:00:01:3D,,0,1260,1
597438,send,11:66:F0:00:01:3D,2608,,1261,1
597449,send,11:66:F0:00:01:3D,2609,,1262,1
597459,send,11:66:F0:00:01:3D,2610,,1263,1
597470,send,11:66:F0:00:01:3D,2611,,1264,1
597481,send,11:66:F0:00:01:3D,2612,,1265,1
597485,ack,11:66:F0:00:01:3D,,0,1264,1
597496,send,11:66:F0:00:01:3D,2613,,1265,1
597507,send,11:66:F0:00:01:3D,2614,,1266,1
597517,send,11:66:F0:00:01:3D,2615,,1267,1
597528,send,11:66:F0:00:01:3D,2616,,1268,1
597540,send,11:66:F0:00:01:3D,2617,,1269,1
597546,ack,11:66:F0:00:01:3D,,0,1268,1
597556,send,11:66:F0:00:01:3D,2618,,1269,1
597568,send,11:66:F0:00:01:3D,2619,,1270,1
597579,send,11:66:F0:00:01:3D,2620,,1271,1
597589,send,11:66:F0:00:01:3D,2621,,1272,1
597601,send,11:66:F0:00:01:3D,2622,,1273,1
597604,ack,11:66:F0:00:01:3D,,0,1272,1
597614,send,11:66:F0:00:01:3D,2623,,1273,1
597626,send,11:66:F0:00:01:3D,2624,,1274,1
597637,send,11:66:F0:00:01:3D,2625,,1275,1
597648,send,11:66:F0:00:01:3D,2626,,1276,1
597658,send,11:66:F0:00:01:3D,2627,,1277,1
597663,ack,11:66:F0:00:01:3D,,0,1276,1
597673,send,11:66:F0:00:01:3D,2628,,1277,1
597684,send,11:66:F0:00:01:3D,2629,,1278,1
597695,send,11:66:F0:00:01:3D,2630,,1279,1
597706,send,11:66:F0:00:01:3D,2631,,1280,1
597717,send,11:66:F0:00:01:3D,2632,,1281,1
597725,ack,11:66:F0:00:01:3D,,0,1280,1
597734,send,11:66:F0:00:01:3D,2633,,1281,1
597744,send,11:66:F0:00:01:3D,2634,,1282,1
597755,send,11:66:F0:00:01:3D,2635,,1283,1
597767,send,11:66:F0:00:01:3D,2636,,1284,1
597778,send,11:66:F0:00:01:3D,2637,,1285,1
597784,ack,11:66:F0:00:01:3D,,0,1284,1
597793,send,11:66:F0:00:01:3D,2638,,1285,1
597804,send,11:66:F0:00:01:3D,2639,,1286,1
597815,send,11:66:F0:00:01:3D,2640,,1287,1
597826,send,11:66:F0:00:01:3D,2641,,1288,1
597836,send,11:66:F0:00:01:3D,2642,,1289,1
597841,ack,11:66:F0:00:01:3D,,0,1288,1
597850,send,11:66:F0:00:01:3D,2643,,1289,1
597861,send,11:66:F0:00:01:3D,2644,,1290,1
597872,send,11:66:F0:00:01:3D,2645,,1291,1
597883,send,11:66:F0:00:01:3D,2646,,1292,1
597894,send,11:66:F0:00:01:3D,2647,,1293,1
597899,ack,11:66:F0:00:01:3D,,0,1292,1
597908,send,11:66:F0:00:01:3D,2648,,1293,1
597920,send,11:66:F0:00:01:3D,2649,,1294,1
597930,send,11:66:F0:00:01:3D,2650,,1295,1
597941,send,11:66:F0:00:01:3D,2651,,1296,1
597953,send,11:66:F0:00:01:3D,2652,,1297,1
597956,ack,11:66:F0:00:01:3D,,0,1296,1
597965,send,11:66:F0:00:01:3D,2653,,1297,1
597977,send,11:66:F0:00:01:3D,2654,,1298,1
597988,send,11:66:F0:00:01:3D,2655,,1299,1
597999,send,11:66:F0:00:01:3D,2656,,1300,1
598009,send,11:66:F0:00:01:3D,2657,,1301,1
598011,ack,11:66:F0:00:01:3D,,0,1300,1
598020,send,11:66:F0:00:01:3D,2658,,1301,1
598030,send,11:66:F0:00:01:3D,2659,,1302,1
598041,send,11:66:F0:00:01:3D,2660,,1303,1
598053,send,11:66:F0:00:01:3D,2661,,1304,1
598065,send,11:66:F0:00:01:3D,2662,,1305,1
598067,ack,11:66:F0:00:01:3D,,0,1304,1
598076,send,11:66:F0:00:01:3D,2663,,1305,1
598088,send,11:66:F0:00:01:3D,2664,,1306,1
598098,send,11:66:F0:00:01:3D,2665,,1307,1
598108,send,11:66:F0:00:01:3D,2666,,1308,1
598120,send,11:66:F0:00:01:3D,2667,,1309,1
598124,ack,11:66:F0:00:01:3D,,0,1308,1
598133,send,11:66:F0:00:01:3D,2668,,1309,1
598145,send,11:66:F0:00:01:3D,2669,,1310,1
598156,send,11:66:F0:00:01:3D,2670,,1311,1
598166,send,11:66:F0:00:01:3D,2671,,1312,1
598178,send,11:66:F0:00:01:3D,2672,,1313,1
598183,ack,11:66:F0:00:01:3D,,0,1312,1
598192,send,11:66:F0:00:01:3D,2673,,1313,1
598204,send,11:66:F0:00:01:3D,2674,,1314,1
598214,send,11:66:F0:00:01:3D,2675,,1315,1
598226,send,11:66:F0:00:01:3D,2676,,1316,1
598236,send,11:66:F0:00:01:3D,2677,,1317,1
598241,ack,11:66:F0:00:01:3D,,0,1316,1
598252,send,11:66:F0:00:01:3D,2678,,1317,1
598264,send,11:66:F0:00:01:3D,2679,,1318,1
598275,send,11:66:F0:00:01:3D,2680,,1319,1
598286,send,11:66:F0:00:01:3D,2681,,1320,1
598299,send,11:66:F0:00:01:3D,2682,,1321,1
598300,ack,11:66:F0:00:01:3D,,0,1320,1
598309,send,11:66:F0:00:01:3D,2683,,1321,1
598321,send,11:66:F0:00:01:3D,2684,,1322,1
598331,send,11:66:F0:00:01:3D,2685,,1323,1
598342,send,11:66:F0:00:01:3D,2686,,1324,1
598352,send,11:66:F0:00:01:3D,2687,,1325,1
598359,ack,11:66:F0:00:01:3D,,0,1324,1
598375,send,11:66:F0:00:01:3D,2688,,1325,1
598385,send,11:66:F0:00:01:3D,2689,,1326,1
598396,send,11:66:F0:00:01:3D,2690,,1327,1
598407,send,11:66:F0:00:01:3D,2691,,1328,1
598417,ack,11:66:F0:00:01:3D,,0,1327,1
598417,send,11:66:F0:00:01:3D,2692,,1328,1
598429,send,11:66:F0:00:01:3D,2693,,1329,1
598441,send,11:66:F0:00:01:3D,2694,,1330,1
598451,send,11:66:F0:00:01:3D,2695,,1331,1
598461,send,11:66:F0:00:01:3D,2696,,1332,1
598473,send,11:66:F0:00:01:3D,2697,,1333,1
598475,ack,11:66:F0:00:01:3D,,0,1332,1
598483,send,11:66:F0:00:01:3D,2698,,1333,1
598494,send,11:66:F0:00:01:3D,2699,,1334,1
598504,send,11:66:F0:00:01:3D,2700,,1335,1
598516,send,11:66:F0:00:01:3D,2701,,1336,1
598526,send,11:66:F0:00:01:3D,2702,,1337,1
598532,ack,11:66:F0:00:01:3D,,0,1336,1
598540,send,11:66:F0:00:01:3D,2703,,1337,1
598552,send,11:66:F0:00:01:3D,2704,,1338,1
598564,send,11:66:F0:00:01:3D,2705,,1339,1
598574,send,11:66:F0:00:01:3D,2706,,1340,1
598585,send,11:66:F0:00:01:3D,2707,,1341,1
598589,ack,11:66:F0:00:01:3D,,0,1340,1
598598,send,11:66:F0:00:01:3D,2708,,1341,1
598610,send,11:66:F0:00:01:3D,2709,,1342,1
598622,send,11:66:F0:00:01:3D,2710,,1343,1
598632,send,11:66:F0:00:01:3D,2711,,1344,1
598642,send,11:66:F0:00:01:3D,2712,,1345,1
598648,ack,11:66:F0:00:01:3D,,0,1344,1
598657,send,11:66:F0:00:01:3D,2713,,1345,1
598670,send,11:66:F0:00:01:3D,2714,,1346,1
598681,send,11:66:F0:00:01:3D,2715,,1347,1
598692,send,11:66:F0:00:01:3D,2716,,1348,1
598702,send,11:66:F0:00:01:3D,2717,,1349,1
598705,ack,11:66:F0:00:01:3D,,0,1348,1
598715,send,11:66:F0:00:01:3D,2718,,1349,1
598727,send,11:66:F0:00:01:3D,2719,,1350,1
598739,send,11:66:F0:00:01:3D,2720,,1351,1
598749,send,11:66:F0:00:01:3D,2721,,1352,1
598761,send,11:66:F0:00:01:3D,2722,,1353,1
598764,ack,11:66:F0:00:01:3D,,0,1352,1
598774,send,11:66:F0:00:01:3D,2723,,1353,1
598784,send,11:66:F0:00:01:3D,2724,,1354,1
598795,send,11:66:F0:00:01:3D,2725,,1355,1
598805,send,11:66:F0:00:01:3D,2726,,1356,1
598816,send,11:66:F0:00:01:3D,2727,,1357,1
598821,ack,11:66:F0:00:01:3D,,0,1356,1
598832,send,11:66:F0:00:01:3D,2728,,1357,1
598843,send,11:66:F0:00:01:3D,2729,,1358,1
598855,send,11:66:F0:00:01:3D,2730,,1359,1
598866,send,11:66:F0:00:01:3D,2731,,1360,1
598876,send,11:66:F0:00:01:3D,2732,,1361,1
598879,ack,11:66:F0:00:01:3D,,0,1360,1
598888,send,11:66:F0:00:01:3D,2733,,1361,1
598898,send,11:66:F0:00:01:3D,2734,,1362,1
598910,send,11:66:F0:00:01:3D,2735,,1363,1
598921,send,11:66:F0:00:01:3D,2736,,1364,1
598932,send,11:66:F0:00:01:3D,2737,,1365,1
598939,ack,11:66:F0:00:01:3D,,0,1364,1
598949,send,11:66:F0:00:01:3D,2738,,1365,1
598960,send,11:66:F0:00:01:3D,2739,,1366,1
598971,send,11:66:F0:00:01:3D,2740,,1367,1
598981,send,11:66:F0:00:01:3D,2741,,1368,1
598992,send,11:66:F0:00:01:3D,2742,,1369,1
598999,ack,11:66:F0:00:01:3D,,0,1368,1
599009,send,11:66:F0:00:01:3D,2743,,1369,1
599019,send,11:66:F0:00:01:3D,2744,,1370,1
599030,send,11:66:F0:00:01:3D,2745,,1371,1
599041,send,11:66:F0:00:01:3D,2746,,1372,1
599053,send,11:66:F0:00:01:3D,2747,,1373,1
599056,ack,11:66:F0:00:01:3D,,0,1372,1
599066,send,11:66:F0:00:01:3D,2748,,1373,1
599076,send,11:66:F0:00:01:3D,2749,,1374,1
599087,send,11:66:F0:00:01:3D,2750,,1375,1
599097,send,11:66:F0:00:01:3D,2751,,1376,1
599110,send,11:66:F0:00:01:3D,2752,,1377,1
599114,ack,11:66:F0:00:01:3D,,0,1376,1
599126,send,11:66:F0:00:01:3D,2753,,1377,1
599136,send,11:66:F0:00:01:3D,2754,,1378,1
599147,send,11:66:F0:00:01:3D,2755,,1379,1
599159,send,11:66:F0:00:01:3D,2756,,1380,1
599169,send,11:66:F0:00:01:3D,2757,,1381,1
599171,ack,11:66:F0:00:01:3D,,0,1380,1
599181,send,11:66:F0:00:01:3D,2758,,1381,1
599192,send,11:66:F0:00:01:3D,2759,,1382,1
599202,send,11:66:F0:00:01:3D,2760,,1383,1
599213,send,11:66:F0:00:01:3D,2761,,1384,1
599224,send,11:66:F0:00:01:3D,2762,,1385,1
599230,ack,11:66:F0:00:01:3D,,0,1384,1
599238,send,11:66:F0:00:01:3D,2763,,1385,1
599250,send,11:66:F0:00:01:3D,2764,,1386,1
599260,send,11:66:F0:00:01:3D,2765,,1387,1
599272,send,11:66:F0:00:01:3D,2766,,1388,1
599283,send,11:66:F0:00:01:3D,2767,,1389,1
599289,ack,11:66:F0:00:01:3D,,0,1388,1
599299,send,11:66:F0:00:01:3D,2768,,1389,1
599312,send,11:66:F0:00:01:3D,2769,,1390,1
599323,send,11:66:F0:00:01:3D,2770,,1391,1
599334,send,11:66:F0:00:01:3D,2771,,1392,1
599344,send,11:66:F0:00:01:3D,2772,,1393,1
599347,ack,11:66:F0:00:01:3D,,0,1392,1
599356,send,11:66:F0:00:01:3D,2773,,1393,1
599367,send,11:66:F0:00:01:3D,2774,,1394,1
599383,send,11:66:F0:00:01:3D,2775,,1395,1
599395,send,11:66:F0:00:01:3D,2776,,1396,1
599404,ack,11:66:F0:00:01:3D,,0,1395,1
599407,send,11:66:F0:00:01:3D,2777,,1396,1
599418,send,11:66:F0:00:01:3D,2778,,1397,1
599430,send,11:66:F0:00:01:3D,2779,,1398,1
599440,send,11:66:F0:00:01:3D,2780,,1399,1
599451,send,11:66:F0:00:01:3D,2781,,1400,1
599462,send,11:66:F0:00:01:3D,2782,,1401,1
599464,ack,11:66:F0:00:01:3D,,0,1400,1
599473,send,11:66:F0:00:01:3D,2783,,1401,1
599484,send,11:66:F0:00:01:3D,2784,,1402,1
599495,send,11:66:F0:00:01:3D,2785,,1403,1
599506,send,11:66:F0:00:01:3D,2786,,1404,1
599517,send,11:66:F0:00:01:3D,2787,,1405,1
599522,ack,11:66:F0:00:01:3D,,0,1404,1
599534,send,11:66:F0:00:01:3D,2788,,1405,1
599545,send,11:66:F0:00:01:3D,2789,,1406,1
599556,send,11:66:F0:00:01:3D,2790,,1407,1
599566,send,11:66:F0:00:01:3D,2791,,1408,1
599578,send,11:66:F0:00:01:3D,2792,,1409,1
599578,ack,11:66:F0:00:01:3D,,0,1408,1
599588,send,11:66:F0:00:01:3D,2793,,1409,1
599600,send,11:66:F0:00:01:3D,2794,,1410,1
599610,send,11:66:F0:00:01:3D,2795,,1411,1
599620,send,11:66:F0:00:01:3D,2796,,1412,1
599632,send,11:66:F0:00:01:3D,2797,,1413,1
599637,ack,11:66:F0:00:01:3D,,0,1412,1
599649,send,11:66:F0:00:01:3D,2798,,1413,1
599661,send,11:66:F0:00:01:3D,2799,,1414,1
599672,send,11:66:F0:00:01:3D,2800,,1415,1
599682,send,11:66:F0:00:01:3D,2801,,1416,1
599693,send,11:66:F0:00:01:3D,2802,,1417,1
599697,ack,11:66:F0:00:01:3D,,0,1416,1
599706,send,11:66:F0:00:01:3D,2803,,1417,1
599717,send,11:66:F0:00:01:3D,2804,,1418,1
599728,send,11:66:F0:00:01:3D,2805,,1419,1
599739,send,11:66:F0:00:01:3D,2806,,1420,1
599749,send,11:66:F0:00:01:3D,2807,,1421,1
599758,ack,11:66:F0:00:01:3D,,0,1420,1
599766,send,11:66:F0:00:01:3D,2808,,1421,1
599778,send,11:66:F0:00:01:3D,2809,,1422,1
599789,send,11:66:F0:00:01:3D,2810,,1423,1
599802,send,11:66:F0:00:01:3D,2811,,1424,1
599813,send,11:66:F0:00:01:3D,2812,,1425,1
599818,ack,11:66:F0:00:01:3D,,0,1424,1
599826,send,11:66:F0:00:01:3D,2813,,1425,1
599837,send,11:66:F0:00:01:3D,2814,,1426,1
599849,send,11:66:F0:00:01:3D,2815,,1427,1
599860,send,11:66:F0:00:01:3D,2816,,1428,1
599871,send,11:66:F0:00:01:3D,2817,,1429,1
599876,ack,11:66:F0:00:01:3D,,0,1428,1
599885,send,11:66:F0:00:01:3D,2818,,1429,1
599896,send,11:66:F0:00:01:3D,2819,,1430,1
599907,send,11:66:F0:00:01:3D,2820,,1431,1
599917,send,11:66:F0:00:01:3D,2821,,1432,1
599929,send,11:66:F0:00:01:3D,2822,,1433,1
599935,ack,11:66:F0:00:01:3D,,0,1432,1
599944,send,11:66:F0:00:01:3D,2823,,1433,1
599957,send,11:66:F0:00:01:3D,2824,,1434,1
599969,send,11:66:F0:00:01:3D,2825,,1435,1
599980,send,11:66:F0:00:01:3D,2826,,1436,1
599991,send,11:66:F0:00:01:3D,2827,,1437,1
599993,ack,11:66:F0:00:01:3D,,0,1436,1
600001,send,11:66:F0:00:01:3D,2828,,1437,1
600012,send,11:66:F0:00:01:3D,2829,,1438,1
600023,send,11:66:F0:00:01:3D,2830,,1439,1
600034,send,11:66:F0:00:01:3D,2831,,1440,1
600045,send,11:66:F0:00:01:3D,2832,,1441,1
600050,ack,11:66:F0:00:01:3D,,0,1440,1
600058,send,11:66:F0:00:01:3D,2833,,1441,1
600070,send,11:66:F0:00:01:3D,2834,,1442,1
600081,send,11:66:F0:00:01:3D,2835,,1443,1
600091,send,11:66:F0:00:01:3D,2836,,1444,1
600103,send,11:66:F0:00:01:3D,2837,,1445,1
600109,ack,11:66:F0:00:01:3D,,0,1444,1
600120,send,11:66:F0:00:01:3D,2838,,1445,1
600131,send,11:66:F0:00:01:3D,2839,,1446,1
600142,send,11:66:F0:00:01:3D,2840,,1447,1
600153,send,11:66:F0:00:01:3D,2841,,1448,1
600166,send,11:66:F0:00:01:3D,2842,,1449,1
600168,ack,11:66:F0:00:01:3D,,0,1448,1
600178,send,11:66:F0:00:01:3D,2843,,1449,1
600188,send,11:66:F0:00:01:3D,2844,,1450,1
600199,send,11:66:F0:00:01:3D,2845,,1451,1
600211,send,11:66:F0:00:01:3D,2846,,1452,1
600222,send,11:66:F0:00:01:3D,2847,,1453,1
600225,ack,11:66:F0:00:01:3D,,0,1452,1
600236,send,11:66:F0:00:01:3D,2848,,1453,1
600247,send,11:66:F0:00:01:3D,2849,,1454,1
600257,send,11:66:F0:00:01:3D,2850,,1455,1
600269,send,11:66:F0:00:01:3D,2851,,1456,1
600280,send,11:66:F0:00:01:3D,2852,,1457,1
600283,ack,11:66:F0:00:01:3D,,0,1456,1
600292,send,11:66:F0:00:01:3D,2853,,1457,1
600303,send,11:66:F0:00:01:3D,2854,,1458,1
600314,send,11:66:F0:00:01:3D,2855,,1459,1
600324,send,11:66:F0:00:01:3D,2856,,1460,1
600334,send,11:66:F0:00:01:3D,2857,,1461,1
600342,ack,11:66:F0:00:01:3D,,0,1460,1
600350,send,11:66:F0:00:01:3D,2858,,1461,1
600361,send,11:66:F0:00:01:3D,2859,,1462,1
600372,send,11:66:F0:00:01:3D,2860,,1463,1
600383,send,11:66:F0:00:01:3D,2861,,1464,1
600394,send,11:66:F0:00:01:3D,2862,,1465,1
600400,ack,11:66:F0:00:01:3D,,0,1464,1
