elapsed_ms,event,address,seq,status,outstanding,devices
7,send,11:66:F0:00:01:3D,1,,1,1
17,ack,11:66:F0:00:01:3D,,0,0,1
416,send,11:66:F0:00:01:3D,2,,1,1
426,ack,11:66:F0:00:01:3D,,0,0,1
1426,send,11:66:F0:00:01:3D,3,,1,1
1436,ack,11:66:F0:00:01:3D,,0,0,1
1556,send,11:66:F0:00:01:3D,4,,1,1
1568,ack,11:66:F0:00:01:3D,,0,0,1
1845,send,11:66:F0:00:01:3D,5,,1,1
1853,ack,11:66:F0:00:01:3D,,0,0,1
1973,send,11:66:F0:00:01:3D,6,,1,1
1980,ack,11:66:F0:00:01:3D,,0,0,1
2262,send,11:66:F0:00:01:3D,7,,1,1
2270,ack,11:66:F0:00:01:3D,,0,0,1
2390,send,11:66:F0:00:01:3D,8,,1,1
2396,ack,11:66:F0:00:01:3D,,0,0,1
4179,send,11:66:F0:00:01:3D,9,,1,1
4185,ack,11:66:F0:00:01:3D,,0,0,1
4884,send,11:66:F0:00:01:3D,10,,1,1
4894,ack,11:66:F0:00:01:3D,,0,0,1
4994,send,11:66:F0:00:01:3D,11,,1,1
5004,ack,11:66:F0:00:01:3D,,0,0,1
5102,send,11:66:F0:00:01:3D,12,,1,1
5108,ack,11:66:F0:00:01:3D,,0,0,1
5208,send,11:66:F0:00:01:3D,13,,1,1
5218,ack,11:66:F0:00:01:3D,,0,0,1
5315,send,11:66:F0:00:01:3D,14,,1,1
5319,ack,11:66:F0:00:01:3D,,0,0,1
5419,send,11:66:F0:00:01:3D,15,,1,1
5425,ack,11:66:F0:00:01:3D,,0,0,1
5525,send,11:66:F0:00:01:3D,16,,1,1
5531,ack,11:66:F0:00:01:3D,,0,0,1
5630,send,11:66:F0:00:01:3D,17,,1,1
5635,ack,11:66:F0:00:01:3D,,0,0,1
5735,send,11:66:F0:00:01:3D,18,,1,1
5741,ack,11:66:F0:00:01:3D,,0,0,1
5840,send,11:66:F0:00:01:3D,19,,1,1
5846,ack,11:66:F0:00:01:3D,,0,0,1
5949,send,11:66:F0:00:01:3D,20,,1,1
5956,ack,11:66:F0:00:01:3D,,0,0,1
6055,send,11:66:F0:00:01:3D,21,,1,1
6061,ack,11:66:F0:00:01:3D,,0,0,1
6161,send,11:66:F0:00:01:3D,22,,1,1
6166,ack,11:66:F0:00:01:3D,,0,0,1
6266,send,11:66:F0:00:01:3D,23,,1,1
6271,ack,11:66:F0:00:01:3D,,0,0,1
6373,send,11:66:F0:00:01:3D,24,,1,1
6381,ack,11:66:F0:00:01:3D,,0,0,1
6481,send,11:66:F0:00:01:3D,25,,1,1
6487,ack,11:66:F0:00:01:3D,,0,0,1
6588,send,11:66:F0:00:01:3D,26,,1,1
6597,ack,11:66:F0:00:01:3D,,0,0,1
6695,send,11:66:F0:00:01:3D,27,,1,1
6703,ack,11:66:F0:00:01:3D,,0,0,1
6803,send,11:66:F0:00:01:3D,28,,1,1
6809,ack,11:66:F0:00:01:3D,,0,0,1
6909,send,11:66:F0:00:01:3D,29,,1,1
6915,ack,11:66:F0:00:01:3D,,0,0,1
7017,send,11:66:F0:00:01:3D,30,,1,1
7026,ack,11:66:F0:00:01:3D,,0,0,1
7142,send,11:66:F0:00:01:3D,31,,1,1
7148,ack,11:66:F0:00:01:3D,,0,0,1
7248,send,11:66:F0:00:01:3D,32,,1,1
7256,ack,11:66:F0:00:01:3D,,0,0,1
7356,send,11:66:F0:00:01:3D,33,,1,1
7363,ack,11:66:F0:00:01:3D,,0,0,1
7464,send,11:66:F0:00:01:3D,34,,1,1
7471,ack,11:66:F0:00:01:3D,,0,0,1
7572,send,11:66:F0:00:01:3D,35,,1,1
7579,ack,11:66:F0:00:01:3D,,0,0,1
7680,send,11:66:F0:00:01:3D,36,,1,1
7687,ack,11:66:F0:00:01:3D,,0,0,1
7787,send,11:66:F0:00:01:3D,37,,1,1
7794,ack,11:66:F0:00:01:3D,,0,0,1
7894,send,11:66:F0:00:01:3D,38,,1,1
7901,ack,11:66:F0:00:01:3D,,0,0,1
8000,send,11:66:F0:00:01:3D,39,,1,1
8005,ack,11:66:F0:00:01:3D,,0,0,1
8106,send,11:66:F0:00:01:3D,40,,1,1
8112,ack,11:66:F0:00:01:3D,,0,0,1
8212,send,11:66:F0:00:01:3D,41,,1,1
8221,ack,11:66:F0:00:01:3D,,0,0,1
8322,send,11:66:F0:00:01:3D,42,,1,1
8331,ack,11:66:F0:00:01:3D,,0,0,1
8429,send,11:66:F0:00:01:3D,43,,1,1
8434,ack,11:66:F0:00:01:3D,,0,0,1
8535,send,11:66:F0:00:01:3D,44,,1,1
8540,ack,11:66:F0:00:01:3D,,0,0,1
8641,send,11:66:F0:00:01:3D,45,,1,1
8647,ack,11:66:F0:00:01:3D,,0,0,1
8747,send,11:66:F0:00:01:3D,46,,1,1
8755,ack,11:66:F0:00:01:3D,,0,0,1
8856,send,11:66:F0:00:01:3D,47,,1,1
8864,ack,11:66:F0:00:01:3D,,0,0,1
8962,send,11:66:F0:00:01:3D,48,,1,1
8968,ack,11:66:F0:00:01:3D,,0,0,1
9068,send,11:66:F0:00:01:3D,49,,1,1
9076,ack,11:66:F0:00:01:3D,,0,0,1
9175,send,11:66:F0:00:01:3D,50,,1,1
9180,ack,11:66:F0:00:01:3D,,0,0,1
9884,send,11:66:F0:00:01:3D,51,,1,1
9892,ack,11:66:F0:00:01:3D,,0,0,1
9944,send,11:66:F0:00:01:3D,52,,1,1
9952,ack,11:66:F0:00:01:3D,,0,0,1
10004,send,11:66:F0:00:01:3D,53,,1,1
10014,ack,11:66:F0:00:01:3D,,0,0,1
10063,send,11:66:F0:00:01:3D,54,,1,1
10072,ack,11:66:F0:00:01:3D,,0,0,1
10115,send,11:66:F0:00:01:3D,55,,1,1
10133,ack,11:66:F0:00:01:3D,,0,0,1
10167,send,11:66:F0:00:01:3D,56,,1,1
10195,ack,11:66:F0:00:01:3D,,0,0,1
10218,send,11:66:F0:00:01:3D,57,,1,1
10253,ack,11:66:F0:00:01:3D,,0,0,1
10270,send,11:66:F0:00:01:3D,58,,1,1
10312,ack,11:66:F0:00:01:3D,,0,0,1
10322,send,11:66:F0:00:01:3D,59,,1,1
10367,ack,11:66:F0:00:01:3D,,0,0,1
10374,send,11:66:F0:00:01:3D,60,,1,1
10424,send,11:66:F0:00:01:3D,61,,2,1
10426,ack,11:66:F0:00:01:3D,,0,1,1
10476,send,11:66:F0:00:01:3D,62,,2,1
10484,ack,11:66:F0:00:01:3D,,0,1,1
10534,send,11:66:F0:00:01:3D,63,,2,1
10541,ack,11:66:F0:00:01:3D,,0,1,1
10591,send,11:66:F0:00:01:3D,64,,2,1
10598,ack,11:66:F0:00:01:3D,,0,1,1
10647,send,11:66:F0:00:01:3D,65,,2,1
10656,ack,11:66:F0:00:01:3D,,0,1,1
10698,send,11:66:F0:00:01:3D,66,,2,1
10720,ack,11:66:F0:00:01:3D,,0,1,1
10750,send,11:66:F0:00:01:3D,67,,2,1
10780,ack,11:66:F0:00:01:3D,,0,1,1
10801,send,11:66:F0:00:01:3D,68,,2,1
10843,ack,11:66:F0:00:01:3D,,0,1,1
10853,send,11:66:F0:00:01:3D,69,,2,1
10901,ack,11:66:F0:00:01:3D,,0,1,1
10905,send,11:66:F0:00:01:3D,70,,2,1
10958,send,11:66:F0:00:01:3D,71,,3,1
10961,ack,11:66:F0:00:01:3D,,0,2,1
11011,send,11:66:F0:00:01:3D,72,,3,1
11019,ack,11:66:F0:00:01:3D,,0,2,1
11066,send,11:66:F0:00:01:3D,73,,3,1
11075,ack,11:66:F0:00:01:3D,,0,2,1
11118,send,11:66:F0:00:01:3D,74,,3,1
11132,ack,11:66:F0:00:01:3D,,0,2,1
11170,send,11:66:F0:00:01:3D,75,,3,1
11192,ack,11:66:F0:00:01:3D,,0,2,1
11222,send,11:66:F0:00:01:3D,76,,3,1
11254,ack,11:66:F0:00:01:3D,,0,2,1
11274,send,11:66:F0:00:01:3D,77,,3,1
11314,ack,11:66:F0:00:01:3D,,0,2,1
11326,send,11:66:F0:00:01:3D,78,,3,1
11374,ack,11:66:F0:00:01:3D,,0,2,1
11377,send,11:66:F0:00:01:3D,79,,3,1
11428,send,11:66:F0:00:01:3D,80,,4,1
11431,ack,11:66:F0:00:01:3D,,0,3,1
11483,send,11:66:F0:00:01:3D,81,,4,1
11488,ack,11:66:F0:00:01:3D,,0,3,1
11541,send,11:66:F0:00:01:3D,82,,4,1
11547,ack,11:66:F0:00:01:3D,,0,3,1
11598,send,11:66:F0:00:01:3D,83,,4,1
11604,ack,11:66:F0:00:01:3D,,0,3,1
11655,send,11:66:F0:00:01:3D,84,,4,1
11666,ack,11:66:F0:00:01:3D,,0,3,1
11714,send,11:66:F0:00:01:3D,85,,4,1
11724,ack,11:66:F0:00:01:3D,,0,3,1
11766,send,11:66:F0:00:01:3D,86,,4,1
11784,ack,11:66:F0:00:01:3D,,0,3,1
11818,send,11:66:F0:00:01:3D,87,,4,1
11844,ack,11:66:F0:00:01:3D,,0,3,1
11870,send,11:66:F0:00:01:3D,88,,4,1
11902,ack,11:66:F0:00:01:3D,,0,3,1
11923,send,11:66:F0:00:01:3D,89,,4,1
11960,ack,11:66:F0:00:01:3D,,0,3,1
11975,send,11:66:F0:00:01:3D,90,,4,1
12022,ack,11:66:F0:00:01:3D,,0,3,1
12026,send,11:66:F0:00:01:3D,91,,4,1
12078,send,11:66:F0:00:01:3D,92,,5,1
12080,ack,11:66:F0:00:01:3D,,0,4,1
12130,send,11:66:F0:00:01:3D,93,,5,1
12134,ack,11:66:F0:00:01:3D,,0,4,1
12184,send,11:66:F0:00:01:3D,94,,5,1
12191,ack,11:66:F0:00:01:3D,,0,4,1
12240,send,11:66:F0:00:01:3D,95,,5,1
12247,ack,11:66:F0:00:01:3D,,0,4,1
12298,send,11:66:F0:00:01:3D,96,,5,1
12307,ack,11:66:F0:00:01:3D,,0,4,1
12357,send,11:66:F0:00:01:3D,97,,5,1
12365,ack,11:66:F0:00:01:3D,,0,4,1
12416,send,11:66:F0:00:01:3D,98,,5,1
12423,ack,11:66:F0:00:01:3D,,0,4,1
12471,send,11:66:F0:00:01:3D,99,,5,1
12479,ack,11:66:F0:00:01:3D,,0,4,1
12522,send,11:66:F0:00:01:3D,100,,5,1
12539,ack,11:66:F0:00:01:3D,,0,4,1
12574,send,11:66:F0:00:01:3D,101,,5,1
12600,ack,11:66:F0:00:01:3D,,0,4,1
12627,send,11:66:F0:00:01:3D,102,,5,1
12661,ack,11:66:F0:00:01:3D,,0,4,1
12682,send,11:66:F0:00:01:3D,103,,5,1
12723,ack,11:66:F0:00:01:3D,,0,4,1
12734,send,11:66:F0:00:01:3D,104,,5,1
12781,ack,11:66:F0:00:01:3D,,0,4,1
12785,send,11:66:F0:00:01:3D,105,,5,1
12837,ack,11:66:F0:00:01:3D,,0,4,1
12837,send,11:66:F0:00:01:3D,106,,5,1
12890,send,11:66:F0:00:01:3D,107,,6,1
12898,ack,11:66:F0:00:01:3D,,0,5,1
12948,send,11:66:F0:00:01:3D,108,,6,1
12955,ack,11:66:F0:00:01:3D,,0,5,1
13003,send,11:66:F0:00:01:3D,109,,6,1
13014,ack,11:66:F0:00:01:3D,,0,5,1
13054,send,11:66:F0:00:01:3D,110,,6,1
13076,ack,11:66:F0:00:01:3D,,0,5,1
13105,send,11:66:F0:00:01:3D,111,,6,1
13134,ack,11:66:F0:00:01:3D,,0,5,1
13157,send,11:66:F0:00:01:3D,112,,6,1
13195,ack,11:66:F0:00:01:3D,,0,5,1
13210,send,11:66:F0:00:01:3D,113,,6,1
13252,ack,11:66:F0:00:01:3D,,0,5,1
13262,send,11:66:F0:00:01:3D,114,,6,1
13310,ack,11:66:F0:00:01:3D,,0,5,1
13313,send,11:66:F0:00:01:3D,115,,6,1
13365,send,11:66:F0:00:01:3D,116,,7,1
13371,ack,11:66:F0:00:01:3D,,0,6,1
13420,send,11:66:F0:00:01:3D,117,,7,1
13426,ack,11:66:F0:00:01:3D,,0,6,1
13474,send,11:66:F0:00:01:3D,118,,7,1
13486,ack,11:66:F0:00:01:3D,,0,6,1
13529,send,11:66:F0:00:01:3D,119,,7,1
13549,ack,11:66:F0:00:01:3D,,0,6,1
13580,send,11:66:F0:00:01:3D,120,,7,1
13608,ack,11:66:F0:00:01:3D,,0,6,1
13633,send,11:66:F0:00:01:3D,121,,7,1
13668,ack,11:66:F0:00:01:3D,,0,6,1
13685,send,11:66:F0:00:01:3D,122,,7,1
13726,ack,11:66:F0:00:01:3D,,0,6,1
13737,send,11:66:F0:00:01:3D,123,,7,1
13783,ack,11:66:F0:00:01:3D,,0,6,1
13789,send,11:66:F0:00:01:3D,124,,7,1
13841,send,11:66:F0:00:01:3D,125,,8,1
13842,ack,11:66:F0:00:01:3D,,0,7,1
13893,send,11:66:F0:00:01:3D,126,,8,1
13900,ack,11:66:F0:00:01:3D,,0,7,1
13950,send,11:66:F0:00:01:3D,127,,8,1
13957,ack,11:66:F0:00:01:3D,,0,7,1
14006,send,11:66:F0:00:01:3D,128,,8,1
14017,ack,11:66:F0:00:01:3D,,0,7,1
14057,send,11:66:F0:00:01:3D,129,,8,1
14076,ack,11:66:F0:00:01:3D,,0,7,1
14109,send,11:66:F0:00:01:3D,130,,8,1
14134,ack,11:66:F0:00:01:3D,,0,7,1
14161,send,11:66:F0:00:01:3D,131,,8,1
14194,ack,11:66:F0:00:01:3D,,0,7,1
14864,send,11:66:F0:00:01:3D,132,,8,1
14870,ack,11:66:F0:00:01:3D,,0,7,1
14906,send,11:66:F0:00:01:3D,133,,8,1
14928,ack,11:66:F0:00:01:3D,,0,7,1
14943,send,11:66:F0:00:01:3D,134,,8,1
14978,send,11:66:F0:00:01:3D,135,,9,1
14986,ack,11:66:F0:00:01:3D,,0,8,1
15020,send,11:66:F0:00:01:3D,136,,9,1
15044,ack,11:66:F0:00:01:3D,,0,8,1
15054,send,11:66:F0:00:01:3D,137,,9,1
15091,send,11:66:F0:00:01:3D,138,,10,1
15101,ack,11:66:F0:00:01:3D,,0,9,1
15125,send,11:66:F0:00:01:3D,139,,10,1
15159,send,11:66:F0:00:01:3D,140,,11,1
15160,ack,11:66:F0:00:01:3D,,0,10,1
15193,send,11:66:F0:00:01:3D,141,,11,1
15221,ack,11:66:F0:00:01:3D,,0,10,1
15228,send,11:66:F0:00:01:3D,142,,11,1
15263,send,11:66:F0:00:01:3D,143,,12,1
15280,ack,11:66:F0:00:01:3D,,0,11,1
15297,send,11:66:F0:00:01:3D,144,,12,1
15332,send,11:66:F0:00:01:3D,145,,13,1
15341,ack,11:66:F0:00:01:3D,,0,12,1
15373,send,11:66:F0:00:01:3D,146,,13,1
15400,ack,11:66:F0:00:01:3D,,0,12,1
15408,send,11:66:F0:00:01:3D,147,,13,1
15442,send,11:66:F0:00:01:3D,148,,14,1
15456,ack,11:66:F0:00:01:3D,,0,13,1
15476,send,11:66:F0:00:01:3D,149,,14,1
15511,send,11:66:F0:00:01:3D,150,,15,1
15514,ack,11:66:F0:00:01:3D,,0,14,1
15547,send,11:66:F0:00:01:3D,151,,15,1
15573,ack,11:66:F0:00:01:3D,,0,14,1
15582,send,11:66:F0:00:01:3D,152,,15,1
15617,send,11:66:F0:00:01:3D,153,,16,1
15629,ack,11:66:F0:00:01:3D,,0,15,1
15652,send,11:66:F0:00:01:3D,154,,16,1
15686,ack,11:66:F0:00:01:3D,,0,15,1
15687,send,11:66:F0:00:01:3D,155,,16,1
15722,send,11:66:F0:00:01:3D,156,,17,1
15742,ack,11:66:F0:00:01:3D,,0,16,1
15755,send,11:66:F0:00:01:3D,157,,17,1
15791,send,11:66:F0:00:01:3D,158,,18,1
15801,ack,11:66:F0:00:01:3D,,0,17,1
15826,send,11:66:F0:00:01:3D,159,,18,1
15859,ack,11:66:F0:00:01:3D,,0,17,1
15863,send,11:66:F0:00:01:3D,160,,18,1
15899,send,11:66:F0:00:01:3D,161,,19,1
15919,ack,11:66:F0:00:01:3D,,0,18,1
15933,send,11:66:F0:00:01:3D,162,,19,1
15967,send,11:66:F0:00:01:3D,163,,20,1
15976,ack,11:66:F0:00:01:3D,,0,19,1
16001,send,11:66:F0:00:01:3D,164,,20,1
16035,ack,11:66:F0:00:01:3D,,0,19,1
16036,send,11:66:F0:00:01:3D,165,,20,1
16070,send,11:66:F0:00:01:3D,166,,21,1
16091,ack,11:66:F0:00:01:3D,,0,20,1
16104,send,11:66:F0:00:01:3D,167,,21,1
16142,send,11:66:F0:00:01:3D,168,,22,1
16148,ack,11:66:F0:00:01:3D,,0,21,1
16181,send,11:66:F0:00:01:3D,169,,22,1
16206,ack,11:66:F0:00:01:3D,,0,21,1
16214,send,11:66:F0:00:01:3D,170,,22,1
16249,send,11:66:F0:00:01:3D,171,,23,1
16266,ack,11:66:F0:00:01:3D,,0,22,1
16284,send,11:66:F0:00:01:3D,172,,23,1
16319,send,11:66:F0:00:01:3D,173,,24,1
16324,ack,11:66:F0:00:01:3D,,0,23,1
16360,send,11:66:F0:00:01:3D,174,,24,1
16385,ack,11:66:F0:00:01:3D,,0,23,1
16394,send,11:66:F0:00:01:3D,175,,24,1
16430,send,11:66:F0:00:01:3D,176,,25,1
16447,ack,11:66:F0:00:01:3D,,0,24,1
16464,send,11:66:F0:00:01:3D,177,,25,1
16499,send,11:66:F0:00:01:3D,178,,26,1
16506,ack,11:66:F0:00:01:3D,,0,25,1
16538,send,11:66:F0:00:01:3D,179,,26,1
16566,ack,11:66:F0:00:01:3D,,0,25,1
16573,send,11:66:F0:00:01:3D,180,,26,1
16609,send,11:66:F0:00:01:3D,181,,27,1
16628,ack,11:66:F0:00:01:3D,,0,26,1
16644,send,11:66:F0:00:01:3D,182,,27,1
16679,send,11:66:F0:00:01:3D,183,,28,1
16684,ack,11:66:F0:00:01:3D,,0,27,1
16720,send,11:66:F0:00:01:3D,184,,28,1
16747,ack,11:66:F0:00:01:3D,,0,27,1
16754,send,11:66:F0:00:01:3D,185,,28,1
16790,send,11:66:F0:00:01:3D,186,,29,1
16805,ack,11:66:F0:00:01:3D,,0,28,1
16825,send,11:66:F0:00:01:3D,187,,29,1
16861,send,11:66:F0:00:01:3D,188,,30,1
16869,ack,11:66:F0:00:01:3D,,0,29,1
16902,send,11:66:F0:00:01:3D,189,,30,1
16929,ack,11:66:F0:00:01:3D,,0,29,1
16937,send,11:66:F0:00:01:3D,190,,30,1
16972,send,11:66:F0:00:01:3D,191,,31,1
16992,ack,11:66:F0:00:01:3D,,0,30,1
17006,send,11:66:F0:00:01:3D,192,,31,1
17043,send,11:66:F0:00:01:3D,193,,32,1
17051,ack,11:66:F0:00:01:3D,,0,31,1
17084,send,11:66:F0:00:01:3D,194,,32,1
17112,ack,11:66:F0:00:01:3D,,0,31,1
17119,send,11:66:F0:00:01:3D,195,,32,1
17155,send,11:66:F0:00:01:3D,196,,33,1
17169,ack,11:66:F0:00:01:3D,,0,32,1
17189,send,11:66:F0:00:01:3D,197,,33,1
17223,send,11:66:F0:00:01:3D,198,,34,1
17225,ack,11:66:F0:00:01:3D,,0,33,1
17258,send,11:66:F0:00:01:3D,199,,34,1
17285,ack,11:66:F0:00:01:3D,,0,33,1
17293,send,11:66:F0:00:01:3D,200,,34,1
17329,send,11:66:F0:00:01:3D,201,,35,1
17345,ack,11:66:F0:00:01:3D,,0,34,1
17364,send,11:66:F0:00:01:3D,202,,35,1
17399,send,11:66:F0:00:01:3D,203,,36,1
17405,ack,11:66:F0:00:01:3D,,0,35,1
17439,send,11:66:F0:00:01:3D,204,,36,1
17464,ack,11:66:F0:00:01:3D,,0,35,1
17473,send,11:66:F0:00:01:3D,205,,36,1
17509,send,11:66:F0:00:01:3D,206,,37,1
17523,ack,11:66:F0:00:01:3D,,0,36,1
17544,send,11:66:F0:00:01:3D,207,,37,1
17578,send,11:66:F0:00:01:3D,208,,38,1
17582,ack,11:66:F0:00:01:3D,,0,37,1
17618,send,11:66:F0:00:01:3D,209,,38,1
17640,ack,11:66:F0:00:01:3D,,0,37,1
17652,send,11:66:F0:00:01:3D,210,,38,1
17686,send,11:66:F0:00:01:3D,211,,39,1
17698,ack,11:66:F0:00:01:3D,,0,38,1
17720,send,11:66:F0:00:01:3D,212,,39,1
17756,send,11:66:F0:00:01:3D,213,,40,1
17757,ack,11:66:F0:00:01:3D,,0,39,1
17790,send,11:66:F0:00:01:3D,214,,40,1
17814,ack,11:66:F0:00:01:3D,,0,39,1
17824,send,11:66:F0:00:01:3D,215,,40,1
17860,send,11:66:F0:00:01:3D,216,,41,1
17871,ack,11:66:F0:00:01:3D,,0,40,1
17895,send,11:66:F0:00:01:3D,217,,41,1
17929,ack,11:66:F0:00:01:3D,,0,40,1
17930,send,11:66:F0:00:01:3D,218,,41,1
17964,send,11:66:F0:00:01:3D,219,,42,1
17988,ack,11:66:F0:00:01:3D,,0,41,1
17997,send,11:66:F0:00:01:3D,220,,42,1
18032,send,11:66:F0:00:01:3D,221,,43,1
18046,ack,11:66:F0:00:01:3D,,0,42,1
18067,send,11:66:F0:00:01:3D,222,,43,1
18101,send,11:66:F0:00:01:3D,223,,44,1
18104,ack,11:66:F0:00:01:3D,,0,43,1
18135,send,11:66:F0:00:01:3D,224,,44,1
18162,ack,11:66:F0:00:01:3D,,0,43,1
18168,send,11:66:F0:00:01:3D,225,,44,1
18203,send,11:66:F0:00:01:3D,226,,45,1
18222,ack,11:66:F0:00:01:3D,,0,44,1
18237,send,11:66:F0:00:01:3D,227,,45,1
18271,send,11:66:F0:00:01:3D,228,,46,1
18278,ack,11:66:F0:00:01:3D,,0,45,1
18310,send,11:66:F0:00:01:3D,229,,46,1
18337,ack,11:66:F0:00:01:3D,,0,45,1
18344,send,11:66:F0:00:01:3D,230,,46,1
18379,send,11:66:F0:00:01:3D,231,,47,1
18397,ack,11:66:F0:00:01:3D,,0,46,1
18413,send,11:66:F0:00:01:3D,232,,47,1
18448,send,11:66:F0:00:01:3D,233,,48,1
18454,ack,11:66:F0:00:01:3D,,0,47,1
18488,send,11:66:F0:00:01:3D,234,,48,1
18512,ack,11:66:F0:00:01:3D,,0,47,1
18523,send,11:66:F0:00:01:3D,235,,48,1
18558,send,11:66:F0:00:01:3D,236,,49,1
18571,ack,11:66:F0:00:01:3D,,0,48,1
18592,send,11:66:F0:00:01:3D,237,,49,1
18627,send,11:66:F0:00:01:3D,238,,50,1
18636,ack,11:66:F0:00:01:3D,,0,49,1
18669,send,11:66:F0:00:01:3D,239,,50,1
18694,ack,11:66:F0:00:01:3D,,0,49,1
18705,send,11:66:F0:00:01:3D,240,,50,1
18739,send,11:66:F0:00:01:3D,241,,51,1
18754,ack,11:66:F0:00:01:3D,,0,50,1
18774,send,11:66:F0:00:01:3D,242,,51,1
18808,send,11:66:F0:00:01:3D,243,,52,1
18812,ack,11:66:F0:00:01:3D,,0,51,1
18846,send,11:66:F0:00:01:3D,244,,52,1
18873,ack,11:66:F0:00:01:3D,,0,51,1
18881,send,11:66:F0:00:01:3D,245,,52,1
18917,send,11:66:F0:00:01:3D,246,,53,1
18932,ack,11:66:F0:00:01:3D,,0,52,1
18951,send,11:66:F0:00:01:3D,247,,53,1
18986,send,11:66:F0:00:01:3D,248,,54,1
18992,ack,11:66:F0:00:01:3D,,0,53,1
19025,send,11:66:F0:00:01:3D,249,,54,1
19052,ack,11:66:F0:00:01:3D,,0,53,1
19058,send,11:66:F0:00:01:3D,250,,54,1
19093,send,11:66:F0:00:01:3D,251,,55,1
19110,ack,11:66:F0:00:01:3D,,0,54,1
19130,send,11:66:F0:00:01:3D,252,,55,1
19169,ack,11:66:F0:00:01:3D,,0,54,1
19832,send,11:66:F0:00:01:3D,253,,55,1
19844,ack,11:66:F0:00:01:3D,,0,54,1
19863,send,11:66:F0:00:01:3D,254,,55,1
19885,send,11:66:F0:00:01:3D,255,,56,1
19903,ack,11:66:F0:00:01:3D,,0,55,1
19906,send,11:66:F0:00:01:3D,256,,56,1
19928,send,11:66:F0:00:01:3D,257,,57,1
19950,send,11:66:F0:00:01:3D,258,,58,1
19961,ack,11:66:F0:00:01:3D,,0,57,1
19970,send,11:66:F0:00:01:3D,259,,58,1
19992,send,11:66:F0:00:01:3D,260,,59,1
20013,send,11:66:F0:00:01:3D,261,,60,1
20021,ack,11:66:F0:00:01:3D,,0,59,1
20040,send,11:66:F0:00:01:3D,262,,60,1
20064,send,11:66:F0:00:01:3D,263,,61,1
20082,ack,11:66:F0:00:01:3D,,0,60,1
20086,send,11:66:F0:00:01:3D,264,,61,1
20107,send,11:66:F0:00:01:3D,265,,62,1
20129,send,11:66:F0:00:01:3D,266,,63,1
20140,ack,11:66:F0:00:01:3D,,0,62,1
20151,send,11:66:F0:00:01:3D,267,,63,1
20178,send,11:66:F0:00:01:3D,268,,64,1
20199,ack,11:66:F0:00:01:3D,,0,63,1
20199,send,11:66:F0:00:01:3D,269,,64,1
20220,send,11:66:F0:00:01:3D,270,,65,1
20242,send,11:66:F0:00:01:3D,271,,66,1
20260,ack,11:66:F0:00:01:3D,,0,65,1
20264,send,11:66:F0:00:01:3D,272,,66,1
20285,send,11:66:F0:00:01:3D,273,,67,1
20311,send,11:66:F0:00:01:3D,274,,68,1
20320,ack,11:66:F0:00:01:3D,,0,67,1
20340,send,11:66:F0:00:01:3D,275,,68,1
20364,send,11:66:F0:00:01:3D,276,,69,1
20380,ack,11:66:F0:00:01:3D,,0,68,1
20385,send,11:66:F0:00:01:3D,277,,69,1
20407,send,11:66:F0:00:01:3D,278,,70,1
20429,send,11:66:F0:00:01:3D,279,,71,1
20437,ack,11:66:F0:00:01:3D,,0,70,1
20456,send,11:66:F0:00:01:3D,280,,71,1
20477,send,11:66:F0:00:01:3D,281,,72,1
20498,send,11:66:F0:00:01:3D,282,,73,1
20499,ack,11:66:F0:00:01:3D,,0,72,1
20520,send,11:66:F0:00:01:3D,283,,73,1
20541,send,11:66:F0:00:01:3D,284,,74,1
20558,ack,11:66:F0:00:01:3D,,0,73,1
20564,send,11:66:F0:00:01:3D,285,,74,1
20585,send,11:66:F0:00:01:3D,286,,75,1
20607,send,11:66:F0:00:01:3D,287,,76,1
20613,ack,11:66:F0:00:01:3D,,0,75,1
20633,send,11:66:F0:00:01:3D,288,,76,1
20653,send,11:66:F0:00:01:3D,289,,77,1
20673,ack,11:66:F0:00:01:3D,,0,76,1
20675,send,11:66:F0:00:01:3D,290,,77,1
20697,send,11:66:F0:00:01:3D,291,,78,1
20718,send,11:66:F0:00:01:3D,292,,79,1
20733,ack,11:66:F0:00:01:3D,,0,78,1
20739,send,11:66:F0:00:01:3D,293,,79,1
20761,send,11:66:F0:00:01:3D,294,,80,1
20782,send,11:66:F0:00:01:3D,295,,81,1
20789,ack,11:66:F0:00:01:3D,,0,80,1
20808,send,11:66:F0:00:01:3D,296,,81,1
20831,send,11:66:F0:00:01:3D,297,,82,1
20848,ack,11:66:F0:00:01:3D,,0,81,1
20852,send,11:66:F0:00:01:3D,298,,82,1
20874,send,11:66:F0:00:01:3D,299,,83,1
20896,send,11:66:F0:00:01:3D,300,,84,1
20909,ack,11:66:F0:00:01:3D,,0,83,1
20918,send,11:66:F0:00:01:3D,301,,84,1
20939,send,11:66:F0:00:01:3D,302,,85,1
20960,send,11:66:F0:00:01:3D,303,,86,1
20967,ack,11:66:F0:00:01:3D,,0,85,1
20988,send,11:66:F0:00:01:3D,304,,86,1
21009,send,11:66:F0:00:01:3D,305,,87,1
21028,ack,11:66:F0:00:01:3D,,0,86,1
21031,send,11:66:F0:00:01:3D,306,,87,1
21053,send,11:66:F0:00:01:3D,307,,88,1
21076,send,11:66:F0:00:01:3D,308,,89,1
21089,ack,11:66:F0:00:01:3D,,0,88,1
21098,send,11:66:F0:00:01:3D,309,,89,1
21119,send,11:66:F0:00:01:3D,310,,90,1
21140,send,11:66:F0:00:01:3D,311,,91,1
21144,ack,11:66:F0:00:01:3D,,0,90,1
21177,send,11:66:F0:00:01:3D,312,,91,1
21198,send,11:66:F0:00:01:3D,313,,92,1
21202,ack,11:66:F0:00:01:3D,,0,91,1
21222,send,11:66:F0:00:01:3D,314,,92,1
21243,send,11:66:F0:00:01:3D,315,,93,1
21261,ack,11:66:F0:00:01:3D,,0,92,1
21264,send,11:66:F0:00:01:3D,316,,93,1
21285,send,11:66:F0:00:01:3D,317,,94,1
21308,send,11:66:F0:00:01:3D,318,,95,1
21319,ack,11:66:F0:00:01:3D,,0,94,1
21328,send,11:66:F0:00:01:3D,319,,95,1
21351,send,11:66:F0:00:01:3D,320,,96,1
21372,send,11:66:F0:00:01:3D,321,,97,1
21378,ack,11:66:F0:00:01:3D,,0,96,1
21398,send,11:66:F0:00:01:3D,322,,97,1
21421,send,11:66:F0:00:01:3D,323,,98,1
21442,send,11:66:F0:00:01:3D,324,,99,1
21444,ack,11:66:F0:00:01:3D,,0,98,1
21464,send,11:66:F0:00:01:3D,325,,99,1
21486,send,11:66:F0:00:01:3D,326,,100,1
21504,ack,11:66:F0:00:01:3D,,0,99,1
21508,send,11:66:F0:00:01:3D,327,,100,1
21530,send,11:66:F0:00:01:3D,328,,101,1
21552,send,11:66:F0:00:01:3D,329,,102,1
21563,ack,11:66:F0:00:01:3D,,0,101,1
21574,send,11:66:F0:00:01:3D,330,,102,1
21598,send,11:66:F0:00:01:3D,331,,103,1
21620,send,11:66:F0:00:01:3D,332,,104,1
21624,ack,11:66:F0:00:01:3D,,0,103,1
21644,send,11:66:F0:00:01:3D,333,,104,1
21665,send,11:66:F0:00:01:3D,334,,105,1
21684,ack,11:66:F0:00:01:3D,,0,104,1
21686,send,11:66:F0:00:01:3D,335,,105,1
21707,send,11:66:F0:00:01:3D,336,,106,1
21728,send,11:66:F0:00:01:3D,337,,107,1
21742,ack,11:66:F0:00:01:3D,,0,106,1
21748,send,11:66:F0:00:01:3D,338,,107,1
21771,send,11:66:F0:00:01:3D,339,,108,1
21793,send,11:66:F0:00:01:3D,340,,109,1
21800,ack,11:66:F0:00:01:3D,,0,108,1
21820,send,11:66:F0:00:01:3D,341,,109,1
21842,send,11:66:F0:00:01:3D,342,,110,1
21858,ack,11:66:F0:00:01:3D,,0,109,1
21864,send,11:66:F0:00:01:3D,343,,110,1
21885,send,11:66:F0:00:01:3D,344,,111,1
21907,send,11:66:F0:00:01:3D,345,,112,1
21916,ack,11:66:F0:00:01:3D,,0,111,1
21928,send,11:66:F0:00:01:3D,346,,112,1
21950,send,11:66:F0:00:01:3D,347,,113,1
21972,send,11:66:F0:00:01:3D,348,,114,1
21974,ack,11:66:F0:00:01:3D,,0,113,1
21996,send,11:66:F0:00:01:3D,349,,114,1
22018,send,11:66:F0:00:01:3D,350,,115,1
22034,ack,11:66:F0:00:01:3D,,0,114,1
22039,send,11:66:F0:00:01:3D,351,,115,1
22065,send,11:66:F0:00:01:3D,352,,116,1
22086,send,11:66:F0:00:01:3D,353,,117,1
22092,ack,11:66:F0:00:01:3D,,0,116,1
22111,send,11:66:F0:00:01:3D,354,,117,1
22133,send,11:66:F0:00:01:3D,355,,118,1
22148,ack,11:66:F0:00:01:3D,,0,117,1
22154,send,11:66:F0:00:01:3D,356,,118,1
22176,send,11:66:F0:00:01:3D,357,,119,1
22198,send,11:66:F0:00:01:3D,358,,120,1
22205,ack,11:66:F0:00:01:3D,,0,119,1
22226,send,11:66:F0:00:01:3D,359,,120,1
22249,send,11:66:F0:00:01:3D,360,,121,1
22270,send,11:66:F0:00:01:3D,361,,122,1
22271,ack,11:66:F0:00:01:3D,,0,121,1
22291,send,11:66:F0:00:01:3D,362,,122,1
22313,send,11:66:F0:00:01:3D,363,,123,1
22331,ack,11:66:F0:00:01:3D,,0,122,1
22335,send,11:66:F0:00:01:3D,364,,123,1
22357,send,11:66:F0:00:01:3D,365,,124,1
22379,send,11:66:F0:00:01:3D,366,,125,1
22390,ack,11:66:F0:00:01:3D,,0,124,1
22400,send,11:66:F0:00:01:3D,367,,125,1
22423,send,11:66:F0:00:01:3D,368,,126,1
22445,send,11:66:F0:00:01:3D,369,,127,1
22448,ack,11:66:F0:00:01:3D,,0,126,1
22465,send,11:66:F0:00:01:3D,370,,127,1
22487,send,11:66:F0:00:01:3D,371,,128,1
22506,ack,11:66:F0:00:01:3D,,0,127,1
22509,send,11:66:F0:00:01:3D,372,,128,1
22532,send,11:66:F0:00:01:3D,373,,129,1
22553,send,11:66:F0:00:01:3D,374,,130,1
22567,ack,11:66:F0:00:01:3D,,0,129,1
22576,send,11:66:F0:00:01:3D,375,,130,1
22599,send,11:66:F0:00:01:3D,376,,131,1
22620,send,11:66:F0:00:01:3D,377,,132,1
22626,ack,11:66:F0:00:01:3D,,0,131,1
22646,send,11:66:F0:00:01:3D,378,,132,1
22668,send,11:66:F0:00:01:3D,379,,133,1
22683,ack,11:66:F0:00:01:3D,,0,132,1
22689,send,11:66:F0:00:01:3D,380,,133,1
22711,send,11:66:F0:00:01:3D,381,,134,1
22733,send,11:66:F0:00:01:3D,382,,135,1
22739,ack,11:66:F0:00:01:3D,,0,134,1
22761,send,11:66:F0:00:01:3D,383,,135,1
22782,send,11:66:F0:00:01:3D,384,,136,1
22798,ack,11:66:F0:00:01:3D,,0,135,1
22804,send,11:66:F0:00:01:3D,385,,136,1
22826,send,11:66:F0:00:01:3D,386,,137,1
22846,send,11:66:F0:00:01:3D,387,,138,1
22858,ack,11:66:F0:00:01:3D,,0,137,1
22867,send,11:66:F0:00:01:3D,388,,138,1
22890,send,11:66:F0:00:01:3D,389,,139,1
22913,send,11:66:F0:00:01:3D,390,,140,1
22918,ack,11:66:F0:00:01:3D,,0,139,1
22940,send,11:66:F0:00:01:3D,391,,140,1
22961,send,11:66:F0:00:01:3D,392,,141,1
22979,ack,11:66:F0:00:01:3D,,0,140,1
22982,send,11:66:F0:00:01:3D,393,,141,1
23004,send,11:66:F0:00:01:3D,394,,142,1
23026,send,11:66:F0:00:01:3D,395,,143,1
23038,ack,11:66:F0:00:01:3D,,0,142,1
23046,send,11:66:F0:00:01:3D,396,,143,1
23067,send,11:66:F0:00:01:3D,397,,144,1
23089,send,11:66:F0:00:01:3D,398,,145,1
23097,ack,11:66:F0:00:01:3D,,0,144,1
23116,send,11:66:F0:00:01:3D,399,,145,1
23138,send,11:66:F0:00:01:3D,400,,146,1
23155,ack,11:66:F0:00:01:3D,,0,145,1
23159,send,11:66:F0:00:01:3D,401,,146,1
23180,send,11:66:F0:00:01:3D,402,,147,1
23202,send,11:66:F0:00:01:3D,403,,148,1
23216,ack,11:66:F0:00:01:3D,,0,147,1
23224,send,11:66:F0:00:01:3D,404,,148,1
23245,send,11:66:F0:00:01:3D,405,,149,1
23267,send,11:66:F0:00:01:3D,406,,150,1
23271,ack,11:66:F0:00:01:3D,,0,149,1
23293,send,11:66:F0:00:01:3D,407,,150,1
23314,send,11:66:F0:00:01:3D,408,,151,1
23329,ack,11:66:F0:00:01:3D,,0,150,1
23336,send,11:66:F0:00:01:3D,409,,151,1
23357,send,11:66:F0:00:01:3D,410,,152,1
23378,send,11:66:F0:00:01:3D,411,,153,1
23384,ack,11:66:F0:00:01:3D,,0,152,1
23403,send,11:66:F0:00:01:3D,412,,153,1
23425,send,11:66:F0:00:01:3D,413,,154,1
23440,ack,11:66:F0:00:01:3D,,0,153,1
23446,send,11:66:F0:00:01:3D,414,,154,1
23467,send,11:66:F0:00:01:3D,415,,155,1
23489,send,11:66:F0:00:01:3D,416,,156,1
23496,ack,11:66:F0:00:01:3D,,0,155,1
23511,send,11:66:F0:00:01:3D,417,,156,1
23532,send,11:66:F0:00:01:3D,418,,157,1
23554,send,11:66:F0:00:01:3D,419,,158,1
23556,ack,11:66:F0:00:01:3D,,0,157,1
23574,send,11:66:F0:00:01:3D,420,,158,1
23596,send,11:66:F0:00:01:3D,421,,159,1
23616,send,11:66:F0:00:01:3D,422,,160,1
23617,ack,11:66:F0:00:01:3D,,0,159,1
23638,send,11:66:F0:00:01:3D,423,,160,1
23659,send,11:66:F0:00:01:3D,424,,161,1
23675,ack,11:66:F0:00:01:3D,,0,160,1
23681,send,11:66:F0:00:01:3D,425,,161,1
23702,send,11:66:F0:00:01:3D,426,,162,1
23723,send,11:66:F0:00:01:3D,427,,163,1
23734,ack,11:66:F0:00:01:3D,,0,162,1
23744,send,11:66:F0:00:01:3D,428,,163,1
23766,send,11:66:F0:00:01:3D,429,,164,1
23788,send,11:66:F0:00:01:3D,430,,165,1
23795,ack,11:66:F0:00:01:3D,,0,164,1
23816,send,11:66:F0:00:01:3D,431,,165,1
23838,send,11:66:F0:00:01:3D,432,,166,1
23852,ack,11:66:F0:00:01:3D,,0,165,1
23859,send,11:66:F0:00:01:3D,433,,166,1
23882,send,11:66:F0:00:01:3D,434,,167,1
23903,send,11:66:F0:00:01:3D,435,,168,1
23909,ack,11:66:F0:00:01:3D,,0,167,1
23928,send,11:66:F0:00:01:3D,436,,168,1
23949,send,11:66:F0:00:01:3D,437,,169,1
23967,ack,11:66:F0:00:01:3D,,0,168,1
23970,send,11:66:F0:00:01:3D,438,,169,1
23991,send,11:66:F0:00:01:3D,439,,170,1
24015,send,11:66:F0:00:01:3D,440,,171,1
24027,ack,11:66:F0:00:01:3D,,0,170,1
24036,send,11:66:F0:00:01:3D,441,,171,1
24056,send,11:66:F0:00:01:3D,442,,172,1
24078,send,11:66:F0:00:01:3D,443,,173,1
24083,ack,11:66:F0:00:01:3D,,0,172,1
24104,send,11:66:F0:00:01:3D,444,,173,1
24125,send,11:66:F0:00:01:3D,445,,174,1
24140,ack,11:66:F0:00:01:3D,,0,173,1
24146,send,11:66:F0:00:01:3D,446,,174,1
24178,send,11:66:F0:00:01:3D,447,,175,1
24197,send,11:66:F0:00:01:3D,448,,176,1
24200,ack,11:66:F0:00:01:3D,,0,175,1
24220,send,11:66:F0:00:01:3D,449,,176,1
24242,send,11:66:F0:00:01:3D,450,,177,1
24259,ack,11:66:F0:00:01:3D,,0,176,1
24264,send,11:66:F0:00:01:3D,451,,177,1
24285,send,11:66:F0:00:01:3D,452,,178,1
24306,send,11:66:F0:00:01:3D,453,,179,1
24320,ack,11:66:F0:00:01:3D,,0,178,1
25006,send,11:66:F0:00:01:3D,454,,179,1
25012,ack,11:66:F0:00:01:3D,,0,178,1
25027,send,11:66:F0:00:01:3D,455,,179,1
25043,send,11:66:F0:00:01:3D,456,,180,1
25057,send,11:66:F0:00:01:3D,457,,181,1
25071,send,11:66:F0:00:01:3D,458,,182,1
25072,ack,11:66:F0:00:01:3D,,0,181,1
25086,send,11:66:F0:00:01:3D,459,,182,1
25100,send,11:66:F0:00:01:3D,460,,183,1
25114,send,11:66:F0:00:01:3D,461,,184,1
25129,send,11:66:F0:00:01:3D,462,,185,1
25130,ack,11:66:F0:00:01:3D,,0,184,1
25144,send,11:66:F0:00:01:3D,463,,185,1
25159,send,11:66:F0:00:01:3D,464,,186,1
25176,send,11:66:F0:00:01:3D,465,,187,1
25189,ack,11:66:F0:00:01:3D,,0,186,1
25190,send,11:66:F0:00:01:3D,466,,187,1
25203,send,11:66:F0:00:01:3D,467,,188,1
25217,send,11:66:F0:00:01:3D,468,,189,1
25232,send,11:66:F0:00:01:3D,469,,190,1
25247,send,11:66:F0:00:01:3D,470,,191,1
25247,ack,11:66:F0:00:01:3D,,0,190,1
25262,send,11:66:F0:00:01:3D,471,,191,1
25279,send,11:66:F0:00:01:3D,472,,192,1
25295,send,11:66:F0:00:01:3D,473,,193,1
25307,ack,11:66:F0:00:01:3D,,0,192,1
25310,send,11:66:F0:00:01:3D,474,,193,1
25325,send,11:66:F0:00:01:3D,475,,194,1
25340,send,11:66:F0:00:01:3D,476,,195,1
25355,send,11:66:F0:00:01:3D,477,,196,1
25366,ack,11:66:F0:00:01:3D,,0,195,1
25370,send,11:66:F0:00:01:3D,478,,196,1
25385,send,11:66:F0:00:01:3D,479,,197,1
25398,send,11:66:F0:00:01:3D,480,,198,1
25412,send,11:66:F0:00:01:3D,481,,199,1
25424,ack,11:66:F0:00:01:3D,,0,198,1
25426,send,11:66:F0:00:01:3D,482,,199,1
25440,send,11:66:F0:00:01:3D,483,,200,1
25454,send,11:66:F0:00:01:3D,484,,201,1
25470,send,11:66:F0:00:01:3D,485,,202,1
25481,ack,11:66:F0:00:01:3D,,0,201,1
25483,send,11:66:F0:00:01:3D,486,,202,1
25498,send,11:66:F0:00:01:3D,487,,203,1
25512,send,11:66:F0:00:01:3D,488,,204,1
25527,send,11:66:F0:00:01:3D,489,,205,1
25537,ack,11:66:F0:00:01:3D,,0,204,1
25541,send,11:66:F0:00:01:3D,490,,205,1
25555,send,11:66:F0:00:01:3D,491,,206,1
25568,send,11:66:F0:00:01:3D,492,,207,1
25583,send,11:66:F0:00:01:3D,493,,208,1
25598,send,11:66:F0:00:01:3D,494,,209,1
25598,ack,11:66:F0:00:01:3D,,0,208,1
25613,send,11:66:F0:00:01:3D,495,,209,1
25628,send,11:66:F0:00:01:3D,496,,210,1
25644,send,11:66:F0:00:01:3D,497,,211,1
25658,ack,11:66:F0:00:01:3D,,0,210,1
25658,send,11:66:F0:00:01:3D,498,,211,1
25674,send,11:66:F0:00:01:3D,499,,212,1
25689,send,11:66:F0:00:01:3D,500,,213,1
25703,send,11:66:F0:00:01:3D,501,,214,1
25717,ack,11:66:F0:00:01:3D,,0,213,1
25717,send,11:66:F0:00:01:3D,502,,214,1
25731,send,11:66:F0:00:01:3D,503,,215,1
25744,send,11:66:F0:00:01:3D,504,,216,1
25759,send,11:66:F0:00:01:3D,505,,217,1
25773,send,11:66:F0:00:01:3D,506,,218,1
25775,ack,11:66:F0:00:01:3D,,0,217,1
25787,send,11:66:F0:00:01:3D,507,,218,1
25801,send,11:66:F0:00:01:3D,508,,219,1
25816,send,11:66:F0:00:01:3D,509,,220,1
25831,send,11:66:F0:00:01:3D,510,,221,1
25834,ack,11:66:F0:00:01:3D,,0,220,1
25846,send,11:66:F0:00:01:3D,511,,221,1
25860,send,11:66:F0:00:01:3D,512,,222,1
25876,send,11:66:F0:00:01:3D,513,,223,1
25891,send,11:66:F0:00:01:3D,514,,224,1
25895,ack,11:66:F0:00:01:3D,,0,223,1
25907,send,11:66:F0:00:01:3D,515,,224,1
25921,send,11:66:F0:00:01:3D,516,,225,1
25935,send,11:66:F0:00:01:3D,517,,226,1
25949,send,11:66:F0:00:01:3D,518,,227,1
25955,ack,11:66:F0:00:01:3D,,0,226,1
25967,send,11:66:F0:00:01:3D,519,,227,1
25981,send,11:66:F0:00:01:3D,520,,228,1
25996,send,11:66:F0:00:01:3D,521,,229,1
26010,send,11:66:F0:00:01:3D,522,,230,1
26013,ack,11:66:F0:00:01:3D,,0,229,1
26028,send,11:66:F0:00:01:3D,523,,230,1
26041,send,11:66:F0:00:01:3D,524,,231,1
26057,send,11:66:F0:00:01:3D,525,,232,1
26071,send,11:66:F0:00:01:3D,526,,233,1
26075,ack,11:66:F0:00:01:3D,,0,232,1
26088,send,11:66:F0:00:01:3D,527,,233,1
26102,send,11:66:F0:00:01:3D,528,,234,1
26116,send,11:66:F0:00:01:3D,529,,235,1
26132,send,11:66:F0:00:01:3D,530,,236,1
26135,ack,11:66:F0:00:01:3D,,0,235,1
26145,send,11:66:F0:00:01:3D,531,,236,1
26160,send,11:66:F0:00:01:3D,532,,237,1
26177,send,11:66:F0:00:01:3D,533,,238,1
26191,send,11:66:F0:00:01:3D,534,,239,1
26197,ack,11:66:F0:00:01:3D,,0,238,1
26209,send,11:66:F0:00:01:3D,535,,239,1
26224,send,11:66:F0:00:01:3D,536,,240,1
26238,send,11:66:F0:00:01:3D,537,,241,1
26253,send,11:66:F0:00:01:3D,538,,242,1
26258,ack,11:66:F0:00:01:3D,,0,241,1
26272,send,11:66:F0:00:01:3D,539,,242,1
26286,send,11:66:F0:00:01:3D,540,,243,1
26300,send,11:66:F0:00:01:3D,541,,244,1
26314,send,11:66:F0:00:01:3D,542,,245,1
26319,ack,11:66:F0:00:01:3D,,0,244,1
26331,send,11:66:F0:00:01:3D,543,,245,1
26345,send,11:66:F0:00:01:3D,544,,246,1
26358,send,11:66:F0:00:01:3D,545,,247,1
26371,send,11:66:F0:00:01:3D,546,,248,1
26377,ack,11:66:F0:00:01:3D,,0,247,1
26390,send,11:66:F0:00:01:3D,547,,248,1
26405,send,11:66:F0:00:01:3D,548,,249,1
26420,send,11:66:F0:00:01:3D,549,,250,1
26434,send,11:66:F0:00:01:3D,550,,251,1
26436,ack,11:66:F0:00:01:3D,,0,250,1
26450,send,11:66:F0:00:01:3D,551,,251,1
26466,send,11:66:F0:00:01:3D,552,,252,1
26480,send,11:66:F0:00:01:3D,553,,253,1
26495,send,11:66:F0:00:01:3D,554,,254,1
26497,ack,11:66:F0:00:01:3D,,0,253,1
26509,send,11:66:F0:00:01:3D,555,,254,1
26524,send,11:66:F0:00:01:3D,556,,255,1
26538,send,11:66:F0:00:01:3D,557,,256,1
26553,send,11:66:F0:00:01:3D,558,,257,1
26557,ack,11:66:F0:00:01:3D,,0,256,1
26570,send,11:66:F0:00:01:3D,559,,257,1
26585,send,11:66:F0:00:01:3D,560,,258,1
26600,send,11:66:F0:00:01:3D,561,,259,1
26615,send,11:66:F0:00:01:3D,562,,260,1
26619,ack,11:66:F0:00:01:3D,,0,259,1
26633,send,11:66:F0:00:01:3D,563,,260,1
26648,send,11:66:F0:00:01:3D,564,,261,1
26667,send,11:66:F0:00:01:3D,565,,262,1
26681,send,11:66:F0:00:01:3D,566,,263,1
26685,ack,11:66:F0:00:01:3D,,0,262,1
26698,send,11:66:F0:00:01:3D,567,,263,1
26713,send,11:66:F0:00:01:3D,568,,264,1
26727,send,11:66:F0:00:01:3D,569,,265,1
26743,send,11:66:F0:00:01:3D,570,,266,1
26747,ack,11:66:F0:00:01:3D,,0,265,1
26758,send,11:66:F0:00:01:3D,571,,266,1
26775,send,11:66:F0:00:01:3D,572,,267,1
26789,send,11:66:F0:00:01:3D,573,,268,1
26803,send,11:66:F0:00:01:3D,574,,269,1
26805,ack,11:66:F0:00:01:3D,,0,268,1
26818,send,11:66:F0:00:01:3D,575,,269,1
26833,send,11:66:F0:00:01:3D,576,,270,1
26848,send,11:66:F0:00:01:3D,577,,271,1
26865,send,11:66:F0:00:01:3D,578,,272,1
26868,ack,11:66:F0:00:01:3D,,0,271,1
26881,send,11:66:F0:00:01:3D,579,,272,1
26895,send,11:66:F0:00:01:3D,580,,273,1
26909,send,11:66:F0:00:01:3D,581,,274,1
26923,send,11:66:F0:00:01:3D,582,,275,1
26929,ack,11:66:F0:00:01:3D,,0,274,1
26940,send,11:66:F0:00:01:3D,583,,275,1
26954,send,11:66:F0:00:01:3D,584,,276,1
26968,send,11:66:F0:00:01:3D,585,,277,1
26982,send,11:66:F0:00:01:3D,586,,278,1
26986,ack,11:66:F0:00:01:3D,,0,277,1
27000,send,11:66:F0:00:01:3D,587,,278,1
27015,send,11:66:F0:00:01:3D,588,,279,1
27030,send,11:66:F0:00:01:3D,589,,280,1
27044,send,11:66:F0:00:01:3D,590,,281,1
27049,ack,11:66:F0:00:01:3D,,0,280,1
27063,send,11:66:F0:00:01:3D,591,,281,1
27077,send,11:66:F0:00:01:3D,592,,282,1
27092,send,11:66:F0:00:01:3D,593,,283,1
27106,send,11:66:F0:00:01:3D,594,,284,1
27108,ack,11:66:F0:00:01:3D,,0,283,1
27120,send,11:66:F0:00:01:3D,595,,284,1
27135,send,11:66:F0:00:01:3D,596,,285,1
27148,send,11:66:F0:00:01:3D,597,,286,1
27163,send,11:66:F0:00:01:3D,598,,287,1
27170,ack,11:66:F0:00:01:3D,,0,286,1
27184,send,11:66:F0:00:01:3D,599,,287,1
27198,send,11:66:F0:00:01:3D,600,,288,1
27212,send,11:66:F0:00:01:3D,601,,289,1
27226,send,11:66:F0:00:01:3D,602,,290,1
27230,ack,11:66:F0:00:01:3D,,0,289,1
27244,send,11:66:F0:00:01:3D,603,,290,1
27259,send,11:66:F0:00:01:3D,604,,291,1
27275,send,11:66:F0:00:01:3D,605,,292,1
27290,send,11:66:F0:00:01:3D,606,,293,1
27293,ack,11:66:F0:00:01:3D,,0,292,1
27303,send,11:66:F0:00:01:3D,607,,293,1
27317,send,11:66:F0:00:01:3D,608,,294,1
27331,send,11:66:F0:00:01:3D,609,,295,1
27346,send,11:66:F0:00:01:3D,610,,296,1
27356,ack,11:66:F0:00:01:3D,,0,295,1
27367,send,11:66:F0:00:01:3D,611,,296,1
27381,send,11:66:F0:00:01:3D,612,,297,1
27396,send,11:66:F0:00:01:3D,613,,298,1
27409,send,11:66:F0:00:01:3D,614,,299,1
27415,ack,11:66:F0:00:01:3D,,0,298,1
27429,send,11:66:F0:00:01:3D,615,,299,1
27442,send,11:66:F0:00:01:3D,616,,300,1
27456,send,11:66:F0:00:01:3D,617,,301,1
27470,send,11:66:F0:00:01:3D,618,,302,1
27474,ack,11:66:F0:00:01:3D,,0,301,1
27487,send,11:66:F0:00:01:3D,619,,302,1
27501,send,11:66:F0:00:01:3D,620,,303,1
27516,send,11:66:F0:00:01:3D,621,,304,1
27533,send,11:66:F0:00:01:3D,622,,305,1
27535,ack,11:66:F0:00:01:3D,,0,304,1
27547,send,11:66:F0:00:01:3D,623,,305,1
27562,send,11:66:F0:00:01:3D,624,,306,1
27577,send,11:66:F0:00:01:3D,625,,307,1
27592,send,11:66:F0:00:01:3D,626,,308,1
27597,ack,11:66:F0:00:01:3D,,0,307,1
27611,send,11:66:F0:00:01:3D,627,,308,1
27625,send,11:66:F0:00:01:3D,628,,309,1
27639,send,11:66:F0:00:01:3D,629,,310,1
27654,send,11:66:F0:00:01:3D,630,,311,1
27659,ack,11:66:F0:00:01:3D,,0,310,1
27670,send,11:66:F0:00:01:3D,631,,311,1
27685,send,11:66:F0:00:01:3D,632,,312,1
27700,send,11:66:F0:00:01:3D,633,,313,1
27714,send,11:66:F0:00:01:3D,634,,314,1
27720,ack,11:66:F0:00:01:3D,,0,313,1
27734,send,11:66:F0:00:01:3D,635,,314,1
27748,send,11:66:F0:00:01:3D,636,,315,1
27763,send,11:66:F0:00:01:3D,637,,316,1
27777,send,11:66:F0:00:01:3D,638,,317,1
27782,ack,11:66:F0:00:01:3D,,0,316,1
27795,send,11:66:F0:00:01:3D,639,,317,1
27809,send,11:66:F0:00:01:3D,640,,318,1
27824,send,11:66:F0:00:01:3D,641,,319,1
27838,send,11:66:F0:00:01:3D,642,,320,1
27841,ack,11:66:F0:00:01:3D,,0,319,1
27854,send,11:66:F0:00:01:3D,643,,320,1
27868,send,11:66:F0:00:01:3D,644,,321,1
27883,send,11:66:F0:00:01:3D,645,,322,1
27899,send,11:66:F0:00:01:3D,646,,323,1
27903,ack,11:66:F0:00:01:3D,,0,322,1
27916,send,11:66:F0:00:01:3D,647,,323,1
27933,send,11:66:F0:00:01:3D,648,,324,1
27948,send,11:66:F0:00:01:3D,649,,325,1
27962,ack,11:66:F0:00:01:3D,,0,324,1
27962,send,11:66:F0:00:01:3D,650,,325,1
27977,send,11:66:F0:00:01:3D,651,,326,1
27991,send,11:66:F0:00:01:3D,652,,327,1
28006,send,11:66:F0:00:01:3D,653,,328,1
28021,send,11:66:F0:00:01:3D,654,,329,1
28025,ack,11:66:F0:00:01:3D,,0,328,1
28038,send,11:66:F0:00:01:3D,655,,329,1
28053,send,11:66:F0:00:01:3D,656,,330,1
28068,send,11:66:F0:00:01:3D,657,,331,1
28082,send,11:66:F0:00:01:3D,658,,332,1
28085,ack,11:66:F0:00:01:3D,,0,331,1
28099,send,11:66:F0:00:01:3D,659,,332,1
28113,send,11:66:F0:00:01:3D,660,,333,1
28126,send,11:66:F0:00:01:3D,661,,334,1
28141,send,11:66:F0:00:01:3D,662,,335,1
28143,ack,11:66:F0:00:01:3D,,0,334,1
28156,send,11:66:F0:00:01:3D,663,,335,1
28177,send,11:66:F0:00:01:3D,664,,336,1
28191,send,11:66:F0:00:01:3D,665,,337,1
28205,send,11:66:F0:00:01:3D,666,,338,1
28205,ack,11:66:F0:00:01:3D,,0,337,1
28220,send,11:66:F0:00:01:3D,667,,338,1
28234,send,11:66:F0:00:01:3D,668,,339,1
28251,send,11:66:F0:00:01:3D,669,,340,1
28266,send,11:66:F0:00:01:3D,670,,341,1
28267,ack,11:66:F0:00:01:3D,,0,340,1
28282,send,11:66:F0:00:01:3D,671,,341,1
28298,send,11:66:F0:00:01:3D,672,,342,1
28315,send,11:66:F0:00:01:3D,673,,343,1
28325,ack,11:66:F0:00:01:3D,,0,342,1
28332,send,11:66:F0:00:01:3D,674,,343,1
28347,send,11:66:F0:00:01:3D,675,,344,1
28362,send,11:66:F0:00:01:3D,676,,345,1
28378,send,11:66:F0:00:01:3D,677,,346,1
28385,ack,11:66:F0:00:01:3D,,0,345,1
28399,send,11:66:F0:00:01:3D,678,,346,1
28414,send,11:66:F0:00:01:3D,679,,347,1
28430,send,11:66:F0:00:01:3D,680,,348,1
28442,ack,11:66:F0:00:01:3D,,0,347,1
28444,send,11:66:F0:00:01:3D,681,,348,1
28458,send,11:66:F0:00:01:3D,682,,349,1
28472,send,11:66:F0:00:01:3D,683,,350,1
28486,send,11:66:F0:00:01:3D,684,,351,1
28500,send,11:66:F0:00:01:3D,685,,352,1
28504,ack,11:66:F0:00:01:3D,,0,351,1
28517,send,11:66:F0:00:01:3D,686,,352,1
28534,send,11:66:F0:00:01:3D,687,,353,1
28549,send,11:66:F0:00:01:3D,688,,354,1
28563,send,11:66:F0:00:01:3D,689,,355,1
28563,ack,11:66:F0:00:01:3D,,0,354,1
28578,send,11:66:F0:00:01:3D,690,,355,1
28592,send,11:66:F0:00:01:3D,691,,356,1
28607,send,11:66:F0:00:01:3D,692,,357,1
28621,send,11:66:F0:00:01:3D,693,,358,1
28623,ack,11:66:F0:00:01:3D,,0,357,1
28634,send,11:66:F0:00:01:3D,694,,358,1
28648,send,11:66:F0:00:01:3D,695,,359,1
28662,send,11:66:F0:00:01:3D,696,,360,1
28677,send,11:66:F0:00:01:3D,697,,361,1
28685,ack,11:66:F0:00:01:3D,,0,360,1
28699,send,11:66:F0:00:01:3D,698,,361,1
28715,send,11:66:F0:00:01:3D,699,,362,1
28728,send,11:66:F0:00:01:3D,700,,363,1
28742,send,11:66:F0:00:01:3D,701,,364,1
28745,ack,11:66:F0:00:01:3D,,0,363,1
28758,send,11:66:F0:00:01:3D,702,,364,1
28772,send,11:66:F0:00:01:3D,703,,365,1
28787,send,11:66:F0:00:01:3D,704,,366,1
28801,send,11:66:F0:00:01:3D,705,,367,1
28808,ack,11:66:F0:00:01:3D,,0,366,1
28821,send,11:66:F0:00:01:3D,706,,367,1
28836,send,11:66:F0:00:01:3D,707,,368,1
28851,send,11:66:F0:00:01:3D,708,,369,1
28866,send,11:66:F0:00:01:3D,709,,370,1
28869,ack,11:66:F0:00:01:3D,,0,369,1
28884,send,11:66:F0:00:01:3D,710,,370,1
28901,send,11:66:F0:00:01:3D,711,,371,1
28917,send,11:66:F0:00:01:3D,712,,372,1
28931,ack,11:66:F0:00:01:3D,,0,371,1
28932,send,11:66:F0:00:01:3D,713,,372,1
28948,send,11:66:F0:00:01:3D,714,,373,1
28962,send,11:66:F0:00:01:3D,715,,374,1
28976,send,11:66:F0:00:01:3D,716,,375,1
28987,ack,11:66:F0:00:01:3D,,0,374,1
28990,send,11:66:F0:00:01:3D,717,,375,1
29003,send,11:66:F0:00:01:3D,718,,376,1
29018,send,11:66:F0:00:01:3D,719,,377,1
29032,send,11:66:F0:00:01:3D,720,,378,1
29046,ack,11:66:F0:00:01:3D,,0,377,1
29047,send,11:66:F0:00:01:3D,721,,378,1
29061,send,11:66:F0:00:01:3D,722,,379,1
29075,send,11:66:F0:00:01:3D,723,,380,1
29090,send,11:66:F0:00:01:3D,724,,381,1
29104,send,11:66:F0:00:01:3D,725,,382,1
29106,ack,11:66:F0:00:01:3D,,0,381,1
29118,send,11:66:F0:00:01:3D,726,,382,1
29133,send,11:66:F0:00:01:3D,727,,383,1
29147,send,11:66:F0:00:01:3D,728,,384,1
29162,send,11:66:F0:00:01:3D,729,,385,1
29167,ack,11:66:F0:00:01:3D,,0,384,1
29181,send,11:66:F0:00:01:3D,730,,385,1
29197,send,11:66:F0:00:01:3D,731,,386,1
29212,send,11:66:F0:00:01:3D,732,,387,1
29226,send,11:66:F0:00:01:3D,733,,388,1
29228,ack,11:66:F0:00:01:3D,,0,387,1
29242,send,11:66:F0:00:01:3D,734,,388,1
29258,send,11:66:F0:00:01:3D,735,,389,1
29273,send,11:66:F0:00:01:3D,736,,390,1
29287,send,11:66:F0:00:01:3D,737,,391,1
29288,ack,11:66:F0:00:01:3D,,0,390,1
29303,send,11:66:F0:00:01:3D,738,,391,1
29317,send,11:66:F0:00:01:3D,739,,392,1
29334,send,11:66:F0:00:01:3D,740,,393,1
29348,ack,11:66:F0:00:01:3D,,0,392,1
29350,send,11:66:F0:00:01:3D,741,,393,1
29365,send,11:66:F0:00:01:3D,742,,394,1
29380,send,11:66:F0:00:01:3D,743,,395,1
29395,send,11:66:F0:00:01:3D,744,,396,1
29407,ack,11:66:F0:00:01:3D,,0,395,1
29408,send,11:66:F0:00:01:3D,745,,396,1
29423,send,11:66:F0:00:01:3D,746,,397,1
29438,send,11:66:F0:00:01:3D,747,,398,1
29453,send,11:66:F0:00:01:3D,748,,399,1
29466,ack,11:66:F0:00:01:3D,,0,398,1
29468,send,11:66:F0:00:01:3D,749,,399,1
29483,send,11:66:F0:00:01:3D,750,,400,1
29497,send,11:66:F0:00:01:3D,751,,401,1
29511,send,11:66:F0:00:01:3D,752,,402,1
29525,ack,11:66:F0:00:01:3D,,0,401,1
29525,send,11:66:F0:00:01:3D,753,,402,1
29541,send,11:66:F0:00:01:3D,754,,403,1
29583,ack,11:66:F0:00:01:3D,,0,402,1
30242,send,11:66:F0:00:01:3D,755,,403,1
30249,ack,11:66:F0:00:01:3D,,0,402,1
30259,send,11:66:F0:00:01:3D,756,,403,1
30272,send,11:66:F0:00:01:3D,757,,404,1
30284,send,11:66:F0:00:01:3D,758,,405,1
30295,send,11:66:F0:00:01:3D,759,,406,1
30305,send,11:66:F0:00:01:3D,760,,407,1
30308,ack,11:66:F0:00:01:3D,,0,406,1
30316,send,11:66:F0:00:01:3D,761,,407,1
30327,send,11:66:F0:00:01:3D,762,,408,1
30338,send,11:66:F0:00:01:3D,763,,409,1
30349,send,11:66:F0:00:01:3D,764,,410,1
30361,send,11:66:F0:00:01:3D,765,,411,1
30367,ack,11:66:F0:00:01:3D,,0,410,1
30377,send,11:66:F0:00:01:3D,766,,411,1
30388,send,11:66:F0:00:01:3D,767,,412,1
30400,send,11:66:F0:00:01:3D,768,,413,1
30412,send,11:66:F0:00:01:3D,769,,414,1
30424,send,11:66:F0:00:01:3D,770,,415,1
30427,ack,11:66:F0:00:01:3D,,0,414,1
30438,send,11:66:F0:00:01:3D,771,,415,1
30449,send,11:66:F0:00:01:3D,772,,416,1
30460,send,11:66:F0:00:01:3D,773,,417,1
30470,send,11:66:F0:00:01:3D,774,,418,1
30483,send,11:66:F0:00:01:3D,775,,419,1
30484,ack,11:66:F0:00:01:3D,,0,418,1
30493,send,11:66:F0:00:01:3D,776,,419,1
30504,send,11:66:F0:00:01:3D,777,,420,1
30515,send,11:66:F0:00:01:3D,778,,421,1
30527,send,11:66:F0:00:01:3D,779,,422,1
30539,send,11:66:F0:00:01:3D,780,,423,1
30544,ack,11:66:F0:00:01:3D,,0,422,1
30555,send,11:66:F0:00:01:3D,781,,423,1
30566,send,11:66:F0:00:01:3D,782,,424,1
30578,send,11:66:F0:00:01:3D,783,,425,1
30589,send,11:66:F0:00:01:3D,784,,426,1
30600,send,11:66:F0:00:01:3D,785,,427,1
30602,ack,11:66:F0:00:01:3D,,0,426,1
30612,send,11:66:F0:00:01:3D,786,,427,1
30623,send,11:66:F0:00:01:3D,787,,428,1
30634,send,11:66:F0:00:01:3D,788,,429,1
30646,send,11:66:F0:00:01:3D,789,,430,1
30657,send,11:66:F0:00:01:3D,790,,431,1
30663,ack,11:66:F0:00:01:3D,,0,430,1
30671,send,11:66:F0:00:01:3D,791,,431,1
30681,send,11:66:F0:00:01:3D,792,,432,1
30692,send,11:66:F0:00:01:3D,793,,433,1
30702,send,11:66:F0:00:01:3D,794,,434,1
30714,send,11:66:F0:00:01:3D,795,,435,1
30720,ack,11:66:F0:00:01:3D,,0,434,1
30731,send,11:66:F0:00:01:3D,796,,435,1
30744,send,11:66:F0:00:01:3D,797,,436,1
30756,send,11:66:F0:00:01:3D,798,,437,1
30768,send,11:66:F0:00:01:3D,799,,438,1
30776,ack,11:66:F0:00:01:3D,,0,437,1
30779,send,11:66:F0:00:01:3D,800,,438,1
30790,send,11:66:F0:00:01:3D,801,,439,1
30801,send,11:66:F0:00:01:3D,802,,440,1
30812,send,11:66:F0:00:01:3D,803,,441,1
30823,send,11:66:F0:00:01:3D,804,,442,1
30833,ack,11:66:F0:00:01:3D,,0,441,1
30834,send,11:66:F0:00:01:3D,805,,442,1
30846,send,11:66:F0:00:01:3D,806,,443,1
30856,send,11:66:F0:00:01:3D,807,,444,1
30867,send,11:66:F0:00:01:3D,808,,445,1
30879,send,11:66:F0:00:01:3D,809,,446,1
30889,ack,11:66:F0:00:01:3D,,0,445,1
30890,send,11:66:F0:00:01:3D,810,,446,1
30900,send,11:66:F0:00:01:3D,811,,447,1
30911,send,11:66:F0:00:01:3D,812,,448,1
30922,send,11:66:F0:00:01:3D,813,,449,1
30935,send,11:66:F0:00:01:3D,814,,450,1
30946,send,11:66:F0:00:01:3D,815,,451,1
30951,ack,11:66:F0:00:01:3D,,0,450,1
30960,send,11:66:F0:00:01:3D,816,,451,1
30971,send,11:66:F0:00:01:3D,817,,452,1
30983,send,11:66:F0:00:01:3D,818,,453,1
30995,send,11:66:F0:00:01:3D,819,,454,1
31006,send,11:66:F0:00:01:3D,820,,455,1
31012,ack,11:66:F0:00:01:3D,,0,454,1
31021,send,11:66:F0:00:01:3D,821,,455,1
31035,send,11:66:F0:00:01:3D,822,,456,1
31046,send,11:66:F0:00:01:3D,823,,457,1
31059,send,11:66:F0:00:01:3D,824,,458,1
31070,send,11:66:F0:00:01:3D,825,,459,1
31073,ack,11:66:F0:00:01:3D,,0,458,1
31081,send,11:66:F0:00:01:3D,826,,459,1
31093,send,11:66:F0:00:01:3D,827,,460,1
31106,send,11:66:F0:00:01:3D,828,,461,1
31118,send,11:66:F0:00:01:3D,829,,462,1
31129,send,11:66:F0:00:01:3D,830,,463,1
31135,ack,11:66:F0:00:01:3D,,0,462,1
31147,send,11:66:F0:00:01:3D,831,,463,1
31157,send,11:66:F0:00:01:3D,832,,464,1
31180,send,11:66:F0:00:01:3D,833,,465,1
31190,send,11:66:F0:00:01:3D,834,,466,1
31197,ack,11:66:F0:00:01:3D,,0,465,1
31208,send,11:66:F0:00:01:3D,835,,466,1
31220,send,11:66:F0:00:01:3D,836,,467,1
31232,send,11:66:F0:00:01:3D,837,,468,1
31244,send,11:66:F0:00:01:3D,838,,469,1
31256,send,11:66:F0:00:01:3D,839,,470,1
31257,ack,11:66:F0:00:01:3D,,0,469,1
31267,send,11:66:F0:00:01:3D,840,,470,1
31278,send,11:66:F0:00:01:3D,841,,471,1
31290,send,11:66:F0:00:01:3D,842,,472,1
31302,send,11:66:F0:00:01:3D,843,,473,1
31313,send,11:66:F0:00:01:3D,844,,474,1
31318,ack,11:66:F0:00:01:3D,,0,473,1
31328,send,11:66:F0:00:01:3D,845,,474,1
31339,send,11:66:F0:00:01:3D,846,,475,1
31351,send,11:66:F0:00:01:3D,847,,476,1
31363,send,11:66:F0:00:01:3D,848,,477,1
31373,send,11:66:F0:00:01:3D,849,,478,1
31376,ack,11:66:F0:00:01:3D,,0,477,1
31385,send,11:66:F0:00:01:3D,850,,478,1
31397,send,11:66:F0:00:01:3D,851,,479,1
31408,send,11:66:F0:00:01:3D,852,,480,1
31419,send,11:66:F0:00:01:3D,853,,481,1
31430,send,11:66:F0:00:01:3D,854,,482,1
31436,ack,11:66:F0:00:01:3D,,0,481,1
31447,send,11:66:F0:00:01:3D,855,,482,1
31458,send,11:66:F0:00:01:3D,856,,483,1
31469,send,11:66:F0:00:01:3D,857,,484,1
31480,send,11:66:F0:00:01:3D,858,,485,1
31490,send,11:66:F0:00:01:3D,859,,486,1
31497,ack,11:66:F0:00:01:3D,,0,485,1
31507,send,11:66:F0:00:01:3D,860,,486,1
31518,send,11:66:F0:00:01:3D,861,,487,1
31529,send,11:66:F0:00:01:3D,862,,488,1
31541,send,11:66:F0:00:01:3D,863,,489,1
31553,send,11:66:F0:00:01:3D,864,,490,1
31560,ack,11:66:F0:00:01:3D,,0,489,1
31567,send,11:66:F0:00:01:3D,865,,490,1
31581,send,11:66:F0:00:01:3D,866,,491,1
31591,send,11:66:F0:00:01:3D,867,,492,1
31603,send,11:66:F0:00:01:3D,868,,493,1
31615,send,11:66:F0:00:01:3D,869,,494,1
31624,ack,11:66:F0:00:01:3D,,0,493,1
31635,send,11:66:F0:00:01:3D,870,,494,1
31646,send,11:66:F0:00:01:3D,871,,495,1
31659,send,11:66:F0:00:01:3D,872,,496,1
31671,send,11:66:F0:00:01:3D,873,,497,1
31682,send,11:66:F0:00:01:3D,874,,498,1
31683,ack,11:66:F0:00:01:3D,,0,497,1
31693,send,11:66:F0:00:01:3D,875,,498,1
31704,send,11:66:F0:00:01:3D,876,,499,1
31714,send,11:66:F0:00:01:3D,877,,500,1
31725,send,11:66:F0:00:01:3D,878,,501,1
31736,send,11:66:F0:00:01:3D,879,,502,1
31741,ack,11:66:F0:00:01:3D,,0,501,1
31751,send,11:66:F0:00:01:3D,880,,502,1
31761,send,11:66:F0:00:01:3D,881,,503,1
31773,send,11:66:F0:00:01:3D,882,,504,1
31784,send,11:66:F0:00:01:3D,883,,505,1
31797,send,11:66:F0:00:01:3D,884,,506,1
31803,ack,11:66:F0:00:01:3D,,0,505,1
31814,send,11:66:F0:00:01:3D,885,,506,1
31825,send,11:66:F0:00:01:3D,886,,507,1
31837,send,11:66:F0:00:01:3D,887,,508,1
31849,send,11:66:F0:00:01:3D,888,,509,1
31859,send,11:66:F0:00:01:3D,889,,510,1
31863,ack,11:66:F0:00:01:3D,,0,509,1
31872,send,11:66:F0:00:01:3D,890,,510,1
31884,send,11:66:F0:00:01:3D,891,,511,1
31896,send,11:66:F0:00:01:3D,892,,512,1
31908,send,11:66:F0:00:01:3D,893,,513,1
31921,send,11:66:F0:00:01:3D,894,,514,1
31923,ack,11:66:F0:00:01:3D,,0,513,1
31933,send,11:66:F0:00:01:3D,895,,514,1
31944,send,11:66:F0:00:01:3D,896,,515,1
31955,send,11:66:F0:00:01:3D,897,,516,1
31966,send,11:66:F0:00:01:3D,898,,517,1
31977,send,11:66:F0:00:01:3D,899,,518,1
31984,ack,11:66:F0:00:01:3D,,0,517,1
31994,send,11:66:F0:00:01:3D,900,,518,1
32005,send,11:66:F0:00:01:3D,901,,519,1
32016,send,11:66:F0:00:01:3D,902,,520,1
32026,send,11:66:F0:00:01:3D,903,,521,1
32037,send,11:66:F0:00:01:3D,904,,522,1
32040,ack,11:66:F0:00:01:3D,,0,521,1
32049,send,11:66:F0:00:01:3D,905,,522,1
32061,send,11:66:F0:00:01:3D,906,,523,1
32073,send,11:66:F0:00:01:3D,907,,524,1
32085,send,11:66:F0:00:01:3D,908,,525,1
32096,send,11:66:F0:00:01:3D,909,,526,1
32097,ack,11:66:F0:00:01:3D,,0,525,1
32107,send,11:66:F0:00:01:3D,910,,526,1
32118,send,11:66:F0:00:01:3D,911,,527,1
32129,send,11:66:F0:00:01:3D,912,,528,1
32140,send,11:66:F0:00:01:3D,913,,529,1
32151,send,11:66:F0:00:01:3D,914,,530,1
32155,ack,11:66:F0:00:01:3D,,0,529,1
32165,send,11:66:F0:00:01:3D,915,,530,1
32176,send,11:66:F0:00:01:3D,916,,531,1
32187,send,11:66:F0:00:01:3D,917,,532,1
32197,send,11:66:F0:00:01:3D,918,,533,1
32208,send,11:66:F0:00:01:3D,919,,534,1
32214,ack,11:66:F0:00:01:3D,,0,533,1
32225,send,11:66:F0:00:01:3D,920,,534,1
32235,send,11:66:F0:00:01:3D,921,,535,1
32246,send,11:66:F0:00:01:3D,922,,536,1
32258,send,11:66:F0:00:01:3D,923,,537,1
32269,send,11:66:F0:00:01:3D,924,,538,1
32272,ack,11:66:F0:00:01:3D,,0,537,1
32283,send,11:66:F0:00:01:3D,925,,538,1
32295,send,11:66:F0:00:01:3D,926,,539,1
32307,send,11:66:F0:00:01:3D,927,,540,1
32317,send,11:66:F0:00:01:3D,928,,541,1
32328,send,11:66:F0:00:01:3D,929,,542,1
32329,ack,11:66:F0:00:01:3D,,0,541,1
32340,send,11:66:F0:00:01:3D,930,,542,1
32350,send,11:66:F0:00:01:3D,931,,543,1
32361,send,11:66:F0:00:01:3D,932,,544,1
32372,send,11:66:F0:00:01:3D,933,,545,1
32384,send,11:66:F0:00:01:3D,934,,546,1
32387,ack,11:66:F0:00:01:3D,,0,545,1
32397,send,11:66:F0:00:01:3D,935,,546,1
32409,send,11:66:F0:00:01:3D,936,,547,1
32420,send,11:66:F0:00:01:3D,937,,548,1
32432,send,11:66:F0:00:01:3D,938,,549,1
32442,send,11:66:F0:00:01:3D,939,,550,1
32445,ack,11:66:F0:00:01:3D,,0,549,1
32455,send,11:66:F0:00:01:3D,940,,550,1
32465,send,11:66:F0:00:01:3D,941,,551,1
32477,send,11:66:F0:00:01:3D,942,,552,1
32488,send,11:66:F0:00:01:3D,943,,553,1
32499,send,11:66:F0:00:01:3D,944,,554,1
32504,ack,11:66:F0:00:01:3D,,0,553,1
32514,send,11:66:F0:00:01:3D,945,,554,1
32526,send,11:66:F0:00:01:3D,946,,555,1
32536,send,11:66:F0:00:01:3D,947,,556,1
32548,send,11:66:F0:00:01:3D,948,,557,1
32561,send,11:66:F0:00:01:3D,949,,558,1
32562,ack,11:66:F0:00:01:3D,,0,557,1
32573,send,11:66:F0:00:01:3D,950,,558,1
32583,send,11:66:F0:00:01:3D,951,,559,1
32594,send,11:66:F0:00:01:3D,952,,560,1
32606,send,11:66:F0:00:01:3D,953,,561,1
32616,send,11:66:F0:00:01:3D,954,,562,1
32622,ack,11:66:F0:00:01:3D,,0,561,1
32632,send,11:66:F0:00:01:3D,955,,562,1
32642,send,11:66:F0:00:01:3D,956,,563,1
32653,send,11:66:F0:00:01:3D,957,,564,1
32664,send,11:66:F0:00:01:3D,958,,565,1
32675,send,11:66:F0:00:01:3D,959,,566,1
32680,ack,11:66:F0:00:01:3D,,0,565,1
32690,send,11:66:F0:00:01:3D,960,,566,1
32700,send,11:66:F0:00:01:3D,961,,567,1
32711,send,11:66:F0:00:01:3D,962,,568,1
32722,send,11:66:F0:00:01:3D,963,,569,1
32732,send,11:66:F0:00:01:3D,964,,570,1
32738,ack,11:66:F0:00:01:3D,,0,569,1
32748,send,11:66:F0:00:01:3D,965,,570,1
32759,send,11:66:F0:00:01:3D,966,,571,1
32770,send,11:66:F0:00:01:3D,967,,572,1
32784,send,11:66:F0:00:01:3D,968,,573,1
32794,ack,11:66:F0:00:01:3D,,0,572,1
32795,send,11:66:F0:00:01:3D,969,,573,1
32806,send,11:66:F0:00:01:3D,970,,574,1
32817,send,11:66:F0:00:01:3D,971,,575,1
32828,send,11:66:F0:00:01:3D,972,,576,1
32840,send,11:66:F0:00:01:3D,973,,577,1
32850,send,11:66:F0:00:01:3D,974,,578,1
32851,ack,11:66:F0:00:01:3D,,0,577,1
32861,send,11:66:F0:00:01:3D,975,,578,1
32871,send,11:66:F0:00:01:3D,976,,579,1
32882,send,11:66:F0:00:01:3D,977,,580,1
32895,send,11:66:F0:00:01:3D,978,,581,1
32906,send,11:66:F0:00:01:3D,979,,582,1
32909,ack,11:66:F0:00:01:3D,,0,581,1
32919,send,11:66:F0:00:01:3D,980,,582,1
32932,send,11:66:F0:00:01:3D,981,,583,1
32943,send,11:66:F0:00:01:3D,982,,584,1
32954,send,11:66:F0:00:01:3D,983,,585,1
32966,send,11:66:F0:00:01:3D,984,,586,1
32968,ack,11:66:F0:00:01:3D,,0,585,1
32978,send,11:66:F0:00:01:3D,985,,586,1
32990,send,11:66:F0:00:01:3D,986,,587,1
33000,send,11:66:F0:00:01:3D,987,,588,1
33012,send,11:66:F0:00:01:3D,988,,589,1
33024,send,11:66:F0:00:01:3D,989,,590,1
33028,ack,11:66:F0:00:01:3D,,0,589,1
33038,send,11:66:F0:00:01:3D,990,,590,1
33050,send,11:66:F0:00:01:3D,991,,591,1
33062,send,11:66:F0:00:01:3D,992,,592,1
33074,send,11:66:F0:00:01:3D,993,,593,1
33085,send,11:66:F0:00:01:3D,994,,594,1
33090,ack,11:66:F0:00:01:3D,,0,593,1
33099,send,11:66:F0:00:01:3D,995,,594,1
33110,send,11:66:F0:00:01:3D,996,,595,1
33121,send,11:66:F0:00:01:3D,997,,596,1
33133,send,11:66:F0:00:01:3D,998,,597,1
33145,send,11:66:F0:00:01:3D,999,,598,1
33149,ack,11:66:F0:00:01:3D,,0,597,1
33159,send,11:66:F0:00:01:3D,1000,,598,1
33179,send,11:66:F0:00:01:3D,1001,,599,1
33188,send,11:66:F0:00:01:3D,1002,,600,1
33198,send,11:66:F0:00:01:3D,1003,,601,1
33207,ack,11:66:F0:00:01:3D,,0,600,1
33209,send,11:66:F0:00:01:3D,1004,,601,1
33220,send,11:66:F0:00:01:3D,1005,,602,1
33231,send,11:66:F0:00:01:3D,1006,,603,1
33242,send,11:66:F0:00:01:3D,1007,,604,1
33254,send,11:66:F0:00:01:3D,1008,,605,1
33265,ack,11:66:F0:00:01:3D,,0,604,1
33266,send,11:66:F0:00:01:3D,1009,,605,1
33278,send,11:66:F0:00:01:3D,1010,,606,1
33289,send,11:66:F0:00:01:3D,1011,,607,1
33300,send,11:66:F0:00:01:3D,1012,,608,1
33313,send,11:66:F0:00:01:3D,1013,,609,1
33323,ack,11:66:F0:00:01:3D,,0,608,1
33325,send,11:66:F0:00:01:3D,1014,,609,1
33337,send,11:66:F0:00:01:3D,1015,,610,1
33348,send,11:66:F0:00:01:3D,1016,,611,1
33359,send,11:66:F0:00:01:3D,1017,,612,1
33370,send,11:66:F0:00:01:3D,1018,,613,1
33381,send,11:66:F0:00:01:3D,1019,,614,1
33383,ack,11:66:F0:00:01:3D,,0,613,1
33393,send,11:66:F0:00:01:3D,1020,,614,1
33404,send,11:66:F0:00:01:3D,1021,,615,1
33415,send,11:66:F0:00:01:3D,1022,,616,1
33427,send,11:66:F0:00:01:3D,1023,,617,1
33439,send,11:66:F0:00:01:3D,1024,,618,1
33443,ack,11:66:F0:00:01:3D,,0,617,1
33452,send,11:66:F0:00:01:3D,1025,,618,1
33462,send,11:66:F0:00:01:3D,1026,,619,1
33474,send,11:66:F0:00:01:3D,1027,,620,1
33484,send,11:66:F0:00:01:3D,1028,,621,1
33494,send,11:66:F0:00:01:3D,1029,,622,1
33502,ack,11:66:F0:00:01:3D,,0,621,1
33511,send,11:66:F0:00:01:3D,1030,,622,1
33523,send,11:66:F0:00:01:3D,1031,,623,1
33534,send,11:66:F0:00:01:3D,1032,,624,1
33546,send,11:66:F0:00:01:3D,1033,,625,1
33556,send,11:66:F0:00:01:3D,1034,,626,1
33562,ack,11:66:F0:00:01:3D,,0,625,1
33571,send,11:66:F0:00:01:3D,1035,,626,1
33584,send,11:66:F0:00:01:3D,1036,,627,1
33595,send,11:66:F0:00:01:3D,1037,,628,1
33606,send,11:66:F0:00:01:3D,1038,,629,1
33617,send,11:66:F0:00:01:3D,1039,,630,1
33622,ack,11:66:F0:00:01:3D,,0,629,1
33631,send,11:66:F0:00:01:3D,1040,,630,1
33642,send,11:66:F0:00:01:3D,1041,,631,1
33653,send,11:66:F0:00:01:3D,1042,,632,1
33667,send,11:66:F0:00:01:3D,1043,,633,1
33678,send,11:66:F0:00:01:3D,1044,,634,1
33683,ack,11:66:F0:00:01:3D,,0,633,1
33695,send,11:66:F0:00:01:3D,1045,,634,1
33706,send,11:66:F0:00:01:3D,1046,,635,1
33717,send,11:66:F0:00:01:3D,1047,,636,1
33729,send,11:66:F0:00:01:3D,1048,,637,1
33741,send,11:66:F0:00:01:3D,1049,,638,1
33743,ack,11:66:F0:00:01:3D,,0,637,1
33752,send,11:66:F0:00:01:3D,1050,,638,1
33762,send,11:66:F0:00:01:3D,1051,,639,1
33772,send,11:66:F0:00:01:3D,1052,,640,1
33785,send,11:66:F0:00:01:3D,1053,,641,1
33798,send,11:66:F0:00:01:3D,1054,,642,1
33805,ack,11:66:F0:00:01:3D,,0,641,1
33816,send,11:66:F0:00:01:3D,1055,,642,1
33828,send,11:66:F0:00:01:3D,1056,,643,1
33839,send,11:66:F0:00:01:3D,1057,,644,1
33849,send,11:66:F0:00:01:3D,1058,,645,1
33860,send,11:66:F0:00:01:3D,1059,,646,1
33866,ack,11:66:F0:00:01:3D,,0,645,1
33877,send,11:66:F0:00:01:3D,1060,,646,1
33890,send,11:66:F0:00:01:3D,1061,,647,1
33902,send,11:66:F0:00:01:3D,1062,,648,1
33913,send,11:66:F0:00:01:3D,1063,,649,1
33924,ack,11:66:F0:00:01:3D,,0,648,1
33924,send,11:66:F0:00:01:3D,1064,,649,1
33935,send,11:66:F0:00:01:3D,1065,,650,1
33946,send,11:66:F0:00:01:3D,1066,,651,1
33957,send,11:66:F0:00:01:3D,1067,,652,1
33968,send,11:66:F0:00:01:3D,1068,,653,1
33979,send,11:66:F0:00:01:3D,1069,,654,1
33981,ack,11:66:F0:00:01:3D,,0,653,1
33991,send,11:66:F0:00:01:3D,1070,,654,1
34002,send,11:66:F0:00:01:3D,1071,,655,1
34013,send,11:66:F0:00:01:3D,1072,,656,1
34024,send,11:66:F0:00:01:3D,1073,,657,1
34036,send,11:66:F0:00:01:3D,1074,,658,1
34043,ack,11:66:F0:00:01:3D,,0,657,1
34051,send,11:66:F0:00:01:3D,1075,,658,1
34063,send,11:66:F0:00:01:3D,1076,,659,1
34074,send,11:66:F0:00:01:3D,1077,,660,1
34086,send,11:66:F0:00:01:3D,1078,,661,1
34097,send,11:66:F0:00:01:3D,1079,,662,1
34103,ack,11:66:F0:00:01:3D,,0,661,1
34115,send,11:66:F0:00:01:3D,1080,,662,1
34126,send,11:66:F0:00:01:3D,1081,,663,1
34136,send,11:66:F0:00:01:3D,1082,,664,1
34149,send,11:66:F0:00:01:3D,1083,,665,1
34160,send,11:66:F0:00:01:3D,1084,,666,1
34167,ack,11:66:F0:00:01:3D,,0,665,1
34180,send,11:66:F0:00:01:3D,1085,,666,1
34192,send,11:66:F0:00:01:3D,1086,,667,1
34204,send,11:66:F0:00:01:3D,1087,,668,1
34217,send,11:66:F0:00:01:3D,1088,,669,1
34223,ack,11:66:F0:00:01:3D,,0,668,1
34234,send,11:66:F0:00:01:3D,1089,,669,1
34247,send,11:66:F0:00:01:3D,1090,,670,1
34261,send,11:66:F0:00:01:3D,1091,,671,1
34273,send,11:66:F0:00:01:3D,1092,,672,1
34281,ack,11:66:F0:00:01:3D,,0,671,1
34291,send,11:66:F0:00:01:3D,1093,,672,1
34302,send,11:66:F0:00:01:3D,1094,,673,1
34313,send,11:66:F0:00:01:3D,1095,,674,1
34326,send,11:66:F0:00:01:3D,1096,,675,1
34337,send,11:66:F0:00:01:3D,1097,,676,1
34341,ack,11:66:F0:00:01:3D,,0,675,1
34353,send,11:66:F0:00:01:3D,1098,,676,1
34364,send,11:66:F0:00:01:3D,1099,,677,1
34376,send,11:66:F0:00:01:3D,1100,,678,1
34387,send,11:66:F0:00:01:3D,1101,,679,1
34400,send,11:66:F0:00:01:3D,1102,,680,1
34402,ack,11:66:F0:00:01:3D,,0,679,1
34412,send,11:66:F0:00:01:3D,1103,,680,1
34423,send,11:66:F0:00:01:3D,1104,,681,1
34435,send,11:66:F0:00:01:3D,1105,,682,1
34447,send,11:66:F0:00:01:3D,1106,,683,1
34458,send,11:66:F0:00:01:3D,1107,,684,1
34460,ack,11:66:F0:00:01:3D,,0,683,1
34470,send,11:66:F0:00:01:3D,1108,,684,1
34481,send,11:66:F0:00:01:3D,1109,,685,1
34491,send,11:66:F0:00:01:3D,1110,,686,1
34503,send,11:66:F0:00:01:3D,1111,,687,1
34514,send,11:66:F0:00:01:3D,1112,,688,1
34520,ack,11:66:F0:00:01:3D,,0,687,1
34532,send,11:66:F0:00:01:3D,1113,,688,1
34543,send,11:66:F0:00:01:3D,1114,,689,1
34553,send,11:66:F0:00:01:3D,1115,,690,1
34566,send,11:66:F0:00:01:3D,1116,,691,1
34578,send,11:66:F0:00:01:3D,1117,,692,1
34581,ack,11:66:F0:00:01:3D,,0,691,1
34592,send,11:66:F0:00:01:3D,1118,,692,1
34603,send,11:66:F0:00:01:3D,1119,,693,1
34614,send,11:66:F0:00:01:3D,1120,,694,1
34625,send,11:66:F0:00:01:3D,1121,,695,1
34636,send,11:66:F0:00:01:3D,1122,,696,1
34641,ack,11:66:F0:00:01:3D,,0,695,1
34653,send,11:66:F0:00:01:3D,1123,,696,1
34665,send,11:66:F0:00:01:3D,1124,,697,1
34677,send,11:66:F0:00:01:3D,1125,,698,1
34689,send,11:66:F0:00:01:3D,1126,,699,1
34699,send,11:66:F0:00:01:3D,1127,,700,1
34700,ack,11:66:F0:00:01:3D,,0,699,1
34710,send,11:66:F0:00:01:3D,1128,,700,1
34722,send,11:66:F0:00:01:3D,1129,,701,1
34734,send,11:66:F0:00:01:3D,1130,,702,1
34744,send,11:66:F0:00:01:3D,1131,,703,1
34757,send,11:66:F0:00:01:3D,1132,,704,1
34758,ack,11:66:F0:00:01:3D,,0,703,1
34768,send,11:66:F0:00:01:3D,1133,,704,1
34779,send,11:66:F0:00:01:3D,1134,,705,1
34790,send,11:66:F0:00:01:3D,1135,,706,1
34800,send,11:66:F0:00:01:3D,1136,,707,1
34812,send,11:66:F0:00:01:3D,1137,,708,1
34819,ack,11:66:F0:00:01:3D,,0,707,1
34827,send,11:66:F0:00:01:3D,1138,,708,1
34838,send,11:66:F0:00:01:3D,1139,,709,1
34850,send,11:66:F0:00:01:3D,1140,,710,1
34862,send,11:66:F0:00:01:3D,1141,,711,1
34873,send,11:66:F0:00:01:3D,1142,,712,1
34877,ack,11:66:F0:00:01:3D,,0,711,1
34888,send,11:66:F0:00:01:3D,1143,,712,1
34901,send,11:66:F0:00:01:3D,1144,,713,1
34912,send,11:66:F0:00:01:3D,1145,,714,1
34925,send,11:66:F0:00:01:3D,1146,,715,1
34936,send,11:66:F0:00:01:3D,1147,,716,1
34937,ack,11:66:F0:00:01:3D,,0,715,1
34948,send,11:66:F0:00:01:3D,1148,,716,1
34960,send,11:66:F0:00:01:3D,1149,,717,1
34970,send,11:66:F0:00:01:3D,1150,,718,1
34980,send,11:66:F0:00:01:3D,1151,,719,1
34992,send,11:66:F0:00:01:3D,1152,,720,1
34998,ack,11:66:F0:00:01:3D,,0,719,1
35009,send,11:66:F0:00:01:3D,1153,,720,1
35021,send,11:66:F0:00:01:3D,1154,,721,1
35032,send,11:66:F0:00:01:3D,1155,,722,1
35056,ack,11:66:F0:00:01:3D,,0,721,1
35736,send,11:66:F0:00:01:3D,1156,,722,1
35744,ack,11:66:F0:00:01:3D,,0,721,1
35750,send,11:66:F0:00:01:3D,1157,,722,1
35759,send,11:66:F0:00:01:3D,1158,,723,1
35768,send,11:66:F0:00:01:3D,1159,,724,1
35776,send,11:66:F0:00:01:3D,1160,,725,1
35785,send,11:66:F0:00:01:3D,1161,,726,1
35793,send,11:66:F0:00:01:3D,1162,,727,1
35801,send,11:66:F0:00:01:3D,1163,,728,1
35805,ack,11:66:F0:00:01:3D,,0,727,1
35811,send,11:66:F0:00:01:3D,1164,,728,1
35818,send,11:66:F0:00:01:3D,1165,,729,1
35825,send,11:66:F0:00:01:3D,1166,,730,1
35833,send,11:66:F0:00:01:3D,1167,,731,1
35840,send,11:66:F0:00:01:3D,1168,,732,1
35849,send,11:66:F0:00:01:3D,1169,,733,1
35858,send,11:66:F0:00:01:3D,1170,,734,1
35864,ack,11:66:F0:00:01:3D,,0,733,1
35870,send,11:66:F0:00:01:3D,1171,,734,1
35877,send,11:66:F0:00:01:3D,1172,,735,1
35884,send,11:66:F0:00:01:3D,1173,,736,1
35890,send,11:66:F0:00:01:3D,1174,,737,1
35898,send,11:66:F0:00:01:3D,1175,,738,1
35906,send,11:66:F0:00:01:3D,1176,,739,1
35913,send,11:66:F0:00:01:3D,1177,,740,1
35921,send,11:66:F0:00:01:3D,1178,,741,1
35924,ack,11:66:F0:00:01:3D,,0,740,1
35929,send,11:66:F0:00:01:3D,1179,,741,1
35935,send,11:66:F0:00:01:3D,1180,,742,1
35943,send,11:66:F0:00:01:3D,1181,,743,1
35950,send,11:66:F0:00:01:3D,1182,,744,1
35957,send,11:66:F0:00:01:3D,1183,,745,1
35965,send,11:66:F0:00:01:3D,1184,,746,1
35972,send,11:66:F0:00:01:3D,1185,,747,1
35979,send,11:66:F0:00:01:3D,1186,,748,1
35984,ack,11:66:F0:00:01:3D,,0,747,1
35991,send,11:66:F0:00:01:3D,1187,,748,1
35999,send,11:66:F0:00:01:3D,1188,,749,1
36005,send,11:66:F0:00:01:3D,1189,,750,1
36012,send,11:66:F0:00:01:3D,1190,,751,1
36019,send,11:66:F0:00:01:3D,1191,,752,1
36026,send,11:66:F0:00:01:3D,1192,,753,1
36034,send,11:66:F0:00:01:3D,1193,,754,1
36041,ack,11:66:F0:00:01:3D,,0,753,1
36046,send,11:66:F0:00:01:3D,1194,,754,1
36053,send,11:66:F0:00:01:3D,1195,,755,1
36060,send,11:66:F0:00:01:3D,1196,,756,1
36068,send,11:66:F0:00:01:3D,1197,,757,1
36076,send,11:66:F0:00:01:3D,1198,,758,1
36083,send,11:66:F0:00:01:3D,1199,,759,1
36089,send,11:66:F0:00:01:3D,1200,,760,1
36097,send,11:66:F0:00:01:3D,1201,,761,1
36098,ack,11:66:F0:00:01:3D,,0,760,1
36104,send,11:66:F0:00:01:3D,1202,,761,1
36112,send,11:66:F0:00:01:3D,1203,,762,1
36120,send,11:66:F0:00:01:3D,1204,,763,1
36128,send,11:66:F0:00:01:3D,1205,,764,1
36135,send,11:66:F0:00:01:3D,1206,,765,1
36142,send,11:66:F0:00:01:3D,1207,,766,1
36149,send,11:66:F0:00:01:3D,1208,,767,1
36154,ack,11:66:F0:00:01:3D,,0,766,1
36160,send,11:66:F0:00:01:3D,1209,,767,1
36178,send,11:66:F0:00:01:3D,1210,,768,1
36185,send,11:66:F0:00:01:3D,1211,,769,1
36193,send,11:66:F0:00:01:3D,1212,,770,1
36201,send,11:66:F0:00:01:3D,1213,,771,1
36209,send,11:66:F0:00:01:3D,1214,,772,1
36212,ack,11:66:F0:00:01:3D,,0,771,1
36221,send,11:66:F0:00:01:3D,1215,,772,1
36228,send,11:66:F0:00:01:3D,1216,,773,1
36234,send,11:66:F0:00:01:3D,1217,,774,1
36241,send,11:66:F0:00:01:3D,1218,,775,1
36249,send,11:66:F0:00:01:3D,1219,,776,1
36257,send,11:66:F0:00:01:3D,1220,,777,1
36267,send,11:66:F0:00:01:3D,1221,,778,1
36273,ack,11:66:F0:00:01:3D,,0,777,1
36280,send,11:66:F0:00:01:3D,1222,,778,1
36287,send,11:66:F0:00:01:3D,1223,,779,1
36293,send,11:66:F0:00:01:3D,1224,,780,1
36301,send,11:66:F0:00:01:3D,1225,,781,1
36310,send,11:66:F0:00:01:3D,1226,,782,1
36318,send,11:66:F0:00:01:3D,1227,,783,1
36327,send,11:66:F0:00:01:3D,1228,,784,1
36333,ack,11:66:F0:00:01:3D,,0,783,1
36340,send,11:66:F0:00:01:3D,1229,,784,1
36347,send,11:66:F0:00:01:3D,1230,,785,1
36354,send,11:66:F0:00:01:3D,1231,,786,1
36361,send,11:66:F0:00:01:3D,1232,,787,1
36367,send,11:66:F0:00:01:3D,1233,,788,1
36374,send,11:66:F0:00:01:3D,1234,,789,1
36381,send,11:66:F0:00:01:3D,1235,,790,1
36387,send,11:66:F0:00:01:3D,1236,,791,1
36393,ack,11:66:F0:00:01:3D,,0,790,1
36400,send,11:66:F0:00:01:3D,1237,,791,1
36407,send,11:66:F0:00:01:3D,1238,,792,1
36414,send,11:66:F0:00:01:3D,1239,,793,1
36422,send,11:66:F0:00:01:3D,1240,,794,1
36430,send,11:66:F0:00:01:3D,1241,,795,1
36437,send,11:66:F0:00:01:3D,1242,,796,1
36444,send,11:66:F0:00:01:3D,1243,,797,1
36452,ack,11:66:F0:00:01:3D,,0,796,1
36455,send,11:66:F0:00:01:3D,1244,,797,1
36463,send,11:66:F0:00:01:3D,1245,,798,1
36470,send,11:66:F0:00:01:3D,1246,,799,1
36478,send,11:66:F0:00:01:3D,1247,,800,1
36485,send,11:66:F0:00:01:3D,1248,,801,1
36492,send,11:66:F0:00:01:3D,1249,,802,1
36498,send,11:66:F0:00:01:3D,1250,,803,1
36505,send,11:66:F0:00:01:3D,1251,,804,1
36511,ack,11:66:F0:00:01:3D,,0,803,1
36517,send,11:66:F0:00:01:3D,1252,,804,1
36524,send,11:66:F0:00:01:3D,1253,,805,1
36531,send,11:66:F0:00:01:3D,1254,,806,1
36538,send,11:66:F0:00:01:3D,1255,,807,1
36545,send,11:66:F0:00:01:3D,1256,,808,1
36552,send,11:66:F0:00:01:3D,1257,,809,1
36561,send,11:66:F0:00:01:3D,1258,,810,1
36567,ack,11:66:F0:00:01:3D,,0,809,1
36572,send,11:66:F0:00:01:3D,1259,,810,1
36581,send,11:66:F0:00:01:3D,1260,,811,1
36588,send,11:66:F0:00:01:3D,1261,,812,1
36596,send,11:66:F0:00:01:3D,1262,,813,1
36606,send,11:66:F0:00:01:3D,1263,,814,1
36614,send,11:66:F0:00:01:3D,1264,,815,1
36622,send,11:66:F0:00:01:3D,1265,,816,1
36629,ack,11:66:F0:00:01:3D,,0,815,1
36633,send,11:66:F0:00:01:3D,1266,,816,1
36641,send,11:66:F0:00:01:3D,1267,,817,1
36647,send,11:66:F0:00:01:3D,1268,,818,1
36654,send,11:66:F0:00:01:3D,1269,,819,1
36662,send,11:66:F0:00:01:3D,1270,,820,1
36669,send,11:66:F0:00:01:3D,1271,,821,1
36677,send,11:66:F0:00:01:3D,1272,,822,1
36685,send,11:66:F0:00:01:3D,1273,,823,1
36691,ack,11:66:F0:00:01:3D,,0,822,1
36696,send,11:66:F0:00:01:3D,1274,,823,1
36702,send,11:66:F0:00:01:3D,1275,,824,1
36709,send,11:66:F0:00:01:3D,1276,,825,1
36716,send,11:66:F0:00:01:3D,1277,,826,1
36723,send,11:66:F0:00:01:3D,1278,,827,1
36729,send,11:66:F0:00:01:3D,1279,,828,1
36735,send,11:66:F0:00:01:3D,1280,,829,1
36742,send,11:66:F0:00:01:3D,1281,,830,1
36748,ack,11:66:F0:00:01:3D,,0,829,1
36754,send,11:66:F0:00:01:3D,1282,,830,1
36761,send,11:66:F0:00:01:3D,1283,,831,1
36767,send,11:66:F0:00:01:3D,1284,,832,1
36775,send,11:66:F0:00:01:3D,1285,,833,1
36782,send,11:66:F0:00:01:3D,1286,,834,1
36790,send,11:66:F0:00:01:3D,1287,,835,1
36798,send,11:66:F0:00:01:3D,1288,,836,1
36803,ack,11:66:F0:00:01:3D,,0,835,1
36810,send,11:66:F0:00:01:3D,1289,,836,1
36818,send,11:66:F0:00:01:3D,1290,,837,1
36825,send,11:66:F0:00:01:3D,1291,,838,1
36833,send,11:66:F0:00:01:3D,1292,,839,1
36840,send,11:66:F0:00:01:3D,1293,,840,1
36847,send,11:66:F0:00:01:3D,1294,,841,1
36855,send,11:66:F0:00:01:3D,1295,,842,1
36860,ack,11:66:F0:00:01:3D,,0,841,1
36866,send,11:66:F0:00:01:3D,1296,,842,1
36875,send,11:66:F0:00:01:3D,1297,,843,1
36882,send,11:66:F0:00:01:3D,1298,,844,1
36889,send,11:66:F0:00:01:3D,1299,,845,1
36896,send,11:66:F0:00:01:3D,1300,,846,1
36902,send,11:66:F0:00:01:3D,1301,,847,1
36908,send,11:66:F0:00:01:3D,1302,,848,1
36915,send,11:66:F0:00:01:3D,1303,,849,1
36918,ack,11:66:F0:00:01:3D,,0,848,1
36925,send,11:66:F0:00:01:3D,1304,,849,1
36933,send,11:66:F0:00:01:3D,1305,,850,1
36939,send,11:66:F0:00:01:3D,1306,,851,1
36946,send,11:66:F0:00:01:3D,1307,,852,1
36953,send,11:66:F0:00:01:3D,1308,,853,1
36961,send,11:66:F0:00:01:3D,1309,,854,1
36969,send,11:66:F0:00:01:3D,1310,,855,1
36976,ack,11:66:F0:00:01:3D,,0,854,1
36979,send,11:66:F0:00:01:3D,1311,,855,1
36987,send,11:66:F0:00:01:3D,1312,,856,1
36993,send,11:66:F0:00:01:3D,1313,,857,1
37000,send,11:66:F0:00:01:3D,1314,,858,1
37007,send,11:66:F0:00:01:3D,1315,,859,1
37014,send,11:66:F0:00:01:3D,1316,,860,1
37020,send,11:66:F0:00:01:3D,1317,,861,1
37027,send,11:66:F0:00:01:3D,1318,,862,1
37034,ack,11:66:F0:00:01:3D,,0,861,1
37039,send,11:66:F0:00:01:3D,1319,,862,1
37046,send,11:66:F0:00:01:3D,1320,,863,1
37053,send,11:66:F0:00:01:3D,1321,,864,1
37060,send,11:66:F0:00:01:3D,1322,,865,1
37066,send,11:66:F0:00:01:3D,1323,,866,1
37073,send,11:66:F0:00:01:3D,1324,,867,1
37081,send,11:66:F0:00:01:3D,1325,,868,1
37089,send,11:66:F0:00:01:3D,1326,,869,1
37094,ack,11:66:F0:00:01:3D,,0,868,1
37100,send,11:66:F0:00:01:3D,1327,,869,1
37107,send,11:66:F0:00:01:3D,1328,,870,1
37114,send,11:66:F0:00:01:3D,1329,,871,1
37121,send,11:66:F0:00:01:3D,1330,,872,1
37128,send,11:66:F0:00:01:3D,1331,,873,1
37134,send,11:66:F0:00:01:3D,1332,,874,1
37141,send,11:66:F0:00:01:3D,1333,,875,1
37149,send,11:66:F0:00:01:3D,1334,,876,1
37154,ack,11:66:F0:00:01:3D,,0,875,1
37161,send,11:66:F0:00:01:3D,1335,,876,1
37179,send,11:66:F0:00:01:3D,1336,,877,1
37188,send,11:66:F0:00:01:3D,1337,,878,1
37196,send,11:66:F0:00:01:3D,1338,,879,1
37203,send,11:66:F0:00:01:3D,1339,,880,1
37210,send,11:66:F0:00:01:3D,1340,,881,1
37212,ack,11:66:F0:00:01:3D,,0,880,1
37217,send,11:66:F0:00:01:3D,1341,,881,1
37223,send,11:66:F0:00:01:3D,1342,,882,1
37230,send,11:66:F0:00:01:3D,1343,,883,1
37237,send,11:66:F0:00:01:3D,1344,,884,1
37244,send,11:66:F0:00:01:3D,1345,,885,1
37251,send,11:66:F0:00:01:3D,1346,,886,1
37258,send,11:66:F0:00:01:3D,1347,,887,1
37267,send,11:66:F0:00:01:3D,1348,,888,1
37268,ack,11:66:F0:00:01:3D,,0,887,1
37276,send,11:66:F0:00:01:3D,1349,,888,1
37283,send,11:66:F0:00:01:3D,1350,,889,1
37289,send,11:66:F0:00:01:3D,1351,,890,1
37295,send,11:66:F0:00:01:3D,1352,,891,1
37302,send,11:66:F0:00:01:3D,1353,,892,1
37309,send,11:66:F0:00:01:3D,1354,,893,1
37317,send,11:66:F0:00:01:3D,1355,,894,1
37324,send,11:66:F0:00:01:3D,1356,,895,1
37330,ack,11:66:F0:00:01:3D,,0,894,1
37335,send,11:66:F0:00:01:3D,1357,,895,1
37343,send,11:66:F0:00:01:3D,1358,,896,1
37350,send,11:66:F0:00:01:3D,1359,,897,1
37358,send,11:66:F0:00:01:3D,1360,,898,1
37368,send,11:66:F0:00:01:3D,1361,,899,1
37375,send,11:66:F0:00:01:3D,1362,,900,1
37383,send,11:66:F0:00:01:3D,1363,,901,1
37388,ack,11:66:F0:00:01:3D,,0,900,1
37394,send,11:66:F0:00:01:3D,1364,,901,1
37401,send,11:66:F0:00:01:3D,1365,,902,1
37408,send,11:66:F0:00:01:3D,1366,,903,1
37415,send,11:66:F0:00:01:3D,1367,,904,1
37422,send,11:66:F0:00:01:3D,1368,,905,1
37429,send,11:66:F0:00:01:3D,1369,,906,1
37436,send,11:66:F0:00:01:3D,1370,,907,1
37442,send,11:66:F0:00:01:3D,1371,,908,1
37445,ack,11:66:F0:00:01:3D,,0,907,1
37452,send,11:66:F0:00:01:3D,1372,,908,1
37459,send,11:66:F0:00:01:3D,1373,,909,1
37467,send,11:66:F0:00:01:3D,1374,,910,1
37474,send,11:66:F0:00:01:3D,1375,,911,1
37481,send,11:66:F0:00:01:3D,1376,,912,1
37489,send,11:66:F0:00:01:3D,1377,,913,1
37498,send,11:66:F0:00:01:3D,1378,,914,1
37504,ack,11:66:F0:00:01:3D,,0,913,1
37512,send,11:66:F0:00:01:3D,1379,,914,1
37521,send,11:66:F0:00:01:3D,1380,,915,1
37529,send,11:66:F0:00:01:3D,1381,,916,1
37537,send,11:66:F0:00:01:3D,1382,,917,1
37545,send,11:66:F0:00:01:3D,1383,,918,1
37553,send,11:66:F0:00:01:3D,1384,,919,1
37561,ack,11:66:F0:00:01:3D,,0,918,1
37566,send,11:66:F0:00:01:3D,1385,,919,1
37573,send,11:66:F0:00:01:3D,1386,,920,1
37580,send,11:66:F0:00:01:3D,1387,,921,1
37587,send,11:66:F0:00:01:3D,1388,,922,1
37593,send,11:66:F0:00:01:3D,1389,,923,1
37601,send,11:66:F0:00:01:3D,1390,,924,1
37608,send,11:66:F0:00:01:3D,1391,,925,1
37614,send,11:66:F0:00:01:3D,1392,,926,1
37621,ack,11:66:F0:00:01:3D,,0,925,1
37626,send,11:66:F0:00:01:3D,1393,,926,1
37633,send,11:66:F0:00:01:3D,1394,,927,1
37640,send,11:66:F0:00:01:3D,1395,,928,1
37647,send,11:66:F0:00:01:3D,1396,,929,1
37654,send,11:66:F0:00:01:3D,1397,,930,1
37661,send,11:66:F0:00:01:3D,1398,,931,1
37668,send,11:66:F0:00:01:3D,1399,,932,1
37674,send,11:66:F0:00:01:3D,1400,,933,1
37679,ack,11:66:F0:00:01:3D,,0,932,1
37686,send,11:66:F0:00:01:3D,1401,,933,1
37693,send,11:66:F0:00:01:3D,1402,,934,1
37700,send,11:66:F0:00:01:3D,1403,,935,1
37707,send,11:66:F0:00:01:3D,1404,,936,1
37714,send,11:66:F0:00:01:3D,1405,,937,1
37722,send,11:66:F0:00:01:3D,1406,,938,1
37732,send,11:66:F0:00:01:3D,1407,,939,1
37739,ack,11:66:F0:00:01:3D,,0,938,1
37744,send,11:66:F0:00:01:3D,1408,,939,1
37753,send,11:66:F0:00:01:3D,1409,,940,1
37762,send,11:66:F0:00:01:3D,1410,,941,1
37768,send,11:66:F0:00:01:3D,1411,,942,1
37777,send,11:66:F0:00:01:3D,1412,,943,1
37786,send,11:66:F0:00:01:3D,1413,,944,1
37793,send,11:66:F0:00:01:3D,1414,,945,1
37798,ack,11:66:F0:00:01:3D,,0,944,1
37803,send,11:66:F0:00:01:3D,1415,,945,1
37809,send,11:66:F0:00:01:3D,1416,,946,1
37816,send,11:66:F0:00:01:3D,1417,,947,1
37824,send,11:66:F0:00:01:3D,1418,,948,1
37835,send,11:66:F0:00:01:3D,1419,,949,1
37844,send,11:66:F0:00:01:3D,1420,,950,1
37852,send,11:66:F0:00:01:3D,1421,,951,1
37862,ack,11:66:F0:00:01:3D,,0,950,1
37867,send,11:66:F0:00:01:3D,1422,,951,1
37876,send,11:66:F0:00:01:3D,1423,,952,1
37883,send,11:66:F0:00:01:3D,1424,,953,1
37891,send,11:66:F0:00:01:3D,1425,,954,1
37899,send,11:66:F0:00:01:3D,1426,,955,1
37907,send,11:66:F0:00:01:3D,1427,,956,1
37915,send,11:66:F0:00:01:3D,1428,,957,1
37920,ack,11:66:F0:00:01:3D,,0,956,1
37927,send,11:66:F0:00:01:3D,1429,,957,1
37934,send,11:66:F0:00:01:3D,1430,,958,1
37941,send,11:66:F0:00:01:3D,1431,,959,1
37949,send,11:66:F0:00:01:3D,1432,,960,1
37956,send,11:66:F0:00:01:3D,1433,,961,1
37964,send,11:66:F0:00:01:3D,1434,,962,1
37971,send,11:66:F0:00:01:3D,1435,,963,1
37978,ack,11:66:F0:00:01:3D,,0,962,1
37983,send,11:66:F0:00:01:3D,1436,,963,1
37990,send,11:66:F0:00:01:3D,1437,,964,1
37997,send,11:66:F0:00:01:3D,1438,,965,1
38004,send,11:66:F0:00:01:3D,1439,,966,1
38011,send,11:66:F0:00:01:3D,1440,,967,1
38018,send,11:66:F0:00:01:3D,1441,,968,1
38024,send,11:66:F0:00:01:3D,1442,,969,1
38030,send,11:66:F0:00:01:3D,1443,,970,1
38037,ack,11:66:F0:00:01:3D,,0,969,1
38041,send,11:66:F0:00:01:3D,1444,,970,1
38048,send,11:66:F0:00:01:3D,1445,,971,1
38055,send,11:66:F0:00:01:3D,1446,,972,1
38062,send,11:66:F0:00:01:3D,1447,,973,1
38070,send,11:66:F0:00:01:3D,1448,,974,1
38078,send,11:66:F0:00:01:3D,1449,,975,1
38086,send,11:66:F0:00:01:3D,1450,,976,1
38093,ack,11:66:F0:00:01:3D,,0,975,1
38099,send,11:66:F0:00:01:3D,1451,,976,1
38107,send,11:66:F0:00:01:3D,1452,,977,1
38114,send,11:66:F0:00:01:3D,1453,,978,1
38121,send,11:66:F0:00:01:3D,1454,,979,1
38128,send,11:66:F0:00:01:3D,1455,,980,1
38134,send,11:66:F0:00:01:3D,1456,,981,1
38142,send,11:66:F0:00:01:3D,1457,,982,1
38148,ack,11:66:F0:00:01:3D,,0,981,1
38154,send,11:66:F0:00:01:3D,1458,,982,1
38162,send,11:66:F0:00:01:3D,1459,,983,1
38169,send,11:66:F0:00:01:3D,1460,,984,1
38176,send,11:66:F0:00:01:3D,1461,,985,1
38183,send,11:66:F0:00:01:3D,1462,,986,1
38192,send,11:66:F0:00:01:3D,1463,,987,1
38199,send,11:66:F0:00:01:3D,1464,,988,1
38206,ack,11:66:F0:00:01:3D,,0,987,1
38212,send,11:66:F0:00:01:3D,1465,,988,1
38220,send,11:66:F0:00:01:3D,1466,,989,1
38227,send,11:66:F0:00:01:3D,1467,,990,1
38235,send,11:66:F0:00:01:3D,1468,,991,1
38242,send,11:66:F0:00:01:3D,1469,,992,1
38251,send,11:66:F0:00:01:3D,1470,,993,1
38259,send,11:66:F0:00:01:3D,1471,,994,1
38268,ack,11:66:F0:00:01:3D,,0,993,1
38273,send,11:66:F0:00:01:3D,1472,,994,1
38280,send,11:66:F0:00:01:3D,1473,,995,1
38287,send,11:66:F0:00:01:3D,1474,,996,1
38294,send,11:66:F0:00:01:3D,1475,,997,1
38302,send,11:66:F0:00:01:3D,1476,,998,1
38309,send,11:66:F0:00:01:3D,1477,,999,1
38317,send,11:66:F0:00:01:3D,1478,,1000,1
38323,ack,11:66:F0:00:01:3D,,0,999,1
38329,send,11:66:F0:00:01:3D,1479,,1000,1
38335,send,11:66:F0:00:01:3D,1480,,1001,1
38342,send,11:66:F0:00:01:3D,1481,,1002,1
38349,send,11:66:F0:00:01:3D,1482,,1003,1
38356,send,11:66:F0:00:01:3D,1483,,1004,1
38364,send,11:66:F0:00:01:3D,1484,,1005,1
38371,send,11:66:F0:00:01:3D,1485,,1006,1
38378,send,11:66:F0:00:01:3D,1486,,1007,1
38384,ack,11:66:F0:00:01:3D,,0,1006,1
38391,send,11:66:F0:00:01:3D,1487,,1007,1
38398,send,11:66:F0:00:01:3D,1488,,1008,1
38405,send,11:66:F0:00:01:3D,1489,,1009,1
38412,send,11:66:F0:00:01:3D,1490,,1010,1
38421,send,11:66:F0:00:01:3D,1491,,1011,1
38430,send,11:66:F0:00:01:3D,1492,,1012,1
38436,send,11:66:F0:00:01:3D,1493,,1013,1
38442,ack,11:66:F0:00:01:3D,,0,1012,1
38449,send,11:66:F0:00:01:3D,1494,,1013,1
38455,send,11:66:F0:00:01:3D,1495,,1014,1
38462,send,11:66:F0:00:01:3D,1496,,1015,1
38469,send,11:66:F0:00:01:3D,1497,,1016,1
38476,send,11:66:F0:00:01:3D,1498,,1017,1
38484,send,11:66:F0:00:01:3D,1499,,1018,1
38492,send,11:66:F0:00:01:3D,1500,,1019,1
38498,ack,11:66:F0:00:01:3D,,0,1018,1
38504,send,11:66:F0:00:01:3D,1501,,1019,1
38512,send,11:66:F0:00:01:3D,1502,,1020,1
38518,send,11:66:F0:00:01:3D,1503,,1021,1
38524,send,11:66:F0:00:01:3D,1504,,1022,1
38532,send,11:66:F0:00:01:3D,1505,,1023,1
38538,send,11:66:F0:00:01:3D,1506,,1024,1
38545,send,11:66:F0:00:01:3D,1507,,1025,1
38552,send,11:66:F0:00:01:3D,1508,,1026,1
38557,ack,11:66:F0:00:01:3D,,0,1025,1
38563,send,11:66:F0:00:01:3D,1509,,1026,1
38572,send,11:66:F0:00:01:3D,1510,,1027,1
38578,send,11:66:F0:00:01:3D,1511,,1028,1
38584,send,11:66:F0:00:01:3D,1512,,1029,1
38591,send,11:66:F0:00:01:3D,1513,,1030,1
38597,send,11:66:F0:00:01:3D,1514,,1031,1
38606,send,11:66:F0:00:01:3D,1515,,1032,1
38613,send,11:66:F0:00:01:3D,1516,,1033,1
38618,ack,11:66:F0:00:01:3D,,0,1032,1
38622,send,11:66:F0:00:01:3D,1517,,1033,1
38629,send,11:66:F0:00:01:3D,1518,,1034,1
38636,send,11:66:F0:00:01:3D,1519,,1035,1
38643,send,11:66:F0:00:01:3D,1520,,1036,1
38650,send,11:66:F0:00:01:3D,1521,,1037,1
38657,send,11:66:F0:00:01:3D,1522,,1038,1
38664,send,11:66:F0:00:01:3D,1523,,1039,1
38671,send,11:66:F0:00:01:3D,1524,,1040,1
38675,ack,11:66:F0:00:01:3D,,0,1039,1
38680,send,11:66:F0:00:01:3D,1525,,1040,1
38688,send,11:66:F0:00:01:3D,1526,,1041,1
38695,send,11:66:F0:00:01:3D,1527,,1042,1
38702,send,11:66:F0:00:01:3D,1528,,1043,1
38710,send,11:66:F0:00:01:3D,1529,,1044,1
38717,send,11:66:F0:00:01:3D,1530,,1045,1
38725,send,11:66:F0:00:01:3D,1531,,1046,1
38731,ack,11:66:F0:00:01:3D,,0,1045,1
38736,send,11:66:F0:00:01:3D,1532,,1046,1
38743,send,11:66:F0:00:01:3D,1533,,1047,1
38750,send,11:66:F0:00:01:3D,1534,,1048,1
38757,send,11:66:F0:00:01:3D,1535,,1049,1
38766,send,11:66:F0:00:01:3D,1536,,1050,1
38774,send,11:66:F0:00:01:3D,1537,,1051,1
38782,send,11:66:F0:00:01:3D,1538,,1052,1
38788,ack,11:66:F0:00:01:3D,,0,1051,1
38793,send,11:66:F0:00:01:3D,1539,,1052,1
38802,send,11:66:F0:00:01:3D,1540,,1053,1
38809,send,11:66:F0:00:01:3D,1541,,1054,1
38816,send,11:66:F0:00:01:3D,1542,,1055,1
38823,send,11:66:F0:00:01:3D,1543,,1056,1
38829,send,11:66:F0:00:01:3D,1544,,1057,1
38836,send,11:66:F0:00:01:3D,1545,,1058,1
38843,send,11:66:F0:00:01:3D,1546,,1059,1
38846,ack,11:66:F0:00:01:3D,,0,1058,1
38852,send,11:66:F0:00:01:3D,1547,,1059,1
38859,send,11:66:F0:00:01:3D,1548,,1060,1
38867,send,11:66:F0:00:01:3D,1549,,1061,1
38874,send,11:66:F0:00:01:3D,1550,,1062,1
38881,send,11:66:F0:00:01:3D,1551,,1063,1
38888,send,11:66:F0:00:01:3D,1552,,1064,1
38894,send,11:66:F0:00:01:3D,1553,,1065,1
38901,send,11:66:F0:00:01:3D,1554,,1066,1
38903,ack,11:66:F0:00:01:3D,,0,1065,1
38909,send,11:66:F0:00:01:3D,1555,,1066,1
38916,send,11:66:F0:00:01:3D,1556,,1067,1
38923,send,11:66:F0:00:01:3D,1557,,1068,1
38930,send,11:66:F0:00:01:3D,1558,,1069,1
38938,send,11:66:F0:00:01:3D,1559,,1070,1
38946,send,11:66:F0:00:01:3D,1560,,1071,1
38953,send,11:66:F0:00:01:3D,1561,,1072,1
38959,ack,11:66:F0:00:01:3D,,0,1071,1
38966,send,11:66:F0:00:01:3D,1562,,1072,1
38973,send,11:66:F0:00:01:3D,1563,,1073,1
38981,send,11:66:F0:00:01:3D,1564,,1074,1
38990,send,11:66:F0:00:01:3D,1565,,1075,1
38998,send,11:66:F0:00:01:3D,1566,,1076,1
39006,send,11:66:F0:00:01:3D,1567,,1077,1
39013,send,11:66:F0:00:01:3D,1568,,1078,1
39021,ack,11:66:F0:00:01:3D,,0,1077,1
39027,send,11:66:F0:00:01:3D,1569,,1078,1
39035,send,11:66:F0:00:01:3D,1570,,1079,1
39042,send,11:66:F0:00:01:3D,1571,,1080,1
39049,send,11:66:F0:00:01:3D,1572,,1081,1
39056,send,11:66:F0:00:01:3D,1573,,1082,1
39063,send,11:66:F0:00:01:3D,1574,,1083,1
39070,send,11:66:F0:00:01:3D,1575,,1084,1
39076,ack,11:66:F0:00:01:3D,,0,1083,1
39081,send,11:66:F0:00:01:3D,1576,,1084,1
39089,send,11:66:F0:00:01:3D,1577,,1085,1
39096,send,11:66:F0:00:01:3D,1578,,1086,1
39103,send,11:66:F0:00:01:3D,1579,,1087,1
39109,send,11:66:F0:00:01:3D,1580,,1088,1
39116,send,11:66:F0:00:01:3D,1581,,1089,1
39123,send,11:66:F0:00:01:3D,1582,,1090,1
39130,send,11:66:F0:00:01:3D,1583,,1091,1
39134,ack,11:66:F0:00:01:3D,,0,1090,1
39138,send,11:66:F0:00:01:3D,1584,,1091,1
39145,send,11:66:F0:00:01:3D,1585,,1092,1
39152,send,11:66:F0:00:01:3D,1586,,1093,1
39160,send,11:66:F0:00:01:3D,1587,,1094,1
39167,send,11:66:F0:00:01:3D,1588,,1095,1
39175,send,11:66:F0:00:01:3D,1589,,1096,1
39183,send,11:66:F0:00:01:3D,1590,,1097,1
39192,ack,11:66:F0:00:01:3D,,0,1096,1
39197,send,11:66:F0:00:01:3D,1591,,1097,1
39204,send,11:66:F0:00:01:3D,1592,,1098,1
39211,send,11:66:F0:00:01:3D,1593,,1099,1
39218,send,11:66:F0:00:01:3D,1594,,1100,1
39225,send,11:66:F0:00:01:3D,1595,,1101,1
39232,send,11:66:F0:00:01:3D,1596,,1102,1
39239,send,11:66:F0:00:01:3D,1597,,1103,1
39246,send,11:66:F0:00:01:3D,1598,,1104,1
39250,ack,11:66:F0:00:01:3D,,0,1103,1
39255,send,11:66:F0:00:01:3D,1599,,1104,1
39263,send,11:66:F0:00:01:3D,1600,,1105,1
39270,send,11:66:F0:00:01:3D,1601,,1106,1
39277,send,11:66:F0:00:01:3D,1602,,1107,1
39284,send,11:66:F0:00:01:3D,1603,,1108,1
39291,send,11:66:F0:00:01:3D,1604,,1109,1
39297,send,11:66:F0:00:01:3D,1605,,1110,1
39303,send,11:66:F0:00:01:3D,1606,,1111,1
39308,ack,11:66:F0:00:01:3D,,0,1110,1
39315,send,11:66:F0:00:01:3D,1607,,1111,1
39322,send,11:66:F0:00:01:3D,1608,,1112,1
39328,send,11:66:F0:00:01:3D,1609,,1113,1
39335,send,11:66:F0:00:01:3D,1610,,1114,1
39342,send,11:66:F0:00:01:3D,1611,,1115,1
39348,send,11:66:F0:00:01:3D,1612,,1116,1
39356,send,11:66:F0:00:01:3D,1613,,1117,1
39363,send,11:66:F0:00:01:3D,1614,,1118,1
39370,ack,11:66:F0:00:01:3D,,0,1117,1
39375,send,11:66:F0:00:01:3D,1615,,1118,1
39382,send,11:66:F0:00:01:3D,1616,,1119,1
39390,send,11:66:F0:00:01:3D,1617,,1120,1
39397,send,11:66:F0:00:01:3D,1618,,1121,1
39404,send,11:66:F0:00:01:3D,1619,,1122,1
39410,send,11:66:F0:00:01:3D,1620,,1123,1
39417,send,11:66:F0:00:01:3D,1621,,1124,1
39424,send,11:66:F0:00:01:3D,1622,,1125,1
39428,ack,11:66:F0:00:01:3D,,0,1124,1
39437,send,11:66:F0:00:01:3D,1623,,1125,1
39444,send,11:66:F0:00:01:3D,1624,,1126,1
39451,send,11:66:F0:00:01:3D,1625,,1127,1
39458,send,11:66:F0:00:01:3D,1626,,1128,1
39465,send,11:66:F0:00:01:3D,1627,,1129,1
39472,send,11:66:F0:00:01:3D,1628,,1130,1
39478,send,11:66:F0:00:01:3D,1629,,1131,1
39483,ack,11:66:F0:00:01:3D,,0,1130,1
39490,send,11:66:F0:00:01:3D,1630,,1131,1
39496,send,11:66:F0:00:01:3D,1631,,1132,1
39502,send,11:66:F0:00:01:3D,1632,,1133,1
39509,send,11:66:F0:00:01:3D,1633,,1134,1
39517,send,11:66:F0:00:01:3D,1634,,1135,1
39525,send,11:66:F0:00:01:3D,1635,,1136,1
39534,send,11:66:F0:00:01:3D,1636,,1137,1
39541,ack,11:66:F0:00:01:3D,,0,1136,1
39546,send,11:66:F0:00:01:3D,1637,,1137,1
39554,send,11:66:F0:00:01:3D,1638,,1138,1
39561,send,11:66:F0:00:01:3D,1639,,1139,1
39568,send,11:66:F0:00:01:3D,1640,,1140,1
39577,send,11:66:F0:00:01:3D,1641,,1141,1
39585,send,11:66:F0:00:01:3D,1642,,1142,1
39592,send,11:66:F0:00:01:3D,1643,,1143,1
39599,ack,11:66:F0:00:01:3D,,0,1142,1
39604,send,11:66:F0:00:01:3D,1644,,1143,1
39612,send,11:66:F0:00:01:3D,1645,,1144,1
39618,send,11:66:F0:00:01:3D,1646,,1145,1
39627,send,11:66:F0:00:01:3D,1647,,1146,1
39636,send,11:66:F0:00:01:3D,1648,,1147,1
39643,send,11:66:F0:00:01:3D,1649,,1148,1
39651,send,11:66:F0:00:01:3D,1650,,1149,1
39656,ack,11:66:F0:00:01:3D,,0,1148,1
39662,send,11:66:F0:00:01:3D,1651,,1149,1
39670,send,11:66:F0:00:01:3D,1652,,1150,1
39676,send,11:66:F0:00:01:3D,1653,,1151,1
39684,send,11:66:F0:00:01:3D,1654,,1152,1
39692,send,11:66:F0:00:01:3D,1655,,1153,1
39701,send,11:66:F0:00:01:3D,1656,,1154,1
39709,send,11:66:F0:00:01:3D,1657,,1155,1
39716,ack,11:66:F0:00:01:3D,,0,1154,1
39722,send,11:66:F0:00:01:3D,1658,,1155,1
39729,send,11:66:F0:00:01:3D,1659,,1156,1
39735,send,11:66:F0:00:01:3D,1660,,1157,1
39742,send,11:66:F0:00:01:3D,1661,,1158,1
39749,send,11:66:F0:00:01:3D,1662,,1159,1
39756,send,11:66:F0:00:01:3D,1663,,1160,1
39765,send,11:66:F0:00:01:3D,1664,,1161,1
39774,send,11:66:F0:00:01:3D,1665,,1162,1
39776,ack,11:66:F0:00:01:3D,,0,1161,1
39782,send,11:66:F0:00:01:3D,1666,,1162,1
39789,send,11:66:F0:00:01:3D,1667,,1163,1
39796,send,11:66:F0:00:01:3D,1668,,1164,1
39802,send,11:66:F0:00:01:3D,1669,,1165,1
39809,send,11:66:F0:00:01:3D,1670,,1166,1
39817,send,11:66:F0:00:01:3D,1671,,1167,1
39824,send,11:66:F0:00:01:3D,1672,,1168,1
39831,send,11:66:F0:00:01:3D,1673,,1169,1
39836,ack,11:66:F0:00:01:3D,,0,1168,1
39843,send,11:66:F0:00:01:3D,1674,,1169,1
39851,send,11:66:F0:00:01:3D,1675,,1170,1
39859,send,11:66:F0:00:01:3D,1676,,1171,1
39868,send,11:66:F0:00:01:3D,1677,,1172,1
39876,send,11:66:F0:00:01:3D,1678,,1173,1
39884,send,11:66:F0:00:01:3D,1679,,1174,1
39892,send,11:66:F0:00:01:3D,1680,,1175,1
39895,ack,11:66:F0:00:01:3D,,0,1174,1
39902,send,11:66:F0:00:01:3D,1681,,1175,1
39909,send,11:66:F0:00:01:3D,1682,,1176,1
39916,send,11:66:F0:00:01:3D,1683,,1177,1
39923,send,11:66:F0:00:01:3D,1684,,1178,1
39932,send,11:66:F0:00:01:3D,1685,,1179,1
39941,send,11:66:F0:00:01:3D,1686,,1180,1
39948,send,11:66:F0:00:01:3D,1687,,1181,1
39954,ack,11:66:F0:00:01:3D,,0,1180,1
39959,send,11:66:F0:00:01:3D,1688,,1181,1
39967,send,11:66:F0:00:01:3D,1689,,1182,1
39974,send,11:66:F0:00:01:3D,1690,,1183,1
39981,send,11:66:F0:00:01:3D,1691,,1184,1
39987,send,11:66:F0:00:01:3D,1692,,1185,1
39994,send,11:66:F0:00:01:3D,1693,,1186,1
40002,send,11:66:F0:00:01:3D,1694,,1187,1
40009,send,11:66:F0:00:01:3D,1695,,1188,1
40013,ack,11:66:F0:00:01:3D,,0,1187,1
40020,send,11:66:F0:00:01:3D,1696,,1188,1
40028,send,11:66:F0:00:01:3D,1697,,1189,1
40035,send,11:66:F0:00:01:3D,1698,,1190,1
40042,send,11:66:F0:00:01:3D,1699,,1191,1
40049,send,11:66:F0:00:01:3D,1700,,1192,1
40057,send,11:66:F0:00:01:3D,1701,,1193,1
40066,send,11:66:F0:00:01:3D,1702,,1194,1
40074,ack,11:66:F0:00:01:3D,,0,1193,1
40080,send,11:66:F0:00:01:3D,1703,,1194,1
40089,send,11:66:F0:00:01:3D,1704,,1195,1
40096,send,11:66:F0:00:01:3D,1705,,1196,1
40104,send,11:66:F0:00:01:3D,1706,,1197,1
40112,send,11:66:F0:00:01:3D,1707,,1198,1
40120,send,11:66:F0:00:01:3D,1708,,1199,1
40128,send,11:66:F0:00:01:3D,1709,,1200,1
40133,ack,11:66:F0:00:01:3D,,0,1199,1
40140,send,11:66:F0:00:01:3D,1710,,1200,1
40148,send,11:66:F0:00:01:3D,1711,,1201,1
40155,send,11:66:F0:00:01:3D,1712,,1202,1
40162,send,11:66:F0:00:01:3D,1713,,1203,1
40169,send,11:66:F0:00:01:3D,1714,,1204,1
40177,send,11:66:F0:00:01:3D,1715,,1205,1
40185,send,11:66:F0:00:01:3D,1716,,1206,1
40192,ack,11:66:F0:00:01:3D,,0,1205,1
40198,send,11:66:F0:00:01:3D,1717,,1206,1
40206,send,11:66:F0:00:01:3D,1718,,1207,1
40213,send,11:66:F0:00:01:3D,1719,,1208,1
40221,send,11:66:F0:00:01:3D,1720,,1209,1
40228,send,11:66:F0:00:01:3D,1721,,1210,1
40235,send,11:66:F0:00:01:3D,1722,,1211,1
40243,send,11:66:F0:00:01:3D,1723,,1212,1
40249,ack,11:66:F0:00:01:3D,,0,1211,1
40255,send,11:66:F0:00:01:3D,1724,,1212,1
40262,send,11:66:F0:00:01:3D,1725,,1213,1
40269,send,11:66:F0:00:01:3D,1726,,1214,1
40276,send,11:66:F0:00:01:3D,1727,,1215,1
40282,send,11:66:F0:00:01:3D,1728,,1216,1
40289,send,11:66:F0:00:01:3D,1729,,1217,1
40296,send,11:66:F0:00:01:3D,1730,,1218,1
40303,send,11:66:F0:00:01:3D,1731,,1219,1
40308,ack,11:66:F0:00:01:3D,,0,1218,1
40315,send,11:66:F0:00:01:3D,1732,,1219,1
40322,send,11:66:F0:00:01:3D,1733,,1220,1
40329,send,11:66:F0:00:01:3D,1734,,1221,1
40335,send,11:66:F0:00:01:3D,1735,,1222,1
40342,send,11:66:F0:00:01:3D,1736,,1223,1
40350,send,11:66:F0:00:01:3D,1737,,1224,1
40357,send,11:66:F0:00:01:3D,1738,,1225,1
40364,ack,11:66:F0:00:01:3D,,0,1224,1
40372,send,11:66:F0:00:01:3D,1739,,1225,1
40379,send,11:66:F0:00:01:3D,1740,,1226,1
40386,send,11:66:F0:00:01:3D,1741,,1227,1
40394,send,11:66:F0:00:01:3D,1742,,1228,1
40402,send,11:66:F0:00:01:3D,1743,,1229,1
40410,send,11:66:F0:00:01:3D,1744,,1230,1
40417,send,11:66:F0:00:01:3D,1745,,1231,1
40424,ack,11:66:F0:00:01:3D,,0,1230,1
40432,send,11:66:F0:00:01:3D,1746,,1231,1
40440,send,11:66:F0:00:01:3D,1747,,1232,1
40448,send,11:66:F0:00:01:3D,1748,,1233,1
40455,send,11:66:F0:00:01:3D,1749,,1234,1
40461,send,11:66:F0:00:01:3D,1750,,1235,1
40469,send,11:66:F0:00:01:3D,1751,,1236,1
40475,send,11:66:F0:00:01:3D,1752,,1237,1
40482,ack,11:66:F0:00:01:3D,,0,1236,1
40489,send,11:66:F0:00:01:3D,1753,,1237,1
40497,send,11:66:F0:00:01:3D,1754,,1238,1
40504,send,11:66:F0:00:01:3D,1755,,1239,1
40511,send,11:66:F0:00:01:3D,1756,,1240,1
40543,ack,11:66:F0:00:01:3D,,0,1239,1
41217,send,11:66:F0:00:01:3D,1757,,1240,1
41223,ack,11:66:F0:00:01:3D,,0,1239,1
41228,send,11:66:F0:00:01:3D,1758,,1240,1
41234,send,11:66:F0:00:01:3D,1759,,1241,1
41240,send,11:66:F0:00:01:3D,1760,,1242,1
41244,send,11:66:F0:00:01:3D,1761,,1243,1
41250,send,11:66:F0:00:01:3D,1762,,1244,1
41255,send,11:66:F0:00:01:3D,1763,,1245,1
41261,send,11:66:F0:00:01:3D,1764,,1246,1
41270,send,11:66:F0:00:01:3D,1765,,1247,1
41276,send,11:66:F0:00:01:3D,1766,,1248,1
41281,ack,11:66:F0:00:01:3D,,0,1247,1
41286,send,11:66:F0:00:01:3D,1767,,1248,1
41292,send,11:66:F0:00:01:3D,1768,,1249,1
41297,send,11:66:F0:00:01:3D,1769,,1250,1
41303,send,11:66:F0:00:01:3D,1770,,1251,1
41308,send,11:66:F0:00:01:3D,1771,,1252,1
41314,send,11:66:F0:00:01:3D,1772,,1253,1
41321,send,11:66:F0:00:01:3D,1773,,1254,1
41328,send,11:66:F0:00:01:3D,1774,,1255,1
41335,send,11:66:F0:00:01:3D,1775,,1256,1
41347,ack,11:66:F0:00:01:3D,,0,1255,1
41351,send,11:66:F0:00:01:3D,1776,,1256,1
41357,send,11:66:F0:00:01:3D,1777,,1257,1
41363,send,11:66:F0:00:01:3D,1778,,1258,1
41369,send,11:66:F0:00:01:3D,1779,,1259,1
41375,send,11:66:F0:00:01:3D,1780,,1260,1
41381,send,11:66:F0:00:01:3D,1781,,1261,1
41388,send,11:66:F0:00:01:3D,1782,,1262,1
41395,send,11:66:F0:00:01:3D,1783,,1263,1
41402,send,11:66:F0:00:01:3D,1784,,1264,1
41406,ack,11:66:F0:00:01:3D,,0,1263,1
41411,send,11:66:F0:00:01:3D,1785,,1264,1
41417,send,11:66:F0:00:01:3D,1786,,1265,1
41423,send,11:66:F0:00:01:3D,1787,,1266,1
41430,send,11:66:F0:00:01:3D,1788,,1267,1
41437,send,11:66:F0:00:01:3D,1789,,1268,1
41445,send,11:66:F0:00:01:3D,1790,,1269,1
41451,send,11:66:F0:00:01:3D,1791,,1270,1
41458,send,11:66:F0:00:01:3D,1792,,1271,1
41463,ack,11:66:F0:00:01:3D,,0,1270,1
41468,send,11:66:F0:00:01:3D,1793,,1271,1
41474,send,11:66:F0:00:01:3D,1794,,1272,1
41480,send,11:66:F0:00:01:3D,1795,,1273,1
41486,send,11:66:F0:00:01:3D,1796,,1274,1
41493,send,11:66:F0:00:01:3D,1797,,1275,1
41503,send,11:66:F0:00:01:3D,1798,,1276,1
41510,send,11:66:F0:00:01:3D,1799,,1277,1
41517,send,11:66:F0:00:01:3D,1800,,1278,1
41523,ack,11:66:F0:00:01:3D,,0,1277,1
41529,send,11:66:F0:00:01:3D,1801,,1278,1
41535,send,11:66:F0:00:01:3D,1802,,1279,1
41540,send,11:66:F0:00:01:3D,1803,,1280,1
41546,send,11:66:F0:00:01:3D,1804,,1281,1
41553,send,11:66:F0:00:01:3D,1805,,1282,1
41559,send,11:66:F0:00:01:3D,1806,,1283,1
41566,send,11:66:F0:00:01:3D,1807,,1284,1
41572,send,11:66:F0:00:01:3D,1808,,1285,1
41577,send,11:66:F0:00:01:3D,1809,,1286,1
41579,ack,11:66:F0:00:01:3D,,0,1285,1
41583,send,11:66:F0:00:01:3D,1810,,1286,1
41589,send,11:66:F0:00:01:3D,1811,,1287,1
41595,send,11:66:F0:00:01:3D,1812,,1288,1
41601,send,11:66:F0:00:01:3D,1813,,1289,1
41608,send,11:66:F0:00:01:3D,1814,,1290,1
41614,send,11:66:F0:00:01:3D,1815,,1291,1
41620,send,11:66:F0:00:01:3D,1816,,1292,1
41625,send,11:66:F0:00:01:3D,1817,,1293,1
41632,send,11:66:F0:00:01:3D,1818,,1294,1
41635,ack,11:66:F0:00:01:3D,,0,1293,1
41640,send,11:66:F0:00:01:3D,1819,,1294,1
41646,send,11:66:F0:00:01:3D,1820,,1295,1
41652,send,11:66:F0:00:01:3D,1821,,1296,1
41657,send,11:66:F0:00:01:3D,1822,,1297,1
41663,send,11:66:F0:00:01:3D,1823,,1298,1
41669,send,11:66:F0:00:01:3D,1824,,1299,1
41674,send,11:66:F0:00:01:3D,1825,,1300,1
41679,send,11:66:F0:00:01:3D,1826,,1301,1
41685,send,11:66:F0:00:01:3D,1827,,1302,1
41692,ack,11:66:F0:00:01:3D,,0,1301,1
41697,send,11:66:F0:00:01:3D,1828,,1302,1
41704,send,11:66:F0:00:01:3D,1829,,1303,1
41710,send,11:66:F0:00:01:3D,1830,,1304,1
41716,send,11:66:F0:00:01:3D,1831,,1305,1
41722,send,11:66:F0:00:01:3D,1832,,1306,1
41727,send,11:66:F0:00:01:3D,1833,,1307,1
41733,send,11:66:F0:00:01:3D,1834,,1308,1
41739,send,11:66:F0:00:01:3D,1835,,1309,1
41745,send,11:66:F0:00:01:3D,1836,,1310,1
41751,ack,11:66:F0:00:01:3D,,0,1309,1
41756,send,11:66:F0:00:01:3D,1837,,1310,1
41762,send,11:66:F0:00:01:3D,1838,,1311,1
41768,send,11:66:F0:00:01:3D,1839,,1312,1
41774,send,11:66:F0:00:01:3D,1840,,1313,1
41779,send,11:66:F0:00:01:3D,1841,,1314,1
41785,send,11:66:F0:00:01:3D,1842,,1315,1
41791,send,11:66:F0:00:01:3D,1843,,1316,1
41796,send,11:66:F0:00:01:3D,1844,,1317,1
41801,send,11:66:F0:00:01:3D,1845,,1318,1
41807,ack,11:66:F0:00:01:3D,,0,1317,1
41812,send,11:66:F0:00:01:3D,1846,,1318,1
41819,send,11:66:F0:00:01:3D,1847,,1319,1
41826,send,11:66:F0:00:01:3D,1848,,1320,1
41833,send,11:66:F0:00:01:3D,1849,,1321,1
41839,send,11:66:F0:00:01:3D,1850,,1322,1
41845,send,11:66:F0:00:01:3D,1851,,1323,1
41851,send,11:66:F0:00:01:3D,1852,,1324,1
41856,send,11:66:F0:00:01:3D,1853,,1325,1
41862,ack,11:66:F0:00:01:3D,,0,1324,1
41868,send,11:66:F0:00:01:3D,1854,,1325,1
41874,send,11:66:F0:00:01:3D,1855,,1326,1
41880,send,11:66:F0:00:01:3D,1856,,1327,1
41887,send,11:66:F0:00:01:3D,1857,,1328,1
41894,send,11:66:F0:00:01:3D,1858,,1329,1
41900,send,11:66:F0:00:01:3D,1859,,1330,1
41905,send,11:66:F0:00:01:3D,1860,,1331,1
41913,send,11:66:F0:00:01:3D,1861,,1332,1
41921,ack,11:66:F0:00:01:3D,,0,1331,1
41924,send,11:66:F0:00:01:3D,1862,,1332,1
41931,send,11:66:F0:00:01:3D,1863,,1333,1
41937,send,11:66:F0:00:01:3D,1864,,1334,1
41943,send,11:66:F0:00:01:3D,1865,,1335,1
41949,send,11:66:F0:00:01:3D,1866,,1336,1
41955,send,11:66:F0:00:01:3D,1867,,1337,1
41961,send,11:66:F0:00:01:3D,1868,,1338,1
41969,send,11:66:F0:00:01:3D,1869,,1339,1
41977,send,11:66:F0:00:01:3D,1870,,1340,1
41979,ack,11:66:F0:00:01:3D,,0,1339,1
41985,send,11:66:F0:00:01:3D,1871,,1340,1
41991,send,11:66:F0:00:01:3D,1872,,1341,1
41996,send,11:66:F0:00:01:3D,1873,,1342,1
42003,send,11:66:F0:00:01:3D,1874,,1343,1
42009,send,11:66:F0:00:01:3D,1875,,1344,1
42014,send,11:66:F0:00:01:3D,1876,,1345,1
42020,send,11:66:F0:00:01:3D,1877,,1346,1
42026,send,11:66:F0:00:01:3D,1878,,1347,1
42033,send,11:66:F0:00:01:3D,1879,,1348,1
42041,ack,11:66:F0:00:01:3D,,0,1347,1
42046,send,11:66:F0:00:01:3D,1880,,1348,1
42053,send,11:66:F0:00:01:3D,1881,,1349,1
42060,send,11:66:F0:00:01:3D,1882,,1350,1
42067,send,11:66:F0:00:01:3D,1883,,1351,1
42074,send,11:66:F0:00:01:3D,1884,,1352,1
42082,send,11:66:F0:00:01:3D,1885,,1353,1
42089,send,11:66:F0:00:01:3D,1886,,1354,1
42096,send,11:66:F0:00:01:3D,1887,,1355,1
42102,ack,11:66:F0:00:01:3D,,0,1354,1
42106,send,11:66:F0:00:01:3D,1888,,1355,1
42113,send,11:66:F0:00:01:3D,1889,,1356,1
42119,send,11:66:F0:00:01:3D,1890,,1357,1
42126,send,11:66:F0:00:01:3D,1891,,1358,1
42134,send,11:66:F0:00:01:3D,1892,,1359,1
42141,send,11:66:F0:00:01:3D,1893,,1360,1
42147,send,11:66:F0:00:01:3D,1894,,1361,1
42154,send,11:66:F0:00:01:3D,1895,,1362,1
42160,ack,11:66:F0:00:01:3D,,0,1361,1
42166,send,11:66:F0:00:01:3D,1896,,1362,1
42172,send,11:66:F0:00:01:3D,1897,,1363,1
42178,send,11:66:F0:00:01:3D,1898,,1364,1
42184,send,11:66:F0:00:01:3D,1899,,1365,1
42189,send,11:66:F0:00:01:3D,1900,,1366,1
42195,send,11:66:F0:00:01:3D,1901,,1367,1
42201,send,11:66:F0:00:01:3D,1902,,1368,1
42215,send,11:66:F0:00:01:3D,1903,,1369,1
42218,ack,11:66:F0:00:01:3D,,0,1368,1
42223,send,11:66:F0:00:01:3D,1904,,1369,1
42229,send,11:66:F0:00:01:3D,1905,,1370,1
42235,send,11:66:F0:00:01:3D,1906,,1371,1
42241,send,11:66:F0:00:01:3D,1907,,1372,1
42246,send,11:66:F0:00:01:3D,1908,,1373,1
42252,send,11:66:F0:00:01:3D,1909,,1374,1
42257,send,11:66:F0:00:01:3D,1910,,1375,1
42264,send,11:66:F0:00:01:3D,1911,,1376,1
42270,send,11:66:F0:00:01:3D,1912,,1377,1
42275,ack,11:66:F0:00:01:3D,,0,1376,1
42281,send,11:66:F0:00:01:3D,1913,,1377,1
42286,send,11:66:F0:00:01:3D,1914,,1378,1
42293,send,11:66:F0:00:01:3D,1915,,1379,1
42300,send,11:66:F0:00:01:3D,1916,,1380,1
42307,send,11:66:F0:00:01:3D,1917,,1381,1
42313,send,11:66:F0:00:01:3D,1918,,1382,1
42319,send,11:66:F0:00:01:3D,1919,,1383,1
42326,send,11:66:F0:00:01:3D,1920,,1384,1
42333,ack,11:66:F0:00:01:3D,,0,1383,1
42337,send,11:66:F0:00:01:3D,1921,,1384,1
42344,send,11:66:F0:00:01:3D,1922,,1385,1
42349,send,11:66:F0:00:01:3D,1923,,1386,1
42356,send,11:66:F0:00:01:3D,1924,,1387,1
42363,send,11:66:F0:00:01:3D,1925,,1388,1
42371,send,11:66:F0:00:01:3D,1926,,1389,1
42377,send,11:66:F0:00:01:3D,1927,,1390,1
42384,send,11:66:F0:00:01:3D,1928,,1391,1
42389,ack,11:66:F0:00:01:3D,,0,1390,1
42393,send,11:66:F0:00:01:3D,1929,,1391,1
42401,send,11:66:F0:00:01:3D,1930,,1392,1
42407,send,11:66:F0:00:01:3D,1931,,1393,1
42413,send,11:66:F0:00:01:3D,1932,,1394,1
42418,send,11:66:F0:00:01:3D,1933,,1395,1
42425,send,11:66:F0:00:01:3D,1934,,1396,1
42432,send,11:66:F0:00:01:3D,1935,,1397,1
42439,send,11:66:F0:00:01:3D,1936,,1398,1
42445,ack,11:66:F0:00:01:3D,,0,1397,1
42450,send,11:66:F0:00:01:3D,1937,,1398,1
42457,send,11:66:F0:00:01:3D,1938,,1399,1
42463,send,11:66:F0:00:01:3D,1939,,1400,1
42468,send,11:66:F0:00:01:3D,1940,,1401,1
42474,send,11:66:F0:00:01:3D,1941,,1402,1
42480,send,11:66:F0:00:01:3D,1942,,1403,1
42486,send,11:66:F0:00:01:3D,1943,,1404,1
42492,send,11:66:F0:00:01:3D,1944,,1405,1
42497,send,11:66:F0:00:01:3D,1945,,1406,1
42503,ack,11:66:F0:00:01:3D,,0,1405,1
42507,send,11:66:F0:00:01:3D,1946,,1406,1
42513,send,11:66:F0:00:01:3D,1947,,1407,1
42519,send,11:66:F0:00:01:3D,1948,,1408,1
42524,send,11:66:F0:00:01:3D,1949,,1409,1
42530,send,11:66:F0:00:01:3D,1950,,1410,1
42536,send,11:66:F0:00:01:3D,1951,,1411,1
42542,send,11:66:F0:00:01:3D,1952,,1412,1
42548,send,11:66:F0:00:01:3D,1953,,1413,1
42553,send,11:66:F0:00:01:3D,1954,,1414,1
42560,ack,11:66:F0:00:01:3D,,0,1413,1
42564,send,11:66:F0:00:01:3D,1955,,1414,1
42570,send,11:66:F0:00:01:3D,1956,,1415,1
42576,send,11:66:F0:00:01:3D,1957,,1416,1
42582,send,11:66:F0:00:01:3D,1958,,1417,1
42587,send,11:66:F0:00:01:3D,1959,,1418,1
42595,send,11:66:F0:00:01:3D,1960,,1419,1
42602,send,11:66:F0:00:01:3D,1961,,1420,1
42608,send,11:66:F0:00:01:3D,1962,,1421,1
42613,send,11:66:F0:00:01:3D,1963,,1422,1
42618,ack,11:66:F0:00:01:3D,,0,1421,1
42624,send,11:66:F0:00:01:3D,1964,,1422,1
42630,send,11:66:F0:00:01:3D,1965,,1423,1
42636,send,11:66:F0:00:01:3D,1966,,1424,1
42642,send,11:66:F0:00:01:3D,1967,,1425,1
42648,send,11:66:F0:00:01:3D,1968,,1426,1
42654,send,11:66:F0:00:01:3D,1969,,1427,1
42661,send,11:66:F0:00:01:3D,1970,,1428,1
42669,send,11:66:F0:00:01:3D,1971,,1429,1
42675,ack,11:66:F0:00:01:3D,,0,1428,1
42680,send,11:66:F0:00:01:3D,1972,,1429,1
42687,send,11:66:F0:00:01:3D,1973,,1430,1
42693,send,11:66:F0:00:01:3D,1974,,1431,1
42698,send,11:66:F0:00:01:3D,1975,,1432,1
42704,send,11:66:F0:00:01:3D,1976,,1433,1
42709,send,11:66:F0:00:01:3D,1977,,1434,1
42716,send,11:66:F0:00:01:3D,1978,,1435,1
42722,send,11:66:F0:00:01:3D,1979,,1436,1
42728,send,11:66:F0:00:01:3D,1980,,1437,1
42733,ack,11:66:F0:00:01:3D,,0,1436,1
42738,send,11:66:F0:00:01:3D,1981,,1437,1
42743,send,11:66:F0:00:01:3D,1982,,1438,1
42749,send,11:66:F0:00:01:3D,1983,,1439,1
42755,send,11:66:F0:00:01:3D,1984,,1440,1
42761,send,11:66:F0:00:01:3D,1985,,1441,1
42767,send,11:66:F0:00:01:3D,1986,,1442,1
42772,send,11:66:F0:00:01:3D,1987,,1443,1
42778,send,11:66:F0:00:01:3D,1988,,1444,1
42785,send,11:66:F0:00:01:3D,1989,,1445,1
42791,ack,11:66:F0:00:01:3D,,0,1444,1
42795,send,11:66:F0:00:01:3D,1990,,1445,1
42803,send,11:66:F0:00:01:3D,1991,,1446,1
42809,send,11:66:F0:00:01:3D,1992,,1447,1
42814,send,11:66:F0:00:01:3D,1993,,1448,1
42820,send,11:66:F0:00:01:3D,1994,,1449,1
42826,send,11:66:F0:00:01:3D,1995,,1450,1
42832,send,11:66:F0:00:01:3D,1996,,1451,1
42837,send,11:66:F0:00:01:3D,1997,,1452,1
42844,send,11:66:F0:00:01:3D,1998,,1453,1
42853,ack,11:66:F0:00:01:3D,,0,1452,1
42857,send,11:66:F0:00:01:3D,1999,,1453,1
42863,send,11:66:F0:00:01:3D,2000,,1454,1
42869,send,11:66:F0:00:01:3D,2001,,1455,1
42875,send,11:66:F0:00:01:3D,2002,,1456,1
42881,send,11:66:F0:00:01:3D,2003,,1457,1
42887,send,11:66:F0:00:01:3D,2004,,1458,1
42892,send,11:66:F0:00:01:3D,2005,,1459,1
42898,send,11:66:F0:00:01:3D,2006,,1460,1
42904,send,11:66:F0:00:01:3D,2007,,1461,1
42909,ack,11:66:F0:00:01:3D,,0,1460,1
42915,send,11:66:F0:00:01:3D,2008,,1461,1
42921,send,11:66:F0:00:01:3D,2009,,1462,1
42927,send,11:66:F0:00:01:3D,2010,,1463,1
42933,send,11:66:F0:00:01:3D,2011,,1464,1
42939,send,11:66:F0:00:01:3D,2012,,1465,1
42945,send,11:66:F0:00:01:3D,2013,,1466,1
42951,send,11:66:F0:00:01:3D,2014,,1467,1
42957,send,11:66:F0:00:01:3D,2015,,1468,1
42963,send,11:66:F0:00:01:3D,2016,,1469,1
42967,ack,11:66:F0:00:01:3D,,0,1468,1
42974,send,11:66:F0:00:01:3D,2017,,1469,1
42980,send,11:66:F0:00:01:3D,2018,,1470,1
42986,send,11:66:F0:00:01:3D,2019,,1471,1
42992,send,11:66:F0:00:01:3D,2020,,1472,1
42999,send,11:66:F0:00:01:3D,2021,,1473,1
43005,send,11:66:F0:00:01:3D,2022,,1474,1
43012,send,11:66:F0:00:01:3D,2023,,1475,1
43019,send,11:66:F0:00:01:3D,2024,,1476,1
43025,ack,11:66:F0:00:01:3D,,0,1475,1
43031,send,11:66:F0:00:01:3D,2025,,1476,1
43038,send,11:66:F0:00:01:3D,2026,,1477,1
43043,send,11:66:F0:00:01:3D,2027,,1478,1
43049,send,11:66:F0:00:01:3D,2028,,1479,1
43055,send,11:66:F0:00:01:3D,2029,,1480,1
43061,send,11:66:F0:00:01:3D,2030,,1481,1
43069,send,11:66:F0:00:01:3D,2031,,1482,1
43074,send,11:66:F0:00:01:3D,2032,,1483,1
43083,ack,11:66:F0:00:01:3D,,0,1482,1
43087,send,11:66:F0:00:01:3D,2033,,1483,1
43093,send,11:66:F0:00:01:3D,2034,,1484,1
43099,send,11:66:F0:00:01:3D,2035,,1485,1
43105,send,11:66:F0:00:01:3D,2036,,1486,1
43111,send,11:66:F0:00:01:3D,2037,,1487,1
43117,send,11:66:F0:00:01:3D,2038,,1488,1
43122,send,11:66:F0:00:01:3D,2039,,1489,1
43128,send,11:66:F0:00:01:3D,2040,,1490,1
43137,send,11:66:F0:00:01:3D,2041,,1491,1
43144,ack,11:66:F0:00:01:3D,,0,1490,1
43151,send,11:66:F0:00:01:3D,2042,,1491,1
43157,send,11:66:F0:00:01:3D,2043,,1492,1
43163,send,11:66:F0:00:01:3D,2044,,1493,1
43169,send,11:66:F0:00:01:3D,2045,,1494,1
43175,send,11:66:F0:00:01:3D,2046,,1495,1
43181,send,11:66:F0:00:01:3D,2047,,1496,1
43186,send,11:66:F0:00:01:3D,2048,,1497,1
43192,send,11:66:F0:00:01:3D,2049,,1498,1
43198,send,11:66:F0:00:01:3D,2050,,1499,1
43203,ack,11:66:F0:00:01:3D,,0,1498,1
43209,send,11:66:F0:00:01:3D,2051,,1499,1
43215,send,11:66:F0:00:01:3D,2052,,1500,1
43221,send,11:66:F0:00:01:3D,2053,,1501,1
43226,send,11:66:F0:00:01:3D,2054,,1502,1
43232,send,11:66:F0:00:01:3D,2055,,1503,1
43237,send,11:66:F0:00:01:3D,2056,,1504,1
43243,send,11:66:F0:00:01:3D,2057,,1505,1
43249,send,11:66:F0:00:01:3D,2058,,1506,1
43255,send,11:66:F0:00:01:3D,2059,,1507,1
43261,ack,11:66:F0:00:01:3D,,0,1506,1
43266,send,11:66:F0:00:01:3D,2060,,1507,1
43271,send,11:66:F0:00:01:3D,2061,,1508,1
43277,send,11:66:F0:00:01:3D,2062,,1509,1
43283,send,11:66:F0:00:01:3D,2063,,1510,1
43289,send,11:66:F0:00:01:3D,2064,,1511,1
43294,send,11:66:F0:00:01:3D,2065,,1512,1
43302,send,11:66:F0:00:01:3D,2066,,1513,1
43309,send,11:66:F0:00:01:3D,2067,,1514,1
43316,send,11:66:F0:00:01:3D,2068,,1515,1
43319,ack,11:66:F0:00:01:3D,,0,1514,1
43326,send,11:66:F0:00:01:3D,2069,,1515,1
43333,send,11:66:F0:00:01:3D,2070,,1516,1
43341,send,11:66:F0:00:01:3D,2071,,1517,1
43348,send,11:66:F0:00:01:3D,2072,,1518,1
43355,send,11:66:F0:00:01:3D,2073,,1519,1
43362,send,11:66:F0:00:01:3D,2074,,1520,1
43371,send,11:66:F0:00:01:3D,2075,,1521,1
43379,ack,11:66:F0:00:01:3D,,0,1520,1
43383,send,11:66:F0:00:01:3D,2076,,1521,1
43388,send,11:66:F0:00:01:3D,2077,,1522,1
43395,send,11:66:F0:00:01:3D,2078,,1523,1
43402,send,11:66:F0:00:01:3D,2079,,1524,1
43408,send,11:66:F0:00:01:3D,2080,,1525,1
43413,send,11:66:F0:00:01:3D,2081,,1526,1
43420,send,11:66:F0:00:01:3D,2082,,1527,1
43427,send,11:66:F0:00:01:3D,2083,,1528,1
43436,send,11:66:F0:00:01:3D,2084,,1529,1
43438,ack,11:66:F0:00:01:3D,,0,1528,1
43442,send,11:66:F0:00:01:3D,2085,,1529,1
43448,send,11:66:F0:00:01:3D,2086,,1530,1
43456,send,11:66:F0:00:01:3D,2087,,1531,1
43462,send,11:66:F0:00:01:3D,2088,,1532,1
43469,send,11:66:F0:00:01:3D,2089,,1533,1
43475,send,11:66:F0:00:01:3D,2090,,1534,1
43481,send,11:66:F0:00:01:3D,2091,,1535,1
43488,send,11:66:F0:00:01:3D,2092,,1536,1
43495,ack,11:66:F0:00:01:3D,,0,1535,1
43499,send,11:66:F0:00:01:3D,2093,,1536,1
43505,send,11:66:F0:00:01:3D,2094,,1537,1
43511,send,11:66:F0:00:01:3D,2095,,1538,1
43519,send,11:66:F0:00:01:3D,2096,,1539,1
43526,send,11:66:F0:00:01:3D,2097,,1540,1
43533,send,11:66:F0:00:01:3D,2098,,1541,1
43540,send,11:66:F0:00:01:3D,2099,,1542,1
43546,send,11:66:F0:00:01:3D,2100,,1543,1
43552,ack,11:66:F0:00:01:3D,,0,1542,1
43558,send,11:66:F0:00:01:3D,2101,,1543,1
43564,send,11:66:F0:00:01:3D,2102,,1544,1
43570,send,11:66:F0:00:01:3D,2103,,1545,1
43575,send,11:66:F0:00:01:3D,2104,,1546,1
43582,send,11:66:F0:00:01:3D,2105,,1547,1
43589,send,11:66:F0:00:01:3D,2106,,1548,1
43595,send,11:66:F0:00:01:3D,2107,,1549,1
43602,send,11:66:F0:00:01:3D,2108,,1550,1
43608,ack,11:66:F0:00:01:3D,,0,1549,1
43613,send,11:66:F0:00:01:3D,2109,,1550,1
43619,send,11:66:F0:00:01:3D,2110,,1551,1
43625,send,11:66:F0:00:01:3D,2111,,1552,1
43631,send,11:66:F0:00:01:3D,2112,,1553,1
43638,send,11:66:F0:00:01:3D,2113,,1554,1
43644,send,11:66:F0:00:01:3D,2114,,1555,1
43651,send,11:66:F0:00:01:3D,2115,,1556,1
43656,send,11:66:F0:00:01:3D,2116,,1557,1
43662,send,11:66:F0:00:01:3D,2117,,1558,1
43665,ack,11:66:F0:00:01:3D,,0,1557,1
43670,send,11:66:F0:00:01:3D,2118,,1558,1
43676,send,11:66:F0:00:01:3D,2119,,1559,1
43681,send,11:66:F0:00:01:3D,2120,,1560,1
43686,send,11:66:F0:00:01:3D,2121,,1561,1
43692,send,11:66:F0:00:01:3D,2122,,1562,1
43698,send,11:66:F0:00:01:3D,2123,,1563,1
43703,send,11:66:F0:00:01:3D,2124,,1564,1
43709,send,11:66:F0:00:01:3D,2125,,1565,1
43715,send,11:66:F0:00:01:3D,2126,,1566,1
43720,ack,11:66:F0:00:01:3D,,0,1565,1
43726,send,11:66:F0:00:01:3D,2127,,1566,1
43733,send,11:66:F0:00:01:3D,2128,,1567,1
43738,send,11:66:F0:00:01:3D,2129,,1568,1
43745,send,11:66:F0:00:01:3D,2130,,1569,1
43751,send,11:66:F0:00:01:3D,2131,,1570,1
43757,send,11:66:F0:00:01:3D,2132,,1571,1
43763,send,11:66:F0:00:01:3D,2133,,1572,1
43770,send,11:66:F0:00:01:3D,2134,,1573,1
43775,ack,11:66:F0:00:01:3D,,0,1572,1
43781,send,11:66:F0:00:01:3D,2135,,1573,1
43786,send,11:66:F0:00:01:3D,2136,,1574,1
43792,send,11:66:F0:00:01:3D,2137,,1575,1
43797,send,11:66:F0:00:01:3D,2138,,1576,1
43802,send,11:66:F0:00:01:3D,2139,,1577,1
43809,send,11:66:F0:00:01:3D,2140,,1578,1
43816,send,11:66:F0:00:01:3D,2141,,1579,1
43823,send,11:66:F0:00:01:3D,2142,,1580,1
43828,send,11:66:F0:00:01:3D,2143,,1581,1
43835,ack,11:66:F0:00:01:3D,,0,1580,1
43841,send,11:66:F0:00:01:3D,2144,,1581,1
43847,send,11:66:F0:00:01:3D,2145,,1582,1
43853,send,11:66:F0:00:01:3D,2146,,1583,1
43859,send,11:66:F0:00:01:3D,2147,,1584,1
43866,send,11:66:F0:00:01:3D,2148,,1585,1
43872,send,11:66:F0:00:01:3D,2149,,1586,1
43878,send,11:66:F0:00:01:3D,2150,,1587,1
43884,send,11:66:F0:00:01:3D,2151,,1588,1
43890,send,11:66:F0:00:01:3D,2152,,1589,1
43895,ack,11:66:F0:00:01:3D,,0,1588,1
43900,send,11:66:F0:00:01:3D,2153,,1589,1
43906,send,11:66:F0:00:01:3D,2154,,1590,1
43912,send,11:66:F0:00:01:3D,2155,,1591,1
43918,send,11:66:F0:00:01:3D,2156,,1592,1
43923,send,11:66:F0:00:01:3D,2157,,1593,1
43929,send,11:66:F0:00:01:3D,2158,,1594,1
43935,send,11:66:F0:00:01:3D,2159,,1595,1
43941,send,11:66:F0:00:01:3D,2160,,1596,1
43947,send,11:66:F0:00:01:3D,2161,,1597,1
43953,ack,11:66:F0:00:01:3D,,0,1596,1
43957,send,11:66:F0:00:01:3D,2162,,1597,1
43963,send,11:66:F0:00:01:3D,2163,,1598,1
43969,send,11:66:F0:00:01:3D,2164,,1599,1
43975,send,11:66:F0:00:01:3D,2165,,1600,1
43981,send,11:66:F0:00:01:3D,2166,,1601,1
43986,send,11:66:F0:00:01:3D,2167,,1602,1
43993,send,11:66:F0:00:01:3D,2168,,1603,1
44000,send,11:66:F0:00:01:3D,2169,,1604,1
44007,send,11:66:F0:00:01:3D,2170,,1605,1
44010,ack,11:66:F0:00:01:3D,,0,1604,1
44016,send,11:66:F0:00:01:3D,2171,,1605,1
44022,send,11:66:F0:00:01:3D,2172,,1606,1
44027,send,11:66:F0:00:01:3D,2173,,1607,1
44032,send,11:66:F0:00:01:3D,2174,,1608,1
44037,send,11:66:F0:00:01:3D,2175,,1609,1
44043,send,11:66:F0:00:01:3D,2176,,1610,1
44049,send,11:66:F0:00:01:3D,2177,,1611,1
44055,send,11:66:F0:00:01:3D,2178,,1612,1
44061,send,11:66:F0:00:01:3D,2179,,1613,1
44066,ack,11:66:F0:00:01:3D,,0,1612,1
44071,send,11:66:F0:00:01:3D,2180,,1613,1
44078,send,11:66:F0:00:01:3D,2181,,1614,1
44085,send,11:66:F0:00:01:3D,2182,,1615,1
44091,send,11:66:F0:00:01:3D,2183,,1616,1
44096,send,11:66:F0:00:01:3D,2184,,1617,1
44103,send,11:66:F0:00:01:3D,2185,,1618,1
44109,send,11:66:F0:00:01:3D,2186,,1619,1
44115,send,11:66:F0:00:01:3D,2187,,1620,1
44120,send,11:66:F0:00:01:3D,2188,,1621,1
44125,ack,11:66:F0:00:01:3D,,0,1620,1
44129,send,11:66:F0:00:01:3D,2189,,1621,1
44135,send,11:66:F0:00:01:3D,2190,,1622,1
44140,send,11:66:F0:00:01:3D,2191,,1623,1
44147,send,11:66:F0:00:01:3D,2192,,1624,1
44154,send,11:66:F0:00:01:3D,2193,,1625,1
44161,send,11:66:F0:00:01:3D,2194,,1626,1
44167,send,11:66:F0:00:01:3D,2195,,1627,1
44173,send,11:66:F0:00:01:3D,2196,,1628,1
44180,send,11:66:F0:00:01:3D,2197,,1629,1
44183,ack,11:66:F0:00:01:3D,,0,1628,1
44187,send,11:66:F0:00:01:3D,2198,,1629,1
44194,send,11:66:F0:00:01:3D,2199,,1630,1
44202,send,11:66:F0:00:01:3D,2200,,1631,1
44208,send,11:66:F0:00:01:3D,2201,,1632,1
44214,send,11:66:F0:00:01:3D,2202,,1633,1
44222,send,11:66:F0:00:01:3D,2203,,1634,1
44229,send,11:66:F0:00:01:3D,2204,,1635,1
44237,send,11:66:F0:00:01:3D,2205,,1636,1
44240,ack,11:66:F0:00:01:3D,,0,1635,1
44245,send,11:66:F0:00:01:3D,2206,,1636,1
44251,send,11:66:F0:00:01:3D,2207,,1637,1
44257,send,11:66:F0:00:01:3D,2208,,1638,1
44263,send,11:66:F0:00:01:3D,2209,,1639,1
44271,send,11:66:F0:00:01:3D,2210,,1640,1
44277,send,11:66:F0:00:01:3D,2211,,1641,1
44283,send,11:66:F0:00:01:3D,2212,,1642,1
44289,send,11:66:F0:00:01:3D,2213,,1643,1
44295,ack,11:66:F0:00:01:3D,,0,1642,1
44299,send,11:66:F0:00:01:3D,2214,,1643,1
44304,send,11:66:F0:00:01:3D,2215,,1644,1
44309,send,11:66:F0:00:01:3D,2216,,1645,1
44315,send,11:66:F0:00:01:3D,2217,,1646,1
44321,send,11:66:F0:00:01:3D,2218,,1647,1
44326,send,11:66:F0:00:01:3D,2219,,1648,1
44332,send,11:66:F0:00:01:3D,2220,,1649,1
44339,send,11:66:F0:00:01:3D,2221,,1650,1
44345,send,11:66:F0:00:01:3D,2222,,1651,1
44351,ack,11:66:F0:00:01:3D,,0,1650,1
44355,send,11:66:F0:00:01:3D,2223,,1651,1
44361,send,11:66:F0:00:01:3D,2224,,1652,1
44367,send,11:66:F0:00:01:3D,2225,,1653,1
44373,send,11:66:F0:00:01:3D,2226,,1654,1
44379,send,11:66:F0:00:01:3D,2227,,1655,1
44385,send,11:66:F0:00:01:3D,2228,,1656,1
44390,send,11:66:F0:00:01:3D,2229,,1657,1
44397,send,11:66:F0:00:01:3D,2230,,1658,1
44404,send,11:66:F0:00:01:3D,2231,,1659,1
44409,ack,11:66:F0:00:01:3D,,0,1658,1
44413,send,11:66:F0:00:01:3D,2232,,1659,1
44420,send,11:66:F0:00:01:3D,2233,,1660,1
44425,send,11:66:F0:00:01:3D,2234,,1661,1
44430,send,11:66:F0:00:01:3D,2235,,1662,1
44437,send,11:66:F0:00:01:3D,2236,,1663,1
44443,send,11:66:F0:00:01:3D,2237,,1664,1
44448,send,11:66:F0:00:01:3D,2238,,1665,1
44454,send,11:66:F0:00:01:3D,2239,,1666,1
44461,send,11:66:F0:00:01:3D,2240,,1667,1
44467,ack,11:66:F0:00:01:3D,,0,1666,1
44471,send,11:66:F0:00:01:3D,2241,,1667,1
44478,send,11:66:F0:00:01:3D,2242,,1668,1
44484,send,11:66:F0:00:01:3D,2243,,1669,1
44489,send,11:66:F0:00:01:3D,2244,,1670,1
44495,send,11:66:F0:00:01:3D,2245,,1671,1
44500,send,11:66:F0:00:01:3D,2246,,1672,1
44507,send,11:66:F0:00:01:3D,2247,,1673,1
44512,send,11:66:F0:00:01:3D,2248,,1674,1
44518,send,11:66:F0:00:01:3D,2249,,1675,1
44523,ack,11:66:F0:00:01:3D,,0,1674,1
44527,send,11:66:F0:00:01:3D,2250,,1675,1
44533,send,11:66:F0:00:01:3D,2251,,1676,1
44539,send,11:66:F0:00:01:3D,2252,,1677,1
44545,send,11:66:F0:00:01:3D,2253,,1678,1
44551,send,11:66:F0:00:01:3D,2254,,1679,1
44558,send,11:66:F0:00:01:3D,2255,,1680,1
44564,send,11:66:F0:00:01:3D,2256,,1681,1
44570,send,11:66:F0:00:01:3D,2257,,1682,1
44577,send,11:66:F0:00:01:3D,2258,,1683,1
44582,ack,11:66:F0:00:01:3D,,0,1682,1
44588,send,11:66:F0:00:01:3D,2259,,1683,1
44593,send,11:66:F0:00:01:3D,2260,,1684,1
44599,send,11:66:F0:00:01:3D,2261,,1685,1
44605,send,11:66:F0:00:01:3D,2262,,1686,1
44611,send,11:66:F0:00:01:3D,2263,,1687,1
44617,send,11:66:F0:00:01:3D,2264,,1688,1
44623,send,11:66:F0:00:01:3D,2265,,1689,1
44629,send,11:66:F0:00:01:3D,2266,,1690,1
44635,send,11:66:F0:00:01:3D,2267,,1691,1
44640,ack,11:66:F0:00:01:3D,,0,1690,1
44645,send,11:66:F0:00:01:3D,2268,,1691,1
44652,send,11:66:F0:00:01:3D,2269,,1692,1
44657,send,11:66:F0:00:01:3D,2270,,1693,1
44663,send,11:66:F0:00:01:3D,2271,,1694,1
44669,send,11:66:F0:00:01:3D,2272,,1695,1
44675,send,11:66:F0:00:01:3D,2273,,1696,1
44681,send,11:66:F0:00:01:3D,2274,,1697,1
44687,send,11:66:F0:00:01:3D,2275,,1698,1
44693,send,11:66:F0:00:01:3D,2276,,1699,1
44697,ack,11:66:F0:00:01:3D,,0,1698,1
44703,send,11:66:F0:00:01:3D,2277,,1699,1
44709,send,11:66:F0:00:01:3D,2278,,1700,1
44714,send,11:66:F0:00:01:3D,2279,,1701,1
44720,send,11:66:F0:00:01:3D,2280,,1702,1
44726,send,11:66:F0:00:01:3D,2281,,1703,1
44732,send,11:66:F0:00:01:3D,2282,,1704,1
44738,send,11:66:F0:00:01:3D,2283,,1705,1
44744,send,11:66:F0:00:01:3D,2284,,1706,1
44751,send,11:66:F0:00:01:3D,2285,,1707,1
44755,ack,11:66:F0:00:01:3D,,0,1706,1
44760,send,11:66:F0:00:01:3D,2286,,1707,1
44766,send,11:66:F0:00:01:3D,2287,,1708,1
44772,send,11:66:F0:00:01:3D,2288,,1709,1
44778,send,11:66:F0:00:01:3D,2289,,1710,1
44785,send,11:66:F0:00:01:3D,2290,,1711,1
44791,send,11:66:F0:00:01:3D,2291,,1712,1
44798,send,11:66:F0:00:01:3D,2292,,1713,1
44803,send,11:66:F0:00:01:3D,2293,,1714,1
44809,send,11:66:F0:00:01:3D,2294,,1715,1
44813,ack,11:66:F0:00:01:3D,,0,1714,1
44817,send,11:66:F0:00:01:3D,2295,,1715,1
44823,send,11:66:F0:00:01:3D,2296,,1716,1
44829,send,11:66:F0:00:01:3D,2297,,1717,1
44835,send,11:66:F0:00:01:3D,2298,,1718,1
44840,send,11:66:F0:00:01:3D,2299,,1719,1
44847,send,11:66:F0:00:01:3D,2300,,1720,1
44853,send,11:66:F0:00:01:3D,2301,,1721,1
44860,send,11:66:F0:00:01:3D,2302,,1722,1
44866,send,11:66:F0:00:01:3D,2303,,1723,1
44875,ack,11:66:F0:00:01:3D,,0,1722,1
44880,send,11:66:F0:00:01:3D,2304,,1723,1
44886,send,11:66:F0:00:01:3D,2305,,1724,1
44893,send,11:66:F0:00:01:3D,2306,,1725,1
44900,send,11:66:F0:00:01:3D,2307,,1726,1
44906,send,11:66:F0:00:01:3D,2308,,1727,1
44912,send,11:66:F0:00:01:3D,2309,,1728,1
44918,send,11:66:F0:00:01:3D,2310,,1729,1
44926,send,11:66:F0:00:01:3D,2311,,1730,1
44935,ack,11:66:F0:00:01:3D,,0,1729,1
44938,send,11:66:F0:00:01:3D,2312,,1730,1
44944,send,11:66:F0:00:01:3D,2313,,1731,1
44950,send,11:66:F0:00:01:3D,2314,,1732,1
44957,send,11:66:F0:00:01:3D,2315,,1733,1
44964,send,11:66:F0:00:01:3D,2316,,1734,1
44971,send,11:66:F0:00:01:3D,2317,,1735,1
44976,send,11:66:F0:00:01:3D,2318,,1736,1
44982,send,11:66:F0:00:01:3D,2319,,1737,1
44988,send,11:66:F0:00:01:3D,2320,,1738,1
44995,ack,11:66:F0:00:01:3D,,0,1737,1
45001,send,11:66:F0:00:01:3D,2321,,1738,1
45008,send,11:66:F0:00:01:3D,2322,,1739,1
45014,send,11:66:F0:00:01:3D,2323,,1740,1
45020,send,11:66:F0:00:01:3D,2324,,1741,1
45026,send,11:66:F0:00:01:3D,2325,,1742,1
45033,send,11:66:F0:00:01:3D,2326,,1743,1
45040,send,11:66:F0:00:01:3D,2327,,1744,1
45045,send,11:66:F0:00:01:3D,2328,,1745,1
45051,ack,11:66:F0:00:01:3D,,0,1744,1
45057,send,11:66:F0:00:01:3D,2329,,1745,1
45064,send,11:66:F0:00:01:3D,2330,,1746,1
45071,send,11:66:F0:00:01:3D,2331,,1747,1
45078,send,11:66:F0:00:01:3D,2332,,1748,1
45084,send,11:66:F0:00:01:3D,2333,,1749,1
45092,send,11:66:F0:00:01:3D,2334,,1750,1
45098,send,11:66:F0:00:01:3D,2335,,1751,1
45105,send,11:66:F0:00:01:3D,2336,,1752,1
45110,ack,11:66:F0:00:01:3D,,0,1751,1
45116,send,11:66:F0:00:01:3D,2337,,1752,1
45122,send,11:66:F0:00:01:3D,2338,,1753,1
45127,send,11:66:F0:00:01:3D,2339,,1754,1
45133,send,11:66:F0:00:01:3D,2340,,1755,1
45138,send,11:66:F0:00:01:3D,2341,,1756,1
45144,send,11:66:F0:00:01:3D,2342,,1757,1
45150,send,11:66:F0:00:01:3D,2343,,1758,1
45157,send,11:66:F0:00:01:3D,2344,,1759,1
45164,send,11:66:F0:00:01:3D,2345,,1760,1
45172,ack,11:66:F0:00:01:3D,,0,1759,1
45174,send,11:66:F0:00:01:3D,2346,,1760,1
45181,send,11:66:F0:00:01:3D,2347,,1761,1
45187,send,11:66:F0:00:01:3D,2348,,1762,1
45193,send,11:66:F0:00:01:3D,2349,,1763,1
45199,send,11:66:F0:00:01:3D,2350,,1764,1
45215,send,11:66:F0:00:01:3D,2351,,1765,1
45223,send,11:66:F0:00:01:3D,2352,,1766,1
45228,ack,11:66:F0:00:01:3D,,0,1765,1
45234,send,11:66:F0:00:01:3D,2353,,1766,1
45241,send,11:66:F0:00:01:3D,2354,,1767,1
45247,send,11:66:F0:00:01:3D,2355,,1768,1
45254,send,11:66:F0:00:01:3D,2356,,1769,1
45261,send,11:66:F0:00:01:3D,2357,,1770,1
45268,send,11:66:F0:00:01:3D,2358,,1771,1
45274,send,11:66:F0:00:01:3D,2359,,1772,1
45281,send,11:66:F0:00:01:3D,2360,,1773,1
45287,ack,11:66:F0:00:01:3D,,0,1772,1
45294,send,11:66:F0:00:01:3D,2361,,1773,1
45300,send,11:66:F0:00:01:3D,2362,,1774,1
45305,send,11:66:F0:00:01:3D,2363,,1775,1
45313,send,11:66:F0:00:01:3D,2364,,1776,1
45320,send,11:66:F0:00:01:3D,2365,,1777,1
45328,send,11:66:F0:00:01:3D,2366,,1778,1
45335,send,11:66:F0:00:01:3D,2367,,1779,1
45341,send,11:66:F0:00:01:3D,2368,,1780,1
45346,ack,11:66:F0:00:01:3D,,0,1779,1
45349,send,11:66:F0:00:01:3D,2369,,1780,1
45355,send,11:66:F0:00:01:3D,2370,,1781,1
45360,send,11:66:F0:00:01:3D,2371,,1782,1
45366,send,11:66:F0:00:01:3D,2372,,1783,1
45372,send,11:66:F0:00:01:3D,2373,,1784,1
45378,send,11:66:F0:00:01:3D,2374,,1785,1
45383,send,11:66:F0:00:01:3D,2375,,1786,1
45390,send,11:66:F0:00:01:3D,2376,,1787,1
45397,send,11:66:F0:00:01:3D,2377,,1788,1
45402,ack,11:66:F0:00:01:3D,,0,1787,1
45407,send,11:66:F0:00:01:3D,2378,,1788,1
45413,send,11:66:F0:00:01:3D,2379,,1789,1
45419,send,11:66:F0:00:01:3D,2380,,1790,1
45426,send,11:66:F0:00:01:3D,2381,,1791,1
45434,send,11:66:F0:00:01:3D,2382,,1792,1
45440,send,11:66:F0:00:01:3D,2383,,1793,1
45446,send,11:66:F0:00:01:3D,2384,,1794,1
45453,send,11:66:F0:00:01:3D,2385,,1795,1
45461,ack,11:66:F0:00:01:3D,,0,1794,1
45466,send,11:66:F0:00:01:3D,2386,,1795,1
45472,send,11:66:F0:00:01:3D,2387,,1796,1
45478,send,11:66:F0:00:01:3D,2388,,1797,1
45483,send,11:66:F0:00:01:3D,2389,,1798,1
45489,send,11:66:F0:00:01:3D,2390,,1799,1
45495,send,11:66:F0:00:01:3D,2391,,1800,1
45502,send,11:66:F0:00:01:3D,2392,,1801,1
45508,send,11:66:F0:00:01:3D,2393,,1802,1
45514,send,11:66:F0:00:01:3D,2394,,1803,1
45520,ack,11:66:F0:00:01:3D,,0,1802,1
45524,send,11:66:F0:00:01:3D,2395,,1803,1
45530,send,11:66:F0:00:01:3D,2396,,1804,1
45536,send,11:66:F0:00:01:3D,2397,,1805,1
45542,send,11:66:F0:00:01:3D,2398,,1806,1
45549,send,11:66:F0:00:01:3D,2399,,1807,1
45555,send,11:66:F0:00:01:3D,2400,,1808,1
45562,send,11:66:F0:00:01:3D,2401,,1809,1
45569,send,11:66:F0:00:01:3D,2402,,1810,1
45576,ack,11:66:F0:00:01:3D,,0,1809,1
45580,send,11:66:F0:00:01:3D,2403,,1810,1
45587,send,11:66:F0:00:01:3D,2404,,1811,1
45594,send,11:66:F0:00:01:3D,2405,,1812,1
45600,send,11:66:F0:00:01:3D,2406,,1813,1
45607,send,11:66:F0:00:01:3D,2407,,1814,1
45613,send,11:66:F0:00:01:3D,2408,,1815,1
45619,send,11:66:F0:00:01:3D,2409,,1816,1
45626,send,11:66:F0:00:01:3D,2410,,1817,1
45634,ack,11:66:F0:00:01:3D,,0,1816,1
45639,send,11:66:F0:00:01:3D,2411,,1817,1
45645,send,11:66:F0:00:01:3D,2412,,1818,1
45651,send,11:66:F0:00:01:3D,2413,,1819,1
45658,send,11:66:F0:00:01:3D,2414,,1820,1
45665,send,11:66:F0:00:01:3D,2415,,1821,1
45672,send,11:66:F0:00:01:3D,2416,,1822,1
45678,send,11:66:F0:00:01:3D,2417,,1823,1
45686,send,11:66:F0:00:01:3D,2418,,1824,1
45693,ack,11:66:F0:00:01:3D,,0,1823,1
45697,send,11:66:F0:00:01:3D,2419,,1824,1
45703,send,11:66:F0:00:01:3D,2420,,1825,1
45709,send,11:66:F0:00:01:3D,2421,,1826,1
45715,send,11:66:F0:00:01:3D,2422,,1827,1
45721,send,11:66:F0:00:01:3D,2423,,1828,1
45727,send,11:66:F0:00:01:3D,2424,,1829,1
45733,send,11:66:F0:00:01:3D,2425,,1830,1
45738,send,11:66:F0:00:01:3D,2426,,1831,1
45744,send,11:66:F0:00:01:3D,2427,,1832,1
45749,ack,11:66:F0:00:01:3D,,0,1831,1
45754,send,11:66:F0:00:01:3D,2428,,1832,1
45760,send,11:66:F0:00:01:3D,2429,,1833,1
45766,send,11:66:F0:00:01:3D,2430,,1834,1
45771,send,11:66:F0:00:01:3D,2431,,1835,1
45777,send,11:66:F0:00:01:3D,2432,,1836,1
45783,send,11:66:F0:00:01:3D,2433,,1837,1
45788,send,11:66:F0:00:01:3D,2434,,1838,1
45796,send,11:66:F0:00:01:3D,2435,,1839,1
45804,send,11:66:F0:00:01:3D,2436,,1840,1
45809,ack,11:66:F0:00:01:3D,,0,1839,1
45813,send,11:66:F0:00:01:3D,2437,,1840,1
45819,send,11:66:F0:00:01:3D,2438,,1841,1
45825,send,11:66:F0:00:01:3D,2439,,1842,1
45832,send,11:66:F0:00:01:3D,2440,,1843,1
45838,send,11:66:F0:00:01:3D,2441,,1844,1
45844,send,11:66:F0:00:01:3D,2442,,1845,1
45849,send,11:66:F0:00:01:3D,2443,,1846,1
45855,send,11:66:F0:00:01:3D,2444,,1847,1
45861,send,11:66:F0:00:01:3D,2445,,1848,1
45866,ack,11:66:F0:00:01:3D,,0,1847,1
45871,send,11:66:F0:00:01:3D,2446,,1848,1
45877,send,11:66:F0:00:01:3D,2447,,1849,1
45883,send,11:66:F0:00:01:3D,2448,,1850,1
45889,send,11:66:F0:00:01:3D,2449,,1851,1
45895,send,11:66:F0:00:01:3D,2450,,1852,1
45901,send,11:66:F0:00:01:3D,2451,,1853,1
45907,send,11:66:F0:00:01:3D,2452,,1854,1
45913,send,11:66:F0:00:01:3D,2453,,1855,1
45921,send,11:66:F0:00:01:3D,2454,,1856,1
45923,ack,11:66:F0:00:01:3D,,0,1855,1
45929,send,11:66:F0:00:01:3D,2455,,1856,1
45937,send,11:66:F0:00:01:3D,2456,,1857,1
45943,send,11:66:F0:00:01:3D,2457,,1858,1
45949,send,11:66:F0:00:01:3D,2458,,1859,1
45955,send,11:66:F0:00:01:3D,2459,,1860,1
45961,send,11:66:F0:00:01:3D,2460,,1861,1
45967,send,11:66:F0:00:01:3D,2461,,1862,1
45973,send,11:66:F0:00:01:3D,2462,,1863,1
45979,ack,11:66:F0:00:01:3D,,0,1862,1
45983,send,11:66:F0:00:01:3D,2463,,1863,1
45989,send,11:66:F0:00:01:3D,2464,,1864,1
45995,send,11:66:F0:00:01:3D,2465,,1865,1
46000,send,11:66:F0:00:01:3D,2466,,1866,1
46005,send,11:66:F0:00:01:3D,2467,,1867,1
46011,send,11:66:F0:00:01:3D,2468,,1868,1
46017,send,11:66:F0:00:01:3D,2469,,1869,1
46025,send,11:66:F0:00:01:3D,2470,,1870,1
46031,send,11:66:F0:00:01:3D,2471,,1871,1
46039,ack,11:66:F0:00:01:3D,,0,1870,1
46043,send,11:66:F0:00:01:3D,2472,,1871,1
46049,send,11:66:F0:00:01:3D,2473,,1872,1
46055,send,11:66:F0:00:01:3D,2474,,1873,1
46060,send,11:66:F0:00:01:3D,2475,,1874,1
46066,send,11:66:F0:00:01:3D,2476,,1875,1
46072,send,11:66:F0:00:01:3D,2477,,1876,1
46078,send,11:66:F0:00:01:3D,2478,,1877,1
46083,send,11:66:F0:00:01:3D,2479,,1878,1
46089,send,11:66:F0:00:01:3D,2480,,1879,1
46095,ack,11:66:F0:00:01:3D,,0,1878,1
46100,send,11:66:F0:00:01:3D,2481,,1879,1
46106,send,11:66:F0:00:01:3D,2482,,1880,1
46112,send,11:66:F0:00:01:3D,2483,,1881,1
46118,send,11:66:F0:00:01:3D,2484,,1882,1
46125,send,11:66:F0:00:01:3D,2485,,1883,1
46131,send,11:66:F0:00:01:3D,2486,,1884,1
46139,send,11:66:F0:00:01:3D,2487,,1885,1
46146,send,11:66:F0:00:01:3D,2488,,1886,1
46152,ack,11:66:F0:00:01:3D,,0,1885,1
46157,send,11:66:F0:00:01:3D,2489,,1886,1
46164,send,11:66:F0:00:01:3D,2490,,1887,1
46170,send,11:66:F0:00:01:3D,2491,,1888,1
46176,send,11:66:F0:00:01:3D,2492,,1889,1
46182,send,11:66:F0:00:01:3D,2493,,1890,1
46189,send,11:66:F0:00:01:3D,2494,,1891,1
46195,send,11:66:F0:00:01:3D,2495,,1892,1
46201,send,11:66:F0:00:01:3D,2496,,1893,1
46209,ack,11:66:F0:00:01:3D,,0,1892,1
46220,send,11:66:F0:00:01:3D,2497,,1893,1
46226,send,11:66:F0:00:01:3D,2498,,1894,1
46233,send,11:66:F0:00:01:3D,2499,,1895,1
46239,send,11:66:F0:00:01:3D,2500,,1896,1
46246,send,11:66:F0:00:01:3D,2501,,1897,1
46253,send,11:66:F0:00:01:3D,2502,,1898,1
46259,send,11:66:F0:00:01:3D,2503,,1899,1
46266,ack,11:66:F0:00:01:3D,,0,1898,1
46270,send,11:66:F0:00:01:3D,2504,,1899,1
46277,send,11:66:F0:00:01:3D,2505,,1900,1
46282,send,11:66:F0:00:01:3D,2506,,1901,1
46289,send,11:66:F0:00:01:3D,2507,,1902,1
46296,send,11:66:F0:00:01:3D,2508,,1903,1
46303,send,11:66:F0:00:01:3D,2509,,1904,1
46310,send,11:66:F0:00:01:3D,2510,,1905,1
46316,send,11:66:F0:00:01:3D,2511,,1906,1
46321,ack,11:66:F0:00:01:3D,,0,1905,1
46326,send,11:66:F0:00:01:3D,2512,,1906,1
46332,send,11:66:F0:00:01:3D,2513,,1907,1
46338,send,11:66:F0:00:01:3D,2514,,1908,1
46344,send,11:66:F0:00:01:3D,2515,,1909,1
46351,send,11:66:F0:00:01:3D,2516,,1910,1
46358,send,11:66:F0:00:01:3D,2517,,1911,1
46365,send,11:66:F0:00:01:3D,2518,,1912,1
46372,send,11:66:F0:00:01:3D,2519,,1913,1
46379,ack,11:66:F0:00:01:3D,,0,1912,1
46383,send,11:66:F0:00:01:3D,2520,,1913,1
46390,send,11:66:F0:00:01:3D,2521,,1914,1
46395,send,11:66:F0:00:01:3D,2522,,1915,1
46403,send,11:66:F0:00:01:3D,2523,,1916,1
46410,send,11:66:F0:00:01:3D,2524,,1917,1
46417,send,11:66:F0:00:01:3D,2525,,1918,1
46423,send,11:66:F0:00:01:3D,2526,,1919,1
46430,send,11:66:F0:00:01:3D,2527,,1920,1
46436,ack,11:66:F0:00:01:3D,,0,1919,1
46441,send,11:66:F0:00:01:3D,2528,,1920,1
46447,send,11:66:F0:00:01:3D,2529,,1921,1
46453,send,11:66:F0:00:01:3D,2530,,1922,1
46460,send,11:66:F0:00:01:3D,2531,,1923,1
46466,send,11:66:F0:00:01:3D,2532,,1924,1
46472,send,11:66:F0:00:01:3D,2533,,1925,1
46480,send,11:66:F0:00:01:3D,2534,,1926,1
46487,send,11:66:F0:00:01:3D,2535,,1927,1
46494,ack,11:66:F0:00:01:3D,,0,1926,1
46499,send,11:66:F0:00:01:3D,2536,,1927,1
46506,send,11:66:F0:00:01:3D,2537,,1928,1
46513,send,11:66:F0:00:01:3D,2538,,1929,1
46520,send,11:66:F0:00:01:3D,2539,,1930,1
46527,send,11:66:F0:00:01:3D,2540,,1931,1
46534,send,11:66:F0:00:01:3D,2541,,1932,1
46540,send,11:66:F0:00:01:3D,2542,,1933,1
46546,send,11:66:F0:00:01:3D,2543,,1934,1
46553,ack,11:66:F0:00:01:3D,,0,1933,1
46557,send,11:66:F0:00:01:3D,2544,,1934,1
46563,send,11:66:F0:00:01:3D,2545,,1935,1
46570,send,11:66:F0:00:01:3D,2546,,1936,1
46576,send,11:66:F0:00:01:3D,2547,,1937,1
46582,send,11:66:F0:00:01:3D,2548,,1938,1
46588,send,11:66:F0:00:01:3D,2549,,1939,1
46595,send,11:66:F0:00:01:3D,2550,,1940,1
46601,send,11:66:F0:00:01:3D,2551,,1941,1
46608,send,11:66:F0:00:01:3D,2552,,1942,1
46610,ack,11:66:F0:00:01:3D,,0,1941,1
46613,send,11:66:F0:00:01:3D,2553,,1942,1
46619,send,11:66:F0:00:01:3D,2554,,1943,1
46625,send,11:66:F0:00:01:3D,2555,,1944,1
46630,send,11:66:F0:00:01:3D,2556,,1945,1
46637,send,11:66:F0:00:01:3D,2557,,1946,1
