elapsed_ms,event,address,seq,status,outstanding,devices
5,send,11:66:F0:00:01:3D,1,,1,1
12,ack,11:66:F0:00:01:3D,,0,0,1
413,send,11:66:F0:00:01:3D,2,,1,1
420,ack,11:66:F0:00:01:3D,,0,0,1
1419,send,11:66:F0:00:01:3D,3,,1,1
1429,ack,11:66:F0:00:01:3D,,0,0,1
1548,send,11:66:F0:00:01:3D,4,,1,1
1557,ack,11:66:F0:00:01:3D,,0,0,1
1835,send,11:66:F0:00:01:3D,5,,1,1
1842,ack,11:66:F0:00:01:3D,,0,0,1
1963,send,11:66:F0:00:01:3D,6,,1,1
1969,ack,11:66:F0:00:01:3D,,0,0,1
2249,send,11:66:F0:00:01:3D,7,,1,1
2255,ack,11:66:F0:00:01:3D,,0,0,1
2375,send,11:66:F0:00:01:3D,8,,1,1
2381,ack,11:66:F0:00:01:3D,,0,0,1
4161,send,11:66:F0:00:01:3D,9,,1,1
4169,ack,11:66:F0:00:01:3D,,0,0,1
4868,send,11:66:F0:00:01:3D,10,,1,1
4875,ack,11:66:F0:00:01:3D,,0,0,1
4975,send,11:66:F0:00:01:3D,11,,1,1
4982,ack,11:66:F0:00:01:3D,,0,0,1
5083,send,11:66:F0:00:01:3D,12,,1,1
5089,ack,11:66:F0:00:01:3D,,0,0,1
5189,send,11:66:F0:00:01:3D,13,,1,1
5196,ack,11:66:F0:00:01:3D,,0,0,1
5295,send,11:66:F0:00:01:3D,14,,1,1
5300,ack,11:66:F0:00:01:3D,,0,0,1
5401,send,11:66:F0:00:01:3D,15,,1,1
5410,ack,11:66:F0:00:01:3D,,0,0,1
5508,send,11:66:F0:00:01:3D,16,,1,1
5514,ack,11:66:F0:00:01:3D,,0,0,1
5615,send,11:66:F0:00:01:3D,17,,1,1
5620,ack,11:66:F0:00:01:3D,,0,0,1
5719,send,11:66:F0:00:01:3D,18,,1,1
5723,ack,11:66:F0:00:01:3D,,0,0,1
5824,send,11:66:F0:00:01:3D,19,,1,1
5834,ack,11:66:F0:00:01:3D,,0,0,1
5935,send,11:66:F0:00:01:3D,20,,1,1
5943,ack,11:66:F0:00:01:3D,,0,0,1
6043,send,11:66:F0:00:01:3D,21,,1,1
6049,ack,11:66:F0:00:01:3D,,0,0,1
6148,send,11:66:F0:00:01:3D,22,,1,1
6154,ack,11:66:F0:00:01:3D,,0,0,1
6254,send,11:66:F0:00:01:3D,23,,1,1
6259,ack,11:66:F0:00:01:3D,,0,0,1
6360,send,11:66:F0:00:01:3D,24,,1,1
6367,ack,11:66:F0:00:01:3D,,0,0,1
6468,send,11:66:F0:00:01:3D,25,,1,1
6474,ack,11:66:F0:00:01:3D,,0,0,1
6576,send,11:66:F0:00:01:3D,26,,1,1
6586,ack,11:66:F0:00:01:3D,,0,0,1
6685,send,11:66:F0:00:01:3D,27,,1,1
6693,ack,11:66:F0:00:01:3D,,0,0,1
6791,send,11:66:F0:00:01:3D,28,,1,1
6798,ack,11:66:F0:00:01:3D,,0,0,1
6897,send,11:66:F0:00:01:3D,29,,1,1
6907,ack,11:66:F0:00:01:3D,,0,0,1
7006,send,11:66:F0:00:01:3D,30,,1,1
7012,ack,11:66:F0:00:01:3D,,0,0,1
7111,send,11:66:F0:00:01:3D,31,,1,1
7117,ack,11:66:F0:00:01:3D,,0,0,1
7218,send,11:66:F0:00:01:3D,32,,1,1
7227,ack,11:66:F0:00:01:3D,,0,0,1
7326,send,11:66:F0:00:01:3D,33,,1,1
7331,ack,11:66:F0:00:01:3D,,0,0,1
7430,send,11:66:F0:00:01:3D,34,,1,1
7438,ack,11:66:F0:00:01:3D,,0,0,1
7537,send,11:66:F0:00:01:3D,35,,1,1
7545,ack,11:66:F0:00:01:3D,,0,0,1
7644,send,11:66:F0:00:01:3D,36,,1,1
7649,ack,11:66:F0:00:01:3D,,0,0,1
7750,send,11:66:F0:00:01:3D,37,,1,1
7756,ack,11:66:F0:00:01:3D,,0,0,1
7856,send,11:66:F0:00:01:3D,38,,1,1
7863,ack,11:66:F0:00:01:3D,,0,0,1
7961,send,11:66:F0:00:01:3D,39,,1,1
7970,ack,11:66:F0:00:01:3D,,0,0,1
8068,send,11:66:F0:00:01:3D,40,,1,1
8074,ack,11:66:F0:00:01:3D,,0,0,1
8174,send,11:66:F0:00:01:3D,41,,1,1
8181,ack,11:66:F0:00:01:3D,,0,0,1
8279,send,11:66:F0:00:01:3D,42,,1,1
8285,ack,11:66:F0:00:01:3D,,0,0,1
8385,send,11:66:F0:00:01:3D,43,,1,1
8393,ack,11:66:F0:00:01:3D,,0,0,1
8490,send,11:66:F0:00:01:3D,44,,1,1
8498,ack,11:66:F0:00:01:3D,,0,0,1
8598,send,11:66:F0:00:01:3D,45,,1,1
8603,ack,11:66:F0:00:01:3D,,0,0,1
8704,send,11:66:F0:00:01:3D,46,,1,1
8711,ack,11:66:F0:00:01:3D,,0,0,1
8809,send,11:66:F0:00:01:3D,47,,1,1
8817,ack,11:66:F0:00:01:3D,,0,0,1
8916,send,11:66:F0:00:01:3D,48,,1,1
8923,ack,11:66:F0:00:01:3D,,0,0,1
9022,send,11:66:F0:00:01:3D,49,,1,1
9028,ack,11:66:F0:00:01:3D,,0,0,1
9127,send,11:66:F0:00:01:3D,50,,1,1
9134,ack,11:66:F0:00:01:3D,,0,0,1
9835,send,11:66:F0:00:01:3D,51,,1,1
9842,ack,11:66:F0:00:01:3D,,0,0,1
9891,send,11:66:F0:00:01:3D,52,,1,1
9897,ack,11:66:F0:00:01:3D,,0,0,1
9947,send,11:66:F0:00:01:3D,53,,1,1
9953,ack,11:66:F0:00:01:3D,,0,0,1
10003,send,11:66:F0:00:01:3D,54,,1,1
10009,ack,11:66:F0:00:01:3D,,0,0,1
10058,send,11:66:F0:00:01:3D,55,,1,1
10064,ack,11:66:F0:00:01:3D,,0,0,1
10111,send,11:66:F0:00:01:3D,56,,1,1
10119,ack,11:66:F0:00:01:3D,,0,0,1
10170,send,11:66:F0:00:01:3D,57,,1,1
10177,ack,11:66:F0:00:01:3D,,0,0,1
10226,send,11:66:F0:00:01:3D,58,,1,1
10232,ack,11:66:F0:00:01:3D,,0,0,1
10290,send,11:66:F0:00:01:3D,59,,1,1
10294,ack,11:66:F0:00:01:3D,,0,0,1
10343,send,11:66:F0:00:01:3D,60,,1,1
10348,ack,11:66:F0:00:01:3D,,0,0,1
10397,send,11:66:F0:00:01:3D,61,,1,1
10403,ack,11:66:F0:00:01:3D,,0,0,1
10452,send,11:66:F0:00:01:3D,62,,1,1
10458,ack,11:66:F0:00:01:3D,,0,0,1
10506,send,11:66:F0:00:01:3D,63,,1,1
10511,ack,11:66:F0:00:01:3D,,0,0,1
10562,send,11:66:F0:00:01:3D,64,,1,1
10568,ack,11:66:F0:00:01:3D,,0,0,1
10618,send,11:66:F0:00:01:3D,65,,1,1
10624,ack,11:66:F0:00:01:3D,,0,0,1
10674,send,11:66:F0:00:01:3D,66,,1,1
10683,ack,11:66:F0:00:01:3D,,0,0,1
10731,send,11:66:F0:00:01:3D,67,,1,1
10737,ack,11:66:F0:00:01:3D,,0,0,1
10787,send,11:66:F0:00:01:3D,68,,1,1
10789,ack,11:66:F0:00:01:3D,,0,0,1
10840,send,11:66:F0:00:01:3D,69,,1,1
10842,ack,11:66:F0:00:01:3D,,0,0,1
10893,send,11:66:F0:00:01:3D,70,,1,1
10900,ack,11:66:F0:00:01:3D,,0,0,1
10949,send,11:66:F0:00:01:3D,71,,1,1
10957,ack,11:66:F0:00:01:3D,,0,0,1
11005,send,11:66:F0:00:01:3D,72,,1,1
11011,ack,11:66:F0:00:01:3D,,0,0,1
11060,send,11:66:F0:00:01:3D,73,,1,1
11066,ack,11:66:F0:00:01:3D,,0,0,1
11115,send,11:66:F0:00:01:3D,74,,1,1
11121,ack,11:66:F0:00:01:3D,,0,0,1
11172,send,11:66:F0:00:01:3D,75,,1,1
11179,ack,11:66:F0:00:01:3D,,0,0,1
11228,send,11:66:F0:00:01:3D,76,,1,1
11238,ack,11:66:F0:00:01:3D,,0,0,1
11283,send,11:66:F0:00:01:3D,77,,1,1
11289,ack,11:66:F0:00:01:3D,,0,0,1
11338,send,11:66:F0:00:01:3D,78,,1,1
11343,ack,11:66:F0:00:01:3D,,0,0,1
11392,send,11:66:F0:00:01:3D,79,,1,1
11397,ack,11:66:F0:00:01:3D,,0,0,1
11447,send,11:66:F0:00:01:3D,80,,1,1
11454,ack,11:66:F0:00:01:3D,,0,0,1
11507,send,11:66:F0:00:01:3D,81,,1,1
11517,ack,11:66:F0:00:01:3D,,0,0,1
11566,send,11:66:F0:00:01:3D,82,,1,1
11574,ack,11:66:F0:00:01:3D,,0,0,1
11622,send,11:66:F0:00:01:3D,83,,1,1
11627,ack,11:66:F0:00:01:3D,,0,0,1
11677,send,11:66:F0:00:01:3D,84,,1,1
11684,ack,11:66:F0:00:01:3D,,0,0,1
11734,send,11:66:F0:00:01:3D,85,,1,1
11741,ack,11:66:F0:00:01:3D,,0,0,1
11788,send,11:66:F0:00:01:3D,86,,1,1
11795,ack,11:66:F0:00:01:3D,,0,0,1
11844,send,11:66:F0:00:01:3D,87,,1,1
11850,ack,11:66:F0:00:01:3D,,0,0,1
11899,send,11:66:F0:00:01:3D,88,,1,1
11906,ack,11:66:F0:00:01:3D,,0,0,1
11957,send,11:66:F0:00:01:3D,89,,1,1
11962,ack,11:66:F0:00:01:3D,,0,0,1
12012,send,11:66:F0:00:01:3D,90,,1,1
12018,ack,11:66:F0:00:01:3D,,0,0,1
12068,send,11:66:F0:00:01:3D,91,,1,1
12072,ack,11:66:F0:00:01:3D,,0,0,1
12123,send,11:66:F0:00:01:3D,92,,1,1
12134,ack,11:66:F0:00:01:3D,,0,0,1
12178,send,11:66:F0:00:01:3D,93,,1,1
12185,ack,11:66:F0:00:01:3D,,0,0,1
12233,send,11:66:F0:00:01:3D,94,,1,1
12237,ack,11:66:F0:00:01:3D,,0,0,1
12288,send,11:66:F0:00:01:3D,95,,1,1
12294,ack,11:66:F0:00:01:3D,,0,0,1
12343,send,11:66:F0:00:01:3D,96,,1,1
12350,ack,11:66:F0:00:01:3D,,0,0,1
12399,send,11:66:F0:00:01:3D,97,,1,1
12406,ack,11:66:F0:00:01:3D,,0,0,1
12455,send,11:66:F0:00:01:3D,98,,1,1
12461,ack,11:66:F0:00:01:3D,,0,0,1
12510,send,11:66:F0:00:01:3D,99,,1,1
12518,ack,11:66:F0:00:01:3D,,0,0,1
12566,send,11:66:F0:00:01:3D,100,,1,1
12573,ack,11:66:F0:00:01:3D,,0,0,1
12621,send,11:66:F0:00:01:3D,101,,1,1
12628,ack,11:66:F0:00:01:3D,,0,0,1
12677,send,11:66:F0:00:01:3D,102,,1,1
12682,ack,11:66:F0:00:01:3D,,0,0,1
12731,send,11:66:F0:00:01:3D,103,,1,1
12737,ack,11:66:F0:00:01:3D,,0,0,1
12787,send,11:66:F0:00:01:3D,104,,1,1
12793,ack,11:66:F0:00:01:3D,,0,0,1
12842,send,11:66:F0:00:01:3D,105,,1,1
12849,ack,11:66:F0:00:01:3D,,0,0,1
12900,send,11:66:F0:00:01:3D,106,,1,1
12907,ack,11:66:F0:00:01:3D,,0,0,1
12957,send,11:66:F0:00:01:3D,107,,1,1
12965,ack,11:66:F0:00:01:3D,,0,0,1
13013,send,11:66:F0:00:01:3D,108,,1,1
13019,ack,11:66:F0:00:01:3D,,0,0,1
13069,send,11:66:F0:00:01:3D,109,,1,1
13076,ack,11:66:F0:00:01:3D,,0,0,1
13125,send,11:66:F0:00:01:3D,110,,1,1
13133,ack,11:66:F0:00:01:3D,,0,0,1
13181,send,11:66:F0:00:01:3D,111,,1,1
13187,ack,11:66:F0:00:01:3D,,0,0,1
13236,send,11:66:F0:00:01:3D,112,,1,1
13241,ack,11:66:F0:00:01:3D,,0,0,1
13290,send,11:66:F0:00:01:3D,113,,1,1
13296,ack,11:66:F0:00:01:3D,,0,0,1
13346,send,11:66:F0:00:01:3D,114,,1,1
13351,ack,11:66:F0:00:01:3D,,0,0,1
13401,send,11:66:F0:00:01:3D,115,,1,1
13410,ack,11:66:F0:00:01:3D,,0,0,1
13459,send,11:66:F0:00:01:3D,116,,1,1
13465,ack,11:66:F0:00:01:3D,,0,0,1
13515,send,11:66:F0:00:01:3D,117,,1,1
13521,ack,11:66:F0:00:01:3D,,0,0,1
13571,send,11:66:F0:00:01:3D,118,,1,1
13580,ack,11:66:F0:00:01:3D,,0,0,1
13628,send,11:66:F0:00:01:3D,119,,1,1
13635,ack,11:66:F0:00:01:3D,,0,0,1
13684,send,11:66:F0:00:01:3D,120,,1,1
13689,ack,11:66:F0:00:01:3D,,0,0,1
13741,send,11:66:F0:00:01:3D,121,,1,1
13747,ack,11:66:F0:00:01:3D,,0,0,1
13796,send,11:66:F0:00:01:3D,122,,1,1
13802,ack,11:66:F0:00:01:3D,,0,0,1
13851,send,11:66:F0:00:01:3D,123,,1,1
13856,ack,11:66:F0:00:01:3D,,0,0,1
13906,send,11:66:F0:00:01:3D,124,,1,1
13912,ack,11:66:F0:00:01:3D,,0,0,1
13961,send,11:66:F0:00:01:3D,125,,1,1
13966,ack,11:66:F0:00:01:3D,,0,0,1
14014,send,11:66:F0:00:01:3D,126,,1,1
14022,ack,11:66:F0:00:01:3D,,0,0,1
14070,send,11:66:F0:00:01:3D,127,,1,1
14076,ack,11:66:F0:00:01:3D,,0,0,1
14126,send,11:66:F0:00:01:3D,128,,1,1
14135,ack,11:66:F0:00:01:3D,,0,0,1
14183,send,11:66:F0:00:01:3D,129,,1,1
14190,ack,11:66:F0:00:01:3D,,0,0,1
14240,send,11:66:F0:00:01:3D,130,,1,1
14245,ack,11:66:F0:00:01:3D,,0,0,1
14295,send,11:66:F0:00:01:3D,131,,1,1
14302,ack,11:66:F0:00:01:3D,,0,0,1
15002,send,11:66:F0:00:01:3D,132,,1,1
15012,ack,11:66:F0:00:01:3D,,0,0,1
15043,send,11:66:F0:00:01:3D,133,,1,1
15048,ack,11:66:F0:00:01:3D,,0,0,1
15083,send,11:66:F0:00:01:3D,134,,1,1
15091,ack,11:66:F0:00:01:3D,,0,0,1
15125,send,11:66:F0:00:01:3D,135,,1,1
15133,ack,11:66:F0:00:01:3D,,0,0,1
15165,send,11:66:F0:00:01:3D,136,,1,1
15170,ack,11:66:F0:00:01:3D,,0,0,1
15202,send,11:66:F0:00:01:3D,137,,1,1
15206,ack,11:66:F0:00:01:3D,,0,0,1
15241,send,11:66:F0:00:01:3D,138,,1,1
15246,ack,11:66:F0:00:01:3D,,0,0,1
15278,send,11:66:F0:00:01:3D,139,,1,1
15285,ack,11:66:F0:00:01:3D,,0,0,1
15321,send,11:66:F0:00:01:3D,140,,1,1
15328,ack,11:66:F0:00:01:3D,,0,0,1
15360,send,11:66:F0:00:01:3D,141,,1,1
15364,ack,11:66:F0:00:01:3D,,0,0,1
15397,send,11:66:F0:00:01:3D,142,,1,1
15402,ack,11:66:F0:00:01:3D,,0,0,1
15435,send,11:66:F0:00:01:3D,143,,1,1
15441,ack,11:66:F0:00:01:3D,,0,0,1
15474,send,11:66:F0:00:01:3D,144,,1,1
15480,ack,11:66:F0:00:01:3D,,0,0,1
15511,send,11:66:F0:00:01:3D,145,,1,1
15516,ack,11:66:F0:00:01:3D,,0,0,1
15548,send,11:66:F0:00:01:3D,146,,1,1
15556,ack,11:66:F0:00:01:3D,,0,0,1
15588,send,11:66:F0:00:01:3D,147,,1,1
15595,ack,11:66:F0:00:01:3D,,0,0,1
15626,send,11:66:F0:00:01:3D,148,,1,1
15632,ack,11:66:F0:00:01:3D,,0,0,1
15666,send,11:66:F0:00:01:3D,149,,1,1
15675,ack,11:66:F0:00:01:3D,,0,0,1
15708,send,11:66:F0:00:01:3D,150,,1,1
15713,ack,11:66:F0:00:01:3D,,0,0,1
15745,send,11:66:F0:00:01:3D,151,,1,1
15752,ack,11:66:F0:00:01:3D,,0,0,1
15782,send,11:66:F0:00:01:3D,152,,1,1
15788,ack,11:66:F0:00:01:3D,,0,0,1
15821,send,11:66:F0:00:01:3D,153,,1,1
15827,ack,11:66:F0:00:01:3D,,0,0,1
15861,send,11:66:F0:00:01:3D,154,,1,1
15867,ack,11:66:F0:00:01:3D,,0,0,1
15900,send,11:66:F0:00:01:3D,155,,1,1
15906,ack,11:66:F0:00:01:3D,,0,0,1
15939,send,11:66:F0:00:01:3D,156,,1,1
15943,ack,11:66:F0:00:01:3D,,0,0,1
15975,send,11:66:F0:00:01:3D,157,,1,1
15980,ack,11:66:F0:00:01:3D,,0,0,1
16012,send,11:66:F0:00:01:3D,158,,1,1
16015,ack,11:66:F0:00:01:3D,,0,0,1
16047,send,11:66:F0:00:01:3D,159,,1,1
16052,ack,11:66:F0:00:01:3D,,0,0,1
16086,send,11:66:F0:00:01:3D,160,,1,1
16091,ack,11:66:F0:00:01:3D,,0,0,1
16125,send,11:66:F0:00:01:3D,161,,1,1
16131,ack,11:66:F0:00:01:3D,,0,0,1
16165,send,11:66:F0:00:01:3D,162,,1,1
16171,ack,11:66:F0:00:01:3D,,0,0,1
16204,send,11:66:F0:00:01:3D,163,,1,1
16209,ack,11:66:F0:00:01:3D,,0,0,1
16241,send,11:66:F0:00:01:3D,164,,1,1
16247,ack,11:66:F0:00:01:3D,,0,0,1
16280,send,11:66:F0:00:01:3D,165,,1,1
16286,ack,11:66:F0:00:01:3D,,0,0,1
16322,send,11:66:F0:00:01:3D,166,,1,1
16326,ack,11:66:F0:00:01:3D,,0,0,1
16359,send,11:66:F0:00:01:3D,167,,1,1
16363,ack,11:66:F0:00:01:3D,,0,0,1
16397,send,11:66:F0:00:01:3D,168,,1,1
16405,ack,11:66:F0:00:01:3D,,0,0,1
16438,send,11:66:F0:00:01:3D,169,,1,1
16445,ack,11:66:F0:00:01:3D,,0,0,1
16476,send,11:66:F0:00:01:3D,170,,1,1
16483,ack,11:66:F0:00:01:3D,,0,0,1
16515,send,11:66:F0:00:01:3D,171,,1,1
16521,ack,11:66:F0:00:01:3D,,0,0,1
16554,send,11:66:F0:00:01:3D,172,,1,1
16560,ack,11:66:F0:00:01:3D,,0,0,1
16591,send,11:66:F0:00:01:3D,173,,1,1
16596,ack,11:66:F0:00:01:3D,,0,0,1
16628,send,11:66:F0:00:01:3D,174,,1,1
16633,ack,11:66:F0:00:01:3D,,0,0,1
16665,send,11:66:F0:00:01:3D,175,,1,1
16671,ack,11:66:F0:00:01:3D,,0,0,1
16702,send,11:66:F0:00:01:3D,176,,1,1
16706,ack,11:66:F0:00:01:3D,,0,0,1
16739,send,11:66:F0:00:01:3D,177,,1,1
16744,ack,11:66:F0:00:01:3D,,0,0,1
16777,send,11:66:F0:00:01:3D,178,,1,1
16783,ack,11:66:F0:00:01:3D,,0,0,1
16815,send,11:66:F0:00:01:3D,179,,1,1
16820,ack,11:66:F0:00:01:3D,,0,0,1
16852,send,11:66:F0:00:01:3D,180,,1,1
16860,ack,11:66:F0:00:01:3D,,0,0,1
16892,send,11:66:F0:00:01:3D,181,,1,1
16897,ack,11:66:F0:00:01:3D,,0,0,1
16929,send,11:66:F0:00:01:3D,182,,1,1
16935,ack,11:66:F0:00:01:3D,,0,0,1
16968,send,11:66:F0:00:01:3D,183,,1,1
16974,ack,11:66:F0:00:01:3D,,0,0,1
17008,send,11:66:F0:00:01:3D,184,,1,1
17013,ack,11:66:F0:00:01:3D,,0,0,1
17045,send,11:66:F0:00:01:3D,185,,1,1
17050,ack,11:66:F0:00:01:3D,,0,0,1
17082,send,11:66:F0:00:01:3D,186,,1,1
17087,ack,11:66:F0:00:01:3D,,0,0,1
17120,send,11:66:F0:00:01:3D,187,,1,1
17125,ack,11:66:F0:00:01:3D,,0,0,1
17158,send,11:66:F0:00:01:3D,188,,1,1
17164,ack,11:66:F0:00:01:3D,,0,0,1
17197,send,11:66:F0:00:01:3D,189,,1,1
17203,ack,11:66:F0:00:01:3D,,0,0,1
17234,send,11:66:F0:00:01:3D,190,,1,1
17243,ack,11:66:F0:00:01:3D,,0,0,1
17273,send,11:66:F0:00:01:3D,191,,1,1
17281,ack,11:66:F0:00:01:3D,,0,0,1
17312,send,11:66:F0:00:01:3D,192,,1,1
17320,ack,11:66:F0:00:01:3D,,0,0,1
17351,send,11:66:F0:00:01:3D,193,,1,1
17358,ack,11:66:F0:00:01:3D,,0,0,1
17392,send,11:66:F0:00:01:3D,194,,1,1
17398,ack,11:66:F0:00:01:3D,,0,0,1
17431,send,11:66:F0:00:01:3D,195,,1,1
17437,ack,11:66:F0:00:01:3D,,0,0,1
17468,send,11:66:F0:00:01:3D,196,,1,1
17474,ack,11:66:F0:00:01:3D,,0,0,1
17508,send,11:66:F0:00:01:3D,197,,1,1
17514,ack,11:66:F0:00:01:3D,,0,0,1
17546,send,11:66:F0:00:01:3D,198,,1,1
17551,ack,11:66:F0:00:01:3D,,0,0,1
17584,send,11:66:F0:00:01:3D,199,,1,1
17590,ack,11:66:F0:00:01:3D,,0,0,1
17623,send,11:66:F0:00:01:3D,200,,1,1
17628,ack,11:66:F0:00:01:3D,,0,0,1
17660,send,11:66:F0:00:01:3D,201,,1,1
17667,ack,11:66:F0:00:01:3D,,0,0,1
17699,send,11:66:F0:00:01:3D,202,,1,1
17714,ack,11:66:F0:00:01:3D,,0,0,1
17742,send,11:66:F0:00:01:3D,203,,1,1
17748,ack,11:66:F0:00:01:3D,,0,0,1
17780,send,11:66:F0:00:01:3D,204,,1,1
17784,ack,11:66:F0:00:01:3D,,0,0,1
17816,send,11:66:F0:00:01:3D,205,,1,1
17820,ack,11:66:F0:00:01:3D,,0,0,1
17853,send,11:66:F0:00:01:3D,206,,1,1
17860,ack,11:66:F0:00:01:3D,,0,0,1
17893,send,11:66:F0:00:01:3D,207,,1,1
17898,ack,11:66:F0:00:01:3D,,0,0,1
17930,send,11:66:F0:00:01:3D,208,,1,1
17936,ack,11:66:F0:00:01:3D,,0,0,1
17968,send,11:66:F0:00:01:3D,209,,1,1
17973,ack,11:66:F0:00:01:3D,,0,0,1
18006,send,11:66:F0:00:01:3D,210,,1,1
18011,ack,11:66:F0:00:01:3D,,0,0,1
18043,send,11:66:F0:00:01:3D,211,,1,1
18047,ack,11:66:F0:00:01:3D,,0,0,1
18079,send,11:66:F0:00:01:3D,212,,1,1
18085,ack,11:66:F0:00:01:3D,,0,0,1
18116,send,11:66:F0:00:01:3D,213,,1,1
18122,ack,11:66:F0:00:01:3D,,0,0,1
18155,send,11:66:F0:00:01:3D,214,,1,1
18161,ack,11:66:F0:00:01:3D,,0,0,1
18193,send,11:66:F0:00:01:3D,215,,1,1
18198,ack,11:66:F0:00:01:3D,,0,0,1
18229,send,11:66:F0:00:01:3D,216,,1,1
18235,ack,11:66:F0:00:01:3D,,0,0,1
18267,send,11:66:F0:00:01:3D,217,,1,1
18272,ack,11:66:F0:00:01:3D,,0,0,1
18305,send,11:66:F0:00:01:3D,218,,1,1
18309,ack,11:66:F0:00:01:3D,,0,0,1
18343,send,11:66:F0:00:01:3D,219,,1,1
18348,ack,11:66:F0:00:01:3D,,0,0,1
18381,send,11:66:F0:00:01:3D,220,,1,1
18386,ack,11:66:F0:00:01:3D,,0,0,1
18419,send,11:66:F0:00:01:3D,221,,1,1
18425,ack,11:66:F0:00:01:3D,,0,0,1
18458,send,11:66:F0:00:01:3D,222,,1,1
18462,ack,11:66:F0:00:01:3D,,0,0,1
18493,send,11:66:F0:00:01:3D,223,,1,1
18498,ack,11:66:F0:00:01:3D,,0,0,1
18531,send,11:66:F0:00:01:3D,224,,1,1
18536,ack,11:66:F0:00:01:3D,,0,0,1
18568,send,11:66:F0:00:01:3D,225,,1,1
18578,ack,11:66:F0:00:01:3D,,0,0,1
18605,send,11:66:F0:00:01:3D,226,,1,1
18609,ack,11:66:F0:00:01:3D,,0,0,1
18641,send,11:66:F0:00:01:3D,227,,1,1
18648,ack,11:66:F0:00:01:3D,,0,0,1
18680,send,11:66:F0:00:01:3D,228,,1,1
18686,ack,11:66:F0:00:01:3D,,0,0,1
18718,send,11:66:F0:00:01:3D,229,,1,1
18723,ack,11:66:F0:00:01:3D,,0,0,1
18755,send,11:66:F0:00:01:3D,230,,1,1
18761,ack,11:66:F0:00:01:3D,,0,0,1
18791,send,11:66:F0:00:01:3D,231,,1,1
18796,ack,11:66:F0:00:01:3D,,0,0,1
18829,send,11:66:F0:00:01:3D,232,,1,1
18833,ack,11:66:F0:00:01:3D,,0,0,1
18867,send,11:66:F0:00:01:3D,233,,1,1
18873,ack,11:66:F0:00:01:3D,,0,0,1
18905,send,11:66:F0:00:01:3D,234,,1,1
18910,ack,11:66:F0:00:01:3D,,0,0,1
18944,send,11:66:F0:00:01:3D,235,,1,1
18950,ack,11:66:F0:00:01:3D,,0,0,1
18981,send,11:66:F0:00:01:3D,236,,1,1
18987,ack,11:66:F0:00:01:3D,,0,0,1
19019,send,11:66:F0:00:01:3D,237,,1,1
19024,ack,11:66:F0:00:01:3D,,0,0,1
19058,send,11:66:F0:00:01:3D,238,,1,1
19063,ack,11:66:F0:00:01:3D,,0,0,1
19095,send,11:66:F0:00:01:3D,239,,1,1
19102,ack,11:66:F0:00:01:3D,,0,0,1
19134,send,11:66:F0:00:01:3D,240,,1,1
19140,ack,11:66:F0:00:01:3D,,0,0,1
19174,send,11:66:F0:00:01:3D,241,,1,1
19182,ack,11:66:F0:00:01:3D,,0,0,1
19214,send,11:66:F0:00:01:3D,242,,1,1
19220,ack,11:66:F0:00:01:3D,,0,0,1
19253,send,11:66:F0:00:01:3D,243,,1,1
19262,ack,11:66:F0:00:01:3D,,0,0,1
19294,send,11:66:F0:00:01:3D,244,,1,1
19301,ack,11:66:F0:00:01:3D,,0,0,1
19334,send,11:66:F0:00:01:3D,245,,1,1
19340,ack,11:66:F0:00:01:3D,,0,0,1
19372,send,11:66:F0:00:01:3D,246,,1,1
19376,ack,11:66:F0:00:01:3D,,0,0,1
19410,send,11:66:F0:00:01:3D,247,,1,1
19415,ack,11:66:F0:00:01:3D,,0,0,1
19447,send,11:66:F0:00:01:3D,248,,1,1
19454,ack,11:66:F0:00:01:3D,,0,0,1
19486,send,11:66:F0:00:01:3D,249,,1,1
19491,ack,11:66:F0:00:01:3D,,0,0,1
19523,send,11:66:F0:00:01:3D,250,,1,1
19528,ack,11:66:F0:00:01:3D,,0,0,1
19560,send,11:66:F0:00:01:3D,251,,1,1
19567,ack,11:66:F0:00:01:3D,,0,0,1
19599,send,11:66:F0:00:01:3D,252,,1,1
19604,ack,11:66:F0:00:01:3D,,0,0,1
20313,send,11:66:F0:00:01:3D,253,,1,1
20317,ack,11:66:F0:00:01:3D,,0,0,1
20336,send,11:66:F0:00:01:3D,254,,1,1
20341,ack,11:66:F0:00:01:3D,,0,0,1
20361,send,11:66:F0:00:01:3D,255,,1,1
20366,ack,11:66:F0:00:01:3D,,0,0,1
20386,send,11:66:F0:00:01:3D,256,,1,1
20392,ack,11:66:F0:00:01:3D,,0,0,1
20412,send,11:66:F0:00:01:3D,257,,1,1
20417,ack,11:66:F0:00:01:3D,,0,0,1
20437,send,11:66:F0:00:01:3D,258,,1,1
20444,ack,11:66:F0:00:01:3D,,0,0,1
20465,send,11:66:F0:00:01:3D,259,,1,1
20472,ack,11:66:F0:00:01:3D,,0,0,1
20491,send,11:66:F0:00:01:3D,260,,1,1
20495,ack,11:66:F0:00:01:3D,,0,0,1
20514,send,11:66:F0:00:01:3D,261,,1,1
20519,ack,11:66:F0:00:01:3D,,0,0,1
20538,send,11:66:F0:00:01:3D,262,,1,1
20543,ack,11:66:F0:00:01:3D,,0,0,1
20562,send,11:66:F0:00:01:3D,263,,1,1
20567,ack,11:66:F0:00:01:3D,,0,0,1
20587,send,11:66:F0:00:01:3D,264,,1,1
20593,ack,11:66:F0:00:01:3D,,0,0,1
20612,send,11:66:F0:00:01:3D,265,,1,1
20617,ack,11:66:F0:00:01:3D,,0,0,1
20636,send,11:66:F0:00:01:3D,266,,1,1
20641,ack,11:66:F0:00:01:3D,,0,0,1
20660,send,11:66:F0:00:01:3D,267,,1,1
20665,ack,11:66:F0:00:01:3D,,0,0,1
20683,send,11:66:F0:00:01:3D,268,,1,1
20688,ack,11:66:F0:00:01:3D,,0,0,1
20708,send,11:66:F0:00:01:3D,269,,1,1
20712,ack,11:66:F0:00:01:3D,,0,0,1
20732,send,11:66:F0:00:01:3D,270,,1,1
20737,ack,11:66:F0:00:01:3D,,0,0,1
20755,send,11:66:F0:00:01:3D,271,,1,1
20761,ack,11:66:F0:00:01:3D,,0,0,1
20780,send,11:66:F0:00:01:3D,272,,1,1
20786,ack,11:66:F0:00:01:3D,,0,0,1
20805,send,11:66:F0:00:01:3D,273,,1,1
20811,ack,11:66:F0:00:01:3D,,0,0,1
20830,send,11:66:F0:00:01:3D,274,,1,1
20836,ack,11:66:F0:00:01:3D,,0,0,1
20855,send,11:66:F0:00:01:3D,275,,1,1
20862,ack,11:66:F0:00:01:3D,,0,0,1
20881,send,11:66:F0:00:01:3D,276,,1,1
20885,ack,11:66:F0:00:01:3D,,0,0,1
20905,send,11:66:F0:00:01:3D,277,,1,1
20911,ack,11:66:F0:00:01:3D,,0,0,1
20930,send,11:66:F0:00:01:3D,278,,1,1
20936,ack,11:66:F0:00:01:3D,,0,0,1
20955,send,11:66:F0:00:01:3D,279,,1,1
20960,ack,11:66:F0:00:01:3D,,0,0,1
20979,send,11:66:F0:00:01:3D,280,,1,1
20984,ack,11:66:F0:00:01:3D,,0,0,1
21003,send,11:66:F0:00:01:3D,281,,1,1
21009,ack,11:66:F0:00:01:3D,,0,0,1
21029,send,11:66:F0:00:01:3D,282,,1,1
21035,ack,11:66:F0:00:01:3D,,0,0,1
21053,send,11:66:F0:00:01:3D,283,,1,1
21060,ack,11:66:F0:00:01:3D,,0,0,1
21078,send,11:66:F0:00:01:3D,284,,1,1
21084,ack,11:66:F0:00:01:3D,,0,0,1
21103,send,11:66:F0:00:01:3D,285,,1,1
21107,ack,11:66:F0:00:01:3D,,0,0,1
21128,send,11:66:F0:00:01:3D,286,,1,1
21134,ack,11:66:F0:00:01:3D,,0,0,1
21153,send,11:66:F0:00:01:3D,287,,1,1
21159,ack,11:66:F0:00:01:3D,,0,0,1
21178,send,11:66:F0:00:01:3D,288,,1,1
21182,ack,11:66:F0:00:01:3D,,0,0,1
21202,send,11:66:F0:00:01:3D,289,,1,1
21207,ack,11:66:F0:00:01:3D,,0,0,1
21228,send,11:66:F0:00:01:3D,290,,1,1
21232,ack,11:66:F0:00:01:3D,,0,0,1
21252,send,11:66:F0:00:01:3D,291,,1,1
21258,ack,11:66:F0:00:01:3D,,0,0,1
21279,send,11:66:F0:00:01:3D,292,,1,1
21284,ack,11:66:F0:00:01:3D,,0,0,1
21309,send,11:66:F0:00:01:3D,293,,1,1
21313,ack,11:66:F0:00:01:3D,,0,0,1
21332,send,11:66:F0:00:01:3D,294,,1,1
21336,ack,11:66:F0:00:01:3D,,0,0,1
21356,send,11:66:F0:00:01:3D,295,,1,1
21360,ack,11:66:F0:00:01:3D,,0,0,1
21381,send,11:66:F0:00:01:3D,296,,1,1
21385,ack,11:66:F0:00:01:3D,,0,0,1
21405,send,11:66:F0:00:01:3D,297,,1,1
21411,ack,11:66:F0:00:01:3D,,0,0,1
21430,send,11:66:F0:00:01:3D,298,,1,1
21435,ack,11:66:F0:00:01:3D,,0,0,1
21455,send,11:66:F0:00:01:3D,299,,1,1
21460,ack,11:66:F0:00:01:3D,,0,0,1
21481,send,11:66:F0:00:01:3D,300,,1,1
21487,ack,11:66:F0:00:01:3D,,0,0,1
21506,send,11:66:F0:00:01:3D,301,,1,1
21510,ack,11:66:F0:00:01:3D,,0,0,1
21530,send,11:66:F0:00:01:3D,302,,1,1
21535,ack,11:66:F0:00:01:3D,,0,0,1
21553,send,11:66:F0:00:01:3D,303,,1,1
21558,ack,11:66:F0:00:01:3D,,0,0,1
21577,send,11:66:F0:00:01:3D,304,,1,1
21582,ack,11:66:F0:00:01:3D,,0,0,1
21601,send,11:66:F0:00:01:3D,305,,1,1
21606,ack,11:66:F0:00:01:3D,,0,0,1
21626,send,11:66:F0:00:01:3D,306,,1,1
21630,ack,11:66:F0:00:01:3D,,0,0,1
21650,send,11:66:F0:00:01:3D,307,,1,1
21655,ack,11:66:F0:00:01:3D,,0,0,1
21674,send,11:66:F0:00:01:3D,308,,1,1
21680,ack,11:66:F0:00:01:3D,,0,0,1
21699,send,11:66:F0:00:01:3D,309,,1,1
21703,ack,11:66:F0:00:01:3D,,0,0,1
21722,send,11:66:F0:00:01:3D,310,,1,1
21729,ack,11:66:F0:00:01:3D,,0,0,1
21748,send,11:66:F0:00:01:3D,311,,1,1
21753,ack,11:66:F0:00:01:3D,,0,0,1
21775,send,11:66:F0:00:01:3D,312,,1,1
21780,ack,11:66:F0:00:01:3D,,0,0,1
21800,send,11:66:F0:00:01:3D,313,,1,1
21805,ack,11:66:F0:00:01:3D,,0,0,1
21825,send,11:66:F0:00:01:3D,314,,1,1
21831,ack,11:66:F0:00:01:3D,,0,0,1
21851,send,11:66:F0:00:01:3D,315,,1,1
21855,ack,11:66:F0:00:01:3D,,0,0,1
21876,send,11:66:F0:00:01:3D,316,,1,1
21883,ack,11:66:F0:00:01:3D,,0,0,1
21904,send,11:66:F0:00:01:3D,317,,1,1
21911,ack,11:66:F0:00:01:3D,,0,0,1
21930,send,11:66:F0:00:01:3D,318,,1,1
21935,ack,11:66:F0:00:01:3D,,0,0,1
21957,send,11:66:F0:00:01:3D,319,,1,1
21962,ack,11:66:F0:00:01:3D,,0,0,1
21985,send,11:66:F0:00:01:3D,320,,1,1
21990,ack,11:66:F0:00:01:3D,,0,0,1
22011,send,11:66:F0:00:01:3D,321,,1,1
22019,ack,11:66:F0:00:01:3D,,0,0,1
22037,send,11:66:F0:00:01:3D,322,,1,1
22042,ack,11:66:F0:00:01:3D,,0,0,1
22062,send,11:66:F0:00:01:3D,323,,1,1
22068,ack,11:66:F0:00:01:3D,,0,0,1
22086,send,11:66:F0:00:01:3D,324,,1,1
22092,ack,11:66:F0:00:01:3D,,0,0,1
22111,send,11:66:F0:00:01:3D,325,,1,1
22117,ack,11:66:F0:00:01:3D,,0,0,1
22137,send,11:66:F0:00:01:3D,326,,1,1
22144,ack,11:66:F0:00:01:3D,,0,0,1
22162,send,11:66:F0:00:01:3D,327,,1,1
22167,ack,11:66:F0:00:01:3D,,0,0,1
22186,send,11:66:F0:00:01:3D,328,,1,1
22192,ack,11:66:F0:00:01:3D,,0,0,1
22211,send,11:66:F0:00:01:3D,329,,1,1
22215,ack,11:66:F0:00:01:3D,,0,0,1
22235,send,11:66:F0:00:01:3D,330,,1,1
22240,ack,11:66:F0:00:01:3D,,0,0,1
22261,send,11:66:F0:00:01:3D,331,,1,1
22265,ack,11:66:F0:00:01:3D,,0,0,1
22286,send,11:66:F0:00:01:3D,332,,1,1
22291,ack,11:66:F0:00:01:3D,,0,0,1
22311,send,11:66:F0:00:01:3D,333,,1,1
22316,ack,11:66:F0:00:01:3D,,0,0,1
22335,send,11:66:F0:00:01:3D,334,,1,1
22341,ack,11:66:F0:00:01:3D,,0,0,1
22360,send,11:66:F0:00:01:3D,335,,1,1
22364,ack,11:66:F0:00:01:3D,,0,0,1
22384,send,11:66:F0:00:01:3D,336,,1,1
22388,ack,11:66:F0:00:01:3D,,0,0,1
22408,send,11:66:F0:00:01:3D,337,,1,1
22412,ack,11:66:F0:00:01:3D,,0,0,1
22432,send,11:66:F0:00:01:3D,338,,1,1
22436,ack,11:66:F0:00:01:3D,,0,0,1
22455,send,11:66:F0:00:01:3D,339,,1,1
22460,ack,11:66:F0:00:01:3D,,0,0,1
22478,send,11:66:F0:00:01:3D,340,,1,1
22483,ack,11:66:F0:00:01:3D,,0,0,1
22502,send,11:66:F0:00:01:3D,341,,1,1
22508,ack,11:66:F0:00:01:3D,,0,0,1
22527,send,11:66:F0:00:01:3D,342,,1,1
22531,ack,11:66:F0:00:01:3D,,0,0,1
22551,send,11:66:F0:00:01:3D,343,,1,1
22557,ack,11:66:F0:00:01:3D,,0,0,1
22576,send,11:66:F0:00:01:3D,344,,1,1
22582,ack,11:66:F0:00:01:3D,,0,0,1
22602,send,11:66:F0:00:01:3D,345,,1,1
22608,ack,11:66:F0:00:01:3D,,0,0,1
22626,send,11:66:F0:00:01:3D,346,,1,1
22631,ack,11:66:F0:00:01:3D,,0,0,1
22650,send,11:66:F0:00:01:3D,347,,1,1
22655,ack,11:66:F0:00:01:3D,,0,0,1
22674,send,11:66:F0:00:01:3D,348,,1,1
22679,ack,11:66:F0:00:01:3D,,0,0,1
22699,send,11:66:F0:00:01:3D,349,,1,1
22704,ack,11:66:F0:00:01:3D,,0,0,1
22724,send,11:66:F0:00:01:3D,350,,1,1
22727,ack,11:66:F0:00:01:3D,,0,0,1
22748,send,11:66:F0:00:01:3D,351,,1,1
22753,ack,11:66:F0:00:01:3D,,0,0,1
22772,send,11:66:F0:00:01:3D,352,,1,1
22776,ack,11:66:F0:00:01:3D,,0,0,1
22796,send,11:66:F0:00:01:3D,353,,1,1
22801,ack,11:66:F0:00:01:3D,,0,0,1
22821,send,11:66:F0:00:01:3D,354,,1,1
22825,ack,11:66:F0:00:01:3D,,0,0,1
22845,send,11:66:F0:00:01:3D,355,,1,1
22850,ack,11:66:F0:00:01:3D,,0,0,1
22869,send,11:66:F0:00:01:3D,356,,1,1
22874,ack,11:66:F0:00:01:3D,,0,0,1
22894,send,11:66:F0:00:01:3D,357,,1,1
22899,ack,11:66:F0:00:01:3D,,0,0,1
22918,send,11:66:F0:00:01:3D,358,,1,1
22922,ack,11:66:F0:00:01:3D,,0,0,1
22941,send,11:66:F0:00:01:3D,359,,1,1
22946,ack,11:66:F0:00:01:3D,,0,0,1
22964,send,11:66:F0:00:01:3D,360,,1,1
22969,ack,11:66:F0:00:01:3D,,0,0,1
22988,send,11:66:F0:00:01:3D,361,,1,1
22994,ack,11:66:F0:00:01:3D,,0,0,1
23013,send,11:66:F0:00:01:3D,362,,1,1
23020,ack,11:66:F0:00:01:3D,,0,0,1
23039,send,11:66:F0:00:01:3D,363,,1,1
23044,ack,11:66:F0:00:01:3D,,0,0,1
23063,send,11:66:F0:00:01:3D,364,,1,1
23067,ack,11:66:F0:00:01:3D,,0,0,1
23087,send,11:66:F0:00:01:3D,365,,1,1
23091,ack,11:66:F0:00:01:3D,,0,0,1
23111,send,11:66:F0:00:01:3D,366,,1,1
23116,ack,11:66:F0:00:01:3D,,0,0,1
23135,send,11:66:F0:00:01:3D,367,,1,1
23140,ack,11:66:F0:00:01:3D,,0,0,1
23159,send,11:66:F0:00:01:3D,368,,1,1
23164,ack,11:66:F0:00:01:3D,,0,0,1
23183,send,11:66:F0:00:01:3D,369,,1,1
23188,ack,11:66:F0:00:01:3D,,0,0,1
23207,send,11:66:F0:00:01:3D,370,,1,1
23213,ack,11:66:F0:00:01:3D,,0,0,1
23230,send,11:66:F0:00:01:3D,371,,1,1
23234,ack,11:66:F0:00:01:3D,,0,0,1
23253,send,11:66:F0:00:01:3D,372,,1,1
23258,ack,11:66:F0:00:01:3D,,0,0,1
23279,send,11:66:F0:00:01:3D,373,,1,1
23285,ack,11:66:F0:00:01:3D,,0,0,1
23304,send,11:66:F0:00:01:3D,374,,1,1
23308,ack,11:66:F0:00:01:3D,,0,0,1
23331,send,11:66:F0:00:01:3D,375,,1,1
23333,ack,11:66:F0:00:01:3D,,0,0,1
23354,send,11:66:F0:00:01:3D,376,,1,1
23358,ack,11:66:F0:00:01:3D,,0,0,1
23378,send,11:66:F0:00:01:3D,377,,1,1
23382,ack,11:66:F0:00:01:3D,,0,0,1
23401,send,11:66:F0:00:01:3D,378,,1,1
23406,ack,11:66:F0:00:01:3D,,0,0,1
23426,send,11:66:F0:00:01:3D,379,,1,1
23429,ack,11:66:F0:00:01:3D,,0,0,1
23451,send,11:66:F0:00:01:3D,380,,1,1
23455,ack,11:66:F0:00:01:3D,,0,0,1
23475,send,11:66:F0:00:01:3D,381,,1,1
23479,ack,11:66:F0:00:01:3D,,0,0,1
23500,send,11:66:F0:00:01:3D,382,,1,1
23505,ack,11:66:F0:00:01:3D,,0,0,1
23524,send,11:66:F0:00:01:3D,383,,1,1
23529,ack,11:66:F0:00:01:3D,,0,0,1
23550,send,11:66:F0:00:01:3D,384,,1,1
23557,ack,11:66:F0:00:01:3D,,0,0,1
23574,send,11:66:F0:00:01:3D,385,,1,1
23579,ack,11:66:F0:00:01:3D,,0,0,1
23598,send,11:66:F0:00:01:3D,386,,1,1
23603,ack,11:66:F0:00:01:3D,,0,0,1
23623,send,11:66:F0:00:01:3D,387,,1,1
23629,ack,11:66:F0:00:01:3D,,0,0,1
23647,send,11:66:F0:00:01:3D,388,,1,1
23651,ack,11:66:F0:00:01:3D,,0,0,1
23670,send,11:66:F0:00:01:3D,389,,1,1
23675,ack,11:66:F0:00:01:3D,,0,0,1
23694,send,11:66:F0:00:01:3D,390,,1,1
23698,ack,11:66:F0:00:01:3D,,0,0,1
23719,send,11:66:F0:00:01:3D,391,,1,1
23724,ack,11:66:F0:00:01:3D,,0,0,1
23743,send,11:66:F0:00:01:3D,392,,1,1
23749,ack,11:66:F0:00:01:3D,,0,0,1
23768,send,11:66:F0:00:01:3D,393,,1,1
23772,ack,11:66:F0:00:01:3D,,0,0,1
23791,send,11:66:F0:00:01:3D,394,,1,1
23797,ack,11:66:F0:00:01:3D,,0,0,1
23816,send,11:66:F0:00:01:3D,395,,1,1
23821,ack,11:66:F0:00:01:3D,,0,0,1
23840,send,11:66:F0:00:01:3D,396,,1,1
23844,ack,11:66:F0:00:01:3D,,0,0,1
23864,send,11:66:F0:00:01:3D,397,,1,1
23869,ack,11:66:F0:00:01:3D,,0,0,1
23888,send,11:66:F0:00:01:3D,398,,1,1
23892,ack,11:66:F0:00:01:3D,,0,0,1
23911,send,11:66:F0:00:01:3D,399,,1,1
23917,ack,11:66:F0:00:01:3D,,0,0,1
23938,send,11:66:F0:00:01:3D,400,,1,1
23943,ack,11:66:F0:00:01:3D,,0,0,1
23962,send,11:66:F0:00:01:3D,401,,1,1
23967,ack,11:66:F0:00:01:3D,,0,0,1
23986,send,11:66:F0:00:01:3D,402,,1,1
23990,ack,11:66:F0:00:01:3D,,0,0,1
24010,send,11:66:F0:00:01:3D,403,,1,1
24016,ack,11:66:F0:00:01:3D,,0,0,1
24035,send,11:66:F0:00:01:3D,404,,1,1
24040,ack,11:66:F0:00:01:3D,,0,0,1
24059,send,11:66:F0:00:01:3D,405,,1,1
24064,ack,11:66:F0:00:01:3D,,0,0,1
24084,send,11:66:F0:00:01:3D,406,,1,1
24090,ack,11:66:F0:00:01:3D,,0,0,1
24109,send,11:66:F0:00:01:3D,407,,1,1
24115,ack,11:66:F0:00:01:3D,,0,0,1
24134,send,11:66:F0:00:01:3D,408,,1,1
24139,ack,11:66:F0:00:01:3D,,0,0,1
24159,send,11:66:F0:00:01:3D,409,,1,1
24165,ack,11:66:F0:00:01:3D,,0,0,1
24183,send,11:66:F0:00:01:3D,410,,1,1
24189,ack,11:66:F0:00:01:3D,,0,0,1
24206,send,11:66:F0:00:01:3D,411,,1,1
24211,ack,11:66:F0:00:01:3D,,0,0,1
24229,send,11:66:F0:00:01:3D,412,,1,1
24235,ack,11:66:F0:00:01:3D,,0,0,1
24255,send,11:66:F0:00:01:3D,413,,1,1
24259,ack,11:66:F0:00:01:3D,,0,0,1
24280,send,11:66:F0:00:01:3D,414,,1,1
24284,ack,11:66:F0:00:01:3D,,0,0,1
24304,send,11:66:F0:00:01:3D,415,,1,1
24308,ack,11:66:F0:00:01:3D,,0,0,1
24327,send,11:66:F0:00:01:3D,416,,1,1
24331,ack,11:66:F0:00:01:3D,,0,0,1
24349,send,11:66:F0:00:01:3D,417,,1,1
24354,ack,11:66:F0:00:01:3D,,0,0,1
24373,send,11:66:F0:00:01:3D,418,,1,1
24377,ack,11:66:F0:00:01:3D,,0,0,1
24397,send,11:66:F0:00:01:3D,419,,1,1
24402,ack,11:66:F0:00:01:3D,,0,0,1
24421,send,11:66:F0:00:01:3D,420,,1,1
24425,ack,11:66:F0:00:01:3D,,0,0,1
24445,send,11:66:F0:00:01:3D,421,,1,1
24450,ack,11:66:F0:00:01:3D,,0,0,1
24469,send,11:66:F0:00:01:3D,422,,1,1
24473,ack,11:66:F0:00:01:3D,,0,0,1
24493,send,11:66:F0:00:01:3D,423,,1,1
24498,ack,11:66:F0:00:01:3D,,0,0,1
24518,send,11:66:F0:00:01:3D,424,,1,1
24523,ack,11:66:F0:00:01:3D,,0,0,1
24542,send,11:66:F0:00:01:3D,425,,1,1
24547,ack,11:66:F0:00:01:3D,,0,0,1
24565,send,11:66:F0:00:01:3D,426,,1,1
24571,ack,11:66:F0:00:01:3D,,0,0,1
24590,send,11:66:F0:00:01:3D,427,,1,1
24595,ack,11:66:F0:00:01:3D,,0,0,1
24615,send,11:66:F0:00:01:3D,428,,1,1
24621,ack,11:66:F0:00:01:3D,,0,0,1
24641,send,11:66:F0:00:01:3D,429,,1,1
24646,ack,11:66:F0:00:01:3D,,0,0,1
24665,send,11:66:F0:00:01:3D,430,,1,1
24670,ack,11:66:F0:00:01:3D,,0,0,1
24689,send,11:66:F0:00:01:3D,431,,1,1
24694,ack,11:66:F0:00:01:3D,,0,0,1
24713,send,11:66:F0:00:01:3D,432,,1,1
24720,ack,11:66:F0:00:01:3D,,0,0,1
24739,send,11:66:F0:00:01:3D,433,,1,1
24749,ack,11:66:F0:00:01:3D,,0,0,1
24763,send,11:66:F0:00:01:3D,434,,1,1
24768,ack,11:66:F0:00:01:3D,,0,0,1
24787,send,11:66:F0:00:01:3D,435,,1,1
24791,ack,11:66:F0:00:01:3D,,0,0,1
24810,send,11:66:F0:00:01:3D,436,,1,1
24812,ack,11:66:F0:00:01:3D,,0,0,1
24832,send,11:66:F0:00:01:3D,437,,1,1
24835,ack,11:66:F0:00:01:3D,,0,0,1
24854,send,11:66:F0:00:01:3D,438,,1,1
24857,ack,11:66:F0:00:01:3D,,0,0,1
24877,send,11:66:F0:00:01:3D,439,,1,1
24880,ack,11:66:F0:00:01:3D,,0,0,1
24900,send,11:66:F0:00:01:3D,440,,1,1
24902,ack,11:66:F0:00:01:3D,,0,0,1
24921,send,11:66:F0:00:01:3D,441,,1,1
24924,ack,11:66:F0:00:01:3D,,0,0,1
24944,send,11:66:F0:00:01:3D,442,,1,1
24947,ack,11:66:F0:00:01:3D,,0,0,1
24966,send,11:66:F0:00:01:3D,443,,1,1
24970,ack,11:66:F0:00:01:3D,,0,0,1
24990,send,11:66:F0:00:01:3D,444,,1,1
24996,ack,11:66:F0:00:01:3D,,0,0,1
25012,send,11:66:F0:00:01:3D,445,,1,1
25016,ack,11:66:F0:00:01:3D,,0,0,1
25036,send,11:66:F0:00:01:3D,446,,1,1
25040,ack,11:66:F0:00:01:3D,,0,0,1
25059,send,11:66:F0:00:01:3D,447,,1,1
25064,ack,11:66:F0:00:01:3D,,0,0,1
25082,send,11:66:F0:00:01:3D,448,,1,1
25086,ack,11:66:F0:00:01:3D,,0,0,1
25106,send,11:66:F0:00:01:3D,449,,1,1
25110,ack,11:66:F0:00:01:3D,,0,0,1
25129,send,11:66:F0:00:01:3D,450,,1,1
25134,ack,11:66:F0:00:01:3D,,0,0,1
25154,send,11:66:F0:00:01:3D,451,,1,1
25159,ack,11:66:F0:00:01:3D,,0,0,1
25178,send,11:66:F0:00:01:3D,452,,1,1
25183,ack,11:66:F0:00:01:3D,,0,0,1
25203,send,11:66:F0:00:01:3D,453,,1,1
25207,ack,11:66:F0:00:01:3D,,0,0,1
25907,send,11:66:F0:00:01:3D,454,,1,1
25913,ack,11:66:F0:00:01:3D,,0,0,1
25925,send,11:66:F0:00:01:3D,455,,1,1
25932,ack,11:66:F0:00:01:3D,,0,0,1
25943,send,11:66:F0:00:01:3D,456,,1,1
25948,ack,11:66:F0:00:01:3D,,0,0,1
25961,send,11:66:F0:00:01:3D,457,,1,1
25965,ack,11:66:F0:00:01:3D,,0,0,1
25977,send,11:66:F0:00:01:3D,458,,1,1
25981,ack,11:66:F0:00:01:3D,,0,0,1
25993,send,11:66:F0:00:01:3D,459,,1,1
25997,ack,11:66:F0:00:01:3D,,0,0,1
26009,send,11:66:F0:00:01:3D,460,,1,1
26014,ack,11:66:F0:00:01:3D,,0,0,1
26026,send,11:66:F0:00:01:3D,461,,1,1
26030,ack,11:66:F0:00:01:3D,,0,0,1
26042,send,11:66:F0:00:01:3D,462,,1,1
26046,ack,11:66:F0:00:01:3D,,0,0,1
26060,send,11:66:F0:00:01:3D,463,,1,1
26064,ack,11:66:F0:00:01:3D,,0,0,1
26077,send,11:66:F0:00:01:3D,464,,1,1
26087,ack,11:66:F0:00:01:3D,,0,0,1
26099,send,11:66:F0:00:01:3D,465,,1,1
26105,ack,11:66:F0:00:01:3D,,0,0,1
26115,send,11:66:F0:00:01:3D,466,,1,1
26119,ack,11:66:F0:00:01:3D,,0,0,1
26130,send,11:66:F0:00:01:3D,467,,1,1
26133,ack,11:66:F0:00:01:3D,,0,0,1
26146,send,11:66:F0:00:01:3D,468,,1,1
26150,ack,11:66:F0:00:01:3D,,0,0,1
26163,send,11:66:F0:00:01:3D,469,,1,1
26167,ack,11:66:F0:00:01:3D,,0,0,1
26179,send,11:66:F0:00:01:3D,470,,1,1
26184,ack,11:66:F0:00:01:3D,,0,0,1
26197,send,11:66:F0:00:01:3D,471,,1,1
26203,ack,11:66:F0:00:01:3D,,0,0,1
26216,send,11:66:F0:00:01:3D,472,,1,1
26217,ack,11:66:F0:00:01:3D,,0,0,1
26231,send,11:66:F0:00:01:3D,473,,1,1
26237,ack,11:66:F0:00:01:3D,,0,0,1
26249,send,11:66:F0:00:01:3D,474,,1,1
26253,ack,11:66:F0:00:01:3D,,0,0,1
26264,send,11:66:F0:00:01:3D,475,,1,1
26269,ack,11:66:F0:00:01:3D,,0,0,1
26281,send,11:66:F0:00:01:3D,476,,1,1
26286,ack,11:66:F0:00:01:3D,,0,0,1
26298,send,11:66:F0:00:01:3D,477,,1,1
26302,ack,11:66:F0:00:01:3D,,0,0,1
26317,send,11:66:F0:00:01:3D,478,,1,1
26320,ack,11:66:F0:00:01:3D,,0,0,1
26334,send,11:66:F0:00:01:3D,479,,1,1
26337,ack,11:66:F0:00:01:3D,,0,0,1
26350,send,11:66:F0:00:01:3D,480,,1,1
26356,ack,11:66:F0:00:01:3D,,0,0,1
26369,send,11:66:F0:00:01:3D,481,,1,1
26374,ack,11:66:F0:00:01:3D,,0,0,1
26387,send,11:66:F0:00:01:3D,482,,1,1
26391,ack,11:66:F0:00:01:3D,,0,0,1
26403,send,11:66:F0:00:01:3D,483,,1,1
26410,ack,11:66:F0:00:01:3D,,0,0,1
26421,send,11:66:F0:00:01:3D,484,,1,1
26425,ack,11:66:F0:00:01:3D,,0,0,1
26438,send,11:66:F0:00:01:3D,485,,1,1
26442,ack,11:66:F0:00:01:3D,,0,0,1
26456,send,11:66:F0:00:01:3D,486,,1,1
26461,ack,11:66:F0:00:01:3D,,0,0,1
26475,send,11:66:F0:00:01:3D,487,,1,1
26480,ack,11:66:F0:00:01:3D,,0,0,1
26493,send,11:66:F0:00:01:3D,488,,1,1
26497,ack,11:66:F0:00:01:3D,,0,0,1
26510,send,11:66:F0:00:01:3D,489,,1,1
26516,ack,11:66:F0:00:01:3D,,0,0,1
26528,send,11:66:F0:00:01:3D,490,,1,1
26533,ack,11:66:F0:00:01:3D,,0,0,1
26545,send,11:66:F0:00:01:3D,491,,1,1
26550,ack,11:66:F0:00:01:3D,,0,0,1
26563,send,11:66:F0:00:01:3D,492,,1,1
26568,ack,11:66:F0:00:01:3D,,0,0,1
26580,send,11:66:F0:00:01:3D,493,,1,1
26584,ack,11:66:F0:00:01:3D,,0,0,1
26597,send,11:66:F0:00:01:3D,494,,1,1
26603,ack,11:66:F0:00:01:3D,,0,0,1
26615,send,11:66:F0:00:01:3D,495,,1,1
26621,ack,11:66:F0:00:01:3D,,0,0,1
26633,send,11:66:F0:00:01:3D,496,,1,1
26638,ack,11:66:F0:00:01:3D,,0,0,1
26651,send,11:66:F0:00:01:3D,497,,1,1
26656,ack,11:66:F0:00:01:3D,,0,0,1
26669,send,11:66:F0:00:01:3D,498,,1,1
26673,ack,11:66:F0:00:01:3D,,0,0,1
26688,send,11:66:F0:00:01:3D,499,,1,1
26695,ack,11:66:F0:00:01:3D,,0,0,1
26707,send,11:66:F0:00:01:3D,500,,1,1
26709,ack,11:66:F0:00:01:3D,,0,0,1
26722,send,11:66:F0:00:01:3D,501,,1,1
26726,ack,11:66:F0:00:01:3D,,0,0,1
26739,send,11:66:F0:00:01:3D,502,,1,1
26742,ack,11:66:F0:00:01:3D,,0,0,1
26755,send,11:66:F0:00:01:3D,503,,1,1
26759,ack,11:66:F0:00:01:3D,,0,0,1
26772,send,11:66:F0:00:01:3D,504,,1,1
26777,ack,11:66:F0:00:01:3D,,0,0,1
26790,send,11:66:F0:00:01:3D,505,,1,1
26795,ack,11:66:F0:00:01:3D,,0,0,1
26809,send,11:66:F0:00:01:3D,506,,1,1
26818,ack,11:66:F0:00:01:3D,,0,0,1
26828,send,11:66:F0:00:01:3D,507,,1,1
26833,ack,11:66:F0:00:01:3D,,0,0,1
26846,send,11:66:F0:00:01:3D,508,,1,1
26852,ack,11:66:F0:00:01:3D,,0,0,1
26864,send,11:66:F0:00:01:3D,509,,1,1
26870,ack,11:66:F0:00:01:3D,,0,0,1
26882,send,11:66:F0:00:01:3D,510,,1,1
26886,ack,11:66:F0:00:01:3D,,0,0,1
26898,send,11:66:F0:00:01:3D,511,,1,1
26909,ack,11:66:F0:00:01:3D,,0,0,1
26921,send,11:66:F0:00:01:3D,512,,1,1
26927,ack,11:66:F0:00:01:3D,,0,0,1
26940,send,11:66:F0:00:01:3D,513,,1,1
26942,ack,11:66:F0:00:01:3D,,0,0,1
26955,send,11:66:F0:00:01:3D,514,,1,1
26960,ack,11:66:F0:00:01:3D,,0,0,1
26972,send,11:66:F0:00:01:3D,515,,1,1
26979,ack,11:66:F0:00:01:3D,,0,0,1
26988,send,11:66:F0:00:01:3D,516,,1,1
26993,ack,11:66:F0:00:01:3D,,0,0,1
27006,send,11:66:F0:00:01:3D,517,,1,1
27009,ack,11:66:F0:00:01:3D,,0,0,1
27022,send,11:66:F0:00:01:3D,518,,1,1
27027,ack,11:66:F0:00:01:3D,,0,0,1
27042,send,11:66:F0:00:01:3D,519,,1,1
27046,ack,11:66:F0:00:01:3D,,0,0,1
27059,send,11:66:F0:00:01:3D,520,,1,1
27062,ack,11:66:F0:00:01:3D,,0,0,1
27076,send,11:66:F0:00:01:3D,521,,1,1
27080,ack,11:66:F0:00:01:3D,,0,0,1
27092,send,11:66:F0:00:01:3D,522,,1,1
27098,ack,11:66:F0:00:01:3D,,0,0,1
27111,send,11:66:F0:00:01:3D,523,,1,1
27115,ack,11:66:F0:00:01:3D,,0,0,1
27129,send,11:66:F0:00:01:3D,524,,1,1
27137,ack,11:66:F0:00:01:3D,,0,0,1
27147,send,11:66:F0:00:01:3D,525,,1,1
27152,ack,11:66:F0:00:01:3D,,0,0,1
27164,send,11:66:F0:00:01:3D,526,,1,1
27170,ack,11:66:F0:00:01:3D,,0,0,1
27182,send,11:66:F0:00:01:3D,527,,1,1
27186,ack,11:66:F0:00:01:3D,,0,0,1
27199,send,11:66:F0:00:01:3D,528,,1,1
27204,ack,11:66:F0:00:01:3D,,0,0,1
27217,send,11:66:F0:00:01:3D,529,,1,1
27222,ack,11:66:F0:00:01:3D,,0,0,1
27234,send,11:66:F0:00:01:3D,530,,1,1
27239,ack,11:66:F0:00:01:3D,,0,0,1
27252,send,11:66:F0:00:01:3D,531,,1,1
27256,ack,11:66:F0:00:01:3D,,0,0,1
27269,send,11:66:F0:00:01:3D,532,,1,1
27273,ack,11:66:F0:00:01:3D,,0,0,1
27285,send,11:66:F0:00:01:3D,533,,1,1
27289,ack,11:66:F0:00:01:3D,,0,0,1
27302,send,11:66:F0:00:01:3D,534,,1,1
27310,ack,11:66:F0:00:01:3D,,0,0,1
27322,send,11:66:F0:00:01:3D,535,,1,1
27326,ack,11:66:F0:00:01:3D,,0,0,1
27339,send,11:66:F0:00:01:3D,536,,1,1
27343,ack,11:66:F0:00:01:3D,,0,0,1
27356,send,11:66:F0:00:01:3D,537,,1,1
27361,ack,11:66:F0:00:01:3D,,0,0,1
27374,send,11:66:F0:00:01:3D,538,,1,1
27378,ack,11:66:F0:00:01:3D,,0,0,1
27390,send,11:66:F0:00:01:3D,539,,1,1
27395,ack,11:66:F0:00:01:3D,,0,0,1
27409,send,11:66:F0:00:01:3D,540,,1,1
27413,ack,11:66:F0:00:01:3D,,0,0,1
27427,send,11:66:F0:00:01:3D,541,,1,1
27433,ack,11:66:F0:00:01:3D,,0,0,1
27443,send,11:66:F0:00:01:3D,542,,1,1
27447,ack,11:66:F0:00:01:3D,,0,0,1
27459,send,11:66:F0:00:01:3D,543,,1,1
27463,ack,11:66:F0:00:01:3D,,0,0,1
27476,send,11:66:F0:00:01:3D,544,,1,1
27479,ack,11:66:F0:00:01:3D,,0,0,1
27492,send,11:66:F0:00:01:3D,545,,1,1
27497,ack,11:66:F0:00:01:3D,,0,0,1
27510,send,11:66:F0:00:01:3D,546,,1,1
27513,ack,11:66:F0:00:01:3D,,0,0,1
27526,send,11:66:F0:00:01:3D,547,,1,1
27530,ack,11:66:F0:00:01:3D,,0,0,1
27544,send,11:66:F0:00:01:3D,548,,1,1
27548,ack,11:66:F0:00:01:3D,,0,0,1
27561,send,11:66:F0:00:01:3D,549,,1,1
27565,ack,11:66:F0:00:01:3D,,0,0,1
27578,send,11:66:F0:00:01:3D,550,,1,1
27582,ack,11:66:F0:00:01:3D,,0,0,1
27596,send,11:66:F0:00:01:3D,551,,1,1
27600,ack,11:66:F0:00:01:3D,,0,0,1
27614,send,11:66:F0:00:01:3D,552,,1,1
27618,ack,11:66:F0:00:01:3D,,0,0,1
27633,send,11:66:F0:00:01:3D,553,,1,1
27639,ack,11:66:F0:00:01:3D,,0,0,1
27649,send,11:66:F0:00:01:3D,554,,1,1
27653,ack,11:66:F0:00:01:3D,,0,0,1
27666,send,11:66:F0:00:01:3D,555,,1,1
27670,ack,11:66:F0:00:01:3D,,0,0,1
27683,send,11:66:F0:00:01:3D,556,,1,1
27687,ack,11:66:F0:00:01:3D,,0,0,1
27700,send,11:66:F0:00:01:3D,557,,1,1
27705,ack,11:66:F0:00:01:3D,,0,0,1
27717,send,11:66:F0:00:01:3D,558,,1,1
27722,ack,11:66:F0:00:01:3D,,0,0,1
27733,send,11:66:F0:00:01:3D,559,,1,1
27738,ack,11:66:F0:00:01:3D,,0,0,1
27751,send,11:66:F0:00:01:3D,560,,1,1
27755,ack,11:66:F0:00:01:3D,,0,0,1
27768,send,11:66:F0:00:01:3D,561,,1,1
27773,ack,11:66:F0:00:01:3D,,0,0,1
27786,send,11:66:F0:00:01:3D,562,,1,1
27791,ack,11:66:F0:00:01:3D,,0,0,1
27805,send,11:66:F0:00:01:3D,563,,1,1
27809,ack,11:66:F0:00:01:3D,,0,0,1
27823,send,11:66:F0:00:01:3D,564,,1,1
27829,ack,11:66:F0:00:01:3D,,0,0,1
27841,send,11:66:F0:00:01:3D,565,,1,1
27845,ack,11:66:F0:00:01:3D,,0,0,1
27857,send,11:66:F0:00:01:3D,566,,1,1
27862,ack,11:66:F0:00:01:3D,,0,0,1
27875,send,11:66:F0:00:01:3D,567,,1,1
27880,ack,11:66:F0:00:01:3D,,0,0,1
27892,send,11:66:F0:00:01:3D,568,,1,1
27896,ack,11:66:F0:00:01:3D,,0,0,1
27909,send,11:66:F0:00:01:3D,569,,1,1
27914,ack,11:66:F0:00:01:3D,,0,0,1
27926,send,11:66:F0:00:01:3D,570,,1,1
27930,ack,11:66:F0:00:01:3D,,0,0,1
27943,send,11:66:F0:00:01:3D,571,,1,1
27948,ack,11:66:F0:00:01:3D,,0,0,1
27961,send,11:66:F0:00:01:3D,572,,1,1
27965,ack,11:66:F0:00:01:3D,,0,0,1
27977,send,11:66:F0:00:01:3D,573,,1,1
27981,ack,11:66:F0:00:01:3D,,0,0,1
27994,send,11:66:F0:00:01:3D,574,,1,1
27998,ack,11:66:F0:00:01:3D,,0,0,1
28010,send,11:66:F0:00:01:3D,575,,1,1
28014,ack,11:66:F0:00:01:3D,,0,0,1
28027,send,11:66:F0:00:01:3D,576,,1,1
28032,ack,11:66:F0:00:01:3D,,0,0,1
28044,send,11:66:F0:00:01:3D,577,,1,1
28049,ack,11:66:F0:00:01:3D,,0,0,1
28062,send,11:66:F0:00:01:3D,578,,1,1
28068,ack,11:66:F0:00:01:3D,,0,0,1
28081,send,11:66:F0:00:01:3D,579,,1,1
28084,ack,11:66:F0:00:01:3D,,0,0,1
28098,send,11:66:F0:00:01:3D,580,,1,1
28103,ack,11:66:F0:00:01:3D,,0,0,1
28117,send,11:66:F0:00:01:3D,581,,1,1
28121,ack,11:66:F0:00:01:3D,,0,0,1
28135,send,11:66:F0:00:01:3D,582,,1,1
28140,ack,11:66:F0:00:01:3D,,0,0,1
28153,send,11:66:F0:00:01:3D,583,,1,1
28156,ack,11:66:F0:00:01:3D,,0,0,1
28169,send,11:66:F0:00:01:3D,584,,1,1
28173,ack,11:66:F0:00:01:3D,,0,0,1
28186,send,11:66:F0:00:01:3D,585,,1,1
28189,ack,11:66:F0:00:01:3D,,0,0,1
28202,send,11:66:F0:00:01:3D,586,,1,1
28206,ack,11:66:F0:00:01:3D,,0,0,1
28220,send,11:66:F0:00:01:3D,587,,1,1
28225,ack,11:66:F0:00:01:3D,,0,0,1
28237,send,11:66:F0:00:01:3D,588,,1,1
28242,ack,11:66:F0:00:01:3D,,0,0,1
28255,send,11:66:F0:00:01:3D,589,,1,1
28262,ack,11:66:F0:00:01:3D,,0,0,1
28274,send,11:66:F0:00:01:3D,590,,1,1
28279,ack,11:66:F0:00:01:3D,,0,0,1
28292,send,11:66:F0:00:01:3D,591,,1,1
28298,ack,11:66:F0:00:01:3D,,0,0,1
28324,send,11:66:F0:00:01:3D,592,,1,1
28327,ack,11:66:F0:00:01:3D,,0,0,1
28340,send,11:66:F0:00:01:3D,593,,1,1
28342,ack,11:66:F0:00:01:3D,,0,0,1
28356,send,11:66:F0:00:01:3D,594,,1,1
28359,ack,11:66:F0:00:01:3D,,0,0,1
28372,send,11:66:F0:00:01:3D,595,,1,1
28375,ack,11:66:F0:00:01:3D,,0,0,1
28388,send,11:66:F0:00:01:3D,596,,1,1
28392,ack,11:66:F0:00:01:3D,,0,0,1
28405,send,11:66:F0:00:01:3D,597,,1,1
28408,ack,11:66:F0:00:01:3D,,0,0,1
28421,send,11:66:F0:00:01:3D,598,,1,1
28424,ack,11:66:F0:00:01:3D,,0,0,1
28438,send,11:66:F0:00:01:3D,599,,1,1
28443,ack,11:66:F0:00:01:3D,,0,0,1
28456,send,11:66:F0:00:01:3D,600,,1,1
28461,ack,11:66:F0:00:01:3D,,0,0,1
28474,send,11:66:F0:00:01:3D,601,,1,1
28480,ack,11:66:F0:00:01:3D,,0,0,1
28491,send,11:66:F0:00:01:3D,602,,1,1
28495,ack,11:66:F0:00:01:3D,,0,0,1
28510,send,11:66:F0:00:01:3D,603,,1,1
28514,ack,11:66:F0:00:01:3D,,0,0,1
28528,send,11:66:F0:00:01:3D,604,,1,1
28533,ack,11:66:F0:00:01:3D,,0,0,1
28544,send,11:66:F0:00:01:3D,605,,1,1
28548,ack,11:66:F0:00:01:3D,,0,0,1
28562,send,11:66:F0:00:01:3D,606,,1,1
28566,ack,11:66:F0:00:01:3D,,0,0,1
28581,send,11:66:F0:00:01:3D,607,,1,1
28586,ack,11:66:F0:00:01:3D,,0,0,1
28599,send,11:66:F0:00:01:3D,608,,1,1
28603,ack,11:66:F0:00:01:3D,,0,0,1
28617,send,11:66:F0:00:01:3D,609,,1,1
28620,ack,11:66:F0:00:01:3D,,0,0,1
28633,send,11:66:F0:00:01:3D,610,,1,1
28637,ack,11:66:F0:00:01:3D,,0,0,1
28651,send,11:66:F0:00:01:3D,611,,1,1
28655,ack,11:66:F0:00:01:3D,,0,0,1
28666,send,11:66:F0:00:01:3D,612,,1,1
28671,ack,11:66:F0:00:01:3D,,0,0,1
28683,send,11:66:F0:00:01:3D,613,,1,1
28688,ack,11:66:F0:00:01:3D,,0,0,1
28700,send,11:66:F0:00:01:3D,614,,1,1
28705,ack,11:66:F0:00:01:3D,,0,0,1
28717,send,11:66:F0:00:01:3D,615,,1,1
28722,ack,11:66:F0:00:01:3D,,0,0,1
28734,send,11:66:F0:00:01:3D,616,,1,1
28738,ack,11:66:F0:00:01:3D,,0,0,1
28751,send,11:66:F0:00:01:3D,617,,1,1
28755,ack,11:66:F0:00:01:3D,,0,0,1
28769,send,11:66:F0:00:01:3D,618,,1,1
28772,ack,11:66:F0:00:01:3D,,0,0,1
28786,send,11:66:F0:00:01:3D,619,,1,1
28791,ack,11:66:F0:00:01:3D,,0,0,1
28803,send,11:66:F0:00:01:3D,620,,1,1
28807,ack,11:66:F0:00:01:3D,,0,0,1
28819,send,11:66:F0:00:01:3D,621,,1,1
28823,ack,11:66:F0:00:01:3D,,0,0,1
28835,send,11:66:F0:00:01:3D,622,,1,1
28839,ack,11:66:F0:00:01:3D,,0,0,1
28855,send,11:66:F0:00:01:3D,623,,1,1
28859,ack,11:66:F0:00:01:3D,,0,0,1
28872,send,11:66:F0:00:01:3D,624,,1,1
28878,ack,11:66:F0:00:01:3D,,0,0,1
28891,send,11:66:F0:00:01:3D,625,,1,1
28896,ack,11:66:F0:00:01:3D,,0,0,1
28910,send,11:66:F0:00:01:3D,626,,1,1
28915,ack,11:66:F0:00:01:3D,,0,0,1
28927,send,11:66:F0:00:01:3D,627,,1,1
28931,ack,11:66:F0:00:01:3D,,0,0,1
28944,send,11:66:F0:00:01:3D,628,,1,1
28948,ack,11:66:F0:00:01:3D,,0,0,1
28962,send,11:66:F0:00:01:3D,629,,1,1
28967,ack,11:66:F0:00:01:3D,,0,0,1
28980,send,11:66:F0:00:01:3D,630,,1,1
28985,ack,11:66:F0:00:01:3D,,0,0,1
28998,send,11:66:F0:00:01:3D,631,,1,1
29002,ack,11:66:F0:00:01:3D,,0,0,1
29014,send,11:66:F0:00:01:3D,632,,1,1
29020,ack,11:66:F0:00:01:3D,,0,0,1
29033,send,11:66:F0:00:01:3D,633,,1,1
29038,ack,11:66:F0:00:01:3D,,0,0,1
29053,send,11:66:F0:00:01:3D,634,,1,1
29057,ack,11:66:F0:00:01:3D,,0,0,1
29071,send,11:66:F0:00:01:3D,635,,1,1
29076,ack,11:66:F0:00:01:3D,,0,0,1
29089,send,11:66:F0:00:01:3D,636,,1,1
29094,ack,11:66:F0:00:01:3D,,0,0,1
29106,send,11:66:F0:00:01:3D,637,,1,1
29112,ack,11:66:F0:00:01:3D,,0,0,1
29125,send,11:66:F0:00:01:3D,638,,1,1
29131,ack,11:66:F0:00:01:3D,,0,0,1
29144,send,11:66:F0:00:01:3D,639,,1,1
29150,ack,11:66:F0:00:01:3D,,0,0,1
29162,send,11:66:F0:00:01:3D,640,,1,1
29167,ack,11:66:F0:00:01:3D,,0,0,1
29179,send,11:66:F0:00:01:3D,641,,1,1
29184,ack,11:66:F0:00:01:3D,,0,0,1
29196,send,11:66:F0:00:01:3D,642,,1,1
29201,ack,11:66:F0:00:01:3D,,0,0,1
29213,send,11:66:F0:00:01:3D,643,,1,1
29218,ack,11:66:F0:00:01:3D,,0,0,1
29230,send,11:66:F0:00:01:3D,644,,1,1
29235,ack,11:66:F0:00:01:3D,,0,0,1
29246,send,11:66:F0:00:01:3D,645,,1,1
29251,ack,11:66:F0:00:01:3D,,0,0,1
29262,send,11:66:F0:00:01:3D,646,,1,1
29266,ack,11:66:F0:00:01:3D,,0,0,1
29280,send,11:66:F0:00:01:3D,647,,1,1
29283,ack,11:66:F0:00:01:3D,,0,0,1
29297,send,11:66:F0:00:01:3D,648,,1,1
29301,ack,11:66:F0:00:01:3D,,0,0,1
29325,send,11:66:F0:00:01:3D,649,,1,1
29329,ack,11:66:F0:00:01:3D,,0,0,1
29341,send,11:66:F0:00:01:3D,650,,1,1
29345,ack,11:66:F0:00:01:3D,,0,0,1
29358,send,11:66:F0:00:01:3D,651,,1,1
29361,ack,11:66:F0:00:01:3D,,0,0,1
29374,send,11:66:F0:00:01:3D,652,,1,1
29378,ack,11:66:F0:00:01:3D,,0,0,1
29390,send,11:66:F0:00:01:3D,653,,1,1
29394,ack,11:66:F0:00:01:3D,,0,0,1
29407,send,11:66:F0:00:01:3D,654,,1,1
29411,ack,11:66:F0:00:01:3D,,0,0,1
29424,send,11:66:F0:00:01:3D,655,,1,1
29430,ack,11:66:F0:00:01:3D,,0,0,1
29444,send,11:66:F0:00:01:3D,656,,1,1
29450,ack,11:66:F0:00:01:3D,,0,0,1
29462,send,11:66:F0:00:01:3D,657,,1,1
29468,ack,11:66:F0:00:01:3D,,0,0,1
29480,send,11:66:F0:00:01:3D,658,,1,1
29485,ack,11:66:F0:00:01:3D,,0,0,1
29498,send,11:66:F0:00:01:3D,659,,1,1
29502,ack,11:66:F0:00:01:3D,,0,0,1
29514,send,11:66:F0:00:01:3D,660,,1,1
29519,ack,11:66:F0:00:01:3D,,0,0,1
29532,send,11:66:F0:00:01:3D,661,,1,1
29537,ack,11:66:F0:00:01:3D,,0,0,1
29550,send,11:66:F0:00:01:3D,662,,1,1
29554,ack,11:66:F0:00:01:3D,,0,0,1
29568,send,11:66:F0:00:01:3D,663,,1,1
29572,ack,11:66:F0:00:01:3D,,0,0,1
29585,send,11:66:F0:00:01:3D,664,,1,1
29593,ack,11:66:F0:00:01:3D,,0,0,1
29607,send,11:66:F0:00:01:3D,665,,1,1
29613,ack,11:66:F0:00:01:3D,,0,0,1
29624,send,11:66:F0:00:01:3D,666,,1,1
29630,ack,11:66:F0:00:01:3D,,0,0,1
29644,send,11:66:F0:00:01:3D,667,,1,1
29651,ack,11:66:F0:00:01:3D,,0,0,1
29662,send,11:66:F0:00:01:3D,668,,1,1
29667,ack,11:66:F0:00:01:3D,,0,0,1
29679,send,11:66:F0:00:01:3D,669,,1,1
29684,ack,11:66:F0:00:01:3D,,0,0,1
29697,send,11:66:F0:00:01:3D,670,,1,1
29701,ack,11:66:F0:00:01:3D,,0,0,1
29713,send,11:66:F0:00:01:3D,671,,1,1
29717,ack,11:66:F0:00:01:3D,,0,0,1
29730,send,11:66:F0:00:01:3D,672,,1,1
29736,ack,11:66:F0:00:01:3D,,0,0,1
29748,send,11:66:F0:00:01:3D,673,,1,1
29752,ack,11:66:F0:00:01:3D,,0,0,1
29765,send,11:66:F0:00:01:3D,674,,1,1
29769,ack,11:66:F0:00:01:3D,,0,0,1
29783,send,11:66:F0:00:01:3D,675,,1,1
29790,ack,11:66:F0:00:01:3D,,0,0,1
29801,send,11:66:F0:00:01:3D,676,,1,1
29806,ack,11:66:F0:00:01:3D,,0,0,1
29819,send,11:66:F0:00:01:3D,677,,1,1
29824,ack,11:66:F0:00:01:3D,,0,0,1
29837,send,11:66:F0:00:01:3D,678,,1,1
29843,ack,11:66:F0:00:01:3D,,0,0,1
29854,send,11:66:F0:00:01:3D,679,,1,1
29858,ack,11:66:F0:00:01:3D,,0,0,1
29872,send,11:66:F0:00:01:3D,680,,1,1
29879,ack,11:66:F0:00:01:3D,,0,0,1
29891,send,11:66:F0:00:01:3D,681,,1,1
29896,ack,11:66:F0:00:01:3D,,0,0,1
29908,send,11:66:F0:00:01:3D,682,,1,1
29912,ack,11:66:F0:00:01:3D,,0,0,1
29925,send,11:66:F0:00:01:3D,683,,1,1
29929,ack,11:66:F0:00:01:3D,,0,0,1
29943,send,11:66:F0:00:01:3D,684,,1,1
29948,ack,11:66:F0:00:01:3D,,0,0,1
29959,send,11:66:F0:00:01:3D,685,,1,1
29963,ack,11:66:F0:00:01:3D,,0,0,1
29977,send,11:66:F0:00:01:3D,686,,1,1
29981,ack,11:66:F0:00:01:3D,,0,0,1
29994,send,11:66:F0:00:01:3D,687,,1,1
29999,ack,11:66:F0:00:01:3D,,0,0,1
30011,send,11:66:F0:00:01:3D,688,,1,1
30015,ack,11:66:F0:00:01:3D,,0,0,1
30028,send,11:66:F0:00:01:3D,689,,1,1
30032,ack,11:66:F0:00:01:3D,,0,0,1
30045,send,11:66:F0:00:01:3D,690,,1,1
30049,ack,11:66:F0:00:01:3D,,0,0,1
30062,send,11:66:F0:00:01:3D,691,,1,1
30066,ack,11:66:F0:00:01:3D,,0,0,1
30078,send,11:66:F0:00:01:3D,692,,1,1
30084,ack,11:66:F0:00:01:3D,,0,0,1
30096,send,11:66:F0:00:01:3D,693,,1,1
30102,ack,11:66:F0:00:01:3D,,0,0,1
30116,send,11:66:F0:00:01:3D,694,,1,1
30120,ack,11:66:F0:00:01:3D,,0,0,1
30133,send,11:66:F0:00:01:3D,695,,1,1
30138,ack,11:66:F0:00:01:3D,,0,0,1
30151,send,11:66:F0:00:01:3D,696,,1,1
30156,ack,11:66:F0:00:01:3D,,0,0,1
30170,send,11:66:F0:00:01:3D,697,,1,1
30174,ack,11:66:F0:00:01:3D,,0,0,1
30187,send,11:66:F0:00:01:3D,698,,1,1
30191,ack,11:66:F0:00:01:3D,,0,0,1
30206,send,11:66:F0:00:01:3D,699,,1,1
30210,ack,11:66:F0:00:01:3D,,0,0,1
30224,send,11:66:F0:00:01:3D,700,,1,1
30230,ack,11:66:F0:00:01:3D,,0,0,1
30242,send,11:66:F0:00:01:3D,701,,1,1
30247,ack,11:66:F0:00:01:3D,,0,0,1
30261,send,11:66:F0:00:01:3D,702,,1,1
30267,ack,11:66:F0:00:01:3D,,0,0,1
30280,send,11:66:F0:00:01:3D,703,,1,1
30284,ack,11:66:F0:00:01:3D,,0,0,1
30298,send,11:66:F0:00:01:3D,704,,1,1
30303,ack,11:66:F0:00:01:3D,,0,0,1
30315,send,11:66:F0:00:01:3D,705,,1,1
30319,ack,11:66:F0:00:01:3D,,0,0,1
30332,send,11:66:F0:00:01:3D,706,,1,1
30337,ack,11:66:F0:00:01:3D,,0,0,1
30350,send,11:66:F0:00:01:3D,707,,1,1
30356,ack,11:66:F0:00:01:3D,,0,0,1
30368,send,11:66:F0:00:01:3D,708,,1,1
30373,ack,11:66:F0:00:01:3D,,0,0,1
30386,send,11:66:F0:00:01:3D,709,,1,1
30391,ack,11:66:F0:00:01:3D,,0,0,1
30404,send,11:66:F0:00:01:3D,710,,1,1
30409,ack,11:66:F0:00:01:3D,,0,0,1
30421,send,11:66:F0:00:01:3D,711,,1,1
30425,ack,11:66:F0:00:01:3D,,0,0,1
30438,send,11:66:F0:00:01:3D,712,,1,1
30444,ack,11:66:F0:00:01:3D,,0,0,1
30457,send,11:66:F0:00:01:3D,713,,1,1
30462,ack,11:66:F0:00:01:3D,,0,0,1
30476,send,11:66:F0:00:01:3D,714,,1,1
30484,ack,11:66:F0:00:01:3D,,0,0,1
30495,send,11:66:F0:00:01:3D,715,,1,1
30501,ack,11:66:F0:00:01:3D,,0,0,1
30514,send,11:66:F0:00:01:3D,716,,1,1
30519,ack,11:66:F0:00:01:3D,,0,0,1
30531,send,11:66:F0:00:01:3D,717,,1,1
30535,ack,11:66:F0:00:01:3D,,0,0,1
30549,send,11:66:F0:00:01:3D,718,,1,1
30553,ack,11:66:F0:00:01:3D,,0,0,1
30566,send,11:66:F0:00:01:3D,719,,1,1
30573,ack,11:66:F0:00:01:3D,,0,0,1
30585,send,11:66:F0:00:01:3D,720,,1,1
30591,ack,11:66:F0:00:01:3D,,0,0,1
30604,send,11:66:F0:00:01:3D,721,,1,1
30609,ack,11:66:F0:00:01:3D,,0,0,1
30621,send,11:66:F0:00:01:3D,722,,1,1
30625,ack,11:66:F0:00:01:3D,,0,0,1
30639,send,11:66:F0:00:01:3D,723,,1,1
30644,ack,11:66:F0:00:01:3D,,0,0,1
30657,send,11:66:F0:00:01:3D,724,,1,1
30661,ack,11:66:F0:00:01:3D,,0,0,1
30674,send,11:66:F0:00:01:3D,725,,1,1
30679,ack,11:66:F0:00:01:3D,,0,0,1
30691,send,11:66:F0:00:01:3D,726,,1,1
30695,ack,11:66:F0:00:01:3D,,0,0,1
30708,send,11:66:F0:00:01:3D,727,,1,1
30714,ack,11:66:F0:00:01:3D,,0,0,1
30728,send,11:66:F0:00:01:3D,728,,1,1
30733,ack,11:66:F0:00:01:3D,,0,0,1
30746,send,11:66:F0:00:01:3D,729,,1,1
30750,ack,11:66:F0:00:01:3D,,0,0,1
30764,send,11:66:F0:00:01:3D,730,,1,1
30768,ack,11:66:F0:00:01:3D,,0,0,1
30781,send,11:66:F0:00:01:3D,731,,1,1
30785,ack,11:66:F0:00:01:3D,,0,0,1
30798,send,11:66:F0:00:01:3D,732,,1,1
30804,ack,11:66:F0:00:01:3D,,0,0,1
30816,send,11:66:F0:00:01:3D,733,,1,1
30821,ack,11:66:F0:00:01:3D,,0,0,1
30835,send,11:66:F0:00:01:3D,734,,1,1
30839,ack,11:66:F0:00:01:3D,,0,0,1
30853,send,11:66:F0:00:01:3D,735,,1,1
30858,ack,11:66:F0:00:01:3D,,0,0,1
30870,send,11:66:F0:00:01:3D,736,,1,1
30875,ack,11:66:F0:00:01:3D,,0,0,1
30888,send,11:66:F0:00:01:3D,737,,1,1
30892,ack,11:66:F0:00:01:3D,,0,0,1
30904,send,11:66:F0:00:01:3D,738,,1,1
30909,ack,11:66:F0:00:01:3D,,0,0,1
30922,send,11:66:F0:00:01:3D,739,,1,1
30926,ack,11:66:F0:00:01:3D,,0,0,1
30939,send,11:66:F0:00:01:3D,740,,1,1
30945,ack,11:66:F0:00:01:3D,,0,0,1
30959,send,11:66:F0:00:01:3D,741,,1,1
30963,ack,11:66:F0:00:01:3D,,0,0,1
30976,send,11:66:F0:00:01:3D,742,,1,1
30982,ack,11:66:F0:00:01:3D,,0,0,1
30993,send,11:66:F0:00:01:3D,743,,1,1
30998,ack,11:66:F0:00:01:3D,,0,0,1
31012,send,11:66:F0:00:01:3D,744,,1,1
31016,ack,11:66:F0:00:01:3D,,0,0,1
31028,send,11:66:F0:00:01:3D,745,,1,1
31033,ack,11:66:F0:00:01:3D,,0,0,1
31045,send,11:66:F0:00:01:3D,746,,1,1
31052,ack,11:66:F0:00:01:3D,,0,0,1
31064,send,11:66:F0:00:01:3D,747,,1,1
31068,ack,11:66:F0:00:01:3D,,0,0,1
31081,send,11:66:F0:00:01:3D,748,,1,1
31086,ack,11:66:F0:00:01:3D,,0,0,1
31099,send,11:66:F0:00:01:3D,749,,1,1
31104,ack,11:66:F0:00:01:3D,,0,0,1
31120,send,11:66:F0:00:01:3D,750,,1,1
31125,ack,11:66:F0:00:01:3D,,0,0,1
31139,send,11:66:F0:00:01:3D,751,,1,1
31144,ack,11:66:F0:00:01:3D,,0,0,1
31158,send,11:66:F0:00:01:3D,752,,1,1
31163,ack,11:66:F0:00:01:3D,,0,0,1
31177,send,11:66:F0:00:01:3D,753,,1,1
31182,ack,11:66:F0:00:01:3D,,0,0,1
31194,send,11:66:F0:00:01:3D,754,,1,1
31198,ack,11:66:F0:00:01:3D,,0,0,1
31898,send,11:66:F0:00:01:3D,755,,1,1
31905,ack,11:66:F0:00:01:3D,,0,0,1
31913,send,11:66:F0:00:01:3D,756,,1,1
31918,ack,11:66:F0:00:01:3D,,0,0,1
31928,send,11:66:F0:00:01:3D,757,,1,1
31932,ack,11:66:F0:00:01:3D,,0,0,1
31941,send,11:66:F0:00:01:3D,758,,1,1
31944,ack,11:66:F0:00:01:3D,,0,0,1
31957,send,11:66:F0:00:01:3D,759,,1,1
31962,ack,11:66:F0:00:01:3D,,0,0,1
31972,send,11:66:F0:00:01:3D,760,,1,1
31977,ack,11:66:F0:00:01:3D,,0,0,1
31986,send,11:66:F0:00:01:3D,761,,1,1
31990,ack,11:66:F0:00:01:3D,,0,0,1
32000,send,11:66:F0:00:01:3D,762,,1,1
32004,ack,11:66:F0:00:01:3D,,0,0,1
32014,send,11:66:F0:00:01:3D,763,,1,1
32018,ack,11:66:F0:00:01:3D,,0,0,1
32027,send,11:66:F0:00:01:3D,764,,1,1
32031,ack,11:66:F0:00:01:3D,,0,0,1
32041,send,11:66:F0:00:01:3D,765,,1,1
32046,ack,11:66:F0:00:01:3D,,0,0,1
32055,send,11:66:F0:00:01:3D,766,,1,1
32059,ack,11:66:F0:00:01:3D,,0,0,1
32069,send,11:66:F0:00:01:3D,767,,1,1
32073,ack,11:66:F0:00:01:3D,,0,0,1
32083,send,11:66:F0:00:01:3D,768,,1,1
32087,ack,11:66:F0:00:01:3D,,0,0,1
32098,send,11:66:F0:00:01:3D,769,,1,1
32103,ack,11:66:F0:00:01:3D,,0,0,1
32113,send,11:66:F0:00:01:3D,770,,1,1
32119,ack,11:66:F0:00:01:3D,,0,0,1
32127,send,11:66:F0:00:01:3D,771,,1,1
32131,ack,11:66:F0:00:01:3D,,0,0,1
32143,send,11:66:F0:00:01:3D,772,,1,1
32149,ack,11:66:F0:00:01:3D,,0,0,1
32158,send,11:66:F0:00:01:3D,773,,1,1
32160,ack,11:66:F0:00:01:3D,,0,0,1
32170,send,11:66:F0:00:01:3D,774,,1,1
32174,ack,11:66:F0:00:01:3D,,0,0,1
32183,send,11:66:F0:00:01:3D,775,,1,1
32187,ack,11:66:F0:00:01:3D,,0,0,1
32197,send,11:66:F0:00:01:3D,776,,1,1
32202,ack,11:66:F0:00:01:3D,,0,0,1
32212,send,11:66:F0:00:01:3D,777,,1,1
32215,ack,11:66:F0:00:01:3D,,0,0,1
32227,send,11:66:F0:00:01:3D,778,,1,1
32231,ack,11:66:F0:00:01:3D,,0,0,1
32240,send,11:66:F0:00:01:3D,779,,1,1
32245,ack,11:66:F0:00:01:3D,,0,0,1
32254,send,11:66:F0:00:01:3D,780,,1,1
32258,ack,11:66:F0:00:01:3D,,0,0,1
32268,send,11:66:F0:00:01:3D,781,,1,1
32272,ack,11:66:F0:00:01:3D,,0,0,1
32281,send,11:66:F0:00:01:3D,782,,1,1
32284,ack,11:66:F0:00:01:3D,,0,0,1
32295,send,11:66:F0:00:01:3D,783,,1,1
32299,ack,11:66:F0:00:01:3D,,0,0,1
32324,send,11:66:F0:00:01:3D,784,,1,1
32326,ack,11:66:F0:00:01:3D,,0,0,1
32337,send,11:66:F0:00:01:3D,785,,1,1
32339,ack,11:66:F0:00:01:3D,,0,0,1
32350,send,11:66:F0:00:01:3D,786,,1,1
32353,ack,11:66:F0:00:01:3D,,0,0,1
32364,send,11:66:F0:00:01:3D,787,,1,1
32368,ack,11:66:F0:00:01:3D,,0,0,1
32378,send,11:66:F0:00:01:3D,788,,1,1
32383,ack,11:66:F0:00:01:3D,,0,0,1
32393,send,11:66:F0:00:01:3D,789,,1,1
32398,ack,11:66:F0:00:01:3D,,0,0,1
32407,send,11:66:F0:00:01:3D,790,,1,1
32414,ack,11:66:F0:00:01:3D,,0,0,1
32423,send,11:66:F0:00:01:3D,791,,1,1
32429,ack,11:66:F0:00:01:3D,,0,0,1
32438,send,11:66:F0:00:01:3D,792,,1,1
32442,ack,11:66:F0:00:01:3D,,0,0,1
32453,send,11:66:F0:00:01:3D,793,,1,1
32456,ack,11:66:F0:00:01:3D,,0,0,1
32466,send,11:66:F0:00:01:3D,794,,1,1
32469,ack,11:66:F0:00:01:3D,,0,0,1
32479,send,11:66:F0:00:01:3D,795,,1,1
32485,ack,11:66:F0:00:01:3D,,0,0,1
32496,send,11:66:F0:00:01:3D,796,,1,1
32499,ack,11:66:F0:00:01:3D,,0,0,1
32511,send,11:66:F0:00:01:3D,797,,1,1
32516,ack,11:66:F0:00:01:3D,,0,0,1
32525,send,11:66:F0:00:01:3D,798,,1,1
32530,ack,11:66:F0:00:01:3D,,0,0,1
32541,send,11:66:F0:00:01:3D,799,,1,1
32545,ack,11:66:F0:00:01:3D,,0,0,1
32555,send,11:66:F0:00:01:3D,800,,1,1
32558,ack,11:66:F0:00:01:3D,,0,0,1
32570,send,11:66:F0:00:01:3D,801,,1,1
32575,ack,11:66:F0:00:01:3D,,0,0,1
32584,send,11:66:F0:00:01:3D,802,,1,1
32590,ack,11:66:F0:00:01:3D,,0,0,1
32602,send,11:66:F0:00:01:3D,803,,1,1
32607,ack,11:66:F0:00:01:3D,,0,0,1
32616,send,11:66:F0:00:01:3D,804,,1,1
32620,ack,11:66:F0:00:01:3D,,0,0,1
32630,send,11:66:F0:00:01:3D,805,,1,1
32633,ack,11:66:F0:00:01:3D,,0,0,1
32642,send,11:66:F0:00:01:3D,806,,1,1
32646,ack,11:66:F0:00:01:3D,,0,0,1
32657,send,11:66:F0:00:01:3D,807,,1,1
32661,ack,11:66:F0:00:01:3D,,0,0,1
32671,send,11:66:F0:00:01:3D,808,,1,1
32676,ack,11:66:F0:00:01:3D,,0,0,1
32686,send,11:66:F0:00:01:3D,809,,1,1
32691,ack,11:66:F0:00:01:3D,,0,0,1
32701,send,11:66:F0:00:01:3D,810,,1,1
32705,ack,11:66:F0:00:01:3D,,0,0,1
32715,send,11:66:F0:00:01:3D,811,,1,1
32719,ack,11:66:F0:00:01:3D,,0,0,1
32730,send,11:66:F0:00:01:3D,812,,1,1
32735,ack,11:66:F0:00:01:3D,,0,0,1
32745,send,11:66:F0:00:01:3D,813,,1,1
32751,ack,11:66:F0:00:01:3D,,0,0,1
32761,send,11:66:F0:00:01:3D,814,,1,1
32765,ack,11:66:F0:00:01:3D,,0,0,1
32774,send,11:66:F0:00:01:3D,815,,1,1
32778,ack,11:66:F0:00:01:3D,,0,0,1
32788,send,11:66:F0:00:01:3D,816,,1,1
32791,ack,11:66:F0:00:01:3D,,0,0,1
32802,send,11:66:F0:00:01:3D,817,,1,1
32807,ack,11:66:F0:00:01:3D,,0,0,1
32816,send,11:66:F0:00:01:3D,818,,1,1
32821,ack,11:66:F0:00:01:3D,,0,0,1
32830,send,11:66:F0:00:01:3D,819,,1,1
32837,ack,11:66:F0:00:01:3D,,0,0,1
32845,send,11:66:F0:00:01:3D,820,,1,1
32851,ack,11:66:F0:00:01:3D,,0,0,1
32860,send,11:66:F0:00:01:3D,821,,1,1
32865,ack,11:66:F0:00:01:3D,,0,0,1
32875,send,11:66:F0:00:01:3D,822,,1,1
32879,ack,11:66:F0:00:01:3D,,0,0,1
32889,send,11:66:F0:00:01:3D,823,,1,1
32894,ack,11:66:F0:00:01:3D,,0,0,1
32903,send,11:66:F0:00:01:3D,824,,1,1
32907,ack,11:66:F0:00:01:3D,,0,0,1
32917,send,11:66:F0:00:01:3D,825,,1,1
32922,ack,11:66:F0:00:01:3D,,0,0,1
32932,send,11:66:F0:00:01:3D,826,,1,1
32937,ack,11:66:F0:00:01:3D,,0,0,1
32947,send,11:66:F0:00:01:3D,827,,1,1
32951,ack,11:66:F0:00:01:3D,,0,0,1
32961,send,11:66:F0:00:01:3D,828,,1,1
32968,ack,11:66:F0:00:01:3D,,0,0,1
32979,send,11:66:F0:00:01:3D,829,,1,1
32983,ack,11:66:F0:00:01:3D,,0,0,1
32993,send,11:66:F0:00:01:3D,830,,1,1
32998,ack,11:66:F0:00:01:3D,,0,0,1
33009,send,11:66:F0:00:01:3D,831,,1,1
33014,ack,11:66:F0:00:01:3D,,0,0,1
33022,send,11:66:F0:00:01:3D,832,,1,1
33027,ack,11:66:F0:00:01:3D,,0,0,1
33038,send,11:66:F0:00:01:3D,833,,1,1
33042,ack,11:66:F0:00:01:3D,,0,0,1
33052,send,11:66:F0:00:01:3D,834,,1,1
33058,ack,11:66:F0:00:01:3D,,0,0,1
33066,send,11:66:F0:00:01:3D,835,,1,1
33071,ack,11:66:F0:00:01:3D,,0,0,1
33081,send,11:66:F0:00:01:3D,836,,1,1
33087,ack,11:66:F0:00:01:3D,,0,0,1
33096,send,11:66:F0:00:01:3D,837,,1,1
33103,ack,11:66:F0:00:01:3D,,0,0,1
33113,send,11:66:F0:00:01:3D,838,,1,1
33121,ack,11:66:F0:00:01:3D,,0,0,1
33131,send,11:66:F0:00:01:3D,839,,1,1
33137,ack,11:66:F0:00:01:3D,,0,0,1
33146,send,11:66:F0:00:01:3D,840,,1,1
33151,ack,11:66:F0:00:01:3D,,0,0,1
33162,send,11:66:F0:00:01:3D,841,,1,1
33166,ack,11:66:F0:00:01:3D,,0,0,1
33178,send,11:66:F0:00:01:3D,842,,1,1
33182,ack,11:66:F0:00:01:3D,,0,0,1
33193,send,11:66:F0:00:01:3D,843,,1,1
33198,ack,11:66:F0:00:01:3D,,0,0,1
33208,send,11:66:F0:00:01:3D,844,,1,1
33213,ack,11:66:F0:00:01:3D,,0,0,1
33222,send,11:66:F0:00:01:3D,845,,1,1
33227,ack,11:66:F0:00:01:3D,,0,0,1
33237,send,11:66:F0:00:01:3D,846,,1,1
33241,ack,11:66:F0:00:01:3D,,0,0,1
33251,send,11:66:F0:00:01:3D,847,,1,1
33257,ack,11:66:F0:00:01:3D,,0,0,1
33266,send,11:66:F0:00:01:3D,848,,1,1
33271,ack,11:66:F0:00:01:3D,,0,0,1
33281,send,11:66:F0:00:01:3D,849,,1,1
33285,ack,11:66:F0:00:01:3D,,0,0,1
33296,send,11:66:F0:00:01:3D,850,,1,1
33302,ack,11:66:F0:00:01:3D,,0,0,1
33327,send,11:66:F0:00:01:3D,851,,1,1
33330,ack,11:66:F0:00:01:3D,,0,0,1
33341,send,11:66:F0:00:01:3D,852,,1,1
33346,ack,11:66:F0:00:01:3D,,0,0,1
33355,send,11:66:F0:00:01:3D,853,,1,1
33358,ack,11:66:F0:00:01:3D,,0,0,1
33368,send,11:66:F0:00:01:3D,854,,1,1
33372,ack,11:66:F0:00:01:3D,,0,0,1
33382,send,11:66:F0:00:01:3D,855,,1,1
33387,ack,11:66:F0:00:01:3D,,0,0,1
33396,send,11:66:F0:00:01:3D,856,,1,1
33402,ack,11:66:F0:00:01:3D,,0,0,1
33412,send,11:66:F0:00:01:3D,857,,1,1
33416,ack,11:66:F0:00:01:3D,,0,0,1
33427,send,11:66:F0:00:01:3D,858,,1,1
33432,ack,11:66:F0:00:01:3D,,0,0,1
33442,send,11:66:F0:00:01:3D,859,,1,1
33446,ack,11:66:F0:00:01:3D,,0,0,1
33457,send,11:66:F0:00:01:3D,860,,1,1
33462,ack,11:66:F0:00:01:3D,,0,0,1
33473,send,11:66:F0:00:01:3D,861,,1,1
33479,ack,11:66:F0:00:01:3D,,0,0,1
33490,send,11:66:F0:00:01:3D,862,,1,1
33495,ack,11:66:F0:00:01:3D,,0,0,1
33505,send,11:66:F0:00:01:3D,863,,1,1
33508,ack,11:66:F0:00:01:3D,,0,0,1
33519,send,11:66:F0:00:01:3D,864,,1,1
33524,ack,11:66:F0:00:01:3D,,0,0,1
33534,send,11:66:F0:00:01:3D,865,,1,1
33540,ack,11:66:F0:00:01:3D,,0,0,1
33550,send,11:66:F0:00:01:3D,866,,1,1
33555,ack,11:66:F0:00:01:3D,,0,0,1
33566,send,11:66:F0:00:01:3D,867,,1,1
33573,ack,11:66:F0:00:01:3D,,0,0,1
33581,send,11:66:F0:00:01:3D,868,,1,1
33587,ack,11:66:F0:00:01:3D,,0,0,1
33597,send,11:66:F0:00:01:3D,869,,1,1
33602,ack,11:66:F0:00:01:3D,,0,0,1
33614,send,11:66:F0:00:01:3D,870,,1,1
33618,ack,11:66:F0:00:01:3D,,0,0,1
33628,send,11:66:F0:00:01:3D,871,,1,1
33633,ack,11:66:F0:00:01:3D,,0,0,1
33645,send,11:66:F0:00:01:3D,872,,1,1
33650,ack,11:66:F0:00:01:3D,,0,0,1
33660,send,11:66:F0:00:01:3D,873,,1,1
33665,ack,11:66:F0:00:01:3D,,0,0,1
33675,send,11:66:F0:00:01:3D,874,,1,1
33680,ack,11:66:F0:00:01:3D,,0,0,1
33690,send,11:66:F0:00:01:3D,875,,1,1
33695,ack,11:66:F0:00:01:3D,,0,0,1
33705,send,11:66:F0:00:01:3D,876,,1,1
33710,ack,11:66:F0:00:01:3D,,0,0,1
33719,send,11:66:F0:00:01:3D,877,,1,1
33723,ack,11:66:F0:00:01:3D,,0,0,1
33733,send,11:66:F0:00:01:3D,878,,1,1
33737,ack,11:66:F0:00:01:3D,,0,0,1
33747,send,11:66:F0:00:01:3D,879,,1,1
33752,ack,11:66:F0:00:01:3D,,0,0,1
33763,send,11:66:F0:00:01:3D,880,,1,1
33767,ack,11:66:F0:00:01:3D,,0,0,1
33776,send,11:66:F0:00:01:3D,881,,1,1
33781,ack,11:66:F0:00:01:3D,,0,0,1
33790,send,11:66:F0:00:01:3D,882,,1,1
33795,ack,11:66:F0:00:01:3D,,0,0,1
33806,send,11:66:F0:00:01:3D,883,,1,1
33811,ack,11:66:F0:00:01:3D,,0,0,1
33821,send,11:66:F0:00:01:3D,884,,1,1
33827,ack,11:66:F0:00:01:3D,,0,0,1
33836,send,11:66:F0:00:01:3D,885,,1,1
33841,ack,11:66:F0:00:01:3D,,0,0,1
33850,send,11:66:F0:00:01:3D,886,,1,1
33855,ack,11:66:F0:00:01:3D,,0,0,1
33865,send,11:66:F0:00:01:3D,887,,1,1
33870,ack,11:66:F0:00:01:3D,,0,0,1
33880,send,11:66:F0:00:01:3D,888,,1,1
33885,ack,11:66:F0:00:01:3D,,0,0,1
33895,send,11:66:F0:00:01:3D,889,,1,1
33899,ack,11:66:F0:00:01:3D,,0,0,1
33908,send,11:66:F0:00:01:3D,890,,1,1
33913,ack,11:66:F0:00:01:3D,,0,0,1
33923,send,11:66:F0:00:01:3D,891,,1,1
33927,ack,11:66:F0:00:01:3D,,0,0,1
33938,send,11:66:F0:00:01:3D,892,,1,1
33942,ack,11:66:F0:00:01:3D,,0,0,1
33953,send,11:66:F0:00:01:3D,893,,1,1
33956,ack,11:66:F0:00:01:3D,,0,0,1
33969,send,11:66:F0:00:01:3D,894,,1,1
33973,ack,11:66:F0:00:01:3D,,0,0,1
33983,send,11:66:F0:00:01:3D,895,,1,1
33988,ack,11:66:F0:00:01:3D,,0,0,1
33998,send,11:66:F0:00:01:3D,896,,1,1
34002,ack,11:66:F0:00:01:3D,,0,0,1
34013,send,11:66:F0:00:01:3D,897,,1,1
34017,ack,11:66:F0:00:01:3D,,0,0,1
34027,send,11:66:F0:00:01:3D,898,,1,1
34031,ack,11:66:F0:00:01:3D,,0,0,1
34041,send,11:66:F0:00:01:3D,899,,1,1
34047,ack,11:66:F0:00:01:3D,,0,0,1
34056,send,11:66:F0:00:01:3D,900,,1,1
34061,ack,11:66:F0:00:01:3D,,0,0,1
34071,send,11:66:F0:00:01:3D,901,,1,1
34077,ack,11:66:F0:00:01:3D,,0,0,1
34087,send,11:66:F0:00:01:3D,902,,1,1
34091,ack,11:66:F0:00:01:3D,,0,0,1
34102,send,11:66:F0:00:01:3D,903,,1,1
34106,ack,11:66:F0:00:01:3D,,0,0,1
34116,send,11:66:F0:00:01:3D,904,,1,1
34120,ack,11:66:F0:00:01:3D,,0,0,1
34131,send,11:66:F0:00:01:3D,905,,1,1
34135,ack,11:66:F0:00:01:3D,,0,0,1
34146,send,11:66:F0:00:01:3D,906,,1,1
34151,ack,11:66:F0:00:01:3D,,0,0,1
34160,send,11:66:F0:00:01:3D,907,,1,1
34165,ack,11:66:F0:00:01:3D,,0,0,1
34174,send,11:66:F0:00:01:3D,908,,1,1
34178,ack,11:66:F0:00:01:3D,,0,0,1
34189,send,11:66:F0:00:01:3D,909,,1,1
34195,ack,11:66:F0:00:01:3D,,0,0,1
34203,send,11:66:F0:00:01:3D,910,,1,1
34207,ack,11:66:F0:00:01:3D,,0,0,1
34217,send,11:66:F0:00:01:3D,911,,1,1
34221,ack,11:66:F0:00:01:3D,,0,0,1
34231,send,11:66:F0:00:01:3D,912,,1,1
34235,ack,11:66:F0:00:01:3D,,0,0,1
34246,send,11:66:F0:00:01:3D,913,,1,1
34251,ack,11:66:F0:00:01:3D,,0,0,1
34260,send,11:66:F0:00:01:3D,914,,1,1
34264,ack,11:66:F0:00:01:3D,,0,0,1
34276,send,11:66:F0:00:01:3D,915,,1,1
34281,ack,11:66:F0:00:01:3D,,0,0,1
34292,send,11:66:F0:00:01:3D,916,,1,1
34296,ack,11:66:F0:00:01:3D,,0,0,1
34306,send,11:66:F0:00:01:3D,917,,1,1
34310,ack,11:66:F0:00:01:3D,,0,0,1
34327,send,11:66:F0:00:01:3D,918,,1,1
34330,ack,11:66:F0:00:01:3D,,0,0,1
34340,send,11:66:F0:00:01:3D,919,,1,1
34344,ack,11:66:F0:00:01:3D,,0,0,1
34355,send,11:66:F0:00:01:3D,920,,1,1
34359,ack,11:66:F0:00:01:3D,,0,0,1
34368,send,11:66:F0:00:01:3D,921,,1,1
34372,ack,11:66:F0:00:01:3D,,0,0,1
34382,send,11:66:F0:00:01:3D,922,,1,1
34388,ack,11:66:F0:00:01:3D,,0,0,1
34398,send,11:66:F0:00:01:3D,923,,1,1
34403,ack,11:66:F0:00:01:3D,,0,0,1
34413,send,11:66:F0:00:01:3D,924,,1,1
34417,ack,11:66:F0:00:01:3D,,0,0,1
34427,send,11:66:F0:00:01:3D,925,,1,1
34432,ack,11:66:F0:00:01:3D,,0,0,1
34441,send,11:66:F0:00:01:3D,926,,1,1
34446,ack,11:66:F0:00:01:3D,,0,0,1
34455,send,11:66:F0:00:01:3D,927,,1,1
34459,ack,11:66:F0:00:01:3D,,0,0,1
34469,send,11:66:F0:00:01:3D,928,,1,1
34472,ack,11:66:F0:00:01:3D,,0,0,1
34482,send,11:66:F0:00:01:3D,929,,1,1
34486,ack,11:66:F0:00:01:3D,,0,0,1
34496,send,11:66:F0:00:01:3D,930,,1,1
34500,ack,11:66:F0:00:01:3D,,0,0,1
34509,send,11:66:F0:00:01:3D,931,,1,1
34514,ack,11:66:F0:00:01:3D,,0,0,1
34524,send,11:66:F0:00:01:3D,932,,1,1
34530,ack,11:66:F0:00:01:3D,,0,0,1
34541,send,11:66:F0:00:01:3D,933,,1,1
34546,ack,11:66:F0:00:01:3D,,0,0,1
34556,send,11:66:F0:00:01:3D,934,,1,1
34561,ack,11:66:F0:00:01:3D,,0,0,1
34571,send,11:66:F0:00:01:3D,935,,1,1
34576,ack,11:66:F0:00:01:3D,,0,0,1
34586,send,11:66:F0:00:01:3D,936,,1,1
34591,ack,11:66:F0:00:01:3D,,0,0,1
34602,send,11:66:F0:00:01:3D,937,,1,1
34606,ack,11:66:F0:00:01:3D,,0,0,1
34616,send,11:66:F0:00:01:3D,938,,1,1
34620,ack,11:66:F0:00:01:3D,,0,0,1
34630,send,11:66:F0:00:01:3D,939,,1,1
34635,ack,11:66:F0:00:01:3D,,0,0,1
34644,send,11:66:F0:00:01:3D,940,,1,1
34650,ack,11:66:F0:00:01:3D,,0,0,1
34658,send,11:66:F0:00:01:3D,941,,1,1
34665,ack,11:66:F0:00:01:3D,,0,0,1
34674,send,11:66:F0:00:01:3D,942,,1,1
34679,ack,11:66:F0:00:01:3D,,0,0,1
34689,send,11:66:F0:00:01:3D,943,,1,1
34695,ack,11:66:F0:00:01:3D,,0,0,1
34704,send,11:66:F0:00:01:3D,944,,1,1
34709,ack,11:66:F0:00:01:3D,,0,0,1
34719,send,11:66:F0:00:01:3D,945,,1,1
34723,ack,11:66:F0:00:01:3D,,0,0,1
34733,send,11:66:F0:00:01:3D,946,,1,1
34739,ack,11:66:F0:00:01:3D,,0,0,1
34747,send,11:66:F0:00:01:3D,947,,1,1
34752,ack,11:66:F0:00:01:3D,,0,0,1
34763,send,11:66:F0:00:01:3D,948,,1,1
34768,ack,11:66:F0:00:01:3D,,0,0,1
34779,send,11:66:F0:00:01:3D,949,,1,1
34783,ack,11:66:F0:00:01:3D,,0,0,1
34794,send,11:66:F0:00:01:3D,950,,1,1
34798,ack,11:66:F0:00:01:3D,,0,0,1
34809,send,11:66:F0:00:01:3D,951,,1,1
34813,ack,11:66:F0:00:01:3D,,0,0,1
34825,send,11:66:F0:00:01:3D,952,,1,1
34829,ack,11:66:F0:00:01:3D,,0,0,1
34839,send,11:66:F0:00:01:3D,953,,1,1
34846,ack,11:66:F0:00:01:3D,,0,0,1
34855,send,11:66:F0:00:01:3D,954,,1,1
34861,ack,11:66:F0:00:01:3D,,0,0,1
34871,send,11:66:F0:00:01:3D,955,,1,1
34876,ack,11:66:F0:00:01:3D,,0,0,1
34886,send,11:66:F0:00:01:3D,956,,1,1
34890,ack,11:66:F0:00:01:3D,,0,0,1
34901,send,11:66:F0:00:01:3D,957,,1,1
34906,ack,11:66:F0:00:01:3D,,0,0,1
34917,send,11:66:F0:00:01:3D,958,,1,1
34922,ack,11:66:F0:00:01:3D,,0,0,1
34933,send,11:66:F0:00:01:3D,959,,1,1
34939,ack,11:66:F0:00:01:3D,,0,0,1
34949,send,11:66:F0:00:01:3D,960,,1,1
34955,ack,11:66:F0:00:01:3D,,0,0,1
34965,send,11:66:F0:00:01:3D,961,,1,1
34972,ack,11:66:F0:00:01:3D,,0,0,1
34980,send,11:66:F0:00:01:3D,962,,1,1
34986,ack,11:66:F0:00:01:3D,,0,0,1
34996,send,11:66:F0:00:01:3D,963,,1,1
35001,ack,11:66:F0:00:01:3D,,0,0,1
35011,send,11:66:F0:00:01:3D,964,,1,1
35016,ack,11:66:F0:00:01:3D,,0,0,1
35026,send,11:66:F0:00:01:3D,965,,1,1
35031,ack,11:66:F0:00:01:3D,,0,0,1
35042,send,11:66:F0:00:01:3D,966,,1,1
35046,ack,11:66:F0:00:01:3D,,0,0,1
35057,send,11:66:F0:00:01:3D,967,,1,1
35063,ack,11:66:F0:00:01:3D,,0,0,1
35072,send,11:66:F0:00:01:3D,968,,1,1
35077,ack,11:66:F0:00:01:3D,,0,0,1
35088,send,11:66:F0:00:01:3D,969,,1,1
35094,ack,11:66:F0:00:01:3D,,0,0,1
35105,send,11:66:F0:00:01:3D,970,,1,1
35110,ack,11:66:F0:00:01:3D,,0,0,1
35121,send,11:66:F0:00:01:3D,971,,1,1
35127,ack,11:66:F0:00:01:3D,,0,0,1
35138,send,11:66:F0:00:01:3D,972,,1,1
35143,ack,11:66:F0:00:01:3D,,0,0,1
35153,send,11:66:F0:00:01:3D,973,,1,1
35158,ack,11:66:F0:00:01:3D,,0,0,1
35169,send,11:66:F0:00:01:3D,974,,1,1
35174,ack,11:66:F0:00:01:3D,,0,0,1
35184,send,11:66:F0:00:01:3D,975,,1,1
35188,ack,11:66:F0:00:01:3D,,0,0,1
35199,send,11:66:F0:00:01:3D,976,,1,1
35204,ack,11:66:F0:00:01:3D,,0,0,1
35214,send,11:66:F0:00:01:3D,977,,1,1
35218,ack,11:66:F0:00:01:3D,,0,0,1
35229,send,11:66:F0:00:01:3D,978,,1,1
35235,ack,11:66:F0:00:01:3D,,0,0,1
35246,send,11:66:F0:00:01:3D,979,,1,1
35249,ack,11:66:F0:00:01:3D,,0,0,1
35262,send,11:66:F0:00:01:3D,980,,1,1
35265,ack,11:66:F0:00:01:3D,,0,0,1
35277,send,11:66:F0:00:01:3D,981,,1,1
35281,ack,11:66:F0:00:01:3D,,0,0,1
35293,send,11:66:F0:00:01:3D,982,,1,1
35297,ack,11:66:F0:00:01:3D,,0,0,1
35308,send,11:66:F0:00:01:3D,983,,1,1
35312,ack,11:66:F0:00:01:3D,,0,0,1
35324,send,11:66:F0:00:01:3D,984,,1,1
35329,ack,11:66:F0:00:01:3D,,0,0,1
35338,send,11:66:F0:00:01:3D,985,,1,1
35343,ack,11:66:F0:00:01:3D,,0,0,1
35353,send,11:66:F0:00:01:3D,986,,1,1
35358,ack,11:66:F0:00:01:3D,,0,0,1
35368,send,11:66:F0:00:01:3D,987,,1,1
35374,ack,11:66:F0:00:01:3D,,0,0,1
35383,send,11:66:F0:00:01:3D,988,,1,1
35388,ack,11:66:F0:00:01:3D,,0,0,1
35398,send,11:66:F0:00:01:3D,989,,1,1
35404,ack,11:66:F0:00:01:3D,,0,0,1
35415,send,11:66:F0:00:01:3D,990,,1,1
35421,ack,11:66:F0:00:01:3D,,0,0,1
35431,send,11:66:F0:00:01:3D,991,,1,1
35436,ack,11:66:F0:00:01:3D,,0,0,1
35447,send,11:66:F0:00:01:3D,992,,1,1
35451,ack,11:66:F0:00:01:3D,,0,0,1
35461,send,11:66:F0:00:01:3D,993,,1,1
35467,ack,11:66:F0:00:01:3D,,0,0,1
35478,send,11:66:F0:00:01:3D,994,,1,1
35484,ack,11:66:F0:00:01:3D,,0,0,1
35494,send,11:66:F0:00:01:3D,995,,1,1
35500,ack,11:66:F0:00:01:3D,,0,0,1
35510,send,11:66:F0:00:01:3D,996,,1,1
35516,ack,11:66:F0:00:01:3D,,0,0,1
35526,send,11:66:F0:00:01:3D,997,,1,1
35532,ack,11:66:F0:00:01:3D,,0,0,1
35543,send,11:66:F0:00:01:3D,998,,1,1
35547,ack,11:66:F0:00:01:3D,,0,0,1
35559,send,11:66:F0:00:01:3D,999,,1,1
35563,ack,11:66:F0:00:01:3D,,0,0,1
35573,send,11:66:F0:00:01:3D,1000,,1,1
35576,ack,11:66:F0:00:01:3D,,0,0,1
35588,send,11:66:F0:00:01:3D,1001,,1,1
35592,ack,11:66:F0:00:01:3D,,0,0,1
35604,send,11:66:F0:00:01:3D,1002,,1,1
35607,ack,11:66:F0:00:01:3D,,0,0,1
35620,send,11:66:F0:00:01:3D,1003,,1,1
35624,ack,11:66:F0:00:01:3D,,0,0,1
35636,send,11:66:F0:00:01:3D,1004,,1,1
35641,ack,11:66:F0:00:01:3D,,0,0,1
35650,send,11:66:F0:00:01:3D,1005,,1,1
35656,ack,11:66:F0:00:01:3D,,0,0,1
35665,send,11:66:F0:00:01:3D,1006,,1,1
35670,ack,11:66:F0:00:01:3D,,0,0,1
35681,send,11:66:F0:00:01:3D,1007,,1,1
35684,ack,11:66:F0:00:01:3D,,0,0,1
35696,send,11:66:F0:00:01:3D,1008,,1,1
35701,ack,11:66:F0:00:01:3D,,0,0,1
35710,send,11:66:F0:00:01:3D,1009,,1,1
35719,ack,11:66:F0:00:01:3D,,0,0,1
35725,send,11:66:F0:00:01:3D,1010,,1,1
35729,ack,11:66:F0:00:01:3D,,0,0,1
35739,send,11:66:F0:00:01:3D,1011,,1,1
35742,ack,11:66:F0:00:01:3D,,0,0,1
35752,send,11:66:F0:00:01:3D,1012,,1,1
35756,ack,11:66:F0:00:01:3D,,0,0,1
35768,send,11:66:F0:00:01:3D,1013,,1,1
35772,ack,11:66:F0:00:01:3D,,0,0,1
35783,send,11:66:F0:00:01:3D,1014,,1,1
35786,ack,11:66:F0:00:01:3D,,0,0,1
35795,send,11:66:F0:00:01:3D,1015,,1,1
35799,ack,11:66:F0:00:01:3D,,0,0,1
35809,send,11:66:F0:00:01:3D,1016,,1,1
35813,ack,11:66:F0:00:01:3D,,0,0,1
35823,send,11:66:F0:00:01:3D,1017,,1,1
35827,ack,11:66:F0:00:01:3D,,0,0,1
35838,send,11:66:F0:00:01:3D,1018,,1,1
35842,ack,11:66:F0:00:01:3D,,0,0,1
35853,send,11:66:F0:00:01:3D,1019,,1,1
35858,ack,11:66:F0:00:01:3D,,0,0,1
35869,send,11:66:F0:00:01:3D,1020,,1,1
35876,ack,11:66:F0:00:01:3D,,0,0,1
35886,send,11:66:F0:00:01:3D,1021,,1,1
35894,ack,11:66:F0:00:01:3D,,0,0,1
35904,send,11:66:F0:00:01:3D,1022,,1,1
35909,ack,11:66:F0:00:01:3D,,0,0,1
35919,send,11:66:F0:00:01:3D,1023,,1,1
35923,ack,11:66:F0:00:01:3D,,0,0,1
35934,send,11:66:F0:00:01:3D,1024,,1,1
35938,ack,11:66:F0:00:01:3D,,0,0,1
35948,send,11:66:F0:00:01:3D,1025,,1,1
35953,ack,11:66:F0:00:01:3D,,0,0,1
35964,send,11:66:F0:00:01:3D,1026,,1,1
35969,ack,11:66:F0:00:01:3D,,0,0,1
35982,send,11:66:F0:00:01:3D,1027,,1,1
35987,ack,11:66:F0:00:01:3D,,0,0,1
35998,send,11:66:F0:00:01:3D,1028,,1,1
36003,ack,11:66:F0:00:01:3D,,0,0,1
36014,send,11:66:F0:00:01:3D,1029,,1,1
36019,ack,11:66:F0:00:01:3D,,0,0,1
36029,send,11:66:F0:00:01:3D,1030,,1,1
36034,ack,11:66:F0:00:01:3D,,0,0,1
36045,send,11:66:F0:00:01:3D,1031,,1,1
36050,ack,11:66:F0:00:01:3D,,0,0,1
36060,send,11:66:F0:00:01:3D,1032,,1,1
36064,ack,11:66:F0:00:01:3D,,0,0,1
36075,send,11:66:F0:00:01:3D,1033,,1,1
36080,ack,11:66:F0:00:01:3D,,0,0,1
36090,send,11:66:F0:00:01:3D,1034,,1,1
36096,ack,11:66:F0:00:01:3D,,0,0,1
36107,send,11:66:F0:00:01:3D,1035,,1,1
36113,ack,11:66:F0:00:01:3D,,0,0,1
36122,send,11:66:F0:00:01:3D,1036,,1,1
36129,ack,11:66:F0:00:01:3D,,0,0,1
36137,send,11:66:F0:00:01:3D,1037,,1,1
36144,ack,11:66:F0:00:01:3D,,0,0,1
36153,send,11:66:F0:00:01:3D,1038,,1,1
36158,ack,11:66:F0:00:01:3D,,0,0,1
36169,send,11:66:F0:00:01:3D,1039,,1,1
36175,ack,11:66:F0:00:01:3D,,0,0,1
36184,send,11:66:F0:00:01:3D,1040,,1,1
36189,ack,11:66:F0:00:01:3D,,0,0,1
36200,send,11:66:F0:00:01:3D,1041,,1,1
36205,ack,11:66:F0:00:01:3D,,0,0,1
36215,send,11:66:F0:00:01:3D,1042,,1,1
36221,ack,11:66:F0:00:01:3D,,0,0,1
36230,send,11:66:F0:00:01:3D,1043,,1,1
36234,ack,11:66:F0:00:01:3D,,0,0,1
36245,send,11:66:F0:00:01:3D,1044,,1,1
36250,ack,11:66:F0:00:01:3D,,0,0,1
36260,send,11:66:F0:00:01:3D,1045,,1,1
36264,ack,11:66:F0:00:01:3D,,0,0,1
36273,send,11:66:F0:00:01:3D,1046,,1,1
36276,ack,11:66:F0:00:01:3D,,0,0,1
36288,send,11:66:F0:00:01:3D,1047,,1,1
36291,ack,11:66:F0:00:01:3D,,0,0,1
36304,send,11:66:F0:00:01:3D,1048,,1,1
36308,ack,11:66:F0:00:01:3D,,0,0,1
36319,send,11:66:F0:00:01:3D,1049,,1,1
36322,ack,11:66:F0:00:01:3D,,0,0,1
36333,send,11:66:F0:00:01:3D,1050,,1,1
36338,ack,11:66:F0:00:01:3D,,0,0,1
36348,send,11:66:F0:00:01:3D,1051,,1,1
36353,ack,11:66:F0:00:01:3D,,0,0,1
36363,send,11:66:F0:00:01:3D,1052,,1,1
36366,ack,11:66:F0:00:01:3D,,0,0,1
36378,send,11:66:F0:00:01:3D,1053,,1,1
36382,ack,11:66:F0:00:01:3D,,0,0,1
36393,send,11:66:F0:00:01:3D,1054,,1,1
36398,ack,11:66:F0:00:01:3D,,0,0,1
36409,send,11:66:F0:00:01:3D,1055,,1,1
36415,ack,11:66:F0:00:01:3D,,0,0,1
36424,send,11:66:F0:00:01:3D,1056,,1,1
36427,ack,11:66:F0:00:01:3D,,0,0,1
36438,send,11:66:F0:00:01:3D,1057,,1,1
36444,ack,11:66:F0:00:01:3D,,0,0,1
36453,send,11:66:F0:00:01:3D,1058,,1,1
36457,ack,11:66:F0:00:01:3D,,0,0,1
36468,send,11:66:F0:00:01:3D,1059,,1,1
36472,ack,11:66:F0:00:01:3D,,0,0,1
36483,send,11:66:F0:00:01:3D,1060,,1,1
36486,ack,11:66:F0:00:01:3D,,0,0,1
36498,send,11:66:F0:00:01:3D,1061,,1,1
36502,ack,11:66:F0:00:01:3D,,0,0,1
36513,send,11:66:F0:00:01:3D,1062,,1,1
36518,ack,11:66:F0:00:01:3D,,0,0,1
36528,send,11:66:F0:00:01:3D,1063,,1,1
36532,ack,11:66:F0:00:01:3D,,0,0,1
36542,send,11:66:F0:00:01:3D,1064,,1,1
36547,ack,11:66:F0:00:01:3D,,0,0,1
36557,send,11:66:F0:00:01:3D,1065,,1,1
36561,ack,11:66:F0:00:01:3D,,0,0,1
36571,send,11:66:F0:00:01:3D,1066,,1,1
36574,ack,11:66:F0:00:01:3D,,0,0,1
36584,send,11:66:F0:00:01:3D,1067,,1,1
36587,ack,11:66:F0:00:01:3D,,0,0,1
36597,send,11:66:F0:00:01:3D,1068,,1,1
36600,ack,11:66:F0:00:01:3D,,0,0,1
36610,send,11:66:F0:00:01:3D,1069,,1,1
36614,ack,11:66:F0:00:01:3D,,0,0,1
36625,send,11:66:F0:00:01:3D,1070,,1,1
36630,ack,11:66:F0:00:01:3D,,0,0,1
36639,send,11:66:F0:00:01:3D,1071,,1,1
36644,ack,11:66:F0:00:01:3D,,0,0,1
36653,send,11:66:F0:00:01:3D,1072,,1,1
36659,ack,11:66:F0:00:01:3D,,0,0,1
36670,send,11:66:F0:00:01:3D,1073,,1,1
36674,ack,11:66:F0:00:01:3D,,0,0,1
36684,send,11:66:F0:00:01:3D,1074,,1,1
36688,ack,11:66:F0:00:01:3D,,0,0,1
36698,send,11:66:F0:00:01:3D,1075,,1,1
36701,ack,11:66:F0:00:01:3D,,0,0,1
36712,send,11:66:F0:00:01:3D,1076,,1,1
36716,ack,11:66:F0:00:01:3D,,0,0,1
36724,send,11:66:F0:00:01:3D,1077,,1,1
36729,ack,11:66:F0:00:01:3D,,0,0,1
36738,send,11:66:F0:00:01:3D,1078,,1,1
36744,ack,11:66:F0:00:01:3D,,0,0,1
36752,send,11:66:F0:00:01:3D,1079,,1,1
36756,ack,11:66:F0:00:01:3D,,0,0,1
36765,send,11:66:F0:00:01:3D,1080,,1,1
36770,ack,11:66:F0:00:01:3D,,0,0,1
36778,send,11:66:F0:00:01:3D,1081,,1,1
36783,ack,11:66:F0:00:01:3D,,0,0,1
36793,send,11:66:F0:00:01:3D,1082,,1,1
36797,ack,11:66:F0:00:01:3D,,0,0,1
36807,send,11:66:F0:00:01:3D,1083,,1,1
36811,ack,11:66:F0:00:01:3D,,0,0,1
36821,send,11:66:F0:00:01:3D,1084,,1,1
36825,ack,11:66:F0:00:01:3D,,0,0,1
36836,send,11:66:F0:00:01:3D,1085,,1,1
36841,ack,11:66:F0:00:01:3D,,0,0,1
36852,send,11:66:F0:00:01:3D,1086,,1,1
36856,ack,11:66:F0:00:01:3D,,0,0,1
36866,send,11:66:F0:00:01:3D,1087,,1,1
36871,ack,11:66:F0:00:01:3D,,0,0,1
36881,send,11:66:F0:00:01:3D,1088,,1,1
36885,ack,11:66:F0:00:01:3D,,0,0,1
36897,send,11:66:F0:00:01:3D,1089,,1,1
36901,ack,11:66:F0:00:01:3D,,0,0,1
36912,send,11:66:F0:00:01:3D,1090,,1,1
36918,ack,11:66:F0:00:01:3D,,0,0,1
36927,send,11:66:F0:00:01:3D,1091,,1,1
36932,ack,11:66:F0:00:01:3D,,0,0,1
36942,send,11:66:F0:00:01:3D,1092,,1,1
36947,ack,11:66:F0:00:01:3D,,0,0,1
36959,send,11:66:F0:00:01:3D,1093,,1,1
36964,ack,11:66:F0:00:01:3D,,0,0,1
36974,send,11:66:F0:00:01:3D,1094,,1,1
36978,ack,11:66:F0:00:01:3D,,0,0,1
36990,send,11:66:F0:00:01:3D,1095,,1,1
36995,ack,11:66:F0:00:01:3D,,0,0,1
37006,send,11:66:F0:00:01:3D,1096,,1,1
37011,ack,11:66:F0:00:01:3D,,0,0,1
37021,send,11:66:F0:00:01:3D,1097,,1,1
37025,ack,11:66:F0:00:01:3D,,0,0,1
37037,send,11:66:F0:00:01:3D,1098,,1,1
37040,ack,11:66:F0:00:01:3D,,0,0,1
37052,send,11:66:F0:00:01:3D,1099,,1,1
37055,ack,11:66:F0:00:01:3D,,0,0,1
37068,send,11:66:F0:00:01:3D,1100,,1,1
37072,ack,11:66:F0:00:01:3D,,0,0,1
37082,send,11:66:F0:00:01:3D,1101,,1,1
37087,ack,11:66:F0:00:01:3D,,0,0,1
37098,send,11:66:F0:00:01:3D,1102,,1,1
37104,ack,11:66:F0:00:01:3D,,0,0,1
37115,send,11:66:F0:00:01:3D,1103,,1,1
37125,ack,11:66:F0:00:01:3D,,0,0,1
37132,send,11:66:F0:00:01:3D,1104,,1,1
37138,ack,11:66:F0:00:01:3D,,0,0,1
37148,send,11:66:F0:00:01:3D,1105,,1,1
37153,ack,11:66:F0:00:01:3D,,0,0,1
37163,send,11:66:F0:00:01:3D,1106,,1,1
37167,ack,11:66:F0:00:01:3D,,0,0,1
37178,send,11:66:F0:00:01:3D,1107,,1,1
37182,ack,11:66:F0:00:01:3D,,0,0,1
37194,send,11:66:F0:00:01:3D,1108,,1,1
37199,ack,11:66:F0:00:01:3D,,0,0,1
37209,send,11:66:F0:00:01:3D,1109,,1,1
37215,ack,11:66:F0:00:01:3D,,0,0,1
37225,send,11:66:F0:00:01:3D,1110,,1,1
37230,ack,11:66:F0:00:01:3D,,0,0,1
37240,send,11:66:F0:00:01:3D,1111,,1,1
37244,ack,11:66:F0:00:01:3D,,0,0,1
37254,send,11:66:F0:00:01:3D,1112,,1,1
37258,ack,11:66:F0:00:01:3D,,0,0,1
37270,send,11:66:F0:00:01:3D,1113,,1,1
37275,ack,11:66:F0:00:01:3D,,0,0,1
37286,send,11:66:F0:00:01:3D,1114,,1,1
37292,ack,11:66:F0:00:01:3D,,0,0,1
37303,send,11:66:F0:00:01:3D,1115,,1,1
37307,ack,11:66:F0:00:01:3D,,0,0,1
37328,send,11:66:F0:00:01:3D,1116,,1,1
37332,ack,11:66:F0:00:01:3D,,0,0,1
37343,send,11:66:F0:00:01:3D,1117,,1,1
37347,ack,11:66:F0:00:01:3D,,0,0,1
37355,send,11:66:F0:00:01:3D,1118,,1,1
37359,ack,11:66:F0:00:01:3D,,0,0,1
37370,send,11:66:F0:00:01:3D,1119,,1,1
37375,ack,11:66:F0:00:01:3D,,0,0,1
37382,send,11:66:F0:00:01:3D,1120,,1,1
37388,ack,11:66:F0:00:01:3D,,0,0,1
37398,send,11:66:F0:00:01:3D,1121,,1,1
37408,ack,11:66:F0:00:01:3D,,0,0,1
37414,send,11:66:F0:00:01:3D,1122,,1,1
37425,ack,11:66:F0:00:01:3D,,0,0,1
37431,send,11:66:F0:00:01:3D,1123,,1,1
37435,ack,11:66:F0:00:01:3D,,0,0,1
37445,send,11:66:F0:00:01:3D,1124,,1,1
37449,ack,11:66:F0:00:01:3D,,0,0,1
37459,send,11:66:F0:00:01:3D,1125,,1,1
37464,ack,11:66:F0:00:01:3D,,0,0,1
37472,send,11:66:F0:00:01:3D,1126,,1,1
37476,ack,11:66:F0:00:01:3D,,0,0,1
37487,send,11:66:F0:00:01:3D,1127,,1,1
37492,ack,11:66:F0:00:01:3D,,0,0,1
37501,send,11:66:F0:00:01:3D,1128,,1,1
37506,ack,11:66:F0:00:01:3D,,0,0,1
37515,send,11:66:F0:00:01:3D,1129,,1,1
37518,ack,11:66:F0:00:01:3D,,0,0,1
37528,send,11:66:F0:00:01:3D,1130,,1,1
37532,ack,11:66:F0:00:01:3D,,0,0,1
37543,send,11:66:F0:00:01:3D,1131,,1,1
37548,ack,11:66:F0:00:01:3D,,0,0,1
37558,send,11:66:F0:00:01:3D,1132,,1,1
37561,ack,11:66:F0:00:01:3D,,0,0,1
37572,send,11:66:F0:00:01:3D,1133,,1,1
37579,ack,11:66:F0:00:01:3D,,0,0,1
37588,send,11:66:F0:00:01:3D,1134,,1,1
37593,ack,11:66:F0:00:01:3D,,0,0,1
37603,send,11:66:F0:00:01:3D,1135,,1,1
37607,ack,11:66:F0:00:01:3D,,0,0,1
37616,send,11:66:F0:00:01:3D,1136,,1,1
37619,ack,11:66:F0:00:01:3D,,0,0,1
37630,send,11:66:F0:00:01:3D,1137,,1,1
37632,ack,11:66:F0:00:01:3D,,0,0,1
37643,send,11:66:F0:00:01:3D,1138,,1,1
37646,ack,11:66:F0:00:01:3D,,0,0,1
37657,send,11:66:F0:00:01:3D,1139,,1,1
37660,ack,11:66:F0:00:01:3D,,0,0,1
37671,send,11:66:F0:00:01:3D,1140,,1,1
37673,ack,11:66:F0:00:01:3D,,0,0,1
37684,send,11:66:F0:00:01:3D,1141,,1,1
37687,ack,11:66:F0:00:01:3D,,0,0,1
37698,send,11:66:F0:00:01:3D,1142,,1,1
37700,ack,11:66:F0:00:01:3D,,0,0,1
37712,send,11:66:F0:00:01:3D,1143,,1,1
37715,ack,11:66:F0:00:01:3D,,0,0,1
37726,send,11:66:F0:00:01:3D,1144,,1,1
37729,ack,11:66:F0:00:01:3D,,0,0,1
37739,send,11:66:F0:00:01:3D,1145,,1,1
37744,ack,11:66:F0:00:01:3D,,0,0,1
37754,send,11:66:F0:00:01:3D,1146,,1,1
37758,ack,11:66:F0:00:01:3D,,0,0,1
37768,send,11:66:F0:00:01:3D,1147,,1,1
37771,ack,11:66:F0:00:01:3D,,0,0,1
37782,send,11:66:F0:00:01:3D,1148,,1,1
37785,ack,11:66:F0:00:01:3D,,0,0,1
37796,send,11:66:F0:00:01:3D,1149,,1,1
37804,ack,11:66:F0:00:01:3D,,0,0,1
37815,send,11:66:F0:00:01:3D,1150,,1,1
37821,ack,11:66:F0:00:01:3D,,0,0,1
37831,send,11:66:F0:00:01:3D,1151,,1,1
37837,ack,11:66:F0:00:01:3D,,0,0,1
37848,send,11:66:F0:00:01:3D,1152,,1,1
37853,ack,11:66:F0:00:01:3D,,0,0,1
37864,send,11:66:F0:00:01:3D,1153,,1,1
37869,ack,11:66:F0:00:01:3D,,0,0,1
37882,send,11:66:F0:00:01:3D,1154,,1,1
37887,ack,11:66:F0:00:01:3D,,0,0,1
37898,send,11:66:F0:00:01:3D,1155,,1,1
37902,ack,11:66:F0:00:01:3D,,0,0,1
38603,send,11:66:F0:00:01:3D,1156,,1,1
38611,ack,11:66:F0:00:01:3D,,0,0,1
38615,send,11:66:F0:00:01:3D,1157,,1,1
38621,ack,11:66:F0:00:01:3D,,0,0,1
38626,send,11:66:F0:00:01:3D,1158,,1,1
38630,ack,11:66:F0:00:01:3D,,0,0,1
38638,send,11:66:F0:00:01:3D,1159,,1,1
38642,ack,11:66:F0:00:01:3D,,0,0,1
38648,send,11:66:F0:00:01:3D,1160,,1,1
38654,ack,11:66:F0:00:01:3D,,0,0,1
38659,send,11:66:F0:00:01:3D,1161,,1,1
38663,ack,11:66:F0:00:01:3D,,0,0,1
38670,send,11:66:F0:00:01:3D,1162,,1,1
38675,ack,11:66:F0:00:01:3D,,0,0,1
38682,send,11:66:F0:00:01:3D,1163,,1,1
38687,ack,11:66:F0:00:01:3D,,0,0,1
38693,send,11:66:F0:00:01:3D,1164,,1,1
38698,ack,11:66:F0:00:01:3D,,0,0,1
38703,send,11:66:F0:00:01:3D,1165,,1,1
38708,ack,11:66:F0:00:01:3D,,0,0,1
38713,send,11:66:F0:00:01:3D,1166,,1,1
38719,ack,11:66:F0:00:01:3D,,0,0,1
38723,send,11:66:F0:00:01:3D,1167,,1,1
38727,ack,11:66:F0:00:01:3D,,0,0,1
38733,send,11:66:F0:00:01:3D,1168,,1,1
38738,ack,11:66:F0:00:01:3D,,0,0,1
38744,send,11:66:F0:00:01:3D,1169,,1,1
38747,ack,11:66:F0:00:01:3D,,0,0,1
38754,send,11:66:F0:00:01:3D,1170,,1,1
38758,ack,11:66:F0:00:01:3D,,0,0,1
38764,send,11:66:F0:00:01:3D,1171,,1,1
38768,ack,11:66:F0:00:01:3D,,0,0,1
38773,send,11:66:F0:00:01:3D,1172,,1,1
38777,ack,11:66:F0:00:01:3D,,0,0,1
38784,send,11:66:F0:00:01:3D,1173,,1,1
38788,ack,11:66:F0:00:01:3D,,0,0,1
38794,send,11:66:F0:00:01:3D,1174,,1,1
38798,ack,11:66:F0:00:01:3D,,0,0,1
38804,send,11:66:F0:00:01:3D,1175,,1,1
38808,ack,11:66:F0:00:01:3D,,0,0,1
38813,send,11:66:F0:00:01:3D,1176,,1,1
38817,ack,11:66:F0:00:01:3D,,0,0,1
38823,send,11:66:F0:00:01:3D,1177,,1,1
38828,ack,11:66:F0:00:01:3D,,0,0,1
38833,send,11:66:F0:00:01:3D,1178,,1,1
38837,ack,11:66:F0:00:01:3D,,0,0,1
38841,send,11:66:F0:00:01:3D,1179,,1,1
38847,ack,11:66:F0:00:01:3D,,0,0,1
38853,send,11:66:F0:00:01:3D,1180,,1,1
38858,ack,11:66:F0:00:01:3D,,0,0,1
38865,send,11:66:F0:00:01:3D,1181,,1,1
38869,ack,11:66:F0:00:01:3D,,0,0,1
38875,send,11:66:F0:00:01:3D,1182,,1,1
38880,ack,11:66:F0:00:01:3D,,0,0,1
38887,send,11:66:F0:00:01:3D,1183,,1,1
38892,ack,11:66:F0:00:01:3D,,0,0,1
38896,send,11:66:F0:00:01:3D,1184,,1,1
38902,ack,11:66:F0:00:01:3D,,0,0,1
38908,send,11:66:F0:00:01:3D,1185,,1,1
38913,ack,11:66:F0:00:01:3D,,0,0,1
38918,send,11:66:F0:00:01:3D,1186,,1,1
38924,ack,11:66:F0:00:01:3D,,0,0,1
38930,send,11:66:F0:00:01:3D,1187,,1,1
38936,ack,11:66:F0:00:01:3D,,0,0,1
38942,send,11:66:F0:00:01:3D,1188,,1,1
38947,ack,11:66:F0:00:01:3D,,0,0,1
38954,send,11:66:F0:00:01:3D,1189,,1,1
38962,ack,11:66:F0:00:01:3D,,0,0,1
38967,send,11:66:F0:00:01:3D,1190,,1,1
38973,ack,11:66:F0:00:01:3D,,0,0,1
38979,send,11:66:F0:00:01:3D,1191,,1,1
38983,ack,11:66:F0:00:01:3D,,0,0,1
38989,send,11:66:F0:00:01:3D,1192,,1,1
38995,ack,11:66:F0:00:01:3D,,0,0,1
39002,send,11:66:F0:00:01:3D,1193,,1,1
39007,ack,11:66:F0:00:01:3D,,0,0,1
39013,send,11:66:F0:00:01:3D,1194,,1,1
39017,ack,11:66:F0:00:01:3D,,0,0,1
39024,send,11:66:F0:00:01:3D,1195,,1,1
39029,ack,11:66:F0:00:01:3D,,0,0,1
39035,send,11:66:F0:00:01:3D,1196,,1,1
39041,ack,11:66:F0:00:01:3D,,0,0,1
39049,send,11:66:F0:00:01:3D,1197,,1,1
39054,ack,11:66:F0:00:01:3D,,0,0,1
39060,send,11:66:F0:00:01:3D,1198,,1,1
39063,ack,11:66:F0:00:01:3D,,0,0,1
39070,send,11:66:F0:00:01:3D,1199,,1,1
39075,ack,11:66:F0:00:01:3D,,0,0,1
39080,send,11:66:F0:00:01:3D,1200,,1,1
39085,ack,11:66:F0:00:01:3D,,0,0,1
39091,send,11:66:F0:00:01:3D,1201,,1,1
39096,ack,11:66:F0:00:01:3D,,0,0,1
39103,send,11:66:F0:00:01:3D,1202,,1,1
39111,ack,11:66:F0:00:01:3D,,0,0,1
39116,send,11:66:F0:00:01:3D,1203,,1,1
39122,ack,11:66:F0:00:01:3D,,0,0,1
39128,send,11:66:F0:00:01:3D,1204,,1,1
39133,ack,11:66:F0:00:01:3D,,0,0,1
39139,send,11:66:F0:00:01:3D,1205,,1,1
39144,ack,11:66:F0:00:01:3D,,0,0,1
39151,send,11:66:F0:00:01:3D,1206,,1,1
39155,ack,11:66:F0:00:01:3D,,0,0,1
39160,send,11:66:F0:00:01:3D,1207,,1,1
39163,ack,11:66:F0:00:01:3D,,0,0,1
39169,send,11:66:F0:00:01:3D,1208,,1,1
39177,ack,11:66:F0:00:01:3D,,0,0,1
39181,send,11:66:F0:00:01:3D,1209,,1,1
39183,ack,11:66:F0:00:01:3D,,0,0,1
39189,send,11:66:F0:00:01:3D,1210,,1,1
39191,ack,11:66:F0:00:01:3D,,0,0,1
39197,send,11:66:F0:00:01:3D,1211,,1,1
39200,ack,11:66:F0:00:01:3D,,0,0,1
39206,send,11:66:F0:00:01:3D,1212,,1,1
39213,ack,11:66:F0:00:01:3D,,0,0,1
39217,send,11:66:F0:00:01:3D,1213,,1,1
39220,ack,11:66:F0:00:01:3D,,0,0,1
39227,send,11:66:F0:00:01:3D,1214,,1,1
39230,ack,11:66:F0:00:01:3D,,0,0,1
39237,send,11:66:F0:00:01:3D,1215,,1,1
39240,ack,11:66:F0:00:01:3D,,0,0,1
39246,send,11:66:F0:00:01:3D,1216,,1,1
39249,ack,11:66:F0:00:01:3D,,0,0,1
39255,send,11:66:F0:00:01:3D,1217,,1,1
39258,ack,11:66:F0:00:01:3D,,0,0,1
39265,send,11:66:F0:00:01:3D,1218,,1,1
39269,ack,11:66:F0:00:01:3D,,0,0,1
39274,send,11:66:F0:00:01:3D,1219,,1,1
39277,ack,11:66:F0:00:01:3D,,0,0,1
39284,send,11:66:F0:00:01:3D,1220,,1,1
39287,ack,11:66:F0:00:01:3D,,0,0,1
39293,send,11:66:F0:00:01:3D,1221,,1,1
39297,ack,11:66:F0:00:01:3D,,0,0,1
39302,send,11:66:F0:00:01:3D,1222,,1,1
39306,ack,11:66:F0:00:01:3D,,0,0,1
39312,send,11:66:F0:00:01:3D,1223,,1,1
39315,ack,11:66:F0:00:01:3D,,0,0,1
39331,send,11:66:F0:00:01:3D,1224,,1,1
39334,ack,11:66:F0:00:01:3D,,0,0,1
39340,send,11:66:F0:00:01:3D,1225,,1,1
39343,ack,11:66:F0:00:01:3D,,0,0,1
39349,send,11:66:F0:00:01:3D,1226,,1,1
39352,ack,11:66:F0:00:01:3D,,0,0,1
39358,send,11:66:F0:00:01:3D,1227,,1,1
39362,ack,11:66:F0:00:01:3D,,0,0,1
39369,send,11:66:F0:00:01:3D,1228,,1,1
39372,ack,11:66:F0:00:01:3D,,0,0,1
39379,send,11:66:F0:00:01:3D,1229,,1,1
39382,ack,11:66:F0:00:01:3D,,0,0,1
39387,send,11:66:F0:00:01:3D,1230,,1,1
39391,ack,11:66:F0:00:01:3D,,0,0,1
39397,send,11:66:F0:00:01:3D,1231,,1,1
39400,ack,11:66:F0:00:01:3D,,0,0,1
39407,send,11:66:F0:00:01:3D,1232,,1,1
39410,ack,11:66:F0:00:01:3D,,0,0,1
39416,send,11:66:F0:00:01:3D,1233,,1,1
39420,ack,11:66:F0:00:01:3D,,0,0,1
39427,send,11:66:F0:00:01:3D,1234,,1,1
39431,ack,11:66:F0:00:01:3D,,0,0,1
39438,send,11:66:F0:00:01:3D,1235,,1,1
39442,ack,11:66:F0:00:01:3D,,0,0,1
39449,send,11:66:F0:00:01:3D,1236,,1,1
39453,ack,11:66:F0:00:01:3D,,0,0,1
39461,send,11:66:F0:00:01:3D,1237,,1,1
39465,ack,11:66:F0:00:01:3D,,0,0,1
39471,send,11:66:F0:00:01:3D,1238,,1,1
39474,ack,11:66:F0:00:01:3D,,0,0,1
39480,send,11:66:F0:00:01:3D,1239,,1,1
39485,ack,11:66:F0:00:01:3D,,0,0,1
39490,send,11:66:F0:00:01:3D,1240,,1,1
39494,ack,11:66:F0:00:01:3D,,0,0,1
39500,send,11:66:F0:00:01:3D,1241,,1,1
39506,ack,11:66:F0:00:01:3D,,0,0,1
39513,send,11:66:F0:00:01:3D,1242,,1,1
39518,ack,11:66:F0:00:01:3D,,0,0,1
39525,send,11:66:F0:00:01:3D,1243,,1,1
39529,ack,11:66:F0:00:01:3D,,0,0,1
39535,send,11:66:F0:00:01:3D,1244,,1,1
39539,ack,11:66:F0:00:01:3D,,0,0,1
39545,send,11:66:F0:00:01:3D,1245,,1,1
39548,ack,11:66:F0:00:01:3D,,0,0,1
39555,send,11:66:F0:00:01:3D,1246,,1,1
39558,ack,11:66:F0:00:01:3D,,0,0,1
39566,send,11:66:F0:00:01:3D,1247,,1,1
39571,ack,11:66:F0:00:01:3D,,0,0,1
39579,send,11:66:F0:00:01:3D,1248,,1,1
39584,ack,11:66:F0:00:01:3D,,0,0,1
39591,send,11:66:F0:00:01:3D,1249,,1,1
39597,ack,11:66:F0:00:01:3D,,0,0,1
39602,send,11:66:F0:00:01:3D,1250,,1,1
39608,ack,11:66:F0:00:01:3D,,0,0,1
39614,send,11:66:F0:00:01:3D,1251,,1,1
39618,ack,11:66:F0:00:01:3D,,0,0,1
39626,send,11:66:F0:00:01:3D,1252,,1,1
39630,ack,11:66:F0:00:01:3D,,0,0,1
39637,send,11:66:F0:00:01:3D,1253,,1,1
39641,ack,11:66:F0:00:01:3D,,0,0,1
39650,send,11:66:F0:00:01:3D,1254,,1,1
39655,ack,11:66:F0:00:01:3D,,0,0,1
39662,send,11:66:F0:00:01:3D,1255,,1,1
39666,ack,11:66:F0:00:01:3D,,0,0,1
39672,send,11:66:F0:00:01:3D,1256,,1,1
39678,ack,11:66:F0:00:01:3D,,0,0,1
39684,send,11:66:F0:00:01:3D,1257,,1,1
39687,ack,11:66:F0:00:01:3D,,0,0,1
39692,send,11:66:F0:00:01:3D,1258,,1,1
39696,ack,11:66:F0:00:01:3D,,0,0,1
39702,send,11:66:F0:00:01:3D,1259,,1,1
39705,ack,11:66:F0:00:01:3D,,0,0,1
39711,send,11:66:F0:00:01:3D,1260,,1,1
39714,ack,11:66:F0:00:01:3D,,0,0,1
39721,send,11:66:F0:00:01:3D,1261,,1,1
39725,ack,11:66:F0:00:01:3D,,0,0,1
39733,send,11:66:F0:00:01:3D,1262,,1,1
39737,ack,11:66:F0:00:01:3D,,0,0,1
39742,send,11:66:F0:00:01:3D,1263,,1,1
39746,ack,11:66:F0:00:01:3D,,0,0,1
39753,send,11:66:F0:00:01:3D,1264,,1,1
39757,ack,11:66:F0:00:01:3D,,0,0,1
39762,send,11:66:F0:00:01:3D,1265,,1,1
39766,ack,11:66:F0:00:01:3D,,0,0,1
39772,send,11:66:F0:00:01:3D,1266,,1,1
39775,ack,11:66:F0:00:01:3D,,0,0,1
39783,send,11:66:F0:00:01:3D,1267,,1,1
39786,ack,11:66:F0:00:01:3D,,0,0,1
39792,send,11:66:F0:00:01:3D,1268,,1,1
39795,ack,11:66:F0:00:01:3D,,0,0,1
39802,send,11:66:F0:00:01:3D,1269,,1,1
39806,ack,11:66:F0:00:01:3D,,0,0,1
39811,send,11:66:F0:00:01:3D,1270,,1,1
39815,ack,11:66:F0:00:01:3D,,0,0,1
39822,send,11:66:F0:00:01:3D,1271,,1,1
39825,ack,11:66:F0:00:01:3D,,0,0,1
39833,send,11:66:F0:00:01:3D,1272,,1,1
39836,ack,11:66:F0:00:01:3D,,0,0,1
39842,send,11:66:F0:00:01:3D,1273,,1,1
39845,ack,11:66:F0:00:01:3D,,0,0,1
39851,send,11:66:F0:00:01:3D,1274,,1,1
39855,ack,11:66:F0:00:01:3D,,0,0,1
39862,send,11:66:F0:00:01:3D,1275,,1,1
39866,ack,11:66:F0:00:01:3D,,0,0,1
39872,send,11:66:F0:00:01:3D,1276,,1,1
39875,ack,11:66:F0:00:01:3D,,0,0,1
39881,send,11:66:F0:00:01:3D,1277,,1,1
39883,ack,11:66:F0:00:01:3D,,0,0,1
39890,send,11:66:F0:00:01:3D,1278,,1,1
39892,ack,11:66:F0:00:01:3D,,0,0,1
39899,send,11:66:F0:00:01:3D,1279,,1,1
39905,ack,11:66:F0:00:01:3D,,0,0,1
39910,send,11:66:F0:00:01:3D,1280,,1,1
39914,ack,11:66:F0:00:01:3D,,0,0,1
39920,send,11:66:F0:00:01:3D,1281,,1,1
39925,ack,11:66:F0:00:01:3D,,0,0,1
39931,send,11:66:F0:00:01:3D,1282,,1,1
39934,ack,11:66:F0:00:01:3D,,0,0,1
39941,send,11:66:F0:00:01:3D,1283,,1,1
39944,ack,11:66:F0:00:01:3D,,0,0,1
39951,send,11:66:F0:00:01:3D,1284,,1,1
39955,ack,11:66:F0:00:01:3D,,0,0,1
39961,send,11:66:F0:00:01:3D,1285,,1,1
39964,ack,11:66:F0:00:01:3D,,0,0,1
39969,send,11:66:F0:00:01:3D,1286,,1,1
39973,ack,11:66:F0:00:01:3D,,0,0,1
39979,send,11:66:F0:00:01:3D,1287,,1,1
39983,ack,11:66:F0:00:01:3D,,0,0,1
39989,send,11:66:F0:00:01:3D,1288,,1,1
39993,ack,11:66:F0:00:01:3D,,0,0,1
39999,send,11:66:F0:00:01:3D,1289,,1,1
40004,ack,11:66:F0:00:01:3D,,0,0,1
40009,send,11:66:F0:00:01:3D,1290,,1,1
40013,ack,11:66:F0:00:01:3D,,0,0,1
40019,send,11:66:F0:00:01:3D,1291,,1,1
40023,ack,11:66:F0:00:01:3D,,0,0,1
40029,send,11:66:F0:00:01:3D,1292,,1,1
40033,ack,11:66:F0:00:01:3D,,0,0,1
40039,send,11:66:F0:00:01:3D,1293,,1,1
40043,ack,11:66:F0:00:01:3D,,0,0,1
40050,send,11:66:F0:00:01:3D,1294,,1,1
40053,ack,11:66:F0:00:01:3D,,0,0,1
40061,send,11:66:F0:00:01:3D,1295,,1,1
40066,ack,11:66:F0:00:01:3D,,0,0,1
40073,send,11:66:F0:00:01:3D,1296,,1,1
40079,ack,11:66:F0:00:01:3D,,0,0,1
40083,send,11:66:F0:00:01:3D,1297,,1,1
40089,ack,11:66:F0:00:01:3D,,0,0,1
40094,send,11:66:F0:00:01:3D,1298,,1,1
40098,ack,11:66:F0:00:01:3D,,0,0,1
40106,send,11:66:F0:00:01:3D,1299,,1,1
40109,ack,11:66:F0:00:01:3D,,0,0,1
40116,send,11:66:F0:00:01:3D,1300,,1,1
40119,ack,11:66:F0:00:01:3D,,0,0,1
40128,send,11:66:F0:00:01:3D,1301,,1,1
40132,ack,11:66:F0:00:01:3D,,0,0,1
40140,send,11:66:F0:00:01:3D,1302,,1,1
40143,ack,11:66:F0:00:01:3D,,0,0,1
40151,send,11:66:F0:00:01:3D,1303,,1,1
40155,ack,11:66:F0:00:01:3D,,0,0,1
40161,send,11:66:F0:00:01:3D,1304,,1,1
40164,ack,11:66:F0:00:01:3D,,0,0,1
40172,send,11:66:F0:00:01:3D,1305,,1,1
40176,ack,11:66:F0:00:01:3D,,0,0,1
40184,send,11:66:F0:00:01:3D,1306,,1,1
40188,ack,11:66:F0:00:01:3D,,0,0,1
40193,send,11:66:F0:00:01:3D,1307,,1,1
40196,ack,11:66:F0:00:01:3D,,0,0,1
40203,send,11:66:F0:00:01:3D,1308,,1,1
40206,ack,11:66:F0:00:01:3D,,0,0,1
40212,send,11:66:F0:00:01:3D,1309,,1,1
40215,ack,11:66:F0:00:01:3D,,0,0,1
40222,send,11:66:F0:00:01:3D,1310,,1,1
40225,ack,11:66:F0:00:01:3D,,0,0,1
40232,send,11:66:F0:00:01:3D,1311,,1,1
40239,ack,11:66:F0:00:01:3D,,0,0,1
40244,send,11:66:F0:00:01:3D,1312,,1,1
40248,ack,11:66:F0:00:01:3D,,0,0,1
40254,send,11:66:F0:00:01:3D,1313,,1,1
40257,ack,11:66:F0:00:01:3D,,0,0,1
40264,send,11:66:F0:00:01:3D,1314,,1,1
40268,ack,11:66:F0:00:01:3D,,0,0,1
40274,send,11:66:F0:00:01:3D,1315,,1,1
40277,ack,11:66:F0:00:01:3D,,0,0,1
40284,send,11:66:F0:00:01:3D,1316,,1,1
40288,ack,11:66:F0:00:01:3D,,0,0,1
40294,send,11:66:F0:00:01:3D,1317,,1,1
40297,ack,11:66:F0:00:01:3D,,0,0,1
40303,send,11:66:F0:00:01:3D,1318,,1,1
40307,ack,11:66:F0:00:01:3D,,0,0,1
40313,send,11:66:F0:00:01:3D,1319,,1,1
40316,ack,11:66:F0:00:01:3D,,0,0,1
40332,send,11:66:F0:00:01:3D,1320,,1,1
40334,ack,11:66:F0:00:01:3D,,0,0,1
40341,send,11:66:F0:00:01:3D,1321,,1,1
40344,ack,11:66:F0:00:01:3D,,0,0,1
40350,send,11:66:F0:00:01:3D,1322,,1,1
40353,ack,11:66:F0:00:01:3D,,0,0,1
40361,send,11:66:F0:00:01:3D,1323,,1,1
40364,ack,11:66:F0:00:01:3D,,0,0,1
40371,send,11:66:F0:00:01:3D,1324,,1,1
40375,ack,11:66:F0:00:01:3D,,0,0,1
40383,send,11:66:F0:00:01:3D,1325,,1,1
40387,ack,11:66:F0:00:01:3D,,0,0,1
40395,send,11:66:F0:00:01:3D,1326,,1,1
40399,ack,11:66:F0:00:01:3D,,0,0,1
40405,send,11:66:F0:00:01:3D,1327,,1,1
40410,ack,11:66:F0:00:01:3D,,0,0,1
40416,send,11:66:F0:00:01:3D,1328,,1,1
40421,ack,11:66:F0:00:01:3D,,0,0,1
40426,send,11:66:F0:00:01:3D,1329,,1,1
40430,ack,11:66:F0:00:01:3D,,0,0,1
40437,send,11:66:F0:00:01:3D,1330,,1,1
40442,ack,11:66:F0:00:01:3D,,0,0,1
40449,send,11:66:F0:00:01:3D,1331,,1,1
40453,ack,11:66:F0:00:01:3D,,0,0,1
40459,send,11:66:F0:00:01:3D,1332,,1,1
40463,ack,11:66:F0:00:01:3D,,0,0,1
40470,send,11:66:F0:00:01:3D,1333,,1,1
40475,ack,11:66:F0:00:01:3D,,0,0,1
40483,send,11:66:F0:00:01:3D,1334,,1,1
40487,ack,11:66:F0:00:01:3D,,0,0,1
40494,send,11:66:F0:00:01:3D,1335,,1,1
40497,ack,11:66:F0:00:01:3D,,0,0,1
40505,send,11:66:F0:00:01:3D,1336,,1,1
40511,ack,11:66:F0:00:01:3D,,0,0,1
40517,send,11:66:F0:00:01:3D,1337,,1,1
40522,ack,11:66:F0:00:01:3D,,0,0,1
40529,send,11:66:F0:00:01:3D,1338,,1,1
40533,ack,11:66:F0:00:01:3D,,0,0,1
40541,send,11:66:F0:00:01:3D,1339,,1,1
40545,ack,11:66:F0:00:01:3D,,0,0,1
40550,send,11:66:F0:00:01:3D,1340,,1,1
40555,ack,11:66:F0:00:01:3D,,0,0,1
40561,send,11:66:F0:00:01:3D,1341,,1,1
40565,ack,11:66:F0:00:01:3D,,0,0,1
40572,send,11:66:F0:00:01:3D,1342,,1,1
40578,ack,11:66:F0:00:01:3D,,0,0,1
40584,send,11:66:F0:00:01:3D,1343,,1,1
40587,ack,11:66:F0:00:01:3D,,0,0,1
40595,send,11:66:F0:00:01:3D,1344,,1,1
40598,ack,11:66:F0:00:01:3D,,0,0,1
40606,send,11:66:F0:00:01:3D,1345,,1,1
40609,ack,11:66:F0:00:01:3D,,0,0,1
40617,send,11:66:F0:00:01:3D,1346,,1,1
40621,ack,11:66:F0:00:01:3D,,0,0,1
40628,send,11:66:F0:00:01:3D,1347,,1,1
40633,ack,11:66:F0:00:01:3D,,0,0,1
40640,send,11:66:F0:00:01:3D,1348,,1,1
40644,ack,11:66:F0:00:01:3D,,0,0,1
40652,send,11:66:F0:00:01:3D,1349,,1,1
40657,ack,11:66:F0:00:01:3D,,0,0,1
40662,send,11:66:F0:00:01:3D,1350,,1,1
40667,ack,11:66:F0:00:01:3D,,0,0,1
40672,send,11:66:F0:00:01:3D,1351,,1,1
40675,ack,11:66:F0:00:01:3D,,0,0,1
40683,send,11:66:F0:00:01:3D,1352,,1,1
40686,ack,11:66:F0:00:01:3D,,0,0,1
40692,send,11:66:F0:00:01:3D,1353,,1,1
40696,ack,11:66:F0:00:01:3D,,0,0,1
40702,send,11:66:F0:00:01:3D,1354,,1,1
40707,ack,11:66:F0:00:01:3D,,0,0,1
40713,send,11:66:F0:00:01:3D,1355,,1,1
40716,ack,11:66:F0:00:01:3D,,0,0,1
40723,send,11:66:F0:00:01:3D,1356,,1,1
40727,ack,11:66:F0:00:01:3D,,0,0,1
40733,send,11:66:F0:00:01:3D,1357,,1,1
40737,ack,11:66:F0:00:01:3D,,0,0,1
40745,send,11:66:F0:00:01:3D,1358,,1,1
40752,ack,11:66:F0:00:01:3D,,0,0,1
40756,send,11:66:F0:00:01:3D,1359,,1,1
40761,ack,11:66:F0:00:01:3D,,0,0,1
40767,send,11:66:F0:00:01:3D,1360,,1,1
40771,ack,11:66:F0:00:01:3D,,0,0,1
40777,send,11:66:F0:00:01:3D,1361,,1,1
40781,ack,11:66:F0:00:01:3D,,0,0,1
40787,send,11:66:F0:00:01:3D,1362,,1,1
40792,ack,11:66:F0:00:01:3D,,0,0,1
40799,send,11:66:F0:00:01:3D,1363,,1,1
40804,ack,11:66:F0:00:01:3D,,0,0,1
40808,send,11:66:F0:00:01:3D,1364,,1,1
40813,ack,11:66:F0:00:01:3D,,0,0,1
40820,send,11:66:F0:00:01:3D,1365,,1,1
40824,ack,11:66:F0:00:01:3D,,0,0,1
40831,send,11:66:F0:00:01:3D,1366,,1,1
40835,ack,11:66:F0:00:01:3D,,0,0,1
40842,send,11:66:F0:00:01:3D,1367,,1,1
40845,ack,11:66:F0:00:01:3D,,0,0,1
40852,send,11:66:F0:00:01:3D,1368,,1,1
40855,ack,11:66:F0:00:01:3D,,0,0,1
40862,send,11:66:F0:00:01:3D,1369,,1,1
40867,ack,11:66:F0:00:01:3D,,0,0,1
40874,send,11:66:F0:00:01:3D,1370,,1,1
40877,ack,11:66:F0:00:01:3D,,0,0,1
40884,send,11:66:F0:00:01:3D,1371,,1,1
40889,ack,11:66:F0:00:01:3D,,0,0,1
40896,send,11:66:F0:00:01:3D,1372,,1,1
40900,ack,11:66:F0:00:01:3D,,0,0,1
40906,send,11:66:F0:00:01:3D,1373,,1,1
40909,ack,11:66:F0:00:01:3D,,0,0,1
40917,send,11:66:F0:00:01:3D,1374,,1,1
40920,ack,11:66:F0:00:01:3D,,0,0,1
40928,send,11:66:F0:00:01:3D,1375,,1,1
40933,ack,11:66:F0:00:01:3D,,0,0,1
40939,send,11:66:F0:00:01:3D,1376,,1,1
40944,ack,11:66:F0:00:01:3D,,0,0,1
40951,send,11:66:F0:00:01:3D,1377,,1,1
40955,ack,11:66:F0:00:01:3D,,0,0,1
40962,send,11:66:F0:00:01:3D,1378,,1,1
40966,ack,11:66:F0:00:01:3D,,0,0,1
40972,send,11:66:F0:00:01:3D,1379,,1,1
40976,ack,11:66:F0:00:01:3D,,0,0,1
40981,send,11:66:F0:00:01:3D,1380,,1,1
40985,ack,11:66:F0:00:01:3D,,0,0,1
40992,send,11:66:F0:00:01:3D,1381,,1,1
40996,ack,11:66:F0:00:01:3D,,0,0,1
41000,send,11:66:F0:00:01:3D,1382,,1,1
41004,ack,11:66:F0:00:01:3D,,0,0,1
41009,send,11:66:F0:00:01:3D,1383,,1,1
41012,ack,11:66:F0:00:01:3D,,0,0,1
41019,send,11:66:F0:00:01:3D,1384,,1,1
41023,ack,11:66:F0:00:01:3D,,0,0,1
41029,send,11:66:F0:00:01:3D,1385,,1,1
41033,ack,11:66:F0:00:01:3D,,0,0,1
41039,send,11:66:F0:00:01:3D,1386,,1,1
41043,ack,11:66:F0:00:01:3D,,0,0,1
41050,send,11:66:F0:00:01:3D,1387,,1,1
41054,ack,11:66:F0:00:01:3D,,0,0,1
41059,send,11:66:F0:00:01:3D,1388,,1,1
41062,ack,11:66:F0:00:01:3D,,0,0,1
41068,send,11:66:F0:00:01:3D,1389,,1,1
41073,ack,11:66:F0:00:01:3D,,0,0,1
41078,send,11:66:F0:00:01:3D,1390,,1,1
41082,ack,11:66:F0:00:01:3D,,0,0,1
41088,send,11:66:F0:00:01:3D,1391,,1,1
41091,ack,11:66:F0:00:01:3D,,0,0,1
41099,send,11:66:F0:00:01:3D,1392,,1,1
41102,ack,11:66:F0:00:01:3D,,0,0,1
41109,send,11:66:F0:00:01:3D,1393,,1,1
41112,ack,11:66:F0:00:01:3D,,0,0,1
41120,send,11:66:F0:00:01:3D,1394,,1,1
41124,ack,11:66:F0:00:01:3D,,0,0,1
41131,send,11:66:F0:00:01:3D,1395,,1,1
41136,ack,11:66:F0:00:01:3D,,0,0,1
41143,send,11:66:F0:00:01:3D,1396,,1,1
41148,ack,11:66:F0:00:01:3D,,0,0,1
41153,send,11:66:F0:00:01:3D,1397,,1,1
41156,ack,11:66:F0:00:01:3D,,0,0,1
41164,send,11:66:F0:00:01:3D,1398,,1,1
41168,ack,11:66:F0:00:01:3D,,0,0,1
41174,send,11:66:F0:00:01:3D,1399,,1,1
41177,ack,11:66:F0:00:01:3D,,0,0,1
41184,send,11:66:F0:00:01:3D,1400,,1,1
41188,ack,11:66:F0:00:01:3D,,0,0,1
41195,send,11:66:F0:00:01:3D,1401,,1,1
41199,ack,11:66:F0:00:01:3D,,0,0,1
41205,send,11:66:F0:00:01:3D,1402,,1,1
41209,ack,11:66:F0:00:01:3D,,0,0,1
41215,send,11:66:F0:00:01:3D,1403,,1,1
41219,ack,11:66:F0:00:01:3D,,0,0,1
41226,send,11:66:F0:00:01:3D,1404,,1,1
41231,ack,11:66:F0:00:01:3D,,0,0,1
41237,send,11:66:F0:00:01:3D,1405,,1,1
41242,ack,11:66:F0:00:01:3D,,0,0,1
41249,send,11:66:F0:00:01:3D,1406,,1,1
41252,ack,11:66:F0:00:01:3D,,0,0,1
41260,send,11:66:F0:00:01:3D,1407,,1,1
41264,ack,11:66:F0:00:01:3D,,0,0,1
41271,send,11:66:F0:00:01:3D,1408,,1,1
41274,ack,11:66:F0:00:01:3D,,0,0,1
41282,send,11:66:F0:00:01:3D,1409,,1,1
41286,ack,11:66:F0:00:01:3D,,0,0,1
41293,send,11:66:F0:00:01:3D,1410,,1,1
41299,ack,11:66:F0:00:01:3D,,0,0,1
41305,send,11:66:F0:00:01:3D,1411,,1,1
41309,ack,11:66:F0:00:01:3D,,0,0,1
41317,send,11:66:F0:00:01:3D,1412,,1,1
41320,ack,11:66:F0:00:01:3D,,0,0,1
41328,send,11:66:F0:00:01:3D,1413,,1,1
41332,ack,11:66:F0:00:01:3D,,0,0,1
41340,send,11:66:F0:00:01:3D,1414,,1,1
41344,ack,11:66:F0:00:01:3D,,0,0,1
41363,send,11:66:F0:00:01:3D,1415,,1,1
41367,ack,11:66:F0:00:01:3D,,0,0,1
41373,send,11:66:F0:00:01:3D,1416,,1,1
41376,ack,11:66:F0:00:01:3D,,0,0,1
41384,send,11:66:F0:00:01:3D,1417,,1,1
41389,ack,11:66:F0:00:01:3D,,0,0,1
41393,send,11:66:F0:00:01:3D,1418,,1,1
41399,ack,11:66:F0:00:01:3D,,0,0,1
41404,send,11:66:F0:00:01:3D,1419,,1,1
41407,ack,11:66:F0:00:01:3D,,0,0,1
41414,send,11:66:F0:00:01:3D,1420,,1,1
41419,ack,11:66:F0:00:01:3D,,0,0,1
41425,send,11:66:F0:00:01:3D,1421,,1,1
41430,ack,11:66:F0:00:01:3D,,0,0,1
41436,send,11:66:F0:00:01:3D,1422,,1,1
41441,ack,11:66:F0:00:01:3D,,0,0,1
41447,send,11:66:F0:00:01:3D,1423,,1,1
41451,ack,11:66:F0:00:01:3D,,0,0,1
41458,send,11:66:F0:00:01:3D,1424,,1,1
41461,ack,11:66:F0:00:01:3D,,0,0,1
41468,send,11:66:F0:00:01:3D,1425,,1,1
41474,ack,11:66:F0:00:01:3D,,0,0,1
41479,send,11:66:F0:00:01:3D,1426,,1,1
41483,ack,11:66:F0:00:01:3D,,0,0,1
41490,send,11:66:F0:00:01:3D,1427,,1,1
41494,ack,11:66:F0:00:01:3D,,0,0,1
41501,send,11:66:F0:00:01:3D,1428,,1,1
41508,ack,11:66:F0:00:01:3D,,0,0,1
41514,send,11:66:F0:00:01:3D,1429,,1,1
41520,ack,11:66:F0:00:01:3D,,0,0,1
41526,send,11:66:F0:00:01:3D,1430,,1,1
41530,ack,11:66:F0:00:01:3D,,0,0,1
41537,send,11:66:F0:00:01:3D,1431,,1,1
41541,ack,11:66:F0:00:01:3D,,0,0,1
41548,send,11:66:F0:00:01:3D,1432,,1,1
41552,ack,11:66:F0:00:01:3D,,0,0,1
41559,send,11:66:F0:00:01:3D,1433,,1,1
41564,ack,11:66:F0:00:01:3D,,0,0,1
41570,send,11:66:F0:00:01:3D,1434,,1,1
41575,ack,11:66:F0:00:01:3D,,0,0,1
41581,send,11:66:F0:00:01:3D,1435,,1,1
41584,ack,11:66:F0:00:01:3D,,0,0,1
41591,send,11:66:F0:00:01:3D,1436,,1,1
41594,ack,11:66:F0:00:01:3D,,0,0,1
41600,send,11:66:F0:00:01:3D,1437,,1,1
41603,ack,11:66:F0:00:01:3D,,0,0,1
41609,send,11:66:F0:00:01:3D,1438,,1,1
41612,ack,11:66:F0:00:01:3D,,0,0,1
41619,send,11:66:F0:00:01:3D,1439,,1,1
41623,ack,11:66:F0:00:01:3D,,0,0,1
41627,send,11:66:F0:00:01:3D,1440,,1,1
41631,ack,11:66:F0:00:01:3D,,0,0,1
41637,send,11:66:F0:00:01:3D,1441,,1,1
41640,ack,11:66:F0:00:01:3D,,0,0,1
41646,send,11:66:F0:00:01:3D,1442,,1,1
41650,ack,11:66:F0:00:01:3D,,0,0,1
41656,send,11:66:F0:00:01:3D,1443,,1,1
41660,ack,11:66:F0:00:01:3D,,0,0,1
41666,send,11:66:F0:00:01:3D,1444,,1,1
41670,ack,11:66:F0:00:01:3D,,0,0,1
41676,send,11:66:F0:00:01:3D,1445,,1,1
41679,ack,11:66:F0:00:01:3D,,0,0,1
41686,send,11:66:F0:00:01:3D,1446,,1,1
41690,ack,11:66:F0:00:01:3D,,0,0,1
41695,send,11:66:F0:00:01:3D,1447,,1,1
41699,ack,11:66:F0:00:01:3D,,0,0,1
41705,send,11:66:F0:00:01:3D,1448,,1,1
41708,ack,11:66:F0:00:01:3D,,0,0,1
41718,send,11:66:F0:00:01:3D,1449,,1,1
41722,ack,11:66:F0:00:01:3D,,0,0,1
41730,send,11:66:F0:00:01:3D,1450,,1,1
41734,ack,11:66:F0:00:01:3D,,0,0,1
41741,send,11:66:F0:00:01:3D,1451,,1,1
41745,ack,11:66:F0:00:01:3D,,0,0,1
41751,send,11:66:F0:00:01:3D,1452,,1,1
41755,ack,11:66:F0:00:01:3D,,0,0,1
41760,send,11:66:F0:00:01:3D,1453,,1,1
41764,ack,11:66:F0:00:01:3D,,0,0,1
41772,send,11:66:F0:00:01:3D,1454,,1,1
41776,ack,11:66:F0:00:01:3D,,0,0,1
41784,send,11:66:F0:00:01:3D,1455,,1,1
41790,ack,11:66:F0:00:01:3D,,0,0,1
41795,send,11:66:F0:00:01:3D,1456,,1,1
41800,ack,11:66:F0:00:01:3D,,0,0,1
41807,send,11:66:F0:00:01:3D,1457,,1,1
41811,ack,11:66:F0:00:01:3D,,0,0,1
41817,send,11:66:F0:00:01:3D,1458,,1,1
41822,ack,11:66:F0:00:01:3D,,0,0,1
41830,send,11:66:F0:00:01:3D,1459,,1,1
41834,ack,11:66:F0:00:01:3D,,0,0,1
41840,send,11:66:F0:00:01:3D,1460,,1,1
41845,ack,11:66:F0:00:01:3D,,0,0,1
41852,send,11:66:F0:00:01:3D,1461,,1,1
41855,ack,11:66:F0:00:01:3D,,0,0,1
41864,send,11:66:F0:00:01:3D,1462,,1,1
41868,ack,11:66:F0:00:01:3D,,0,0,1
41875,send,11:66:F0:00:01:3D,1463,,1,1
41879,ack,11:66:F0:00:01:3D,,0,0,1
41886,send,11:66:F0:00:01:3D,1464,,1,1
41891,ack,11:66:F0:00:01:3D,,0,0,1
41898,send,11:66:F0:00:01:3D,1465,,1,1
41902,ack,11:66:F0:00:01:3D,,0,0,1
41910,send,11:66:F0:00:01:3D,1466,,1,1
41913,ack,11:66:F0:00:01:3D,,0,0,1
41921,send,11:66:F0:00:01:3D,1467,,1,1
41925,ack,11:66:F0:00:01:3D,,0,0,1
41932,send,11:66:F0:00:01:3D,1468,,1,1
41936,ack,11:66:F0:00:01:3D,,0,0,1
41941,send,11:66:F0:00:01:3D,1469,,1,1
41944,ack,11:66:F0:00:01:3D,,0,0,1
41952,send,11:66:F0:00:01:3D,1470,,1,1
41955,ack,11:66:F0:00:01:3D,,0,0,1
41963,send,11:66:F0:00:01:3D,1471,,1,1
41968,ack,11:66:F0:00:01:3D,,0,0,1
41975,send,11:66:F0:00:01:3D,1472,,1,1
41979,ack,11:66:F0:00:01:3D,,0,0,1
41986,send,11:66:F0:00:01:3D,1473,,1,1
41990,ack,11:66:F0:00:01:3D,,0,0,1
41997,send,11:66:F0:00:01:3D,1474,,1,1
42002,ack,11:66:F0:00:01:3D,,0,0,1
42008,send,11:66:F0:00:01:3D,1475,,1,1
42013,ack,11:66:F0:00:01:3D,,0,0,1
42019,send,11:66:F0:00:01:3D,1476,,1,1
42023,ack,11:66:F0:00:01:3D,,0,0,1
42030,send,11:66:F0:00:01:3D,1477,,1,1
42036,ack,11:66:F0:00:01:3D,,0,0,1
42042,send,11:66:F0:00:01:3D,1478,,1,1
42049,ack,11:66:F0:00:01:3D,,0,0,1
42054,send,11:66:F0:00:01:3D,1479,,1,1
42061,ack,11:66:F0:00:01:3D,,0,0,1
42065,send,11:66:F0:00:01:3D,1480,,1,1
42069,ack,11:66:F0:00:01:3D,,0,0,1
42076,send,11:66:F0:00:01:3D,1481,,1,1
42081,ack,11:66:F0:00:01:3D,,0,0,1
42087,send,11:66:F0:00:01:3D,1482,,1,1
42093,ack,11:66:F0:00:01:3D,,0,0,1
42098,send,11:66:F0:00:01:3D,1483,,1,1
42103,ack,11:66:F0:00:01:3D,,0,0,1
42109,send,11:66:F0:00:01:3D,1484,,1,1
42113,ack,11:66:F0:00:01:3D,,0,0,1
42121,send,11:66:F0:00:01:3D,1485,,1,1
42124,ack,11:66:F0:00:01:3D,,0,0,1
42130,send,11:66:F0:00:01:3D,1486,,1,1
42134,ack,11:66:F0:00:01:3D,,0,0,1
42140,send,11:66:F0:00:01:3D,1487,,1,1
42143,ack,11:66:F0:00:01:3D,,0,0,1
42149,send,11:66:F0:00:01:3D,1488,,1,1
42153,ack,11:66:F0:00:01:3D,,0,0,1
42158,send,11:66:F0:00:01:3D,1489,,1,1
42161,ack,11:66:F0:00:01:3D,,0,0,1
42167,send,11:66:F0:00:01:3D,1490,,1,1
42170,ack,11:66:F0:00:01:3D,,0,0,1
42177,send,11:66:F0:00:01:3D,1491,,1,1
42180,ack,11:66:F0:00:01:3D,,0,0,1
42188,send,11:66:F0:00:01:3D,1492,,1,1
42192,ack,11:66:F0:00:01:3D,,0,0,1
42199,send,11:66:F0:00:01:3D,1493,,1,1
42203,ack,11:66:F0:00:01:3D,,0,0,1
42210,send,11:66:F0:00:01:3D,1494,,1,1
42214,ack,11:66:F0:00:01:3D,,0,0,1
42221,send,11:66:F0:00:01:3D,1495,,1,1
42224,ack,11:66:F0:00:01:3D,,0,0,1
42233,send,11:66:F0:00:01:3D,1496,,1,1
42239,ack,11:66:F0:00:01:3D,,0,0,1
42246,send,11:66:F0:00:01:3D,1497,,1,1
42252,ack,11:66:F0:00:01:3D,,0,0,1
42258,send,11:66:F0:00:01:3D,1498,,1,1
42261,ack,11:66:F0:00:01:3D,,0,0,1
42269,send,11:66:F0:00:01:3D,1499,,1,1
42274,ack,11:66:F0:00:01:3D,,0,0,1
42279,send,11:66:F0:00:01:3D,1500,,1,1
42283,ack,11:66:F0:00:01:3D,,0,0,1
42289,send,11:66:F0:00:01:3D,1501,,1,1
42293,ack,11:66:F0:00:01:3D,,0,0,1
42301,send,11:66:F0:00:01:3D,1502,,1,1
42304,ack,11:66:F0:00:01:3D,,0,0,1
42311,send,11:66:F0:00:01:3D,1503,,1,1
42314,ack,11:66:F0:00:01:3D,,0,0,1
42321,send,11:66:F0:00:01:3D,1504,,1,1
42326,ack,11:66:F0:00:01:3D,,0,0,1
42332,send,11:66:F0:00:01:3D,1505,,1,1
42338,ack,11:66:F0:00:01:3D,,0,0,1
42345,send,11:66:F0:00:01:3D,1506,,1,1
42348,ack,11:66:F0:00:01:3D,,0,0,1
42364,send,11:66:F0:00:01:3D,1507,,1,1
42367,ack,11:66:F0:00:01:3D,,0,0,1
42374,send,11:66:F0:00:01:3D,1508,,1,1
42378,ack,11:66:F0:00:01:3D,,0,0,1
42383,send,11:66:F0:00:01:3D,1509,,1,1
42387,ack,11:66:F0:00:01:3D,,0,0,1
42393,send,11:66:F0:00:01:3D,1510,,1,1
42397,ack,11:66:F0:00:01:3D,,0,0,1
42404,send,11:66:F0:00:01:3D,1511,,1,1
42407,ack,11:66:F0:00:01:3D,,0,0,1
42414,send,11:66:F0:00:01:3D,1512,,1,1
42419,ack,11:66:F0:00:01:3D,,0,0,1
42425,send,11:66:F0:00:01:3D,1513,,1,1
42430,ack,11:66:F0:00:01:3D,,0,0,1
42437,send,11:66:F0:00:01:3D,1514,,1,1
42442,ack,11:66:F0:00:01:3D,,0,0,1
42449,send,11:66:F0:00:01:3D,1515,,1,1
42453,ack,11:66:F0:00:01:3D,,0,0,1
42460,send,11:66:F0:00:01:3D,1516,,1,1
42465,ack,11:66:F0:00:01:3D,,0,0,1
42471,send,11:66:F0:00:01:3D,1517,,1,1
42475,ack,11:66:F0:00:01:3D,,0,0,1
42482,send,11:66:F0:00:01:3D,1518,,1,1
42485,ack,11:66:F0:00:01:3D,,0,0,1
42491,send,11:66:F0:00:01:3D,1519,,1,1
42494,ack,11:66:F0:00:01:3D,,0,0,1
42501,send,11:66:F0:00:01:3D,1520,,1,1
42505,ack,11:66:F0:00:01:3D,,0,0,1
42511,send,11:66:F0:00:01:3D,1521,,1,1
42514,ack,11:66:F0:00:01:3D,,0,0,1
42520,send,11:66:F0:00:01:3D,1522,,1,1
42524,ack,11:66:F0:00:01:3D,,0,0,1
42529,send,11:66:F0:00:01:3D,1523,,1,1
42533,ack,11:66:F0:00:01:3D,,0,0,1
42539,send,11:66:F0:00:01:3D,1524,,1,1
42543,ack,11:66:F0:00:01:3D,,0,0,1
42548,send,11:66:F0:00:01:3D,1525,,1,1
42551,ack,11:66:F0:00:01:3D,,0,0,1
42558,send,11:66:F0:00:01:3D,1526,,1,1
42562,ack,11:66:F0:00:01:3D,,0,0,1
42567,send,11:66:F0:00:01:3D,1527,,1,1
42571,ack,11:66:F0:00:01:3D,,0,0,1
42578,send,11:66:F0:00:01:3D,1528,,1,1
42583,ack,11:66:F0:00:01:3D,,0,0,1
42589,send,11:66:F0:00:01:3D,1529,,1,1
42593,ack,11:66:F0:00:01:3D,,0,0,1
42600,send,11:66:F0:00:01:3D,1530,,1,1
42604,ack,11:66:F0:00:01:3D,,0,0,1
42612,send,11:66:F0:00:01:3D,1531,,1,1
42617,ack,11:66:F0:00:01:3D,,0,0,1
42622,send,11:66:F0:00:01:3D,1532,,1,1
42626,ack,11:66:F0:00:01:3D,,0,0,1
42633,send,11:66:F0:00:01:3D,1533,,1,1
42638,ack,11:66:F0:00:01:3D,,0,0,1
42644,send,11:66:F0:00:01:3D,1534,,1,1
42648,ack,11:66:F0:00:01:3D,,0,0,1
42654,send,11:66:F0:00:01:3D,1535,,1,1
42657,ack,11:66:F0:00:01:3D,,0,0,1
42665,send,11:66:F0:00:01:3D,1536,,1,1
42671,ack,11:66:F0:00:01:3D,,0,0,1
42676,send,11:66:F0:00:01:3D,1537,,1,1
42683,ack,11:66:F0:00:01:3D,,0,0,1
42688,send,11:66:F0:00:01:3D,1538,,1,1
42693,ack,11:66:F0:00:01:3D,,0,0,1
42697,send,11:66:F0:00:01:3D,1539,,1,1
42701,ack,11:66:F0:00:01:3D,,0,0,1
42707,send,11:66:F0:00:01:3D,1540,,1,1
42711,ack,11:66:F0:00:01:3D,,0,0,1
42717,send,11:66:F0:00:01:3D,1541,,1,1
42722,ack,11:66:F0:00:01:3D,,0,0,1
42727,send,11:66:F0:00:01:3D,1542,,1,1
42732,ack,11:66:F0:00:01:3D,,0,0,1
42737,send,11:66:F0:00:01:3D,1543,,1,1
42741,ack,11:66:F0:00:01:3D,,0,0,1
42747,send,11:66:F0:00:01:3D,1544,,1,1
42751,ack,11:66:F0:00:01:3D,,0,0,1
42757,send,11:66:F0:00:01:3D,1545,,1,1
42761,ack,11:66:F0:00:01:3D,,0,0,1
42767,send,11:66:F0:00:01:3D,1546,,1,1
42771,ack,11:66:F0:00:01:3D,,0,0,1
42778,send,11:66:F0:00:01:3D,1547,,1,1
42782,ack,11:66:F0:00:01:3D,,0,0,1
42789,send,11:66:F0:00:01:3D,1548,,1,1
42797,ack,11:66:F0:00:01:3D,,0,0,1
42801,send,11:66:F0:00:01:3D,1549,,1,1
42805,ack,11:66:F0:00:01:3D,,0,0,1
42811,send,11:66:F0:00:01:3D,1550,,1,1
42813,ack,11:66:F0:00:01:3D,,0,0,1
42820,send,11:66:F0:00:01:3D,1551,,1,1
42822,ack,11:66:F0:00:01:3D,,0,0,1
42828,send,11:66:F0:00:01:3D,1552,,1,1
42831,ack,11:66:F0:00:01:3D,,0,0,1
42837,send,11:66:F0:00:01:3D,1553,,1,1
42840,ack,11:66:F0:00:01:3D,,0,0,1
42847,send,11:66:F0:00:01:3D,1554,,1,1
42850,ack,11:66:F0:00:01:3D,,0,0,1
42855,send,11:66:F0:00:01:3D,1555,,1,1
42858,ack,11:66:F0:00:01:3D,,0,0,1
42864,send,11:66:F0:00:01:3D,1556,,1,1
42867,ack,11:66:F0:00:01:3D,,0,0,1
42873,send,11:66:F0:00:01:3D,1557,,1,1
42877,ack,11:66:F0:00:01:3D,,0,0,1
42891,send,11:66:F0:00:01:3D,1558,,1,1
42894,ack,11:66:F0:00:01:3D,,0,0,1
42901,send,11:66:F0:00:01:3D,1559,,1,1
42903,ack,11:66:F0:00:01:3D,,0,0,1
42910,send,11:66:F0:00:01:3D,1560,,1,1
42913,ack,11:66:F0:00:01:3D,,0,0,1
42917,send,11:66:F0:00:01:3D,1561,,1,1
42919,ack,11:66:F0:00:01:3D,,0,0,1
42925,send,11:66:F0:00:01:3D,1562,,1,1
42927,ack,11:66:F0:00:01:3D,,0,0,1
42932,send,11:66:F0:00:01:3D,1563,,1,1
42934,ack,11:66:F0:00:01:3D,,0,0,1
42941,send,11:66:F0:00:01:3D,1564,,1,1
42943,ack,11:66:F0:00:01:3D,,0,0,1
42950,send,11:66:F0:00:01:3D,1565,,1,1
42953,ack,11:66:F0:00:01:3D,,0,0,1
42959,send,11:66:F0:00:01:3D,1566,,1,1
42962,ack,11:66:F0:00:01:3D,,0,0,1
42967,send,11:66:F0:00:01:3D,1567,,1,1
42970,ack,11:66:F0:00:01:3D,,0,0,1
42976,send,11:66:F0:00:01:3D,1568,,1,1
42978,ack,11:66:F0:00:01:3D,,0,0,1
42985,send,11:66:F0:00:01:3D,1569,,1,1
42987,ack,11:66:F0:00:01:3D,,0,0,1
42993,send,11:66:F0:00:01:3D,1570,,1,1
42995,ack,11:66:F0:00:01:3D,,0,0,1
43002,send,11:66:F0:00:01:3D,1571,,1,1
43004,ack,11:66:F0:00:01:3D,,0,0,1
43010,send,11:66:F0:00:01:3D,1572,,1,1
43012,ack,11:66:F0:00:01:3D,,0,0,1
43018,send,11:66:F0:00:01:3D,1573,,1,1
43020,ack,11:66:F0:00:01:3D,,0,0,1
43026,send,11:66:F0:00:01:3D,1574,,1,1
43028,ack,11:66:F0:00:01:3D,,0,0,1
43034,send,11:66:F0:00:01:3D,1575,,1,1
43036,ack,11:66:F0:00:01:3D,,0,0,1
43042,send,11:66:F0:00:01:3D,1576,,1,1
43044,ack,11:66:F0:00:01:3D,,0,0,1
43051,send,11:66:F0:00:01:3D,1577,,1,1
43060,ack,11:66:F0:00:01:3D,,0,0,1
43067,send,11:66:F0:00:01:3D,1578,,1,1
43074,ack,11:66:F0:00:01:3D,,0,0,1
43079,send,11:66:F0:00:01:3D,1579,,1,1
43082,ack,11:66:F0:00:01:3D,,0,0,1
43088,send,11:66:F0:00:01:3D,1580,,1,1
43091,ack,11:66:F0:00:01:3D,,0,0,1
43097,send,11:66:F0:00:01:3D,1581,,1,1
43099,ack,11:66:F0:00:01:3D,,0,0,1
43105,send,11:66:F0:00:01:3D,1582,,1,1
43107,ack,11:66:F0:00:01:3D,,0,0,1
43113,send,11:66:F0:00:01:3D,1583,,1,1
43115,ack,11:66:F0:00:01:3D,,0,0,1
43122,send,11:66:F0:00:01:3D,1584,,1,1
43124,ack,11:66:F0:00:01:3D,,0,0,1
43132,send,11:66:F0:00:01:3D,1585,,1,1
43134,ack,11:66:F0:00:01:3D,,0,0,1
43140,send,11:66:F0:00:01:3D,1586,,1,1
43142,ack,11:66:F0:00:01:3D,,0,0,1
43149,send,11:66:F0:00:01:3D,1587,,1,1
43153,ack,11:66:F0:00:01:3D,,0,0,1
43159,send,11:66:F0:00:01:3D,1588,,1,1
43163,ack,11:66:F0:00:01:3D,,0,0,1
43168,send,11:66:F0:00:01:3D,1589,,1,1
43172,ack,11:66:F0:00:01:3D,,0,0,1
43178,send,11:66:F0:00:01:3D,1590,,1,1
43181,ack,11:66:F0:00:01:3D,,0,0,1
43188,send,11:66:F0:00:01:3D,1591,,1,1
43192,ack,11:66:F0:00:01:3D,,0,0,1
43197,send,11:66:F0:00:01:3D,1592,,1,1
43201,ack,11:66:F0:00:01:3D,,0,0,1
43206,send,11:66:F0:00:01:3D,1593,,1,1
43211,ack,11:66:F0:00:01:3D,,0,0,1
43217,send,11:66:F0:00:01:3D,1594,,1,1
43222,ack,11:66:F0:00:01:3D,,0,0,1
43227,send,11:66:F0:00:01:3D,1595,,1,1
43232,ack,11:66:F0:00:01:3D,,0,0,1
43239,send,11:66:F0:00:01:3D,1596,,1,1
43243,ack,11:66:F0:00:01:3D,,0,0,1
43251,send,11:66:F0:00:01:3D,1597,,1,1
43254,ack,11:66:F0:00:01:3D,,0,0,1
43260,send,11:66:F0:00:01:3D,1598,,1,1
43264,ack,11:66:F0:00:01:3D,,0,0,1
43269,send,11:66:F0:00:01:3D,1599,,1,1
43275,ack,11:66:F0:00:01:3D,,0,0,1
43281,send,11:66:F0:00:01:3D,1600,,1,1
43285,ack,11:66:F0:00:01:3D,,0,0,1
43290,send,11:66:F0:00:01:3D,1601,,1,1
43294,ack,11:66:F0:00:01:3D,,0,0,1
43298,send,11:66:F0:00:01:3D,1602,,1,1
43302,ack,11:66:F0:00:01:3D,,0,0,1
43309,send,11:66:F0:00:01:3D,1603,,1,1
43312,ack,11:66:F0:00:01:3D,,0,0,1
43320,send,11:66:F0:00:01:3D,1604,,1,1
43323,ack,11:66:F0:00:01:3D,,0,0,1
43330,send,11:66:F0:00:01:3D,1605,,1,1
43333,ack,11:66:F0:00:01:3D,,0,0,1
43341,send,11:66:F0:00:01:3D,1606,,1,1
43344,ack,11:66:F0:00:01:3D,,0,0,1
43364,send,11:66:F0:00:01:3D,1607,,1,1
43368,ack,11:66:F0:00:01:3D,,0,0,1
43374,send,11:66:F0:00:01:3D,1608,,1,1
43378,ack,11:66:F0:00:01:3D,,0,0,1
43386,send,11:66:F0:00:01:3D,1609,,1,1
43389,ack,11:66:F0:00:01:3D,,0,0,1
43396,send,11:66:F0:00:01:3D,1610,,1,1
43401,ack,11:66:F0:00:01:3D,,0,0,1
43407,send,11:66:F0:00:01:3D,1611,,1,1
43423,ack,11:66:F0:00:01:3D,,0,0,1
43425,send,11:66:F0:00:01:3D,1612,,1,1
43432,ack,11:66:F0:00:01:3D,,0,0,1
43437,send,11:66:F0:00:01:3D,1613,,1,1
43442,ack,11:66:F0:00:01:3D,,0,0,1
43448,send,11:66:F0:00:01:3D,1614,,1,1
43454,ack,11:66:F0:00:01:3D,,0,0,1
43461,send,11:66:F0:00:01:3D,1615,,1,1
43465,ack,11:66:F0:00:01:3D,,0,0,1
43471,send,11:66:F0:00:01:3D,1616,,1,1
43477,ack,11:66:F0:00:01:3D,,0,0,1
43481,send,11:66:F0:00:01:3D,1617,,1,1
43484,ack,11:66:F0:00:01:3D,,0,0,1
43490,send,11:66:F0:00:01:3D,1618,,1,1
43494,ack,11:66:F0:00:01:3D,,0,0,1
43500,send,11:66:F0:00:01:3D,1619,,1,1
43503,ack,11:66:F0:00:01:3D,,0,0,1
43511,send,11:66:F0:00:01:3D,1620,,1,1
43515,ack,11:66:F0:00:01:3D,,0,0,1
43520,send,11:66:F0:00:01:3D,1621,,1,1
43524,ack,11:66:F0:00:01:3D,,0,0,1
43530,send,11:66:F0:00:01:3D,1622,,1,1
43534,ack,11:66:F0:00:01:3D,,0,0,1
43539,send,11:66:F0:00:01:3D,1623,,1,1
43544,ack,11:66:F0:00:01:3D,,0,0,1
43552,send,11:66:F0:00:01:3D,1624,,1,1
43556,ack,11:66:F0:00:01:3D,,0,0,1
43562,send,11:66:F0:00:01:3D,1625,,1,1
43565,ack,11:66:F0:00:01:3D,,0,0,1
43571,send,11:66:F0:00:01:3D,1626,,1,1
43576,ack,11:66:F0:00:01:3D,,0,0,1
43582,send,11:66:F0:00:01:3D,1627,,1,1
43587,ack,11:66:F0:00:01:3D,,0,0,1
43591,send,11:66:F0:00:01:3D,1628,,1,1
43596,ack,11:66:F0:00:01:3D,,0,0,1
43601,send,11:66:F0:00:01:3D,1629,,1,1
43605,ack,11:66:F0:00:01:3D,,0,0,1
43611,send,11:66:F0:00:01:3D,1630,,1,1
43616,ack,11:66:F0:00:01:3D,,0,0,1
43621,send,11:66:F0:00:01:3D,1631,,1,1
43625,ack,11:66:F0:00:01:3D,,0,0,1
43632,send,11:66:F0:00:01:3D,1632,,1,1
43635,ack,11:66:F0:00:01:3D,,0,0,1
43642,send,11:66:F0:00:01:3D,1633,,1,1
43645,ack,11:66:F0:00:01:3D,,0,0,1
43651,send,11:66:F0:00:01:3D,1634,,1,1
43654,ack,11:66:F0:00:01:3D,,0,0,1
43660,send,11:66:F0:00:01:3D,1635,,1,1
43663,ack,11:66:F0:00:01:3D,,0,0,1
43669,send,11:66:F0:00:01:3D,1636,,1,1
43672,ack,11:66:F0:00:01:3D,,0,0,1
43680,send,11:66:F0:00:01:3D,1637,,1,1
43682,ack,11:66:F0:00:01:3D,,0,0,1
43690,send,11:66:F0:00:01:3D,1638,,1,1
43692,ack,11:66:F0:00:01:3D,,0,0,1
43699,send,11:66:F0:00:01:3D,1639,,1,1
43702,ack,11:66:F0:00:01:3D,,0,0,1
43708,send,11:66:F0:00:01:3D,1640,,1,1
43712,ack,11:66:F0:00:01:3D,,0,0,1
43718,send,11:66:F0:00:01:3D,1641,,1,1
43721,ack,11:66:F0:00:01:3D,,0,0,1
43728,send,11:66:F0:00:01:3D,1642,,1,1
43731,ack,11:66:F0:00:01:3D,,0,0,1
43736,send,11:66:F0:00:01:3D,1643,,1,1
43739,ack,11:66:F0:00:01:3D,,0,0,1
43746,send,11:66:F0:00:01:3D,1644,,1,1
43750,ack,11:66:F0:00:01:3D,,0,0,1
43756,send,11:66:F0:00:01:3D,1645,,1,1
43759,ack,11:66:F0:00:01:3D,,0,0,1
43765,send,11:66:F0:00:01:3D,1646,,1,1
43767,ack,11:66:F0:00:01:3D,,0,0,1
43774,send,11:66:F0:00:01:3D,1647,,1,1
43776,ack,11:66:F0:00:01:3D,,0,0,1
43782,send,11:66:F0:00:01:3D,1648,,1,1
43785,ack,11:66:F0:00:01:3D,,0,0,1
43791,send,11:66:F0:00:01:3D,1649,,1,1
43794,ack,11:66:F0:00:01:3D,,0,0,1
43800,send,11:66:F0:00:01:3D,1650,,1,1
43805,ack,11:66:F0:00:01:3D,,0,0,1
43810,send,11:66:F0:00:01:3D,1651,,1,1
43815,ack,11:66:F0:00:01:3D,,0,0,1
43820,send,11:66:F0:00:01:3D,1652,,1,1
43824,ack,11:66:F0:00:01:3D,,0,0,1
43830,send,11:66:F0:00:01:3D,1653,,1,1
43833,ack,11:66:F0:00:01:3D,,0,0,1
43839,send,11:66:F0:00:01:3D,1654,,1,1
43842,ack,11:66:F0:00:01:3D,,0,0,1
43849,send,11:66:F0:00:01:3D,1655,,1,1
43853,ack,11:66:F0:00:01:3D,,0,0,1
43859,send,11:66:F0:00:01:3D,1656,,1,1
43862,ack,11:66:F0:00:01:3D,,0,0,1
43869,send,11:66:F0:00:01:3D,1657,,1,1
43873,ack,11:66:F0:00:01:3D,,0,0,1
43880,send,11:66:F0:00:01:3D,1658,,1,1
43884,ack,11:66:F0:00:01:3D,,0,0,1
43888,send,11:66:F0:00:01:3D,1659,,1,1
43893,ack,11:66:F0:00:01:3D,,0,0,1
43898,send,11:66:F0:00:01:3D,1660,,1,1
43901,ack,11:66:F0:00:01:3D,,0,0,1
43907,send,11:66:F0:00:01:3D,1661,,1,1
43910,ack,11:66:F0:00:01:3D,,0,0,1
43918,send,11:66:F0:00:01:3D,1662,,1,1
43922,ack,11:66:F0:00:01:3D,,0,0,1
43927,send,11:66:F0:00:01:3D,1663,,1,1
43932,ack,11:66:F0:00:01:3D,,0,0,1
43936,send,11:66:F0:00:01:3D,1664,,1,1
43940,ack,11:66:F0:00:01:3D,,0,0,1
43946,send,11:66:F0:00:01:3D,1665,,1,1
43951,ack,11:66:F0:00:01:3D,,0,0,1
43956,send,11:66:F0:00:01:3D,1666,,1,1
43960,ack,11:66:F0:00:01:3D,,0,0,1
43965,send,11:66:F0:00:01:3D,1667,,1,1
43969,ack,11:66:F0:00:01:3D,,0,0,1
43975,send,11:66:F0:00:01:3D,1668,,1,1
43978,ack,11:66:F0:00:01:3D,,0,0,1
43984,send,11:66:F0:00:01:3D,1669,,1,1
43989,ack,11:66:F0:00:01:3D,,0,0,1
43996,send,11:66:F0:00:01:3D,1670,,1,1
44002,ack,11:66:F0:00:01:3D,,0,0,1
44009,send,11:66:F0:00:01:3D,1671,,1,1
44013,ack,11:66:F0:00:01:3D,,0,0,1
44019,send,11:66:F0:00:01:3D,1672,,1,1
44023,ack,11:66:F0:00:01:3D,,0,0,1
44031,send,11:66:F0:00:01:3D,1673,,1,1
44035,ack,11:66:F0:00:01:3D,,0,0,1
44042,send,11:66:F0:00:01:3D,1674,,1,1
44046,ack,11:66:F0:00:01:3D,,0,0,1
44053,send,11:66:F0:00:01:3D,1675,,1,1
44058,ack,11:66:F0:00:01:3D,,0,0,1
44064,send,11:66:F0:00:01:3D,1676,,1,1
44068,ack,11:66:F0:00:01:3D,,0,0,1
44074,send,11:66:F0:00:01:3D,1677,,1,1
44078,ack,11:66:F0:00:01:3D,,0,0,1
44086,send,11:66:F0:00:01:3D,1678,,1,1
44091,ack,11:66:F0:00:01:3D,,0,0,1
44097,send,11:66:F0:00:01:3D,1679,,1,1
44103,ack,11:66:F0:00:01:3D,,0,0,1
44108,send,11:66:F0:00:01:3D,1680,,1,1
44113,ack,11:66:F0:00:01:3D,,0,0,1
44119,send,11:66:F0:00:01:3D,1681,,1,1
44123,ack,11:66:F0:00:01:3D,,0,0,1
44129,send,11:66:F0:00:01:3D,1682,,1,1
44132,ack,11:66:F0:00:01:3D,,0,0,1
44139,send,11:66:F0:00:01:3D,1683,,1,1
44142,ack,11:66:F0:00:01:3D,,0,0,1
44148,send,11:66:F0:00:01:3D,1684,,1,1
44152,ack,11:66:F0:00:01:3D,,0,0,1
44158,send,11:66:F0:00:01:3D,1685,,1,1
44161,ack,11:66:F0:00:01:3D,,0,0,1
44167,send,11:66:F0:00:01:3D,1686,,1,1
44170,ack,11:66:F0:00:01:3D,,0,0,1
44178,send,11:66:F0:00:01:3D,1687,,1,1
44181,ack,11:66:F0:00:01:3D,,0,0,1
44187,send,11:66:F0:00:01:3D,1688,,1,1
44191,ack,11:66:F0:00:01:3D,,0,0,1
44196,send,11:66:F0:00:01:3D,1689,,1,1
44200,ack,11:66:F0:00:01:3D,,0,0,1
44206,send,11:66:F0:00:01:3D,1690,,1,1
44209,ack,11:66:F0:00:01:3D,,0,0,1
44215,send,11:66:F0:00:01:3D,1691,,1,1
44219,ack,11:66:F0:00:01:3D,,0,0,1
44223,send,11:66:F0:00:01:3D,1692,,1,1
44227,ack,11:66:F0:00:01:3D,,0,0,1
44233,send,11:66:F0:00:01:3D,1693,,1,1
44237,ack,11:66:F0:00:01:3D,,0,0,1
44242,send,11:66:F0:00:01:3D,1694,,1,1
44246,ack,11:66:F0:00:01:3D,,0,0,1
44252,send,11:66:F0:00:01:3D,1695,,1,1
44255,ack,11:66:F0:00:01:3D,,0,0,1
44261,send,11:66:F0:00:01:3D,1696,,1,1
44265,ack,11:66:F0:00:01:3D,,0,0,1
44269,send,11:66:F0:00:01:3D,1697,,1,1
44273,ack,11:66:F0:00:01:3D,,0,0,1
44279,send,11:66:F0:00:01:3D,1698,,1,1
44283,ack,11:66:F0:00:01:3D,,0,0,1
44289,send,11:66:F0:00:01:3D,1699,,1,1
44293,ack,11:66:F0:00:01:3D,,0,0,1
44297,send,11:66:F0:00:01:3D,1700,,1,1
44301,ack,11:66:F0:00:01:3D,,0,0,1
44307,send,11:66:F0:00:01:3D,1701,,1,1
44311,ack,11:66:F0:00:01:3D,,0,0,1
44316,send,11:66:F0:00:01:3D,1702,,1,1
44319,ack,11:66:F0:00:01:3D,,0,0,1
44326,send,11:66:F0:00:01:3D,1703,,1,1
44330,ack,11:66:F0:00:01:3D,,0,0,1
44336,send,11:66:F0:00:01:3D,1704,,1,1
44340,ack,11:66:F0:00:01:3D,,0,0,1
44346,send,11:66:F0:00:01:3D,1705,,1,1
44351,ack,11:66:F0:00:01:3D,,0,0,1
44365,send,11:66:F0:00:01:3D,1706,,1,1
44367,ack,11:66:F0:00:01:3D,,0,0,1
44372,send,11:66:F0:00:01:3D,1707,,1,1
44375,ack,11:66:F0:00:01:3D,,0,0,1
44379,send,11:66:F0:00:01:3D,1708,,1,1
44382,ack,11:66:F0:00:01:3D,,0,0,1
44388,send,11:66:F0:00:01:3D,1709,,1,1
44392,ack,11:66:F0:00:01:3D,,0,0,1
44397,send,11:66:F0:00:01:3D,1710,,1,1
44400,ack,11:66:F0:00:01:3D,,0,0,1
44406,send,11:66:F0:00:01:3D,1711,,1,1
44409,ack,11:66:F0:00:01:3D,,0,0,1
44416,send,11:66:F0:00:01:3D,1712,,1,1
44419,ack,11:66:F0:00:01:3D,,0,0,1
44425,send,11:66:F0:00:01:3D,1713,,1,1
44429,ack,11:66:F0:00:01:3D,,0,0,1
44434,send,11:66:F0:00:01:3D,1714,,1,1
44438,ack,11:66:F0:00:01:3D,,0,0,1
44444,send,11:66:F0:00:01:3D,1715,,1,1
44448,ack,11:66:F0:00:01:3D,,0,0,1
44454,send,11:66:F0:00:01:3D,1716,,1,1
44458,ack,11:66:F0:00:01:3D,,0,0,1
44463,send,11:66:F0:00:01:3D,1717,,1,1
44467,ack,11:66:F0:00:01:3D,,0,0,1
44474,send,11:66:F0:00:01:3D,1718,,1,1
44479,ack,11:66:F0:00:01:3D,,0,0,1
44486,send,11:66:F0:00:01:3D,1719,,1,1
44491,ack,11:66:F0:00:01:3D,,0,0,1
44498,send,11:66:F0:00:01:3D,1720,,1,1
44501,ack,11:66:F0:00:01:3D,,0,0,1
44508,send,11:66:F0:00:01:3D,1721,,1,1
44512,ack,11:66:F0:00:01:3D,,0,0,1
44519,send,11:66:F0:00:01:3D,1722,,1,1
44523,ack,11:66:F0:00:01:3D,,0,0,1
44531,send,11:66:F0:00:01:3D,1723,,1,1
44535,ack,11:66:F0:00:01:3D,,0,0,1
44542,send,11:66:F0:00:01:3D,1724,,1,1
44546,ack,11:66:F0:00:01:3D,,0,0,1
44552,send,11:66:F0:00:01:3D,1725,,1,1
44555,ack,11:66:F0:00:01:3D,,0,0,1
44563,send,11:66:F0:00:01:3D,1726,,1,1
44566,ack,11:66:F0:00:01:3D,,0,0,1
44574,send,11:66:F0:00:01:3D,1727,,1,1
44577,ack,11:66:F0:00:01:3D,,0,0,1
44586,send,11:66:F0:00:01:3D,1728,,1,1
44590,ack,11:66:F0:00:01:3D,,0,0,1
44596,send,11:66:F0:00:01:3D,1729,,1,1
44599,ack,11:66:F0:00:01:3D,,0,0,1
44607,send,11:66:F0:00:01:3D,1730,,1,1
44610,ack,11:66:F0:00:01:3D,,0,0,1
44618,send,11:66:F0:00:01:3D,1731,,1,1
44623,ack,11:66:F0:00:01:3D,,0,0,1
44630,send,11:66:F0:00:01:3D,1732,,1,1
44633,ack,11:66:F0:00:01:3D,,0,0,1
44641,send,11:66:F0:00:01:3D,1733,,1,1
44646,ack,11:66:F0:00:01:3D,,0,0,1
44653,send,11:66:F0:00:01:3D,1734,,1,1
44656,ack,11:66:F0:00:01:3D,,0,0,1
44665,send,11:66:F0:00:01:3D,1735,,1,1
44669,ack,11:66:F0:00:01:3D,,0,0,1
44676,send,11:66:F0:00:01:3D,1736,,1,1
44681,ack,11:66:F0:00:01:3D,,0,0,1
44688,send,11:66:F0:00:01:3D,1737,,1,1
44691,ack,11:66:F0:00:01:3D,,0,0,1
44698,send,11:66:F0:00:01:3D,1738,,1,1
44702,ack,11:66:F0:00:01:3D,,0,0,1
44710,send,11:66:F0:00:01:3D,1739,,1,1
44714,ack,11:66:F0:00:01:3D,,0,0,1
44720,send,11:66:F0:00:01:3D,1740,,1,1
44724,ack,11:66:F0:00:01:3D,,0,0,1
44730,send,11:66:F0:00:01:3D,1741,,1,1
44734,ack,11:66:F0:00:01:3D,,0,0,1
44741,send,11:66:F0:00:01:3D,1742,,1,1
44746,ack,11:66:F0:00:01:3D,,0,0,1
44753,send,11:66:F0:00:01:3D,1743,,1,1
44757,ack,11:66:F0:00:01:3D,,0,0,1
44764,send,11:66:F0:00:01:3D,1744,,1,1
44767,ack,11:66:F0:00:01:3D,,0,0,1
44773,send,11:66:F0:00:01:3D,1745,,1,1
44777,ack,11:66:F0:00:01:3D,,0,0,1
44784,send,11:66:F0:00:01:3D,1746,,1,1
44789,ack,11:66:F0:00:01:3D,,0,0,1
44796,send,11:66:F0:00:01:3D,1747,,1,1
44799,ack,11:66:F0:00:01:3D,,0,0,1
44806,send,11:66:F0:00:01:3D,1748,,1,1
44811,ack,11:66:F0:00:01:3D,,0,0,1
44818,send,11:66:F0:00:01:3D,1749,,1,1
44822,ack,11:66:F0:00:01:3D,,0,0,1
44829,send,11:66:F0:00:01:3D,1750,,1,1
44834,ack,11:66:F0:00:01:3D,,0,0,1
44841,send,11:66:F0:00:01:3D,1751,,1,1
44847,ack,11:66:F0:00:01:3D,,0,0,1
44853,send,11:66:F0:00:01:3D,1752,,1,1
44858,ack,11:66:F0:00:01:3D,,0,0,1
44863,send,11:66:F0:00:01:3D,1753,,1,1
44868,ack,11:66:F0:00:01:3D,,0,0,1
44876,send,11:66:F0:00:01:3D,1754,,1,1
44881,ack,11:66:F0:00:01:3D,,0,0,1
44887,send,11:66:F0:00:01:3D,1755,,1,1
44894,ack,11:66:F0:00:01:3D,,0,0,1
44899,send,11:66:F0:00:01:3D,1756,,1,1
44904,ack,11:66:F0:00:01:3D,,0,0,1
45606,send,11:66:F0:00:01:3D,1757,,1,1
45614,ack,11:66:F0:00:01:3D,,0,0,1
45619,send,11:66:F0:00:01:3D,1758,,1,1
45624,ack,11:66:F0:00:01:3D,,0,0,1
45628,send,11:66:F0:00:01:3D,1759,,1,1
45634,ack,11:66:F0:00:01:3D,,0,0,1
45638,send,11:66:F0:00:01:3D,1760,,1,1
45644,ack,11:66:F0:00:01:3D,,0,0,1
45649,send,11:66:F0:00:01:3D,1761,,1,1
45656,ack,11:66:F0:00:01:3D,,0,0,1
45660,send,11:66:F0:00:01:3D,1762,,1,1
45666,ack,11:66:F0:00:01:3D,,0,0,1
45673,send,11:66:F0:00:01:3D,1763,,1,1
45676,ack,11:66:F0:00:01:3D,,0,0,1
45682,send,11:66:F0:00:01:3D,1764,,1,1
45686,ack,11:66:F0:00:01:3D,,0,0,1
45693,send,11:66:F0:00:01:3D,1765,,1,1
45696,ack,11:66:F0:00:01:3D,,0,0,1
45703,send,11:66:F0:00:01:3D,1766,,1,1
45706,ack,11:66:F0:00:01:3D,,0,0,1
45713,send,11:66:F0:00:01:3D,1767,,1,1
45716,ack,11:66:F0:00:01:3D,,0,0,1
45721,send,11:66:F0:00:01:3D,1768,,1,1
45725,ack,11:66:F0:00:01:3D,,0,0,1
45730,send,11:66:F0:00:01:3D,1769,,1,1
45733,ack,11:66:F0:00:01:3D,,0,0,1
45740,send,11:66:F0:00:01:3D,1770,,1,1
45745,ack,11:66:F0:00:01:3D,,0,0,1
45750,send,11:66:F0:00:01:3D,1771,,1,1
45754,ack,11:66:F0:00:01:3D,,0,0,1
45760,send,11:66:F0:00:01:3D,1772,,1,1
45764,ack,11:66:F0:00:01:3D,,0,0,1
45770,send,11:66:F0:00:01:3D,1773,,1,1
45774,ack,11:66:F0:00:01:3D,,0,0,1
45780,send,11:66:F0:00:01:3D,1774,,1,1
45784,ack,11:66:F0:00:01:3D,,0,0,1
45789,send,11:66:F0:00:01:3D,1775,,1,1
45793,ack,11:66:F0:00:01:3D,,0,0,1
45798,send,11:66:F0:00:01:3D,1776,,1,1
45803,ack,11:66:F0:00:01:3D,,0,0,1
45809,send,11:66:F0:00:01:3D,1777,,1,1
45812,ack,11:66:F0:00:01:3D,,0,0,1
45820,send,11:66:F0:00:01:3D,1778,,1,1
45825,ack,11:66:F0:00:01:3D,,0,0,1
45830,send,11:66:F0:00:01:3D,1779,,1,1
45839,ack,11:66:F0:00:01:3D,,0,0,1
45841,send,11:66:F0:00:01:3D,1780,,1,1
45846,ack,11:66:F0:00:01:3D,,0,0,1
45853,send,11:66:F0:00:01:3D,1781,,1,1
45858,ack,11:66:F0:00:01:3D,,0,0,1
45863,send,11:66:F0:00:01:3D,1782,,1,1
45868,ack,11:66:F0:00:01:3D,,0,0,1
45873,send,11:66:F0:00:01:3D,1783,,1,1
45879,ack,11:66:F0:00:01:3D,,0,0,1
45882,send,11:66:F0:00:01:3D,1784,,1,1
45886,ack,11:66:F0:00:01:3D,,0,0,1
45890,send,11:66:F0:00:01:3D,1785,,1,1
45894,ack,11:66:F0:00:01:3D,,0,0,1
45899,send,11:66:F0:00:01:3D,1786,,1,1
45902,ack,11:66:F0:00:01:3D,,0,0,1
45907,send,11:66:F0:00:01:3D,1787,,1,1
45910,ack,11:66:F0:00:01:3D,,0,0,1
45916,send,11:66:F0:00:01:3D,1788,,1,1
45919,ack,11:66:F0:00:01:3D,,0,0,1
45923,send,11:66:F0:00:01:3D,1789,,1,1
45927,ack,11:66:F0:00:01:3D,,0,0,1
45932,send,11:66:F0:00:01:3D,1790,,1,1
45935,ack,11:66:F0:00:01:3D,,0,0,1
45940,send,11:66:F0:00:01:3D,1791,,1,1
45942,ack,11:66:F0:00:01:3D,,0,0,1
45948,send,11:66:F0:00:01:3D,1792,,1,1
45952,ack,11:66:F0:00:01:3D,,0,0,1
45957,send,11:66:F0:00:01:3D,1793,,1,1
45960,ack,11:66:F0:00:01:3D,,0,0,1
45966,send,11:66:F0:00:01:3D,1794,,1,1
45969,ack,11:66:F0:00:01:3D,,0,0,1
45974,send,11:66:F0:00:01:3D,1795,,1,1
45978,ack,11:66:F0:00:01:3D,,0,0,1
45983,send,11:66:F0:00:01:3D,1796,,1,1
45986,ack,11:66:F0:00:01:3D,,0,0,1
45992,send,11:66:F0:00:01:3D,1797,,1,1
45995,ack,11:66:F0:00:01:3D,,0,0,1
46001,send,11:66:F0:00:01:3D,1798,,1,1
46004,ack,11:66:F0:00:01:3D,,0,0,1
46009,send,11:66:F0:00:01:3D,1799,,1,1
46012,ack,11:66:F0:00:01:3D,,0,0,1
46017,send,11:66:F0:00:01:3D,1800,,1,1
46020,ack,11:66:F0:00:01:3D,,0,0,1
46025,send,11:66:F0:00:01:3D,1801,,1,1
46029,ack,11:66:F0:00:01:3D,,0,0,1
46033,send,11:66:F0:00:01:3D,1802,,1,1
46037,ack,11:66:F0:00:01:3D,,0,0,1
46042,send,11:66:F0:00:01:3D,1803,,1,1
46044,ack,11:66:F0:00:01:3D,,0,0,1
46049,send,11:66:F0:00:01:3D,1804,,1,1
46055,ack,11:66:F0:00:01:3D,,0,0,1
46057,send,11:66:F0:00:01:3D,1805,,1,1
46060,ack,11:66:F0:00:01:3D,,0,0,1
46065,send,11:66:F0:00:01:3D,1806,,1,1
46068,ack,11:66:F0:00:01:3D,,0,0,1
46073,send,11:66:F0:00:01:3D,1807,,1,1
46076,ack,11:66:F0:00:01:3D,,0,0,1
46081,send,11:66:F0:00:01:3D,1808,,1,1
46084,ack,11:66:F0:00:01:3D,,0,0,1
46089,send,11:66:F0:00:01:3D,1809,,1,1
46092,ack,11:66:F0:00:01:3D,,0,0,1
46098,send,11:66:F0:00:01:3D,1810,,1,1
46101,ack,11:66:F0:00:01:3D,,0,0,1
46106,send,11:66:F0:00:01:3D,1811,,1,1
46109,ack,11:66:F0:00:01:3D,,0,0,1
46115,send,11:66:F0:00:01:3D,1812,,1,1
46118,ack,11:66:F0:00:01:3D,,0,0,1
46123,send,11:66:F0:00:01:3D,1813,,1,1
46126,ack,11:66:F0:00:01:3D,,0,0,1
46131,send,11:66:F0:00:01:3D,1814,,1,1
46132,ack,11:66:F0:00:01:3D,,0,0,1
46138,send,11:66:F0:00:01:3D,1815,,1,1
46141,ack,11:66:F0:00:01:3D,,0,0,1
46146,send,11:66:F0:00:01:3D,1816,,1,1
46149,ack,11:66:F0:00:01:3D,,0,0,1
46154,send,11:66:F0:00:01:3D,1817,,1,1
46157,ack,11:66:F0:00:01:3D,,0,0,1
46163,send,11:66:F0:00:01:3D,1818,,1,1
46166,ack,11:66:F0:00:01:3D,,0,0,1
46172,send,11:66:F0:00:01:3D,1819,,1,1
46175,ack,11:66:F0:00:01:3D,,0,0,1
46180,send,11:66:F0:00:01:3D,1820,,1,1
46184,ack,11:66:F0:00:01:3D,,0,0,1
46189,send,11:66:F0:00:01:3D,1821,,1,1
46192,ack,11:66:F0:00:01:3D,,0,0,1
46199,send,11:66:F0:00:01:3D,1822,,1,1
46203,ack,11:66:F0:00:01:3D,,0,0,1
46208,send,11:66:F0:00:01:3D,1823,,1,1
46212,ack,11:66:F0:00:01:3D,,0,0,1
46217,send,11:66:F0:00:01:3D,1824,,1,1
46220,ack,11:66:F0:00:01:3D,,0,0,1
46225,send,11:66:F0:00:01:3D,1825,,1,1
46230,ack,11:66:F0:00:01:3D,,0,0,1
46234,send,11:66:F0:00:01:3D,1826,,1,1
46239,ack,11:66:F0:00:01:3D,,0,0,1
46242,send,11:66:F0:00:01:3D,1827,,1,1
46248,ack,11:66:F0:00:01:3D,,0,0,1
46252,send,11:66:F0:00:01:3D,1828,,1,1
46257,ack,11:66:F0:00:01:3D,,0,0,1
46263,send,11:66:F0:00:01:3D,1829,,1,1
46267,ack,11:66:F0:00:01:3D,,0,0,1
46274,send,11:66:F0:00:01:3D,1830,,1,1
46278,ack,11:66:F0:00:01:3D,,0,0,1
46283,send,11:66:F0:00:01:3D,1831,,1,1
46287,ack,11:66:F0:00:01:3D,,0,0,1
46292,send,11:66:F0:00:01:3D,1832,,1,1
46296,ack,11:66:F0:00:01:3D,,0,0,1
46300,send,11:66:F0:00:01:3D,1833,,1,1
46304,ack,11:66:F0:00:01:3D,,0,0,1
46310,send,11:66:F0:00:01:3D,1834,,1,1
46313,ack,11:66:F0:00:01:3D,,0,0,1
46317,send,11:66:F0:00:01:3D,1835,,1,1
46321,ack,11:66:F0:00:01:3D,,0,0,1
46326,send,11:66:F0:00:01:3D,1836,,1,1
46329,ack,11:66:F0:00:01:3D,,0,0,1
46334,send,11:66:F0:00:01:3D,1837,,1,1
46338,ack,11:66:F0:00:01:3D,,0,0,1
46353,send,11:66:F0:00:01:3D,1838,,1,1
46356,ack,11:66:F0:00:01:3D,,0,0,1
46361,send,11:66:F0:00:01:3D,1839,,1,1
46366,ack,11:66:F0:00:01:3D,,0,0,1
46370,send,11:66:F0:00:01:3D,1840,,1,1
46373,ack,11:66:F0:00:01:3D,,0,0,1
46377,send,11:66:F0:00:01:3D,1841,,1,1
46380,ack,11:66:F0:00:01:3D,,0,0,1
46385,send,11:66:F0:00:01:3D,1842,,1,1
46388,ack,11:66:F0:00:01:3D,,0,0,1
46393,send,11:66:F0:00:01:3D,1843,,1,1
46396,ack,11:66:F0:00:01:3D,,0,0,1
46401,send,11:66:F0:00:01:3D,1844,,1,1
46404,ack,11:66:F0:00:01:3D,,0,0,1
46410,send,11:66:F0:00:01:3D,1845,,1,1
46413,ack,11:66:F0:00:01:3D,,0,0,1
46417,send,11:66:F0:00:01:3D,1846,,1,1
46421,ack,11:66:F0:00:01:3D,,0,0,1
46424,send,11:66:F0:00:01:3D,1847,,1,1
46427,ack,11:66:F0:00:01:3D,,0,0,1
46432,send,11:66:F0:00:01:3D,1848,,1,1
46436,ack,11:66:F0:00:01:3D,,0,0,1
46440,send,11:66:F0:00:01:3D,1849,,1,1
46444,ack,11:66:F0:00:01:3D,,0,0,1
46449,send,11:66:F0:00:01:3D,1850,,1,1
46452,ack,11:66:F0:00:01:3D,,0,0,1
46458,send,11:66:F0:00:01:3D,1851,,1,1
46461,ack,11:66:F0:00:01:3D,,0,0,1
46466,send,11:66:F0:00:01:3D,1852,,1,1
46471,ack,11:66:F0:00:01:3D,,0,0,1
46474,send,11:66:F0:00:01:3D,1853,,1,1
46478,ack,11:66:F0:00:01:3D,,0,0,1
46483,send,11:66:F0:00:01:3D,1854,,1,1
46486,ack,11:66:F0:00:01:3D,,0,0,1
46493,send,11:66:F0:00:01:3D,1855,,1,1
46496,ack,11:66:F0:00:01:3D,,0,0,1
46501,send,11:66:F0:00:01:3D,1856,,1,1
46504,ack,11:66:F0:00:01:3D,,0,0,1
46510,send,11:66:F0:00:01:3D,1857,,1,1
46513,ack,11:66:F0:00:01:3D,,0,0,1
46519,send,11:66:F0:00:01:3D,1858,,1,1
46522,ack,11:66:F0:00:01:3D,,0,0,1
46527,send,11:66:F0:00:01:3D,1859,,1,1
46530,ack,11:66:F0:00:01:3D,,0,0,1
46535,send,11:66:F0:00:01:3D,1860,,1,1
46538,ack,11:66:F0:00:01:3D,,0,0,1
46545,send,11:66:F0:00:01:3D,1861,,1,1
46548,ack,11:66:F0:00:01:3D,,0,0,1
46555,send,11:66:F0:00:01:3D,1862,,1,1
46558,ack,11:66:F0:00:01:3D,,0,0,1
46563,send,11:66:F0:00:01:3D,1863,,1,1
46567,ack,11:66:F0:00:01:3D,,0,0,1
46571,send,11:66:F0:00:01:3D,1864,,1,1
46574,ack,11:66:F0:00:01:3D,,0,0,1
46581,send,11:66:F0:00:01:3D,1865,,1,1
46584,ack,11:66:F0:00:01:3D,,0,0,1
46589,send,11:66:F0:00:01:3D,1866,,1,1
46593,ack,11:66:F0:00:01:3D,,0,0,1
46598,send,11:66:F0:00:01:3D,1867,,1,1
46602,ack,11:66:F0:00:01:3D,,0,0,1
46606,send,11:66:F0:00:01:3D,1868,,1,1
46610,ack,11:66:F0:00:01:3D,,0,0,1
46615,send,11:66:F0:00:01:3D,1869,,1,1
46619,ack,11:66:F0:00:01:3D,,0,0,1
46625,send,11:66:F0:00:01:3D,1870,,1,1
46629,ack,11:66:F0:00:01:3D,,0,0,1
46635,send,11:66:F0:00:01:3D,1871,,1,1
46639,ack,11:66:F0:00:01:3D,,0,0,1
46644,send,11:66:F0:00:01:3D,1872,,1,1
46650,ack,11:66:F0:00:01:3D,,0,0,1
46655,send,11:66:F0:00:01:3D,1873,,1,1
46660,ack,11:66:F0:00:01:3D,,0,0,1
46665,send,11:66:F0:00:01:3D,1874,,1,1
46671,ack,11:66:F0:00:01:3D,,0,0,1
46674,send,11:66:F0:00:01:3D,1875,,1,1
46679,ack,11:66:F0:00:01:3D,,0,0,1
46683,send,11:66:F0:00:01:3D,1876,,1,1
46687,ack,11:66:F0:00:01:3D,,0,0,1
46694,send,11:66:F0:00:01:3D,1877,,1,1
46697,ack,11:66:F0:00:01:3D,,0,0,1
46705,send,11:66:F0:00:01:3D,1878,,1,1
46708,ack,11:66:F0:00:01:3D,,0,0,1
46715,send,11:66:F0:00:01:3D,1879,,1,1
46718,ack,11:66:F0:00:01:3D,,0,0,1
46724,send,11:66:F0:00:01:3D,1880,,1,1
46728,ack,11:66:F0:00:01:3D,,0,0,1
46732,send,11:66:F0:00:01:3D,1881,,1,1
46738,ack,11:66:F0:00:01:3D,,0,0,1
46742,send,11:66:F0:00:01:3D,1882,,1,1
46746,ack,11:66:F0:00:01:3D,,0,0,1
46752,send,11:66:F0:00:01:3D,1883,,1,1
46758,ack,11:66:F0:00:01:3D,,0,0,1
46765,send,11:66:F0:00:01:3D,1884,,1,1
46769,ack,11:66:F0:00:01:3D,,0,0,1
46774,send,11:66:F0:00:01:3D,1885,,1,1
46778,ack,11:66:F0:00:01:3D,,0,0,1
46784,send,11:66:F0:00:01:3D,1886,,1,1
46789,ack,11:66:F0:00:01:3D,,0,0,1
46794,send,11:66:F0:00:01:3D,1887,,1,1
46798,ack,11:66:F0:00:01:3D,,0,0,1
46804,send,11:66:F0:00:01:3D,1888,,1,1
46808,ack,11:66:F0:00:01:3D,,0,0,1
46813,send,11:66:F0:00:01:3D,1889,,1,1
46816,ack,11:66:F0:00:01:3D,,0,0,1
46821,send,11:66:F0:00:01:3D,1890,,1,1
46828,ack,11:66:F0:00:01:3D,,0,0,1
46833,send,11:66:F0:00:01:3D,1891,,1,1
46837,ack,11:66:F0:00:01:3D,,0,0,1
46842,send,11:66:F0:00:01:3D,1892,,1,1
46846,ack,11:66:F0:00:01:3D,,0,0,1
46852,send,11:66:F0:00:01:3D,1893,,1,1
46855,ack,11:66:F0:00:01:3D,,0,0,1
46861,send,11:66:F0:00:01:3D,1894,,1,1
46864,ack,11:66:F0:00:01:3D,,0,0,1
46869,send,11:66:F0:00:01:3D,1895,,1,1
46873,ack,11:66:F0:00:01:3D,,0,0,1
46878,send,11:66:F0:00:01:3D,1896,,1,1
46883,ack,11:66:F0:00:01:3D,,0,0,1
46888,send,11:66:F0:00:01:3D,1897,,1,1
46892,ack,11:66:F0:00:01:3D,,0,0,1
46895,send,11:66:F0:00:01:3D,1898,,1,1
46898,ack,11:66:F0:00:01:3D,,0,0,1
46903,send,11:66:F0:00:01:3D,1899,,1,1
46907,ack,11:66:F0:00:01:3D,,0,0,1
46912,send,11:66:F0:00:01:3D,1900,,1,1
46916,ack,11:66:F0:00:01:3D,,0,0,1
46921,send,11:66:F0:00:01:3D,1901,,1,1
46926,ack,11:66:F0:00:01:3D,,0,0,1
46930,send,11:66:F0:00:01:3D,1902,,1,1
46933,ack,11:66:F0:00:01:3D,,0,0,1
46938,send,11:66:F0:00:01:3D,1903,,1,1
46942,ack,11:66:F0:00:01:3D,,0,0,1
46946,send,11:66:F0:00:01:3D,1904,,1,1
46950,ack,11:66:F0:00:01:3D,,0,0,1
46955,send,11:66:F0:00:01:3D,1905,,1,1
46959,ack,11:66:F0:00:01:3D,,0,0,1
46963,send,11:66:F0:00:01:3D,1906,,1,1
46968,ack,11:66:F0:00:01:3D,,0,0,1
46973,send,11:66:F0:00:01:3D,1907,,1,1
46977,ack,11:66:F0:00:01:3D,,0,0,1
46983,send,11:66:F0:00:01:3D,1908,,1,1
46987,ack,11:66:F0:00:01:3D,,0,0,1
46991,send,11:66:F0:00:01:3D,1909,,1,1
46994,ack,11:66:F0:00:01:3D,,0,0,1
47000,send,11:66:F0:00:01:3D,1910,,1,1
47003,ack,11:66:F0:00:01:3D,,0,0,1
47009,send,11:66:F0:00:01:3D,1911,,1,1
47013,ack,11:66:F0:00:01:3D,,0,0,1
47020,send,11:66:F0:00:01:3D,1912,,1,1
47024,ack,11:66:F0:00:01:3D,,0,0,1
47030,send,11:66:F0:00:01:3D,1913,,1,1
47034,ack,11:66:F0:00:01:3D,,0,0,1
47039,send,11:66:F0:00:01:3D,1914,,1,1
47042,ack,11:66:F0:00:01:3D,,0,0,1
47047,send,11:66:F0:00:01:3D,1915,,1,1
47051,ack,11:66:F0:00:01:3D,,0,0,1
47056,send,11:66:F0:00:01:3D,1916,,1,1
47061,ack,11:66:F0:00:01:3D,,0,0,1
47067,send,11:66:F0:00:01:3D,1917,,1,1
47071,ack,11:66:F0:00:01:3D,,0,0,1
47076,send,11:66:F0:00:01:3D,1918,,1,1
47081,ack,11:66:F0:00:01:3D,,0,0,1
47086,send,11:66:F0:00:01:3D,1919,,1,1
47089,ack,11:66:F0:00:01:3D,,0,0,1
47096,send,11:66:F0:00:01:3D,1920,,1,1
47100,ack,11:66:F0:00:01:3D,,0,0,1
47106,send,11:66:F0:00:01:3D,1921,,1,1
47110,ack,11:66:F0:00:01:3D,,0,0,1
47115,send,11:66:F0:00:01:3D,1922,,1,1
47118,ack,11:66:F0:00:01:3D,,0,0,1
47124,send,11:66:F0:00:01:3D,1923,,1,1
47129,ack,11:66:F0:00:01:3D,,0,0,1
47134,send,11:66:F0:00:01:3D,1924,,1,1
47138,ack,11:66:F0:00:01:3D,,0,0,1
47144,send,11:66:F0:00:01:3D,1925,,1,1
47147,ack,11:66:F0:00:01:3D,,0,0,1
47153,send,11:66:F0:00:01:3D,1926,,1,1
47161,ack,11:66:F0:00:01:3D,,0,0,1
47165,send,11:66:F0:00:01:3D,1927,,1,1
47170,ack,11:66:F0:00:01:3D,,0,0,1
47174,send,11:66:F0:00:01:3D,1928,,1,1
47179,ack,11:66:F0:00:01:3D,,0,0,1
47185,send,11:66:F0:00:01:3D,1929,,1,1
47190,ack,11:66:F0:00:01:3D,,0,0,1
47196,send,11:66:F0:00:01:3D,1930,,1,1
47200,ack,11:66:F0:00:01:3D,,0,0,1
47205,send,11:66:F0:00:01:3D,1931,,1,1
47208,ack,11:66:F0:00:01:3D,,0,0,1
47213,send,11:66:F0:00:01:3D,1932,,1,1
47217,ack,11:66:F0:00:01:3D,,0,0,1
47222,send,11:66:F0:00:01:3D,1933,,1,1
47225,ack,11:66:F0:00:01:3D,,0,0,1
47229,send,11:66:F0:00:01:3D,1934,,1,1
47234,ack,11:66:F0:00:01:3D,,0,0,1
47238,send,11:66:F0:00:01:3D,1935,,1,1
47242,ack,11:66:F0:00:01:3D,,0,0,1
47247,send,11:66:F0:00:01:3D,1936,,1,1
47250,ack,11:66:F0:00:01:3D,,0,0,1
47256,send,11:66:F0:00:01:3D,1937,,1,1
47259,ack,11:66:F0:00:01:3D,,0,0,1
47264,send,11:66:F0:00:01:3D,1938,,1,1
47268,ack,11:66:F0:00:01:3D,,0,0,1
47273,send,11:66:F0:00:01:3D,1939,,1,1
47277,ack,11:66:F0:00:01:3D,,0,0,1
47281,send,11:66:F0:00:01:3D,1940,,1,1
47285,ack,11:66:F0:00:01:3D,,0,0,1
47289,send,11:66:F0:00:01:3D,1941,,1,1
47293,ack,11:66:F0:00:01:3D,,0,0,1
47297,send,11:66:F0:00:01:3D,1942,,1,1
47300,ack,11:66:F0:00:01:3D,,0,0,1
47306,send,11:66:F0:00:01:3D,1943,,1,1
47308,ack,11:66:F0:00:01:3D,,0,0,1
47314,send,11:66:F0:00:01:3D,1944,,1,1
47317,ack,11:66:F0:00:01:3D,,0,0,1
47321,send,11:66:F0:00:01:3D,1945,,1,1
47326,ack,11:66:F0:00:01:3D,,0,0,1
47330,send,11:66:F0:00:01:3D,1946,,1,1
47333,ack,11:66:F0:00:01:3D,,0,0,1
47340,send,11:66:F0:00:01:3D,1947,,1,1
47343,ack,11:66:F0:00:01:3D,,0,0,1
47348,send,11:66:F0:00:01:3D,1948,,1,1
47351,ack,11:66:F0:00:01:3D,,0,0,1
47368,send,11:66:F0:00:01:3D,1949,,1,1
47369,ack,11:66:F0:00:01:3D,,0,0,1
47376,send,11:66:F0:00:01:3D,1950,,1,1
47380,ack,11:66:F0:00:01:3D,,0,0,1
47386,send,11:66:F0:00:01:3D,1951,,1,1
47390,ack,11:66:F0:00:01:3D,,0,0,1
47396,send,11:66:F0:00:01:3D,1952,,1,1
47399,ack,11:66:F0:00:01:3D,,0,0,1
47405,send,11:66:F0:00:01:3D,1953,,1,1
47409,ack,11:66:F0:00:01:3D,,0,0,1
47415,send,11:66:F0:00:01:3D,1954,,1,1
47420,ack,11:66:F0:00:01:3D,,0,0,1
47425,send,11:66:F0:00:01:3D,1955,,1,1
47429,ack,11:66:F0:00:01:3D,,0,0,1
47434,send,11:66:F0:00:01:3D,1956,,1,1
47439,ack,11:66:F0:00:01:3D,,0,0,1
47443,send,11:66:F0:00:01:3D,1957,,1,1
47447,ack,11:66:F0:00:01:3D,,0,0,1
47453,send,11:66:F0:00:01:3D,1958,,1,1
47459,ack,11:66:F0:00:01:3D,,0,0,1
47464,send,11:66:F0:00:01:3D,1959,,1,1
47468,ack,11:66:F0:00:01:3D,,0,0,1
47474,send,11:66:F0:00:01:3D,1960,,1,1
47478,ack,11:66:F0:00:01:3D,,0,0,1
47484,send,11:66:F0:00:01:3D,1961,,1,1
47489,ack,11:66:F0:00:01:3D,,0,0,1
47494,send,11:66:F0:00:01:3D,1962,,1,1
47497,ack,11:66:F0:00:01:3D,,0,0,1
47504,send,11:66:F0:00:01:3D,1963,,1,1
47509,ack,11:66:F0:00:01:3D,,0,0,1
47514,send,11:66:F0:00:01:3D,1964,,1,1
47517,ack,11:66:F0:00:01:3D,,0,0,1
47524,send,11:66:F0:00:01:3D,1965,,1,1
47527,ack,11:66:F0:00:01:3D,,0,0,1
47534,send,11:66:F0:00:01:3D,1966,,1,1
47537,ack,11:66:F0:00:01:3D,,0,0,1
47544,send,11:66:F0:00:01:3D,1967,,1,1
47549,ack,11:66:F0:00:01:3D,,0,0,1
47555,send,11:66:F0:00:01:3D,1968,,1,1
47560,ack,11:66:F0:00:01:3D,,0,0,1
47565,send,11:66:F0:00:01:3D,1969,,1,1
47569,ack,11:66:F0:00:01:3D,,0,0,1
47576,send,11:66:F0:00:01:3D,1970,,1,1
47579,ack,11:66:F0:00:01:3D,,0,0,1
47586,send,11:66:F0:00:01:3D,1971,,1,1
47591,ack,11:66:F0:00:01:3D,,0,0,1
47597,send,11:66:F0:00:01:3D,1972,,1,1
47603,ack,11:66:F0:00:01:3D,,0,0,1
47609,send,11:66:F0:00:01:3D,1973,,1,1
47612,ack,11:66:F0:00:01:3D,,0,0,1
47618,send,11:66:F0:00:01:3D,1974,,1,1
47625,ack,11:66:F0:00:01:3D,,0,0,1
47628,send,11:66:F0:00:01:3D,1975,,1,1
47632,ack,11:66:F0:00:01:3D,,0,0,1
47639,send,11:66:F0:00:01:3D,1976,,1,1
47642,ack,11:66:F0:00:01:3D,,0,0,1
47648,send,11:66:F0:00:01:3D,1977,,1,1
47651,ack,11:66:F0:00:01:3D,,0,0,1
47656,send,11:66:F0:00:01:3D,1978,,1,1
47660,ack,11:66:F0:00:01:3D,,0,0,1
47664,send,11:66:F0:00:01:3D,1979,,1,1
47667,ack,11:66:F0:00:01:3D,,0,0,1
47672,send,11:66:F0:00:01:3D,1980,,1,1
47676,ack,11:66:F0:00:01:3D,,0,0,1
47681,send,11:66:F0:00:01:3D,1981,,1,1
47685,ack,11:66:F0:00:01:3D,,0,0,1
47691,send,11:66:F0:00:01:3D,1982,,1,1
47695,ack,11:66:F0:00:01:3D,,0,0,1
47700,send,11:66:F0:00:01:3D,1983,,1,1
47703,ack,11:66:F0:00:01:3D,,0,0,1
47709,send,11:66:F0:00:01:3D,1984,,1,1
47712,ack,11:66:F0:00:01:3D,,0,0,1
47717,send,11:66:F0:00:01:3D,1985,,1,1
47721,ack,11:66:F0:00:01:3D,,0,0,1
47725,send,11:66:F0:00:01:3D,1986,,1,1
47729,ack,11:66:F0:00:01:3D,,0,0,1
47735,send,11:66:F0:00:01:3D,1987,,1,1
47738,ack,11:66:F0:00:01:3D,,0,0,1
47743,send,11:66:F0:00:01:3D,1988,,1,1
47747,ack,11:66:F0:00:01:3D,,0,0,1
47751,send,11:66:F0:00:01:3D,1989,,1,1
47754,ack,11:66:F0:00:01:3D,,0,0,1
47760,send,11:66:F0:00:01:3D,1990,,1,1
47763,ack,11:66:F0:00:01:3D,,0,0,1
47769,send,11:66:F0:00:01:3D,1991,,1,1
47771,ack,11:66:F0:00:01:3D,,0,0,1
47777,send,11:66:F0:00:01:3D,1992,,1,1
47780,ack,11:66:F0:00:01:3D,,0,0,1
47787,send,11:66:F0:00:01:3D,1993,,1,1
47790,ack,11:66:F0:00:01:3D,,0,0,1
47795,send,11:66:F0:00:01:3D,1994,,1,1
47798,ack,11:66:F0:00:01:3D,,0,0,1
47802,send,11:66:F0:00:01:3D,1995,,1,1
47805,ack,11:66:F0:00:01:3D,,0,0,1
47809,send,11:66:F0:00:01:3D,1996,,1,1
47813,ack,11:66:F0:00:01:3D,,0,0,1
47818,send,11:66:F0:00:01:3D,1997,,1,1
47822,ack,11:66:F0:00:01:3D,,0,0,1
47826,send,11:66:F0:00:01:3D,1998,,1,1
47829,ack,11:66:F0:00:01:3D,,0,0,1
47834,send,11:66:F0:00:01:3D,1999,,1,1
47838,ack,11:66:F0:00:01:3D,,0,0,1
47844,send,11:66:F0:00:01:3D,2000,,1,1
47848,ack,11:66:F0:00:01:3D,,0,0,1
47853,send,11:66:F0:00:01:3D,2001,,1,1
47857,ack,11:66:F0:00:01:3D,,0,0,1
47862,send,11:66:F0:00:01:3D,2002,,1,1
47866,ack,11:66:F0:00:01:3D,,0,0,1
47872,send,11:66:F0:00:01:3D,2003,,1,1
47876,ack,11:66:F0:00:01:3D,,0,0,1
47880,send,11:66:F0:00:01:3D,2004,,1,1
47884,ack,11:66:F0:00:01:3D,,0,0,1
47889,send,11:66:F0:00:01:3D,2005,,1,1
47893,ack,11:66:F0:00:01:3D,,0,0,1
47897,send,11:66:F0:00:01:3D,2006,,1,1
47901,ack,11:66:F0:00:01:3D,,0,0,1
47906,send,11:66:F0:00:01:3D,2007,,1,1
47909,ack,11:66:F0:00:01:3D,,0,0,1
47914,send,11:66:F0:00:01:3D,2008,,1,1
47918,ack,11:66:F0:00:01:3D,,0,0,1
47922,send,11:66:F0:00:01:3D,2009,,1,1
47926,ack,11:66:F0:00:01:3D,,0,0,1
47930,send,11:66:F0:00:01:3D,2010,,1,1
47933,ack,11:66:F0:00:01:3D,,0,0,1
47940,send,11:66:F0:00:01:3D,2011,,1,1
47943,ack,11:66:F0:00:01:3D,,0,0,1
47948,send,11:66:F0:00:01:3D,2012,,1,1
47952,ack,11:66:F0:00:01:3D,,0,0,1
47957,send,11:66:F0:00:01:3D,2013,,1,1
47962,ack,11:66:F0:00:01:3D,,0,0,1
47966,send,11:66:F0:00:01:3D,2014,,1,1
47971,ack,11:66:F0:00:01:3D,,0,0,1
47975,send,11:66:F0:00:01:3D,2015,,1,1
47978,ack,11:66:F0:00:01:3D,,0,0,1
47984,send,11:66:F0:00:01:3D,2016,,1,1
47988,ack,11:66:F0:00:01:3D,,0,0,1
47991,send,11:66:F0:00:01:3D,2017,,1,1
47995,ack,11:66:F0:00:01:3D,,0,0,1
48000,send,11:66:F0:00:01:3D,2018,,1,1
48003,ack,11:66:F0:00:01:3D,,0,0,1
48008,send,11:66:F0:00:01:3D,2019,,1,1
48012,ack,11:66:F0:00:01:3D,,0,0,1
48016,send,11:66:F0:00:01:3D,2020,,1,1
48019,ack,11:66:F0:00:01:3D,,0,0,1
48024,send,11:66:F0:00:01:3D,2021,,1,1
48028,ack,11:66:F0:00:01:3D,,0,0,1
48033,send,11:66:F0:00:01:3D,2022,,1,1
48037,ack,11:66:F0:00:01:3D,,0,0,1
48042,send,11:66:F0:00:01:3D,2023,,1,1
48045,ack,11:66:F0:00:01:3D,,0,0,1
48051,send,11:66:F0:00:01:3D,2024,,1,1
48056,ack,11:66:F0:00:01:3D,,0,0,1
48061,send,11:66:F0:00:01:3D,2025,,1,1
48065,ack,11:66:F0:00:01:3D,,0,0,1
48070,send,11:66:F0:00:01:3D,2026,,1,1
48074,ack,11:66:F0:00:01:3D,,0,0,1
48078,send,11:66:F0:00:01:3D,2027,,1,1
48082,ack,11:66:F0:00:01:3D,,0,0,1
48087,send,11:66:F0:00:01:3D,2028,,1,1
48090,ack,11:66:F0:00:01:3D,,0,0,1
48096,send,11:66:F0:00:01:3D,2029,,1,1
48099,ack,11:66:F0:00:01:3D,,0,0,1
48104,send,11:66:F0:00:01:3D,2030,,1,1
48107,ack,11:66:F0:00:01:3D,,0,0,1
48114,send,11:66:F0:00:01:3D,2031,,1,1
48118,ack,11:66:F0:00:01:3D,,0,0,1
48122,send,11:66:F0:00:01:3D,2032,,1,1
48126,ack,11:66:F0:00:01:3D,,0,0,1
48131,send,11:66:F0:00:01:3D,2033,,1,1
48134,ack,11:66:F0:00:01:3D,,0,0,1
48141,send,11:66:F0:00:01:3D,2034,,1,1
48144,ack,11:66:F0:00:01:3D,,0,0,1
48149,send,11:66:F0:00:01:3D,2035,,1,1
48152,ack,11:66:F0:00:01:3D,,0,0,1
48157,send,11:66:F0:00:01:3D,2036,,1,1
48160,ack,11:66:F0:00:01:3D,,0,0,1
48166,send,11:66:F0:00:01:3D,2037,,1,1
48169,ack,11:66:F0:00:01:3D,,0,0,1
48174,send,11:66:F0:00:01:3D,2038,,1,1
48177,ack,11:66:F0:00:01:3D,,0,0,1
48182,send,11:66:F0:00:01:3D,2039,,1,1
48187,ack,11:66:F0:00:01:3D,,0,0,1
48191,send,11:66:F0:00:01:3D,2040,,1,1
48195,ack,11:66:F0:00:01:3D,,0,0,1
48201,send,11:66:F0:00:01:3D,2041,,1,1
48204,ack,11:66:F0:00:01:3D,,0,0,1
48211,send,11:66:F0:00:01:3D,2042,,1,1
48215,ack,11:66:F0:00:01:3D,,0,0,1
48220,send,11:66:F0:00:01:3D,2043,,1,1
48225,ack,11:66:F0:00:01:3D,,0,0,1
48229,send,11:66:F0:00:01:3D,2044,,1,1
48233,ack,11:66:F0:00:01:3D,,0,0,1
48238,send,11:66:F0:00:01:3D,2045,,1,1
48241,ack,11:66:F0:00:01:3D,,0,0,1
48246,send,11:66:F0:00:01:3D,2046,,1,1
48251,ack,11:66:F0:00:01:3D,,0,0,1
48256,send,11:66:F0:00:01:3D,2047,,1,1
48259,ack,11:66:F0:00:01:3D,,0,0,1
48264,send,11:66:F0:00:01:3D,2048,,1,1
48267,ack,11:66:F0:00:01:3D,,0,0,1
48273,send,11:66:F0:00:01:3D,2049,,1,1
48277,ack,11:66:F0:00:01:3D,,0,0,1
48280,send,11:66:F0:00:01:3D,2050,,1,1
48284,ack,11:66:F0:00:01:3D,,0,0,1
48289,send,11:66:F0:00:01:3D,2051,,1,1
48292,ack,11:66:F0:00:01:3D,,0,0,1
48297,send,11:66:F0:00:01:3D,2052,,1,1
48301,ack,11:66:F0:00:01:3D,,0,0,1
48305,send,11:66:F0:00:01:3D,2053,,1,1
48309,ack,11:66:F0:00:01:3D,,0,0,1
48314,send,11:66:F0:00:01:3D,2054,,1,1
48317,ack,11:66:F0:00:01:3D,,0,0,1
48322,send,11:66:F0:00:01:3D,2055,,1,1
48325,ack,11:66:F0:00:01:3D,,0,0,1
48330,send,11:66:F0:00:01:3D,2056,,1,1
48335,ack,11:66:F0:00:01:3D,,0,0,1
48339,send,11:66:F0:00:01:3D,2057,,1,1
48342,ack,11:66:F0:00:01:3D,,0,0,1
48347,send,11:66:F0:00:01:3D,2058,,1,1
48351,ack,11:66:F0:00:01:3D,,0,0,1
48369,send,11:66:F0:00:01:3D,2059,,1,1
48371,ack,11:66:F0:00:01:3D,,0,0,1
48376,send,11:66:F0:00:01:3D,2060,,1,1
48378,ack,11:66:F0:00:01:3D,,0,0,1
48383,send,11:66:F0:00:01:3D,2061,,1,1
48386,ack,11:66:F0:00:01:3D,,0,0,1
48389,send,11:66:F0:00:01:3D,2062,,1,1
48392,ack,11:66:F0:00:01:3D,,0,0,1
48397,send,11:66:F0:00:01:3D,2063,,1,1
48401,ack,11:66:F0:00:01:3D,,0,0,1
48405,send,11:66:F0:00:01:3D,2064,,1,1
48409,ack,11:66:F0:00:01:3D,,0,0,1
48413,send,11:66:F0:00:01:3D,2065,,1,1
48417,ack,11:66:F0:00:01:3D,,0,0,1
48422,send,11:66:F0:00:01:3D,2066,,1,1
48426,ack,11:66:F0:00:01:3D,,0,0,1
48431,send,11:66:F0:00:01:3D,2067,,1,1
48434,ack,11:66:F0:00:01:3D,,0,0,1
48439,send,11:66:F0:00:01:3D,2068,,1,1
48443,ack,11:66:F0:00:01:3D,,0,0,1
48447,send,11:66:F0:00:01:3D,2069,,1,1
48451,ack,11:66:F0:00:01:3D,,0,0,1
48456,send,11:66:F0:00:01:3D,2070,,1,1
48459,ack,11:66:F0:00:01:3D,,0,0,1
48464,send,11:66:F0:00:01:3D,2071,,1,1
48467,ack,11:66:F0:00:01:3D,,0,0,1
48472,send,11:66:F0:00:01:3D,2072,,1,1
48475,ack,11:66:F0:00:01:3D,,0,0,1
48480,send,11:66:F0:00:01:3D,2073,,1,1
48484,ack,11:66:F0:00:01:3D,,0,0,1
48488,send,11:66:F0:00:01:3D,2074,,1,1
48493,ack,11:66:F0:00:01:3D,,0,0,1
48497,send,11:66:F0:00:01:3D,2075,,1,1
48499,ack,11:66:F0:00:01:3D,,0,0,1
48506,send,11:66:F0:00:01:3D,2076,,1,1
48509,ack,11:66:F0:00:01:3D,,0,0,1
48513,send,11:66:F0:00:01:3D,2077,,1,1
48516,ack,11:66:F0:00:01:3D,,0,0,1
48523,send,11:66:F0:00:01:3D,2078,,1,1
48527,ack,11:66:F0:00:01:3D,,0,0,1
48533,send,11:66:F0:00:01:3D,2079,,1,1
48536,ack,11:66:F0:00:01:3D,,0,0,1
48543,send,11:66:F0:00:01:3D,2080,,1,1
48546,ack,11:66:F0:00:01:3D,,0,0,1
48552,send,11:66:F0:00:01:3D,2081,,1,1
48555,ack,11:66:F0:00:01:3D,,0,0,1
48561,send,11:66:F0:00:01:3D,2082,,1,1
48564,ack,11:66:F0:00:01:3D,,0,0,1
48568,send,11:66:F0:00:01:3D,2083,,1,1
48572,ack,11:66:F0:00:01:3D,,0,0,1
48579,send,11:66:F0:00:01:3D,2084,,1,1
48583,ack,11:66:F0:00:01:3D,,0,0,1
48589,send,11:66:F0:00:01:3D,2085,,1,1
48593,ack,11:66:F0:00:01:3D,,0,0,1
48598,send,11:66:F0:00:01:3D,2086,,1,1
48603,ack,11:66:F0:00:01:3D,,0,0,1
48607,send,11:66:F0:00:01:3D,2087,,1,1
48615,send,11:66:F0:00:01:3D,2088,,2,1
48622,send,11:66:F0:00:01:3D,2089,,3,1
48630,send,11:66:F0:00:01:3D,2090,,4,1
48637,send,11:66:F0:00:01:3D,2091,,5,1
48642,send,11:66:F0:00:01:3D,2092,,6,1
48649,send,11:66:F0:00:01:3D,2093,,7,1
48657,send,11:66:F0:00:01:3D,2094,,8,1
48663,send,11:66:F0:00:01:3D,2095,,9,1
48670,send,11:66:F0:00:01:3D,2096,,10,1
48677,send,11:66:F0:00:01:3D,2097,,11,1
48683,send,11:66:F0:00:01:3D,2098,,12,1
48690,send,11:66:F0:00:01:3D,2099,,13,1
48699,send,11:66:F0:00:01:3D,2100,,14,1
48707,send,11:66:F0:00:01:3D,2101,,15,1
48713,send,11:66:F0:00:01:3D,2102,,16,1
48719,send,11:66:F0:00:01:3D,2103,,17,1
48725,send,11:66:F0:00:01:3D,2104,,18,1
48731,send,11:66:F0:00:01:3D,2105,,19,1
48736,send,11:66:F0:00:01:3D,2106,,20,1
48742,send,11:66:F0:00:01:3D,2107,,21,1
48748,send,11:66:F0:00:01:3D,2108,,22,1
48754,send,11:66:F0:00:01:3D,2109,,23,1
48760,send,11:66:F0:00:01:3D,2110,,24,1
48766,send,11:66:F0:00:01:3D,2111,,25,1
48771,send,11:66:F0:00:01:3D,2112,,26,1
48778,send,11:66:F0:00:01:3D,2113,,27,1
48786,send,11:66:F0:00:01:3D,2114,,28,1
48792,send,11:66:F0:00:01:3D,2115,,29,1
48798,send,11:66:F0:00:01:3D,2116,,30,1
48804,send,11:66:F0:00:01:3D,2117,,31,1
48811,send,11:66:F0:00:01:3D,2118,,32,1
48819,send,11:66:F0:00:01:3D,2119,,33,1
48826,send,11:66:F0:00:01:3D,2120,,34,1
48832,send,11:66:F0:00:01:3D,2121,,35,1
48839,send,11:66:F0:00:01:3D,2122,,36,1
48845,send,11:66:F0:00:01:3D,2123,,37,1
48851,send,11:66:F0:00:01:3D,2124,,38,1
48857,send,11:66:F0:00:01:3D,2125,,39,1
48863,send,11:66:F0:00:01:3D,2126,,40,1
48869,send,11:66:F0:00:01:3D,2127,,41,1
48875,send,11:66:F0:00:01:3D,2128,,42,1
48881,send,11:66:F0:00:01:3D,2129,,43,1
48886,send,11:66:F0:00:01:3D,2130,,44,1
48893,send,11:66:F0:00:01:3D,2131,,45,1
48900,send,11:66:F0:00:01:3D,2132,,46,1
48905,send,11:66:F0:00:01:3D,2133,,47,1
48913,send,11:66:F0:00:01:3D,2134,,48,1
48919,send,11:66:F0:00:01:3D,2135,,49,1
48925,send,11:66:F0:00:01:3D,2136,,50,1
48931,send,11:66:F0:00:01:3D,2137,,51,1
48938,send,11:66:F0:00:01:3D,2138,,52,1
48944,send,11:66:F0:00:01:3D,2139,,53,1
48950,send,11:66:F0:00:01:3D,2140,,54,1
48956,send,11:66:F0:00:01:3D,2141,,55,1
48962,send,11:66:F0:00:01:3D,2142,,56,1
48968,send,11:66:F0:00:01:3D,2143,,57,1
48974,send,11:66:F0:00:01:3D,2144,,58,1
48979,send,11:66:F0:00:01:3D,2145,,59,1
48985,send,11:66:F0:00:01:3D,2146,,60,1
48992,send,11:66:F0:00:01:3D,2147,,61,1
48998,send,11:66:F0:00:01:3D,2148,,62,1
49004,send,11:66:F0:00:01:3D,2149,,63,1
49010,send,11:66:F0:00:01:3D,2150,,64,1
49015,send,11:66:F0:00:01:3D,2151,,65,1
49021,send,11:66:F0:00:01:3D,2152,,66,1
49028,send,11:66:F0:00:01:3D,2153,,67,1
49034,send,11:66:F0:00:01:3D,2154,,68,1
49040,send,11:66:F0:00:01:3D,2155,,69,1
49047,send,11:66:F0:00:01:3D,2156,,70,1
49053,send,11:66:F0:00:01:3D,2157,,71,1
49059,send,11:66:F0:00:01:3D,2158,,72,1
49065,send,11:66:F0:00:01:3D,2159,,73,1
49071,send,11:66:F0:00:01:3D,2160,,74,1
49077,send,11:66:F0:00:01:3D,2161,,75,1
49083,send,11:66:F0:00:01:3D,2162,,76,1
49090,send,11:66:F0:00:01:3D,2163,,77,1
49096,send,11:66:F0:00:01:3D,2164,,78,1
49102,send,11:66:F0:00:01:3D,2165,,79,1
49108,send,11:66:F0:00:01:3D,2166,,80,1
49114,send,11:66:F0:00:01:3D,2167,,81,1
49120,send,11:66:F0:00:01:3D,2168,,82,1
49126,send,11:66:F0:00:01:3D,2169,,83,1
49132,send,11:66:F0:00:01:3D,2170,,84,1
49138,send,11:66:F0:00:01:3D,2171,,85,1
49145,send,11:66:F0:00:01:3D,2172,,86,1
49152,send,11:66:F0:00:01:3D,2173,,87,1
49159,send,11:66:F0:00:01:3D,2174,,88,1
49165,send,11:66:F0:00:01:3D,2175,,89,1
49171,send,11:66:F0:00:01:3D,2176,,90,1
49178,send,11:66:F0:00:01:3D,2177,,91,1
49184,send,11:66:F0:00:01:3D,2178,,92,1
49190,send,11:66:F0:00:01:3D,2179,,93,1
49196,send,11:66:F0:00:01:3D,2180,,94,1
49202,send,11:66:F0:00:01:3D,2181,,95,1
49208,send,11:66:F0:00:01:3D,2182,,96,1
49214,send,11:66:F0:00:01:3D,2183,,97,1
49220,send,11:66:F0:00:01:3D,2184,,98,1
49226,send,11:66:F0:00:01:3D,2185,,99,1
49232,send,11:66:F0:00:01:3D,2186,,100,1
49238,send,11:66:F0:00:01:3D,2187,,101,1
49244,send,11:66:F0:00:01:3D,2188,,102,1
49250,send,11:66:F0:00:01:3D,2189,,103,1
49257,send,11:66:F0:00:01:3D,2190,,104,1
49264,send,11:66:F0:00:01:3D,2191,,105,1
49270,send,11:66:F0:00:01:3D,2192,,106,1
49275,send,11:66:F0:00:01:3D,2193,,107,1
49281,send,11:66:F0:00:01:3D,2194,,108,1
49287,send,11:66:F0:00:01:3D,2195,,109,1
49292,send,11:66:F0:00:01:3D,2196,,110,1
49298,send,11:66:F0:00:01:3D,2197,,111,1
49304,send,11:66:F0:00:01:3D,2198,,112,1
49310,send,11:66:F0:00:01:3D,2199,,113,1
49316,send,11:66:F0:00:01:3D,2200,,114,1
49323,send,11:66:F0:00:01:3D,2201,,115,1
49329,send,11:66:F0:00:01:3D,2202,,116,1
49335,send,11:66:F0:00:01:3D,2203,,117,1
49342,send,11:66:F0:00:01:3D,2204,,118,1
49349,send,11:66:F0:00:01:3D,2205,,119,1
49370,send,11:66:F0:00:01:3D,2206,,120,1
49377,send,11:66:F0:00:01:3D,2207,,121,1
49382,send,11:66:F0:00:01:3D,2208,,122,1
49388,send,11:66:F0:00:01:3D,2209,,123,1
49394,send,11:66:F0:00:01:3D,2210,,124,1
49400,send,11:66:F0:00:01:3D,2211,,125,1
49407,send,11:66:F0:00:01:3D,2212,,126,1
49413,send,11:66:F0:00:01:3D,2213,,127,1
49419,send,11:66:F0:00:01:3D,2214,,128,1
49425,send,11:66:F0:00:01:3D,2215,,129,1
49431,send,11:66:F0:00:01:3D,2216,,130,1
49437,send,11:66:F0:00:01:3D,2217,,131,1
49442,send,11:66:F0:00:01:3D,2218,,132,1
49448,send,11:66:F0:00:01:3D,2219,,133,1
49454,send,11:66:F0:00:01:3D,2220,,134,1
49459,send,11:66:F0:00:01:3D,2221,,135,1
49465,send,11:66:F0:00:01:3D,2222,,136,1
49471,send,11:66:F0:00:01:3D,2223,,137,1
49477,send,11:66:F0:00:01:3D,2224,,138,1
49483,send,11:66:F0:00:01:3D,2225,,139,1
49489,send,11:66:F0:00:01:3D,2226,,140,1
49495,send,11:66:F0:00:01:3D,2227,,141,1
49501,send,11:66:F0:00:01:3D,2228,,142,1
49507,send,11:66:F0:00:01:3D,2229,,143,1
49513,send,11:66:F0:00:01:3D,2230,,144,1
49518,send,11:66:F0:00:01:3D,2231,,145,1
49523,send,11:66:F0:00:01:3D,2232,,146,1
49529,send,11:66:F0:00:01:3D,2233,,147,1
49535,send,11:66:F0:00:01:3D,2234,,148,1
49541,send,11:66:F0:00:01:3D,2235,,149,1
49546,send,11:66:F0:00:01:3D,2236,,150,1
49552,send,11:66:F0:00:01:3D,2237,,151,1
49557,send,11:66:F0:00:01:3D,2238,,152,1
49563,send,11:66:F0:00:01:3D,2239,,153,1
49569,send,11:66:F0:00:01:3D,2240,,154,1
49575,send,11:66:F0:00:01:3D,2241,,155,1
49581,send,11:66:F0:00:01:3D,2242,,156,1
49587,send,11:66:F0:00:01:3D,2243,,157,1
49593,send,11:66:F0:00:01:3D,2244,,158,1
49599,send,11:66:F0:00:01:3D,2245,,159,1
49604,send,11:66:F0:00:01:3D,2246,,160,1
49610,send,11:66:F0:00:01:3D,2247,,161,1
49616,send,11:66:F0:00:01:3D,2248,,162,1
49624,send,11:66:F0:00:01:3D,2249,,163,1
49630,send,11:66:F0:00:01:3D,2250,,164,1
49636,send,11:66:F0:00:01:3D,2251,,165,1
49642,send,11:66:F0:00:01:3D,2252,,166,1
49648,send,11:66:F0:00:01:3D,2253,,167,1
49654,send,11:66:F0:00:01:3D,2254,,168,1
49659,send,11:66:F0:00:01:3D,2255,,169,1
49666,send,11:66:F0:00:01:3D,2256,,170,1
49672,send,11:66:F0:00:01:3D,2257,,171,1
49678,send,11:66:F0:00:01:3D,2258,,172,1
49683,send,11:66:F0:00:01:3D,2259,,173,1
49690,send,11:66:F0:00:01:3D,2260,,174,1
49695,send,11:66:F0:00:01:3D,2261,,175,1
49701,send,11:66:F0:00:01:3D,2262,,176,1
49708,send,11:66:F0:00:01:3D,2263,,177,1
49714,send,11:66:F0:00:01:3D,2264,,178,1
49720,send,11:66:F0:00:01:3D,2265,,179,1
49727,send,11:66:F0:00:01:3D,2266,,180,1
49733,send,11:66:F0:00:01:3D,2267,,181,1
49739,send,11:66:F0:00:01:3D,2268,,182,1
49745,send,11:66:F0:00:01:3D,2269,,183,1
49751,send,11:66:F0:00:01:3D,2270,,184,1
49758,send,11:66:F0:00:01:3D,2271,,185,1
49763,send,11:66:F0:00:01:3D,2272,,186,1
49770,send,11:66:F0:00:01:3D,2273,,187,1
49777,send,11:66:F0:00:01:3D,2274,,188,1
49783,send,11:66:F0:00:01:3D,2275,,189,1
49790,send,11:66:F0:00:01:3D,2276,,190,1
49796,send,11:66:F0:00:01:3D,2277,,191,1
49802,send,11:66:F0:00:01:3D,2278,,192,1
49808,send,11:66:F0:00:01:3D,2279,,193,1
49813,send,11:66:F0:00:01:3D,2280,,194,1
49819,send,11:66:F0:00:01:3D,2281,,195,1
49825,send,11:66:F0:00:01:3D,2282,,196,1
49832,send,11:66:F0:00:01:3D,2283,,197,1
49839,send,11:66:F0:00:01:3D,2284,,198,1
49845,send,11:66:F0:00:01:3D,2285,,199,1
49852,send,11:66:F0:00:01:3D,2286,,200,1
49858,send,11:66:F0:00:01:3D,2287,,201,1
49864,send,11:66:F0:00:01:3D,2288,,202,1
49870,send,11:66:F0:00:01:3D,2289,,203,1
49877,send,11:66:F0:00:01:3D,2290,,204,1
49884,send,11:66:F0:00:01:3D,2291,,205,1
49891,send,11:66:F0:00:01:3D,2292,,206,1
49898,send,11:66:F0:00:01:3D,2293,,207,1
49904,send,11:66:F0:00:01:3D,2294,,208,1
49909,send,11:66:F0:00:01:3D,2295,,209,1
49915,send,11:66:F0:00:01:3D,2296,,210,1
49921,send,11:66:F0:00:01:3D,2297,,211,1
49927,send,11:66:F0:00:01:3D,2298,,212,1
49933,send,11:66:F0:00:01:3D,2299,,213,1
49939,send,11:66:F0:00:01:3D,2300,,214,1
49945,send,11:66:F0:00:01:3D,2301,,215,1
49950,send,11:66:F0:00:01:3D,2302,,216,1
49956,send,11:66:F0:00:01:3D,2303,,217,1
49962,send,11:66:F0:00:01:3D,2304,,218,1
49967,send,11:66:F0:00:01:3D,2305,,219,1
49972,send,11:66:F0:00:01:3D,2306,,220,1
49979,send,11:66:F0:00:01:3D,2307,,221,1
49985,send,11:66:F0:00:01:3D,2308,,222,1
49992,send,11:66:F0:00:01:3D,2309,,223,1
49998,send,11:66:F0:00:01:3D,2310,,224,1
50004,send,11:66:F0:00:01:3D,2311,,225,1
50010,send,11:66:F0:00:01:3D,2312,,226,1
50015,send,11:66:F0:00:01:3D,2313,,227,1
50021,send,11:66:F0:00:01:3D,2314,,228,1
50027,send,11:66:F0:00:01:3D,2315,,229,1
50032,send,11:66:F0:00:01:3D,2316,,230,1
50037,send,11:66:F0:00:01:3D,2317,,231,1
50042,send,11:66:F0:00:01:3D,2318,,232,1
50048,send,11:66:F0:00:01:3D,2319,,233,1
50054,send,11:66:F0:00:01:3D,2320,,234,1
50061,send,11:66:F0:00:01:3D,2321,,235,1
50067,send,11:66:F0:00:01:3D,2322,,236,1
50073,send,11:66:F0:00:01:3D,2323,,237,1
50079,send,11:66:F0:00:01:3D,2324,,238,1
50085,send,11:66:F0:00:01:3D,2325,,239,1
50090,send,11:66:F0:00:01:3D,2326,,240,1
50096,send,11:66:F0:00:01:3D,2327,,241,1
50102,send,11:66:F0:00:01:3D,2328,,242,1
50107,send,11:66:F0:00:01:3D,2329,,243,1
50113,send,11:66:F0:00:01:3D,2330,,244,1
50119,send,11:66:F0:00:01:3D,2331,,245,1
50125,send,11:66:F0:00:01:3D,2332,,246,1
50130,send,11:66:F0:00:01:3D,2333,,247,1
50136,send,11:66:F0:00:01:3D,2334,,248,1
50142,send,11:66:F0:00:01:3D,2335,,249,1
50148,send,11:66:F0:00:01:3D,2336,,250,1
50154,send,11:66:F0:00:01:3D,2337,,251,1
50160,send,11:66:F0:00:01:3D,2338,,252,1
50166,send,11:66:F0:00:01:3D,2339,,253,1
50172,send,11:66:F0:00:01:3D,2340,,254,1
50177,send,11:66:F0:00:01:3D,2341,,255,1
50183,send,11:66:F0:00:01:3D,2342,,256,1
50190,send,11:66:F0:00:01:3D,2343,,257,1
50196,send,11:66:F0:00:01:3D,2344,,258,1
50202,ack,11:66:F0:00:01:3D,,0,257,1
50202,send,11:66:F0:00:01:3D,2345,,258,1
50207,ack,11:66:F0:00:01:3D,,0,257,1
50211,ack,11:66:F0:00:01:3D,,0,256,1
50212,send,11:66:F0:00:01:3D,2346,,257,1
50216,ack,11:66:F0:00:01:3D,,0,256,1
50221,send,11:66:F0:00:01:3D,2347,,257,1
50224,ack,11:66:F0:00:01:3D,,0,256,1
50230,send,11:66:F0:00:01:3D,2348,,257,1
50234,ack,11:66:F0:00:01:3D,,0,256,1
50239,send,11:66:F0:00:01:3D,2349,,257,1
50242,ack,11:66:F0:00:01:3D,,0,256,1
50249,send,11:66:F0:00:01:3D,2350,,257,1
50253,ack,11:66:F0:00:01:3D,,0,256,1
50257,send,11:66:F0:00:01:3D,2351,,257,1
50260,ack,11:66:F0:00:01:3D,,0,256,1
50265,send,11:66:F0:00:01:3D,2352,,257,1
50269,ack,11:66:F0:00:01:3D,,0,256,1
50274,send,11:66:F0:00:01:3D,2353,,257,1
50277,ack,11:66:F0:00:01:3D,,0,256,1
50282,send,11:66:F0:00:01:3D,2354,,257,1
50285,ack,11:66:F0:00:01:3D,,0,256,1
50291,send,11:66:F0:00:01:3D,2355,,257,1
50294,ack,11:66:F0:00:01:3D,,0,256,1
50299,send,11:66:F0:00:01:3D,2356,,257,1
50304,ack,11:66:F0:00:01:3D,,0,256,1
50308,send,11:66:F0:00:01:3D,2357,,257,1
50311,ack,11:66:F0:00:01:3D,,0,256,1
50316,send,11:66:F0:00:01:3D,2358,,257,1
50319,ack,11:66:F0:00:01:3D,,0,256,1
50325,send,11:66:F0:00:01:3D,2359,,257,1
50329,ack,11:66:F0:00:01:3D,,0,256,1
50334,send,11:66:F0:00:01:3D,2360,,257,1
50337,ack,11:66:F0:00:01:3D,,0,256,1
50343,send,11:66:F0:00:01:3D,2361,,257,1
50346,ack,11:66:F0:00:01:3D,,0,256,1
50351,send,11:66:F0:00:01:3D,2362,,257,1
50356,ack,11:66:F0:00:01:3D,,0,256,1
50371,send,11:66:F0:00:01:3D,2363,,257,1
50373,ack,11:66:F0:00:01:3D,,0,256,1
50378,send,11:66:F0:00:01:3D,2364,,257,1
50380,ack,11:66:F0:00:01:3D,,0,256,1
50386,send,11:66:F0:00:01:3D,2365,,257,1
50389,ack,11:66:F0:00:01:3D,,0,256,1
50395,send,11:66:F0:00:01:3D,2366,,257,1
50399,ack,11:66:F0:00:01:3D,,0,256,1
50403,send,11:66:F0:00:01:3D,2367,,257,1
50407,ack,11:66:F0:00:01:3D,,0,256,1
50412,send,11:66:F0:00:01:3D,2368,,257,1
50415,ack,11:66:F0:00:01:3D,,0,256,1
50420,send,11:66:F0:00:01:3D,2369,,257,1
50423,ack,11:66:F0:00:01:3D,,0,256,1
50430,send,11:66:F0:00:01:3D,2370,,257,1
50433,ack,11:66:F0:00:01:3D,,0,256,1
50440,send,11:66:F0:00:01:3D,2371,,257,1
50444,ack,11:66:F0:00:01:3D,,0,256,1
50449,send,11:66:F0:00:01:3D,2372,,257,1
50452,ack,11:66:F0:00:01:3D,,0,256,1
50458,send,11:66:F0:00:01:3D,2373,,257,1
50462,ack,11:66:F0:00:01:3D,,0,256,1
50465,send,11:66:F0:00:01:3D,2374,,257,1
50469,ack,11:66:F0:00:01:3D,,0,256,1
50474,send,11:66:F0:00:01:3D,2375,,257,1
50479,ack,11:66:F0:00:01:3D,,0,256,1
50484,send,11:66:F0:00:01:3D,2376,,257,1
50487,ack,11:66:F0:00:01:3D,,0,256,1
50492,send,11:66:F0:00:01:3D,2377,,257,1
50495,ack,11:66:F0:00:01:3D,,0,256,1
50501,send,11:66:F0:00:01:3D,2378,,257,1
50504,ack,11:66:F0:00:01:3D,,0,256,1
50509,send,11:66:F0:00:01:3D,2379,,257,1
50513,ack,11:66:F0:00:01:3D,,0,256,1
50518,send,11:66:F0:00:01:3D,2380,,257,1
50521,ack,11:66:F0:00:01:3D,,0,256,1
50526,send,11:66:F0:00:01:3D,2381,,257,1
50530,ack,11:66:F0:00:01:3D,,0,256,1
50535,send,11:66:F0:00:01:3D,2382,,257,1
50539,ack,11:66:F0:00:01:3D,,0,256,1
50543,send,11:66:F0:00:01:3D,2383,,257,1
50547,ack,11:66:F0:00:01:3D,,0,256,1
50552,send,11:66:F0:00:01:3D,2384,,257,1
50556,ack,11:66:F0:00:01:3D,,0,256,1
50562,send,11:66:F0:00:01:3D,2385,,257,1
50566,ack,11:66:F0:00:01:3D,,0,256,1
50571,send,11:66:F0:00:01:3D,2386,,257,1
50577,ack,11:66:F0:00:01:3D,,0,256,1
50580,send,11:66:F0:00:01:3D,2387,,257,1
50584,ack,11:66:F0:00:01:3D,,0,256,1
50591,send,11:66:F0:00:01:3D,2388,,257,1
50595,ack,11:66:F0:00:01:3D,,0,256,1
50599,send,11:66:F0:00:01:3D,2389,,257,1
50603,ack,11:66:F0:00:01:3D,,0,256,1
50609,send,11:66:F0:00:01:3D,2390,,257,1
50613,ack,11:66:F0:00:01:3D,,0,256,1
50619,send,11:66:F0:00:01:3D,2391,,257,1
50623,ack,11:66:F0:00:01:3D,,0,256,1
50628,send,11:66:F0:00:01:3D,2392,,257,1
50632,ack,11:66:F0:00:01:3D,,0,256,1
50636,send,11:66:F0:00:01:3D,2393,,257,1
50639,ack,11:66:F0:00:01:3D,,0,256,1
50645,send,11:66:F0:00:01:3D,2394,,257,1
50649,ack,11:66:F0:00:01:3D,,0,256,1
50653,send,11:66:F0:00:01:3D,2395,,257,1
50658,ack,11:66:F0:00:01:3D,,0,256,1
50662,send,11:66:F0:00:01:3D,2396,,257,1
50666,ack,11:66:F0:00:01:3D,,0,256,1
50671,send,11:66:F0:00:01:3D,2397,,257,1
50675,ack,11:66:F0:00:01:3D,,0,256,1
50678,send,11:66:F0:00:01:3D,2398,,257,1
50681,ack,11:66:F0:00:01:3D,,0,256,1
50686,send,11:66:F0:00:01:3D,2399,,257,1
50689,ack,11:66:F0:00:01:3D,,0,256,1
50695,send,11:66:F0:00:01:3D,2400,,257,1
50698,ack,11:66:F0:00:01:3D,,0,256,1
50703,send,11:66:F0:00:01:3D,2401,,257,1
50708,ack,11:66:F0:00:01:3D,,0,256,1
50714,send,11:66:F0:00:01:3D,2402,,257,1
50718,ack,11:66:F0:00:01:3D,,0,256,1
50724,send,11:66:F0:00:01:3D,2403,,257,1
50728,ack,11:66:F0:00:01:3D,,0,256,1
50734,send,11:66:F0:00:01:3D,2404,,257,1
50738,ack,11:66:F0:00:01:3D,,0,256,1
50743,send,11:66:F0:00:01:3D,2405,,257,1
50747,ack,11:66:F0:00:01:3D,,0,256,1
50753,send,11:66:F0:00:01:3D,2406,,257,1
50758,ack,11:66:F0:00:01:3D,,0,256,1
50764,send,11:66:F0:00:01:3D,2407,,257,1
50769,ack,11:66:F0:00:01:3D,,0,256,1
50774,send,11:66:F0:00:01:3D,2408,,257,1
50781,ack,11:66:F0:00:01:3D,,0,256,1
50785,send,11:66:F0:00:01:3D,2409,,257,1
50790,ack,11:66:F0:00:01:3D,,0,256,1
50794,send,11:66:F0:00:01:3D,2410,,257,1
50797,ack,11:66:F0:00:01:3D,,0,256,1
50803,send,11:66:F0:00:01:3D,2411,,257,1
50806,ack,11:66:F0:00:01:3D,,0,256,1
50812,send,11:66:F0:00:01:3D,2412,,257,1
50815,ack,11:66:F0:00:01:3D,,0,256,1
50820,send,11:66:F0:00:01:3D,2413,,257,1
50823,ack,11:66:F0:00:01:3D,,0,256,1
50828,send,11:66:F0:00:01:3D,2414,,257,1
50832,ack,11:66:F0:00:01:3D,,0,256,1
50837,send,11:66:F0:00:01:3D,2415,,257,1
50840,ack,11:66:F0:00:01:3D,,0,256,1
50847,send,11:66:F0:00:01:3D,2416,,257,1
50851,ack,11:66:F0:00:01:3D,,0,256,1
50857,send,11:66:F0:00:01:3D,2417,,257,1
50861,ack,11:66:F0:00:01:3D,,0,256,1
50867,send,11:66:F0:00:01:3D,2418,,257,1
50871,ack,11:66:F0:00:01:3D,,0,256,1
50876,send,11:66:F0:00:01:3D,2419,,257,1
50879,ack,11:66:F0:00:01:3D,,0,256,1
50883,send,11:66:F0:00:01:3D,2420,,257,1
50887,ack,11:66:F0:00:01:3D,,0,256,1
50892,send,11:66:F0:00:01:3D,2421,,257,1
50896,ack,11:66:F0:00:01:3D,,0,256,1
50901,send,11:66:F0:00:01:3D,2422,,257,1
50904,ack,11:66:F0:00:01:3D,,0,256,1
50910,send,11:66:F0:00:01:3D,2423,,257,1
50912,ack,11:66:F0:00:01:3D,,0,256,1
50918,send,11:66:F0:00:01:3D,2424,,257,1
50921,ack,11:66:F0:00:01:3D,,0,256,1
50926,send,11:66:F0:00:01:3D,2425,,257,1
50929,ack,11:66:F0:00:01:3D,,0,256,1
50934,send,11:66:F0:00:01:3D,2426,,257,1
50938,ack,11:66:F0:00:01:3D,,0,256,1
50942,send,11:66:F0:00:01:3D,2427,,257,1
50946,ack,11:66:F0:00:01:3D,,0,256,1
50951,send,11:66:F0:00:01:3D,2428,,257,1
50954,ack,11:66:F0:00:01:3D,,0,256,1
50960,send,11:66:F0:00:01:3D,2429,,257,1
50965,ack,11:66:F0:00:01:3D,,0,256,1
50970,send,11:66:F0:00:01:3D,2430,,257,1
50975,ack,11:66:F0:00:01:3D,,0,256,1
50979,send,11:66:F0:00:01:3D,2431,,257,1
50984,ack,11:66:F0:00:01:3D,,0,256,1
50989,send,11:66:F0:00:01:3D,2432,,257,1
50993,ack,11:66:F0:00:01:3D,,0,256,1
50997,send,11:66:F0:00:01:3D,2433,,257,1
51000,ack,11:66:F0:00:01:3D,,0,256,1
51005,send,11:66:F0:00:01:3D,2434,,257,1
51008,ack,11:66:F0:00:01:3D,,0,256,1
51014,send,11:66:F0:00:01:3D,2435,,257,1
51018,ack,11:66:F0:00:01:3D,,0,256,1
51025,send,11:66:F0:00:01:3D,2436,,257,1
51029,ack,11:66:F0:00:01:3D,,0,256,1
51034,send,11:66:F0:00:01:3D,2437,,257,1
51037,ack,11:66:F0:00:01:3D,,0,256,1
51043,send,11:66:F0:00:01:3D,2438,,257,1
51046,ack,11:66:F0:00:01:3D,,0,256,1
51053,send,11:66:F0:00:01:3D,2439,,257,1
51057,ack,11:66:F0:00:01:3D,,0,256,1
51062,send,11:66:F0:00:01:3D,2440,,257,1
51065,ack,11:66:F0:00:01:3D,,0,256,1
51070,send,11:66:F0:00:01:3D,2441,,257,1
51076,ack,11:66:F0:00:01:3D,,0,256,1
51081,send,11:66:F0:00:01:3D,2442,,257,1
51085,ack,11:66:F0:00:01:3D,,0,256,1
51091,send,11:66:F0:00:01:3D,2443,,257,1
51094,ack,11:66:F0:00:01:3D,,0,256,1
51099,send,11:66:F0:00:01:3D,2444,,257,1
51103,ack,11:66:F0:00:01:3D,,0,256,1
51109,send,11:66:F0:00:01:3D,2445,,257,1
51112,ack,11:66:F0:00:01:3D,,0,256,1
51119,send,11:66:F0:00:01:3D,2446,,257,1
51123,ack,11:66:F0:00:01:3D,,0,256,1
51128,send,11:66:F0:00:01:3D,2447,,257,1
51132,ack,11:66:F0:00:01:3D,,0,256,1
51137,send,11:66:F0:00:01:3D,2448,,257,1
51140,ack,11:66:F0:00:01:3D,,0,256,1
51145,send,11:66:F0:00:01:3D,2449,,257,1
51149,ack,11:66:F0:00:01:3D,,0,256,1
51154,send,11:66:F0:00:01:3D,2450,,257,1
51158,ack,11:66:F0:00:01:3D,,0,256,1
51163,send,11:66:F0:00:01:3D,2451,,257,1
51166,ack,11:66:F0:00:01:3D,,0,256,1
51171,send,11:66:F0:00:01:3D,2452,,257,1
51174,ack,11:66:F0:00:01:3D,,0,256,1
51180,send,11:66:F0:00:01:3D,2453,,257,1
51183,ack,11:66:F0:00:01:3D,,0,256,1
51188,send,11:66:F0:00:01:3D,2454,,257,1
51193,ack,11:66:F0:00:01:3D,,0,256,1
51197,send,11:66:F0:00:01:3D,2455,,257,1
51201,ack,11:66:F0:00:01:3D,,0,256,1
51206,send,11:66:F0:00:01:3D,2456,,257,1
51209,ack,11:66:F0:00:01:3D,,0,256,1
51214,send,11:66:F0:00:01:3D,2457,,257,1
51218,ack,11:66:F0:00:01:3D,,0,256,1
51224,send,11:66:F0:00:01:3D,2458,,257,1
51227,ack,11:66:F0:00:01:3D,,0,256,1
51232,send,11:66:F0:00:01:3D,2459,,257,1
51236,ack,11:66:F0:00:01:3D,,0,256,1
51241,send,11:66:F0:00:01:3D,2460,,257,1
51244,ack,11:66:F0:00:01:3D,,0,256,1
51250,send,11:66:F0:00:01:3D,2461,,257,1
51253,ack,11:66:F0:00:01:3D,,0,256,1
51258,send,11:66:F0:00:01:3D,2462,,257,1
51261,ack,11:66:F0:00:01:3D,,0,256,1
51267,send,11:66:F0:00:01:3D,2463,,257,1
51270,ack,11:66:F0:00:01:3D,,0,256,1
51275,send,11:66:F0:00:01:3D,2464,,257,1
51278,ack,11:66:F0:00:01:3D,,0,256,1
51283,send,11:66:F0:00:01:3D,2465,,257,1
51287,ack,11:66:F0:00:01:3D,,0,256,1
51291,send,11:66:F0:00:01:3D,2466,,257,1
51295,ack,11:66:F0:00:01:3D,,0,256,1
51300,send,11:66:F0:00:01:3D,2467,,257,1
51304,ack,11:66:F0:00:01:3D,,0,256,1
51309,send,11:66:F0:00:01:3D,2468,,257,1
51312,ack,11:66:F0:00:01:3D,,0,256,1
51317,send,11:66:F0:00:01:3D,2469,,257,1
51320,ack,11:66:F0:00:01:3D,,0,256,1
51326,send,11:66:F0:00:01:3D,2470,,257,1
51330,ack,11:66:F0:00:01:3D,,0,256,1
51335,send,11:66:F0:00:01:3D,2471,,257,1
51338,ack,11:66:F0:00:01:3D,,0,256,1
51342,send,11:66:F0:00:01:3D,2472,,257,1
51345,ack,11:66:F0:00:01:3D,,0,256,1
51350,send,11:66:F0:00:01:3D,2473,,257,1
51353,ack,11:66:F0:00:01:3D,,0,256,1
51371,send,11:66:F0:00:01:3D,2474,,257,1
51375,ack,11:66:F0:00:01:3D,,0,256,1
51379,send,11:66:F0:00:01:3D,2475,,257,1
51382,ack,11:66:F0:00:01:3D,,0,256,1
51389,send,11:66:F0:00:01:3D,2476,,257,1
51392,ack,11:66:F0:00:01:3D,,0,256,1
51398,send,11:66:F0:00:01:3D,2477,,257,1
51401,ack,11:66:F0:00:01:3D,,0,256,1
51407,send,11:66:F0:00:01:3D,2478,,257,1
51410,ack,11:66:F0:00:01:3D,,0,256,1
51417,send,11:66:F0:00:01:3D,2479,,257,1
51420,ack,11:66:F0:00:01:3D,,0,256,1
51426,send,11:66:F0:00:01:3D,2480,,257,1
51429,ack,11:66:F0:00:01:3D,,0,256,1
51435,send,11:66:F0:00:01:3D,2481,,257,1
51438,ack,11:66:F0:00:01:3D,,0,256,1
51444,send,11:66:F0:00:01:3D,2482,,257,1
51448,ack,11:66:F0:00:01:3D,,0,256,1
51453,send,11:66:F0:00:01:3D,2483,,257,1
51457,ack,11:66:F0:00:01:3D,,0,256,1
51462,send,11:66:F0:00:01:3D,2484,,257,1
51465,ack,11:66:F0:00:01:3D,,0,256,1
51472,send,11:66:F0:00:01:3D,2485,,257,1
51476,ack,11:66:F0:00:01:3D,,0,256,1
51482,send,11:66:F0:00:01:3D,2486,,257,1
51486,ack,11:66:F0:00:01:3D,,0,256,1
51491,send,11:66:F0:00:01:3D,2487,,257,1
51495,ack,11:66:F0:00:01:3D,,0,256,1
51500,send,11:66:F0:00:01:3D,2488,,257,1
51503,ack,11:66:F0:00:01:3D,,0,256,1
51508,send,11:66:F0:00:01:3D,2489,,257,1
51511,ack,11:66:F0:00:01:3D,,0,256,1
51517,send,11:66:F0:00:01:3D,2490,,257,1
51520,ack,11:66:F0:00:01:3D,,0,256,1
51525,send,11:66:F0:00:01:3D,2491,,257,1
51529,ack,11:66:F0:00:01:3D,,0,256,1
51534,send,11:66:F0:00:01:3D,2492,,257,1
51538,ack,11:66:F0:00:01:3D,,0,256,1
51543,send,11:66:F0:00:01:3D,2493,,257,1
51547,ack,11:66:F0:00:01:3D,,0,256,1
51553,send,11:66:F0:00:01:3D,2494,,257,1
51556,ack,11:66:F0:00:01:3D,,0,256,1
51562,send,11:66:F0:00:01:3D,2495,,257,1
51567,ack,11:66:F0:00:01:3D,,0,256,1
51571,send,11:66:F0:00:01:3D,2496,,257,1
51576,ack,11:66:F0:00:01:3D,,0,256,1
51580,send,11:66:F0:00:01:3D,2497,,257,1
51583,ack,11:66:F0:00:01:3D,,0,256,1
51589,send,11:66:F0:00:01:3D,2498,,257,1
51593,ack,11:66:F0:00:01:3D,,0,256,1
51598,send,11:66:F0:00:01:3D,2499,,257,1
51602,ack,11:66:F0:00:01:3D,,0,256,1
51606,send,11:66:F0:00:01:3D,2500,,257,1
51609,ack,11:66:F0:00:01:3D,,0,256,1
51615,send,11:66:F0:00:01:3D,2501,,257,1
51618,ack,11:66:F0:00:01:3D,,0,256,1
51623,send,11:66:F0:00:01:3D,2502,,257,1
51627,ack,11:66:F0:00:01:3D,,0,256,1
51632,send,11:66:F0:00:01:3D,2503,,257,1
51635,ack,11:66:F0:00:01:3D,,0,256,1
51640,send,11:66:F0:00:01:3D,2504,,257,1
51644,ack,11:66:F0:00:01:3D,,0,256,1
51648,send,11:66:F0:00:01:3D,2505,,257,1
51651,ack,11:66:F0:00:01:3D,,0,256,1
51657,send,11:66:F0:00:01:3D,2506,,257,1
51661,ack,11:66:F0:00:01:3D,,0,256,1
51666,send,11:66:F0:00:01:3D,2507,,257,1
51669,ack,11:66:F0:00:01:3D,,0,256,1
51674,send,11:66:F0:00:01:3D,2508,,257,1
51677,ack,11:66:F0:00:01:3D,,0,256,1
51682,send,11:66:F0:00:01:3D,2509,,257,1
51688,ack,11:66:F0:00:01:3D,,0,256,1
51691,send,11:66:F0:00:01:3D,2510,,257,1
51696,ack,11:66:F0:00:01:3D,,0,256,1
51701,send,11:66:F0:00:01:3D,2511,,257,1
51704,ack,11:66:F0:00:01:3D,,0,256,1
51709,send,11:66:F0:00:01:3D,2512,,257,1
51714,ack,11:66:F0:00:01:3D,,0,256,1
51718,send,11:66:F0:00:01:3D,2513,,257,1
51721,ack,11:66:F0:00:01:3D,,0,256,1
51726,send,11:66:F0:00:01:3D,2514,,257,1
51729,ack,11:66:F0:00:01:3D,,0,256,1
51735,send,11:66:F0:00:01:3D,2515,,257,1
51738,ack,11:66:F0:00:01:3D,,0,256,1
51743,send,11:66:F0:00:01:3D,2516,,257,1
51746,ack,11:66:F0:00:01:3D,,0,256,1
51752,send,11:66:F0:00:01:3D,2517,,257,1
51755,ack,11:66:F0:00:01:3D,,0,256,1
51759,send,11:66:F0:00:01:3D,2518,,257,1
51763,ack,11:66:F0:00:01:3D,,0,256,1
51768,send,11:66:F0:00:01:3D,2519,,257,1
51772,ack,11:66:F0:00:01:3D,,0,256,1
51776,send,11:66:F0:00:01:3D,2520,,257,1
51780,ack,11:66:F0:00:01:3D,,0,256,1
51786,send,11:66:F0:00:01:3D,2521,,257,1
51790,ack,11:66:F0:00:01:3D,,0,256,1
51794,send,11:66:F0:00:01:3D,2522,,257,1
51798,ack,11:66:F0:00:01:3D,,0,256,1
51803,send,11:66:F0:00:01:3D,2523,,257,1
51806,ack,11:66:F0:00:01:3D,,0,256,1
51812,send,11:66:F0:00:01:3D,2524,,257,1
51816,ack,11:66:F0:00:01:3D,,0,256,1
51820,send,11:66:F0:00:01:3D,2525,,257,1
51825,ack,11:66:F0:00:01:3D,,0,256,1
51830,send,11:66:F0:00:01:3D,2526,,257,1
51834,ack,11:66:F0:00:01:3D,,0,256,1
51839,send,11:66:F0:00:01:3D,2527,,257,1
51842,ack,11:66:F0:00:01:3D,,0,256,1
51849,send,11:66:F0:00:01:3D,2528,,257,1
51852,ack,11:66:F0:00:01:3D,,0,256,1
51858,send,11:66:F0:00:01:3D,2529,,257,1
51862,ack,11:66:F0:00:01:3D,,0,256,1
51866,send,11:66:F0:00:01:3D,2530,,257,1
51869,ack,11:66:F0:00:01:3D,,0,256,1
51875,send,11:66:F0:00:01:3D,2531,,257,1
51878,ack,11:66:F0:00:01:3D,,0,256,1
51883,send,11:66:F0:00:01:3D,2532,,257,1
51886,ack,11:66:F0:00:01:3D,,0,256,1
51892,send,11:66:F0:00:01:3D,2533,,257,1
51896,ack,11:66:F0:00:01:3D,,0,256,1
51900,send,11:66:F0:00:01:3D,2534,,257,1
51903,ack,11:66:F0:00:01:3D,,0,256,1
51908,send,11:66:F0:00:01:3D,2535,,257,1
51913,ack,11:66:F0:00:01:3D,,0,256,1
51917,send,11:66:F0:00:01:3D,2536,,257,1
51921,ack,11:66:F0:00:01:3D,,0,256,1
51926,send,11:66:F0:00:01:3D,2537,,257,1
51930,ack,11:66:F0:00:01:3D,,0,256,1
51935,send,11:66:F0:00:01:3D,2538,,257,1
51938,ack,11:66:F0:00:01:3D,,0,256,1
51943,send,11:66:F0:00:01:3D,2539,,257,1
51947,ack,11:66:F0:00:01:3D,,0,256,1
51951,send,11:66:F0:00:01:3D,2540,,257,1
51954,ack,11:66:F0:00:01:3D,,0,256,1
51960,send,11:66:F0:00:01:3D,2541,,257,1
51963,ack,11:66:F0:00:01:3D,,0,256,1
51967,send,11:66:F0:00:01:3D,2542,,257,1
51970,ack,11:66:F0:00:01:3D,,0,256,1
51975,send,11:66:F0:00:01:3D,2543,,257,1
51981,ack,11:66:F0:00:01:3D,,0,256,1
51984,send,11:66:F0:00:01:3D,2544,,257,1
51988,ack,11:66:F0:00:01:3D,,0,256,1
51993,send,11:66:F0:00:01:3D,2545,,257,1
51997,ack,11:66:F0:00:01:3D,,0,256,1
52003,send,11:66:F0:00:01:3D,2546,,257,1
52006,ack,11:66:F0:00:01:3D,,0,256,1
52010,send,11:66:F0:00:01:3D,2547,,257,1
52013,ack,11:66:F0:00:01:3D,,0,256,1
52019,send,11:66:F0:00:01:3D,2548,,257,1
52022,ack,11:66:F0:00:01:3D,,0,256,1
52027,send,11:66:F0:00:01:3D,2549,,257,1
52031,ack,11:66:F0:00:01:3D,,0,256,1
52037,send,11:66:F0:00:01:3D,2550,,257,1
52040,ack,11:66:F0:00:01:3D,,0,256,1
52046,send,11:66:F0:00:01:3D,2551,,257,1
52049,ack,11:66:F0:00:01:3D,,0,256,1
52054,send,11:66:F0:00:01:3D,2552,,257,1
52057,ack,11:66:F0:00:01:3D,,0,256,1
52063,send,11:66:F0:00:01:3D,2553,,257,1
52066,ack,11:66:F0:00:01:3D,,0,256,1
52071,send,11:66:F0:00:01:3D,2554,,257,1
52074,ack,11:66:F0:00:01:3D,,0,256,1
52080,send,11:66:F0:00:01:3D,2555,,257,1
52084,ack,11:66:F0:00:01:3D,,0,256,1
52088,send,11:66:F0:00:01:3D,2556,,257,1
52092,ack,11:66:F0:00:01:3D,,0,256,1
52096,send,11:66:F0:00:01:3D,2557,,257,1
52100,ack,11:66:F0:00:01:3D,,0,256,1
