elapsed_ms,event,address,seq,status,outstanding,devices
7,send,11:66:F0:00:01:3D,1,,1,1
15,ack,11:66:F0:00:01:3D,,0,0,1
416,send,11:66:F0:00:01:3D,2,,1,1
427,ack,11:66:F0:00:01:3D,,0,0,1
1427,send,11:66:F0:00:01:3D,3,,1,1
1438,ack,11:66:F0:00:01:3D,,0,0,1
1558,send,11:66:F0:00:01:3D,4,,1,1
1564,ack,11:66:F0:00:01:3D,,0,0,1
1845,send,11:66:F0:00:01:3D,5,,1,1
1852,ack,11:66:F0:00:01:3D,,0,0,1
1973,send,11:66:F0:00:01:3D,6,,1,1
1980,ack,11:66:F0:00:01:3D,,0,0,1
2260,send,11:66:F0:00:01:3D,7,,1,1
2268,ack,11:66:F0:00:01:3D,,0,0,1
2387,send,11:66:F0:00:01:3D,8,,1,1
2397,ack,11:66:F0:00:01:3D,,0,0,1
4176,send,11:66:F0:00:01:3D,9,,1,1
4185,ack,11:66:F0:00:01:3D,,0,0,1
4885,send,11:66:F0:00:01:3D,10,,1,1
4894,ack,11:66:F0:00:01:3D,,0,0,1
4992,send,11:66:F0:00:01:3D,11,,1,1
4999,ack,11:66:F0:00:01:3D,,0,0,1
5100,send,11:66:F0:00:01:3D,12,,1,1
5108,ack,11:66:F0:00:01:3D,,0,0,1
5218,send,11:66:F0:00:01:3D,13,,1,1
5224,ack,11:66:F0:00:01:3D,,0,0,1
5323,send,11:66:F0:00:01:3D,14,,1,1
5330,ack,11:66:F0:00:01:3D,,0,0,1
5433,send,11:66:F0:00:01:3D,15,,1,1
5441,ack,11:66:F0:00:01:3D,,0,0,1
5541,send,11:66:F0:00:01:3D,16,,1,1
5548,ack,11:66:F0:00:01:3D,,0,0,1
5648,send,11:66:F0:00:01:3D,17,,1,1
5653,ack,11:66:F0:00:01:3D,,0,0,1
5753,send,11:66:F0:00:01:3D,18,,1,1
5760,ack,11:66:F0:00:01:3D,,0,0,1
5859,send,11:66:F0:00:01:3D,19,,1,1
5865,ack,11:66:F0:00:01:3D,,0,0,1
5966,send,11:66:F0:00:01:3D,20,,1,1
5971,ack,11:66:F0:00:01:3D,,0,0,1
6071,send,11:66:F0:00:01:3D,21,,1,1
6078,ack,11:66:F0:00:01:3D,,0,0,1
6177,send,11:66:F0:00:01:3D,22,,1,1
6183,ack,11:66:F0:00:01:3D,,0,0,1
6282,send,11:66:F0:00:01:3D,23,,1,1
6290,ack,11:66:F0:00:01:3D,,0,0,1
6389,send,11:66:F0:00:01:3D,24,,1,1
6394,ack,11:66:F0:00:01:3D,,0,0,1
6494,send,11:66:F0:00:01:3D,25,,1,1
6501,ack,11:66:F0:00:01:3D,,0,0,1
6602,send,11:66:F0:00:01:3D,26,,1,1
6610,ack,11:66:F0:00:01:3D,,0,0,1
6709,send,11:66:F0:00:01:3D,27,,1,1
6717,ack,11:66:F0:00:01:3D,,0,0,1
6816,send,11:66:F0:00:01:3D,28,,1,1
6822,ack,11:66:F0:00:01:3D,,0,0,1
6923,send,11:66:F0:00:01:3D,29,,1,1
6932,ack,11:66:F0:00:01:3D,,0,0,1
7031,send,11:66:F0:00:01:3D,30,,1,1
7037,ack,11:66:F0:00:01:3D,,0,0,1
7138,send,11:66:F0:00:01:3D,31,,1,1
7146,ack,11:66:F0:00:01:3D,,0,0,1
7251,send,11:66:F0:00:01:3D,32,,1,1
7255,ack,11:66:F0:00:01:3D,,0,0,1
7356,send,11:66:F0:00:01:3D,33,,1,1
7363,ack,11:66:F0:00:01:3D,,0,0,1
7462,send,11:66:F0:00:01:3D,34,,1,1
7468,ack,11:66:F0:00:01:3D,,0,0,1
7570,send,11:66:F0:00:01:3D,35,,1,1
7575,ack,11:66:F0:00:01:3D,,0,0,1
7678,send,11:66:F0:00:01:3D,36,,1,1
7688,ack,11:66:F0:00:01:3D,,0,0,1
7790,send,11:66:F0:00:01:3D,37,,1,1
7799,ack,11:66:F0:00:01:3D,,0,0,1
7899,send,11:66:F0:00:01:3D,38,,1,1
7908,ack,11:66:F0:00:01:3D,,0,0,1
8007,send,11:66:F0:00:01:3D,39,,1,1
8012,ack,11:66:F0:00:01:3D,,0,0,1
8112,send,11:66:F0:00:01:3D,40,,1,1
8120,ack,11:66:F0:00:01:3D,,0,0,1
8221,send,11:66:F0:00:01:3D,41,,1,1
8228,ack,11:66:F0:00:01:3D,,0,0,1
8330,send,11:66:F0:00:01:3D,42,,1,1
8338,ack,11:66:F0:00:01:3D,,0,0,1
8439,send,11:66:F0:00:01:3D,43,,1,1
8449,ack,11:66:F0:00:01:3D,,0,0,1
8548,send,11:66:F0:00:01:3D,44,,1,1
8554,ack,11:66:F0:00:01:3D,,0,0,1
8655,send,11:66:F0:00:01:3D,45,,1,1
8662,ack,11:66:F0:00:01:3D,,0,0,1
8761,send,11:66:F0:00:01:3D,46,,1,1
8771,ack,11:66:F0:00:01:3D,,0,0,1
8872,send,11:66:F0:00:01:3D,47,,1,1
8880,ack,11:66:F0:00:01:3D,,0,0,1
8979,send,11:66:F0:00:01:3D,48,,1,1
8987,ack,11:66:F0:00:01:3D,,0,0,1
9086,send,11:66:F0:00:01:3D,49,,1,1
9091,ack,11:66:F0:00:01:3D,,0,0,1
9192,send,11:66:F0:00:01:3D,50,,1,1
9197,ack,11:66:F0:00:01:3D,,0,0,1
9899,send,11:66:F0:00:01:3D,51,,1,1
9909,ack,11:66:F0:00:01:3D,,0,0,1
9959,send,11:66:F0:00:01:3D,52,,1,1
9966,ack,11:66:F0:00:01:3D,,0,0,1
10016,send,11:66:F0:00:01:3D,53,,1,1
10023,ack,11:66:F0:00:01:3D,,0,0,1
10075,send,11:66:F0:00:01:3D,54,,1,1
10081,ack,11:66:F0:00:01:3D,,0,0,1
10135,send,11:66:F0:00:01:3D,55,,1,1
10143,ack,11:66:F0:00:01:3D,,0,0,1
10192,send,11:66:F0:00:01:3D,56,,1,1
10199,ack,11:66:F0:00:01:3D,,0,0,1
10249,send,11:66:F0:00:01:3D,57,,1,1
10256,ack,11:66:F0:00:01:3D,,0,0,1
10304,send,11:66:F0:00:01:3D,58,,1,1
10311,ack,11:66:F0:00:01:3D,,0,0,1
10361,send,11:66:F0:00:01:3D,59,,1,1
10366,ack,11:66:F0:00:01:3D,,0,0,1
10415,send,11:66:F0:00:01:3D,60,,1,1
10419,ack,11:66:F0:00:01:3D,,0,0,1
10469,send,11:66:F0:00:01:3D,61,,1,1
10473,ack,11:66:F0:00:01:3D,,0,0,1
10523,send,11:66:F0:00:01:3D,62,,1,1
10532,ack,11:66:F0:00:01:3D,,0,0,1
10584,send,11:66:F0:00:01:3D,63,,1,1
10591,ack,11:66:F0:00:01:3D,,0,0,1
10639,send,11:66:F0:00:01:3D,64,,1,1
10646,ack,11:66:F0:00:01:3D,,0,0,1
10697,send,11:66:F0:00:01:3D,65,,1,1
10706,ack,11:66:F0:00:01:3D,,0,0,1
10755,send,11:66:F0:00:01:3D,66,,1,1
10763,ack,11:66:F0:00:01:3D,,0,0,1
10813,send,11:66:F0:00:01:3D,67,,1,1
10820,ack,11:66:F0:00:01:3D,,0,0,1
10869,send,11:66:F0:00:01:3D,68,,1,1
10885,ack,11:66:F0:00:01:3D,,0,0,1
10931,send,11:66:F0:00:01:3D,69,,1,1
10939,ack,11:66:F0:00:01:3D,,0,0,1
10989,send,11:66:F0:00:01:3D,70,,1,1
10996,ack,11:66:F0:00:01:3D,,0,0,1
11048,send,11:66:F0:00:01:3D,71,,1,1
11057,ack,11:66:F0:00:01:3D,,0,0,1
11107,send,11:66:F0:00:01:3D,72,,1,1
11115,ack,11:66:F0:00:01:3D,,0,0,1
11169,send,11:66:F0:00:01:3D,73,,1,1
11179,ack,11:66:F0:00:01:3D,,0,0,1
11233,send,11:66:F0:00:01:3D,74,,1,1
11240,ack,11:66:F0:00:01:3D,,0,0,1
11291,send,11:66:F0:00:01:3D,75,,1,1
11296,ack,11:66:F0:00:01:3D,,0,0,1
11346,send,11:66:F0:00:01:3D,76,,1,1
11353,ack,11:66:F0:00:01:3D,,0,0,1
11403,send,11:66:F0:00:01:3D,77,,1,1
11410,ack,11:66:F0:00:01:3D,,0,0,1
11461,send,11:66:F0:00:01:3D,78,,1,1
11467,ack,11:66:F0:00:01:3D,,0,0,1
11517,send,11:66:F0:00:01:3D,79,,1,1
11525,ack,11:66:F0:00:01:3D,,0,0,1
11574,send,11:66:F0:00:01:3D,80,,1,1
11583,ack,11:66:F0:00:01:3D,,0,0,1
11632,send,11:66:F0:00:01:3D,81,,1,1
11639,ack,11:66:F0:00:01:3D,,0,0,1
11689,send,11:66:F0:00:01:3D,82,,1,1
11696,ack,11:66:F0:00:01:3D,,0,0,1
11747,send,11:66:F0:00:01:3D,83,,1,1
11757,ack,11:66:F0:00:01:3D,,0,0,1
11803,send,11:66:F0:00:01:3D,84,,1,1
11811,ack,11:66:F0:00:01:3D,,0,0,1
11860,send,11:66:F0:00:01:3D,85,,1,1
11868,ack,11:66:F0:00:01:3D,,0,0,1
11918,send,11:66:F0:00:01:3D,86,,1,1
11925,ack,11:66:F0:00:01:3D,,0,0,1
11974,send,11:66:F0:00:01:3D,87,,1,1
11980,ack,11:66:F0:00:01:3D,,0,0,1
12030,send,11:66:F0:00:01:3D,88,,1,1
12038,ack,11:66:F0:00:01:3D,,0,0,1
12087,send,11:66:F0:00:01:3D,89,,1,1
12091,ack,11:66:F0:00:01:3D,,0,0,1
12141,send,11:66:F0:00:01:3D,90,,1,1
12147,ack,11:66:F0:00:01:3D,,0,0,1
12198,send,11:66:F0:00:01:3D,91,,1,1
12205,ack,11:66:F0:00:01:3D,,0,0,1
12255,send,11:66:F0:00:01:3D,92,,1,1
12260,ack,11:66:F0:00:01:3D,,0,0,1
12311,send,11:66:F0:00:01:3D,93,,1,1
12317,ack,11:66:F0:00:01:3D,,0,0,1
12366,send,11:66:F0:00:01:3D,94,,1,1
12373,ack,11:66:F0:00:01:3D,,0,0,1
12423,send,11:66:F0:00:01:3D,95,,1,1
12430,ack,11:66:F0:00:01:3D,,0,0,1
12478,send,11:66:F0:00:01:3D,96,,1,1
12486,ack,11:66:F0:00:01:3D,,0,0,1
12534,send,11:66:F0:00:01:3D,97,,1,1
12540,ack,11:66:F0:00:01:3D,,0,0,1
12590,send,11:66:F0:00:01:3D,98,,1,1
12597,ack,11:66:F0:00:01:3D,,0,0,1
12648,send,11:66:F0:00:01:3D,99,,1,1
12655,ack,11:66:F0:00:01:3D,,0,0,1
12705,send,11:66:F0:00:01:3D,100,,1,1
12712,ack,11:66:F0:00:01:3D,,0,0,1
12761,send,11:66:F0:00:01:3D,101,,1,1
12769,ack,11:66:F0:00:01:3D,,0,0,1
12818,send,11:66:F0:00:01:3D,102,,1,1
12827,ack,11:66:F0:00:01:3D,,0,0,1
12876,send,11:66:F0:00:01:3D,103,,1,1
12884,ack,11:66:F0:00:01:3D,,0,0,1
12933,send,11:66:F0:00:01:3D,104,,1,1
12940,ack,11:66:F0:00:01:3D,,0,0,1
12990,send,11:66:F0:00:01:3D,105,,1,1
12996,ack,11:66:F0:00:01:3D,,0,0,1
13048,send,11:66:F0:00:01:3D,106,,1,1
13055,ack,11:66:F0:00:01:3D,,0,0,1
13105,send,11:66:F0:00:01:3D,107,,1,1
13112,ack,11:66:F0:00:01:3D,,0,0,1
13163,send,11:66:F0:00:01:3D,108,,1,1
13168,ack,11:66:F0:00:01:3D,,0,0,1
13218,send,11:66:F0:00:01:3D,109,,1,1
13223,ack,11:66:F0:00:01:3D,,0,0,1
13273,send,11:66:F0:00:01:3D,110,,1,1
13277,ack,11:66:F0:00:01:3D,,0,0,1
13327,send,11:66:F0:00:01:3D,111,,1,1
13333,ack,11:66:F0:00:01:3D,,0,0,1
13384,send,11:66:F0:00:01:3D,112,,1,1
13388,ack,11:66:F0:00:01:3D,,0,0,1
13438,send,11:66:F0:00:01:3D,113,,1,1
13443,ack,11:66:F0:00:01:3D,,0,0,1
13495,send,11:66:F0:00:01:3D,114,,1,1
13505,ack,11:66:F0:00:01:3D,,0,0,1
13554,send,11:66:F0:00:01:3D,115,,1,1
13560,ack,11:66:F0:00:01:3D,,0,0,1
13609,send,11:66:F0:00:01:3D,116,,1,1
13616,ack,11:66:F0:00:01:3D,,0,0,1
13666,send,11:66:F0:00:01:3D,117,,1,1
13671,ack,11:66:F0:00:01:3D,,0,0,1
13723,send,11:66:F0:00:01:3D,118,,1,1
13730,ack,11:66:F0:00:01:3D,,0,0,1
13779,send,11:66:F0:00:01:3D,119,,1,1
13787,ack,11:66:F0:00:01:3D,,0,0,1
13836,send,11:66:F0:00:01:3D,120,,1,1
13843,ack,11:66:F0:00:01:3D,,0,0,1
13894,send,11:66:F0:00:01:3D,121,,1,1
13901,ack,11:66:F0:00:01:3D,,0,0,1
13951,send,11:66:F0:00:01:3D,122,,1,1
13961,ack,11:66:F0:00:01:3D,,0,0,1
14011,send,11:66:F0:00:01:3D,123,,1,1
14020,ack,11:66:F0:00:01:3D,,0,0,1
14069,send,11:66:F0:00:01:3D,124,,1,1
14077,ack,11:66:F0:00:01:3D,,0,0,1
14129,send,11:66:F0:00:01:3D,125,,1,1
14137,ack,11:66:F0:00:01:3D,,0,0,1
14187,send,11:66:F0:00:01:3D,126,,1,1
14192,ack,11:66:F0:00:01:3D,,0,0,1
14251,send,11:66:F0:00:01:3D,127,,1,1
14255,ack,11:66:F0:00:01:3D,,0,0,1
14305,send,11:66:F0:00:01:3D,128,,1,1
14312,ack,11:66:F0:00:01:3D,,0,0,1
14361,send,11:66:F0:00:01:3D,129,,1,1
14369,ack,11:66:F0:00:01:3D,,0,0,1
14419,send,11:66:F0:00:01:3D,130,,1,1
14427,ack,11:66:F0:00:01:3D,,0,0,1
14478,send,11:66:F0:00:01:3D,131,,1,1
14484,ack,11:66:F0:00:01:3D,,0,0,1
15186,send,11:66:F0:00:01:3D,132,,1,1
15196,ack,11:66:F0:00:01:3D,,0,0,1
15227,send,11:66:F0:00:01:3D,133,,1,1
15233,ack,11:66:F0:00:01:3D,,0,0,1
15266,send,11:66:F0:00:01:3D,134,,1,1
15274,ack,11:66:F0:00:01:3D,,0,0,1
15308,send,11:66:F0:00:01:3D,135,,1,1
15317,ack,11:66:F0:00:01:3D,,0,0,1
15349,send,11:66:F0:00:01:3D,136,,1,1
15355,ack,11:66:F0:00:01:3D,,0,0,1
15388,send,11:66:F0:00:01:3D,137,,1,1
15393,ack,11:66:F0:00:01:3D,,0,0,1
15426,send,11:66:F0:00:01:3D,138,,1,1
15432,ack,11:66:F0:00:01:3D,,0,0,1
15467,send,11:66:F0:00:01:3D,139,,1,1
15475,ack,11:66:F0:00:01:3D,,0,0,1
15506,send,11:66:F0:00:01:3D,140,,1,1
15516,ack,11:66:F0:00:01:3D,,0,0,1
15548,send,11:66:F0:00:01:3D,141,,1,1
15554,ack,11:66:F0:00:01:3D,,0,0,1
15587,send,11:66:F0:00:01:3D,142,,1,1
15594,ack,11:66:F0:00:01:3D,,0,0,1
15627,send,11:66:F0:00:01:3D,143,,1,1
15632,ack,11:66:F0:00:01:3D,,0,0,1
15667,send,11:66:F0:00:01:3D,144,,1,1
15674,ack,11:66:F0:00:01:3D,,0,0,1
15710,send,11:66:F0:00:01:3D,145,,1,1
15719,ack,11:66:F0:00:01:3D,,0,0,1
15751,send,11:66:F0:00:01:3D,146,,1,1
15759,ack,11:66:F0:00:01:3D,,0,0,1
15789,send,11:66:F0:00:01:3D,147,,1,1
15794,ack,11:66:F0:00:01:3D,,0,0,1
15829,send,11:66:F0:00:01:3D,148,,1,1
15834,ack,11:66:F0:00:01:3D,,0,0,1
15867,send,11:66:F0:00:01:3D,149,,1,1
15875,ack,11:66:F0:00:01:3D,,0,0,1
15905,send,11:66:F0:00:01:3D,150,,1,1
15910,ack,11:66:F0:00:01:3D,,0,0,1
15944,send,11:66:F0:00:01:3D,151,,1,1
15950,ack,11:66:F0:00:01:3D,,0,0,1
15982,send,11:66:F0:00:01:3D,152,,1,1
15987,ack,11:66:F0:00:01:3D,,0,0,1
16019,send,11:66:F0:00:01:3D,153,,1,1
16024,ack,11:66:F0:00:01:3D,,0,0,1
16057,send,11:66:F0:00:01:3D,154,,1,1
16062,ack,11:66:F0:00:01:3D,,0,0,1
16094,send,11:66:F0:00:01:3D,155,,1,1
16099,ack,11:66:F0:00:01:3D,,0,0,1
16133,send,11:66:F0:00:01:3D,156,,1,1
16137,ack,11:66:F0:00:01:3D,,0,0,1
16170,send,11:66:F0:00:01:3D,157,,1,1
16174,ack,11:66:F0:00:01:3D,,0,0,1
16209,send,11:66:F0:00:01:3D,158,,1,1
16217,ack,11:66:F0:00:01:3D,,0,0,1
16258,send,11:66:F0:00:01:3D,159,,1,1
16264,ack,11:66:F0:00:01:3D,,0,0,1
16296,send,11:66:F0:00:01:3D,160,,1,1
16302,ack,11:66:F0:00:01:3D,,0,0,1
16333,send,11:66:F0:00:01:3D,161,,1,1
16338,ack,11:66:F0:00:01:3D,,0,0,1
16372,send,11:66:F0:00:01:3D,162,,1,1
16381,ack,11:66:F0:00:01:3D,,0,0,1
16412,send,11:66:F0:00:01:3D,163,,1,1
16418,ack,11:66:F0:00:01:3D,,0,0,1
16451,send,11:66:F0:00:01:3D,164,,1,1
16458,ack,11:66:F0:00:01:3D,,0,0,1
16491,send,11:66:F0:00:01:3D,165,,1,1
16497,ack,11:66:F0:00:01:3D,,0,0,1
16531,send,11:66:F0:00:01:3D,166,,1,1
16540,ack,11:66:F0:00:01:3D,,0,0,1
16574,send,11:66:F0:00:01:3D,167,,1,1
16581,ack,11:66:F0:00:01:3D,,0,0,1
16614,send,11:66:F0:00:01:3D,168,,1,1
16624,ack,11:66:F0:00:01:3D,,0,0,1
16654,send,11:66:F0:00:01:3D,169,,1,1
16661,ack,11:66:F0:00:01:3D,,0,0,1
16693,send,11:66:F0:00:01:3D,170,,1,1
16698,ack,11:66:F0:00:01:3D,,0,0,1
16731,send,11:66:F0:00:01:3D,171,,1,1
16739,ack,11:66:F0:00:01:3D,,0,0,1
16771,send,11:66:F0:00:01:3D,172,,1,1
16778,ack,11:66:F0:00:01:3D,,0,0,1
16813,send,11:66:F0:00:01:3D,173,,1,1
16821,ack,11:66:F0:00:01:3D,,0,0,1
16855,send,11:66:F0:00:01:3D,174,,1,1
16865,ack,11:66:F0:00:01:3D,,0,0,1
16897,send,11:66:F0:00:01:3D,175,,1,1
16905,ack,11:66:F0:00:01:3D,,0,0,1
16940,send,11:66:F0:00:01:3D,176,,1,1
16948,ack,11:66:F0:00:01:3D,,0,0,1
16982,send,11:66:F0:00:01:3D,177,,1,1
16989,ack,11:66:F0:00:01:3D,,0,0,1
17022,send,11:66:F0:00:01:3D,178,,1,1
17026,ack,11:66:F0:00:01:3D,,0,0,1
17060,send,11:66:F0:00:01:3D,179,,1,1
17065,ack,11:66:F0:00:01:3D,,0,0,1
17100,send,11:66:F0:00:01:3D,180,,1,1
17110,ack,11:66:F0:00:01:3D,,0,0,1
17145,send,11:66:F0:00:01:3D,181,,1,1
17151,ack,11:66:F0:00:01:3D,,0,0,1
17183,send,11:66:F0:00:01:3D,182,,1,1
17188,ack,11:66:F0:00:01:3D,,0,0,1
17222,send,11:66:F0:00:01:3D,183,,1,1
17228,ack,11:66:F0:00:01:3D,,0,0,1
17261,send,11:66:F0:00:01:3D,184,,1,1
17265,ack,11:66:F0:00:01:3D,,0,0,1
17297,send,11:66:F0:00:01:3D,185,,1,1
17301,ack,11:66:F0:00:01:3D,,0,0,1
17335,send,11:66:F0:00:01:3D,186,,1,1
17341,ack,11:66:F0:00:01:3D,,0,0,1
17374,send,11:66:F0:00:01:3D,187,,1,1
17381,ack,11:66:F0:00:01:3D,,0,0,1
17415,send,11:66:F0:00:01:3D,188,,1,1
17422,ack,11:66:F0:00:01:3D,,0,0,1
17455,send,11:66:F0:00:01:3D,189,,1,1
17462,ack,11:66:F0:00:01:3D,,0,0,1
17494,send,11:66:F0:00:01:3D,190,,1,1
17499,ack,11:66:F0:00:01:3D,,0,0,1
17532,send,11:66:F0:00:01:3D,191,,1,1
17537,ack,11:66:F0:00:01:3D,,0,0,1
17569,send,11:66:F0:00:01:3D,192,,1,1
17573,ack,11:66:F0:00:01:3D,,0,0,1
17606,send,11:66:F0:00:01:3D,193,,1,1
17612,ack,11:66:F0:00:01:3D,,0,0,1
17646,send,11:66:F0:00:01:3D,194,,1,1
17653,ack,11:66:F0:00:01:3D,,0,0,1
17685,send,11:66:F0:00:01:3D,195,,1,1
17692,ack,11:66:F0:00:01:3D,,0,0,1
17723,send,11:66:F0:00:01:3D,196,,1,1
17729,ack,11:66:F0:00:01:3D,,0,0,1
17761,send,11:66:F0:00:01:3D,197,,1,1
17769,ack,11:66:F0:00:01:3D,,0,0,1
17801,send,11:66:F0:00:01:3D,198,,1,1
17808,ack,11:66:F0:00:01:3D,,0,0,1
17842,send,11:66:F0:00:01:3D,199,,1,1
17850,ack,11:66:F0:00:01:3D,,0,0,1
17884,send,11:66:F0:00:01:3D,200,,1,1
17891,ack,11:66:F0:00:01:3D,,0,0,1
17922,send,11:66:F0:00:01:3D,201,,1,1
17930,ack,11:66:F0:00:01:3D,,0,0,1
17963,send,11:66:F0:00:01:3D,202,,1,1
17971,ack,11:66:F0:00:01:3D,,0,0,1
18005,send,11:66:F0:00:01:3D,203,,1,1
18013,ack,11:66:F0:00:01:3D,,0,0,1
18045,send,11:66:F0:00:01:3D,204,,1,1
18053,ack,11:66:F0:00:01:3D,,0,0,1
18084,send,11:66:F0:00:01:3D,205,,1,1
18089,ack,11:66:F0:00:01:3D,,0,0,1
18122,send,11:66:F0:00:01:3D,206,,1,1
18126,ack,11:66:F0:00:01:3D,,0,0,1
18158,send,11:66:F0:00:01:3D,207,,1,1
18162,ack,11:66:F0:00:01:3D,,0,0,1
18195,send,11:66:F0:00:01:3D,208,,1,1
18201,ack,11:66:F0:00:01:3D,,0,0,1
18232,send,11:66:F0:00:01:3D,209,,1,1
18236,ack,11:66:F0:00:01:3D,,0,0,1
18269,send,11:66:F0:00:01:3D,210,,1,1
18273,ack,11:66:F0:00:01:3D,,0,0,1
18305,send,11:66:F0:00:01:3D,211,,1,1
18311,ack,11:66:F0:00:01:3D,,0,0,1
18344,send,11:66:F0:00:01:3D,212,,1,1
18350,ack,11:66:F0:00:01:3D,,0,0,1
18382,send,11:66:F0:00:01:3D,213,,1,1
18389,ack,11:66:F0:00:01:3D,,0,0,1
18421,send,11:66:F0:00:01:3D,214,,1,1
18425,ack,11:66:F0:00:01:3D,,0,0,1
18459,send,11:66:F0:00:01:3D,215,,1,1
18463,ack,11:66:F0:00:01:3D,,0,0,1
18497,send,11:66:F0:00:01:3D,216,,1,1
18502,ack,11:66:F0:00:01:3D,,0,0,1
18533,send,11:66:F0:00:01:3D,217,,1,1
18538,ack,11:66:F0:00:01:3D,,0,0,1
18571,send,11:66:F0:00:01:3D,218,,1,1
18575,ack,11:66:F0:00:01:3D,,0,0,1
18607,send,11:66:F0:00:01:3D,219,,1,1
18612,ack,11:66:F0:00:01:3D,,0,0,1
18643,send,11:66:F0:00:01:3D,220,,1,1
18647,ack,11:66:F0:00:01:3D,,0,0,1
18680,send,11:66:F0:00:01:3D,221,,1,1
18686,ack,11:66:F0:00:01:3D,,0,0,1
18719,send,11:66:F0:00:01:3D,222,,1,1
18723,ack,11:66:F0:00:01:3D,,0,0,1
18755,send,11:66:F0:00:01:3D,223,,1,1
18760,ack,11:66:F0:00:01:3D,,0,0,1
18794,send,11:66:F0:00:01:3D,224,,1,1
18799,ack,11:66:F0:00:01:3D,,0,0,1
18832,send,11:66:F0:00:01:3D,225,,1,1
18837,ack,11:66:F0:00:01:3D,,0,0,1
18869,send,11:66:F0:00:01:3D,226,,1,1
18873,ack,11:66:F0:00:01:3D,,0,0,1
18906,send,11:66:F0:00:01:3D,227,,1,1
18910,ack,11:66:F0:00:01:3D,,0,0,1
18943,send,11:66:F0:00:01:3D,228,,1,1
18948,ack,11:66:F0:00:01:3D,,0,0,1
18980,send,11:66:F0:00:01:3D,229,,1,1
18985,ack,11:66:F0:00:01:3D,,0,0,1
19017,send,11:66:F0:00:01:3D,230,,1,1
19021,ack,11:66:F0:00:01:3D,,0,0,1
19054,send,11:66:F0:00:01:3D,231,,1,1
19059,ack,11:66:F0:00:01:3D,,0,0,1
19091,send,11:66:F0:00:01:3D,232,,1,1
19096,ack,11:66:F0:00:01:3D,,0,0,1
19129,send,11:66:F0:00:01:3D,233,,1,1
19134,ack,11:66:F0:00:01:3D,,0,0,1
19166,send,11:66:F0:00:01:3D,234,,1,1
19169,ack,11:66:F0:00:01:3D,,0,0,1
19203,send,11:66:F0:00:01:3D,235,,1,1
19207,ack,11:66:F0:00:01:3D,,0,0,1
19238,send,11:66:F0:00:01:3D,236,,1,1
19242,ack,11:66:F0:00:01:3D,,0,0,1
19274,send,11:66:F0:00:01:3D,237,,1,1
19278,ack,11:66:F0:00:01:3D,,0,0,1
19310,send,11:66:F0:00:01:3D,238,,1,1
19316,ack,11:66:F0:00:01:3D,,0,0,1
19348,send,11:66:F0:00:01:3D,239,,1,1
19352,ack,11:66:F0:00:01:3D,,0,0,1
19385,send,11:66:F0:00:01:3D,240,,1,1
19391,ack,11:66:F0:00:01:3D,,0,0,1
19422,send,11:66:F0:00:01:3D,241,,1,1
19427,ack,11:66:F0:00:01:3D,,0,0,1
19458,send,11:66:F0:00:01:3D,242,,1,1
19463,ack,11:66:F0:00:01:3D,,0,0,1
19495,send,11:66:F0:00:01:3D,243,,1,1
19500,ack,11:66:F0:00:01:3D,,0,0,1
19534,send,11:66:F0:00:01:3D,244,,1,1
19539,ack,11:66:F0:00:01:3D,,0,0,1
19572,send,11:66:F0:00:01:3D,245,,1,1
19576,ack,11:66:F0:00:01:3D,,0,0,1
19610,send,11:66:F0:00:01:3D,246,,1,1
19614,ack,11:66:F0:00:01:3D,,0,0,1
19646,send,11:66:F0:00:01:3D,247,,1,1
19651,ack,11:66:F0:00:01:3D,,0,0,1
19684,send,11:66:F0:00:01:3D,248,,1,1
19690,ack,11:66:F0:00:01:3D,,0,0,1
19721,send,11:66:F0:00:01:3D,249,,1,1
19729,ack,11:66:F0:00:01:3D,,0,0,1
19760,send,11:66:F0:00:01:3D,250,,1,1
19765,ack,11:66:F0:00:01:3D,,0,0,1
19798,send,11:66:F0:00:01:3D,251,,1,1
19803,ack,11:66:F0:00:01:3D,,0,0,1
19838,send,11:66:F0:00:01:3D,252,,1,1
19843,ack,11:66:F0:00:01:3D,,0,0,1
20544,send,11:66:F0:00:01:3D,253,,1,1
20551,ack,11:66:F0:00:01:3D,,0,0,1
20569,send,11:66:F0:00:01:3D,254,,1,1
20583,ack,11:66:F0:00:01:3D,,0,0,1
20591,send,11:66:F0:00:01:3D,255,,1,1
20613,send,11:66:F0:00:01:3D,256,,2,1
20613,ack,11:66:F0:00:01:3D,,0,1,1
20634,send,11:66:F0:00:01:3D,257,,2,1
20644,ack,11:66:F0:00:01:3D,,0,1,1
20655,send,11:66:F0:00:01:3D,258,,2,1
20675,ack,11:66:F0:00:01:3D,,0,1,1
20676,send,11:66:F0:00:01:3D,259,,2,1
20697,send,11:66:F0:00:01:3D,260,,3,1
20705,ack,11:66:F0:00:01:3D,,0,2,1
20718,send,11:66:F0:00:01:3D,261,,3,1
20738,ack,11:66:F0:00:01:3D,,0,2,1
20740,send,11:66:F0:00:01:3D,262,,3,1
20761,send,11:66:F0:00:01:3D,263,,4,1
20769,ack,11:66:F0:00:01:3D,,0,3,1
20783,send,11:66:F0:00:01:3D,264,,4,1
20801,ack,11:66:F0:00:01:3D,,0,3,1
20804,send,11:66:F0:00:01:3D,265,,4,1
20825,send,11:66:F0:00:01:3D,266,,5,1
20830,ack,11:66:F0:00:01:3D,,0,4,1
20849,send,11:66:F0:00:01:3D,267,,5,1
20860,ack,11:66:F0:00:01:3D,,0,4,1
20870,send,11:66:F0:00:01:3D,268,,5,1
20890,ack,11:66:F0:00:01:3D,,0,4,1
20892,send,11:66:F0:00:01:3D,269,,5,1
20912,send,11:66:F0:00:01:3D,270,,6,1
20921,ack,11:66:F0:00:01:3D,,0,5,1
20933,send,11:66:F0:00:01:3D,271,,6,1
20955,send,11:66:F0:00:01:3D,272,,7,1
20956,ack,11:66:F0:00:01:3D,,0,6,1
20977,send,11:66:F0:00:01:3D,273,,7,1
20991,ack,11:66:F0:00:01:3D,,0,6,1
20999,send,11:66:F0:00:01:3D,274,,7,1
21020,send,11:66:F0:00:01:3D,275,,8,1
21025,ack,11:66:F0:00:01:3D,,0,7,1
21045,send,11:66:F0:00:01:3D,276,,8,1
21058,ack,11:66:F0:00:01:3D,,0,7,1
21065,send,11:66:F0:00:01:3D,277,,8,1
21087,send,11:66:F0:00:01:3D,278,,9,1
21095,ack,11:66:F0:00:01:3D,,0,8,1
21115,send,11:66:F0:00:01:3D,279,,9,1
21128,ack,11:66:F0:00:01:3D,,0,8,1
21135,send,11:66:F0:00:01:3D,280,,9,1
21157,send,11:66:F0:00:01:3D,281,,10,1
21161,ack,11:66:F0:00:01:3D,,0,9,1
21180,send,11:66:F0:00:01:3D,282,,10,1
21197,ack,11:66:F0:00:01:3D,,0,9,1
21201,send,11:66:F0:00:01:3D,283,,10,1
21222,send,11:66:F0:00:01:3D,284,,11,1
21228,ack,11:66:F0:00:01:3D,,0,10,1
21247,send,11:66:F0:00:01:3D,285,,11,1
21261,ack,11:66:F0:00:01:3D,,0,10,1
21267,send,11:66:F0:00:01:3D,286,,11,1
21289,send,11:66:F0:00:01:3D,287,,12,1
21292,ack,11:66:F0:00:01:3D,,0,11,1
21311,send,11:66:F0:00:01:3D,288,,12,1
21323,ack,11:66:F0:00:01:3D,,0,11,1
21333,send,11:66:F0:00:01:3D,289,,12,1
21354,send,11:66:F0:00:01:3D,290,,13,1
21354,ack,11:66:F0:00:01:3D,,0,12,1
21374,send,11:66:F0:00:01:3D,291,,13,1
21392,ack,11:66:F0:00:01:3D,,0,12,1
21396,send,11:66:F0:00:01:3D,292,,13,1
21417,send,11:66:F0:00:01:3D,293,,14,1
21422,ack,11:66:F0:00:01:3D,,0,13,1
21440,send,11:66:F0:00:01:3D,294,,14,1
21453,ack,11:66:F0:00:01:3D,,0,13,1
21461,send,11:66:F0:00:01:3D,295,,14,1
21483,send,11:66:F0:00:01:3D,296,,15,1
21484,ack,11:66:F0:00:01:3D,,0,14,1
21504,send,11:66:F0:00:01:3D,297,,15,1
21514,ack,11:66:F0:00:01:3D,,0,14,1
21525,send,11:66:F0:00:01:3D,298,,15,1
21546,ack,11:66:F0:00:01:3D,,0,14,1
21546,send,11:66:F0:00:01:3D,299,,15,1
21567,send,11:66:F0:00:01:3D,300,,16,1
21577,ack,11:66:F0:00:01:3D,,0,15,1
21587,send,11:66:F0:00:01:3D,301,,16,1
21609,send,11:66:F0:00:01:3D,302,,17,1
21610,ack,11:66:F0:00:01:3D,,0,16,1
21631,send,11:66:F0:00:01:3D,303,,17,1
21641,ack,11:66:F0:00:01:3D,,0,16,1
21652,send,11:66:F0:00:01:3D,304,,17,1
21673,ack,11:66:F0:00:01:3D,,0,16,1
21673,send,11:66:F0:00:01:3D,305,,17,1
21695,send,11:66:F0:00:01:3D,306,,18,1
21705,ack,11:66:F0:00:01:3D,,0,17,1
21717,send,11:66:F0:00:01:3D,307,,18,1
21736,ack,11:66:F0:00:01:3D,,0,17,1
21739,send,11:66:F0:00:01:3D,308,,18,1
21760,send,11:66:F0:00:01:3D,309,,19,1
21765,ack,11:66:F0:00:01:3D,,0,18,1
21783,send,11:66:F0:00:01:3D,310,,19,1
21800,ack,11:66:F0:00:01:3D,,0,18,1
21805,send,11:66:F0:00:01:3D,311,,19,1
21827,send,11:66:F0:00:01:3D,312,,20,1
21833,ack,11:66:F0:00:01:3D,,0,19,1
21853,send,11:66:F0:00:01:3D,313,,20,1
21866,ack,11:66:F0:00:01:3D,,0,19,1
21875,send,11:66:F0:00:01:3D,314,,20,1
21897,send,11:66:F0:00:01:3D,315,,21,1
21899,ack,11:66:F0:00:01:3D,,0,20,1
21919,send,11:66:F0:00:01:3D,316,,21,1
21932,ack,11:66:F0:00:01:3D,,0,20,1
21940,send,11:66:F0:00:01:3D,317,,21,1
21962,send,11:66:F0:00:01:3D,318,,22,1
21963,ack,11:66:F0:00:01:3D,,0,21,1
21982,send,11:66:F0:00:01:3D,319,,22,1
21993,ack,11:66:F0:00:01:3D,,0,21,1
22004,send,11:66:F0:00:01:3D,320,,22,1
22025,ack,11:66:F0:00:01:3D,,0,21,1
22026,send,11:66:F0:00:01:3D,321,,22,1
22047,send,11:66:F0:00:01:3D,322,,23,1
22057,ack,11:66:F0:00:01:3D,,0,22,1
22070,send,11:66:F0:00:01:3D,323,,23,1
22088,ack,11:66:F0:00:01:3D,,0,22,1
22091,send,11:66:F0:00:01:3D,324,,23,1
22112,send,11:66:F0:00:01:3D,325,,24,1
22120,ack,11:66:F0:00:01:3D,,0,23,1
22133,send,11:66:F0:00:01:3D,326,,24,1
22153,ack,11:66:F0:00:01:3D,,0,23,1
22155,send,11:66:F0:00:01:3D,327,,24,1
22177,send,11:66:F0:00:01:3D,328,,25,1
22185,ack,11:66:F0:00:01:3D,,0,24,1
22198,send,11:66:F0:00:01:3D,329,,25,1
22217,ack,11:66:F0:00:01:3D,,0,24,1
22220,send,11:66:F0:00:01:3D,330,,25,1
22251,ack,11:66:F0:00:01:3D,,0,24,1
22252,send,11:66:F0:00:01:3D,331,,25,1
22273,send,11:66:F0:00:01:3D,332,,26,1
22284,ack,11:66:F0:00:01:3D,,0,25,1
22294,send,11:66:F0:00:01:3D,333,,26,1
22314,send,11:66:F0:00:01:3D,334,,27,1
22315,ack,11:66:F0:00:01:3D,,0,26,1
22335,send,11:66:F0:00:01:3D,335,,27,1
22347,ack,11:66:F0:00:01:3D,,0,26,1
22357,send,11:66:F0:00:01:3D,336,,27,1
22379,ack,11:66:F0:00:01:3D,,0,26,1
22379,send,11:66:F0:00:01:3D,337,,27,1
22401,send,11:66:F0:00:01:3D,338,,28,1
22409,ack,11:66:F0:00:01:3D,,0,27,1
22421,send,11:66:F0:00:01:3D,339,,28,1
22440,ack,11:66:F0:00:01:3D,,0,27,1
22443,send,11:66:F0:00:01:3D,340,,28,1
22464,send,11:66:F0:00:01:3D,341,,29,1
22469,ack,11:66:F0:00:01:3D,,0,28,1
22489,send,11:66:F0:00:01:3D,342,,29,1
22505,ack,11:66:F0:00:01:3D,,0,28,1
22510,send,11:66:F0:00:01:3D,343,,29,1
22531,send,11:66:F0:00:01:3D,344,,30,1
22536,ack,11:66:F0:00:01:3D,,0,29,1
22555,send,11:66:F0:00:01:3D,345,,30,1
22568,ack,11:66:F0:00:01:3D,,0,29,1
22577,send,11:66:F0:00:01:3D,346,,30,1
22598,send,11:66:F0:00:01:3D,347,,31,1
22600,ack,11:66:F0:00:01:3D,,0,30,1
22619,send,11:66:F0:00:01:3D,348,,31,1
22632,ack,11:66:F0:00:01:3D,,0,30,1
22640,send,11:66:F0:00:01:3D,349,,31,1
22661,send,11:66:F0:00:01:3D,350,,32,1
22663,ack,11:66:F0:00:01:3D,,0,31,1
22683,send,11:66:F0:00:01:3D,351,,32,1
22698,ack,11:66:F0:00:01:3D,,0,31,1
22704,send,11:66:F0:00:01:3D,352,,32,1
22726,send,11:66:F0:00:01:3D,353,,33,1
22732,ack,11:66:F0:00:01:3D,,0,32,1
22754,send,11:66:F0:00:01:3D,354,,33,1
22763,ack,11:66:F0:00:01:3D,,0,32,1
22776,send,11:66:F0:00:01:3D,355,,33,1
22796,ack,11:66:F0:00:01:3D,,0,32,1
22797,send,11:66:F0:00:01:3D,356,,33,1
22817,send,11:66:F0:00:01:3D,357,,34,1
22831,ack,11:66:F0:00:01:3D,,0,33,1
22838,send,11:66:F0:00:01:3D,358,,34,1
22860,send,11:66:F0:00:01:3D,359,,35,1
22864,ack,11:66:F0:00:01:3D,,0,34,1
22885,send,11:66:F0:00:01:3D,360,,35,1
22897,ack,11:66:F0:00:01:3D,,0,34,1
22907,send,11:66:F0:00:01:3D,361,,35,1
22929,send,11:66:F0:00:01:3D,362,,36,1
22929,ack,11:66:F0:00:01:3D,,0,35,1
22950,send,11:66:F0:00:01:3D,363,,36,1
22960,ack,11:66:F0:00:01:3D,,0,35,1
22971,send,11:66:F0:00:01:3D,364,,36,1
22992,ack,11:66:F0:00:01:3D,,0,35,1
22993,send,11:66:F0:00:01:3D,365,,36,1
23015,send,11:66:F0:00:01:3D,366,,37,1
23027,ack,11:66:F0:00:01:3D,,0,36,1
23036,send,11:66:F0:00:01:3D,367,,37,1
23058,send,11:66:F0:00:01:3D,368,,38,1
23061,ack,11:66:F0:00:01:3D,,0,37,1
23082,send,11:66:F0:00:01:3D,369,,38,1
23094,ack,11:66:F0:00:01:3D,,0,37,1
23103,send,11:66:F0:00:01:3D,370,,38,1
23124,send,11:66:F0:00:01:3D,371,,39,1
23127,ack,11:66:F0:00:01:3D,,0,38,1
23146,send,11:66:F0:00:01:3D,372,,39,1
23158,ack,11:66:F0:00:01:3D,,0,38,1
23167,send,11:66:F0:00:01:3D,373,,39,1
23188,send,11:66:F0:00:01:3D,374,,40,1
23189,ack,11:66:F0:00:01:3D,,0,39,1
23211,send,11:66:F0:00:01:3D,375,,40,1
23220,ack,11:66:F0:00:01:3D,,0,39,1
23233,send,11:66:F0:00:01:3D,376,,40,1
23254,ack,11:66:F0:00:01:3D,,0,39,1
23255,send,11:66:F0:00:01:3D,377,,40,1
23276,send,11:66:F0:00:01:3D,378,,41,1
23285,ack,11:66:F0:00:01:3D,,0,40,1
23296,send,11:66:F0:00:01:3D,379,,41,1
23316,ack,11:66:F0:00:01:3D,,0,40,1
23317,send,11:66:F0:00:01:3D,380,,41,1
23338,send,11:66:F0:00:01:3D,381,,42,1
23348,ack,11:66:F0:00:01:3D,,0,41,1
23359,send,11:66:F0:00:01:3D,382,,42,1
23379,ack,11:66:F0:00:01:3D,,0,41,1
23381,send,11:66:F0:00:01:3D,383,,42,1
23402,send,11:66:F0:00:01:3D,384,,43,1
23414,ack,11:66:F0:00:01:3D,,0,42,1
23423,send,11:66:F0:00:01:3D,385,,43,1
23444,send,11:66:F0:00:01:3D,386,,44,1
23445,ack,11:66:F0:00:01:3D,,0,43,1
23466,send,11:66:F0:00:01:3D,387,,44,1
23477,ack,11:66:F0:00:01:3D,,0,43,1
23487,send,11:66:F0:00:01:3D,388,,44,1
23508,send,11:66:F0:00:01:3D,389,,45,1
23508,ack,11:66:F0:00:01:3D,,0,44,1
23531,send,11:66:F0:00:01:3D,390,,45,1
23547,ack,11:66:F0:00:01:3D,,0,44,1
23552,send,11:66:F0:00:01:3D,391,,45,1
23573,send,11:66:F0:00:01:3D,392,,46,1
23579,ack,11:66:F0:00:01:3D,,0,45,1
23599,send,11:66:F0:00:01:3D,393,,46,1
23612,ack,11:66:F0:00:01:3D,,0,45,1
23620,send,11:66:F0:00:01:3D,394,,46,1
23641,send,11:66:F0:00:01:3D,395,,47,1
23643,ack,11:66:F0:00:01:3D,,0,46,1
23664,send,11:66:F0:00:01:3D,396,,47,1
23675,ack,11:66:F0:00:01:3D,,0,46,1
23685,send,11:66:F0:00:01:3D,397,,47,1
23707,send,11:66:F0:00:01:3D,398,,48,1
23708,ack,11:66:F0:00:01:3D,,0,47,1
23728,send,11:66:F0:00:01:3D,399,,48,1
23739,ack,11:66:F0:00:01:3D,,0,47,1
23749,send,11:66:F0:00:01:3D,400,,48,1
23768,ack,11:66:F0:00:01:3D,,0,47,1
23770,send,11:66:F0:00:01:3D,401,,48,1
23792,send,11:66:F0:00:01:3D,402,,49,1
23797,ack,11:66:F0:00:01:3D,,0,48,1
23817,send,11:66:F0:00:01:3D,403,,49,1
23827,ack,11:66:F0:00:01:3D,,0,48,1
23839,send,11:66:F0:00:01:3D,404,,49,1
23858,ack,11:66:F0:00:01:3D,,0,48,1
23860,send,11:66:F0:00:01:3D,405,,49,1
23882,send,11:66:F0:00:01:3D,406,,50,1
23889,ack,11:66:F0:00:01:3D,,0,49,1
23903,send,11:66:F0:00:01:3D,407,,50,1
23925,send,11:66:F0:00:01:3D,408,,51,1
23936,ack,11:66:F0:00:01:3D,,0,50,1
23952,send,11:66:F0:00:01:3D,409,,51,1
23969,ack,11:66:F0:00:01:3D,,0,50,1
23973,send,11:66:F0:00:01:3D,410,,51,1
23995,send,11:66:F0:00:01:3D,411,,52,1
24001,ack,11:66:F0:00:01:3D,,0,51,1
24021,send,11:66:F0:00:01:3D,412,,52,1
24032,ack,11:66:F0:00:01:3D,,0,51,1
24043,send,11:66:F0:00:01:3D,413,,52,1
24065,send,11:66:F0:00:01:3D,414,,53,1
24065,ack,11:66:F0:00:01:3D,,0,52,1
24086,send,11:66:F0:00:01:3D,415,,53,1
24099,ack,11:66:F0:00:01:3D,,0,52,1
24108,send,11:66:F0:00:01:3D,416,,53,1
24129,send,11:66:F0:00:01:3D,417,,54,1
24131,ack,11:66:F0:00:01:3D,,0,53,1
24151,send,11:66:F0:00:01:3D,418,,54,1
24162,ack,11:66:F0:00:01:3D,,0,53,1
24173,send,11:66:F0:00:01:3D,419,,54,1
24194,send,11:66:F0:00:01:3D,420,,55,1
24194,ack,11:66:F0:00:01:3D,,0,54,1
24215,send,11:66:F0:00:01:3D,421,,55,1
24226,ack,11:66:F0:00:01:3D,,0,54,1
24236,send,11:66:F0:00:01:3D,422,,55,1
24257,send,11:66:F0:00:01:3D,423,,56,1
24258,ack,11:66:F0:00:01:3D,,0,55,1
24279,send,11:66:F0:00:01:3D,424,,56,1
24290,ack,11:66:F0:00:01:3D,,0,55,1
24300,send,11:66:F0:00:01:3D,425,,56,1
24322,send,11:66:F0:00:01:3D,426,,57,1
24324,ack,11:66:F0:00:01:3D,,0,56,1
24344,send,11:66:F0:00:01:3D,427,,57,1
24355,ack,11:66:F0:00:01:3D,,0,56,1
24365,send,11:66:F0:00:01:3D,428,,57,1
24385,ack,11:66:F0:00:01:3D,,0,56,1
24387,send,11:66:F0:00:01:3D,429,,57,1
24408,send,11:66:F0:00:01:3D,430,,58,1
24416,ack,11:66:F0:00:01:3D,,0,57,1
24430,send,11:66:F0:00:01:3D,431,,58,1
24449,ack,11:66:F0:00:01:3D,,0,57,1
24451,send,11:66:F0:00:01:3D,432,,58,1
24472,send,11:66:F0:00:01:3D,433,,59,1
24480,ack,11:66:F0:00:01:3D,,0,58,1
24493,send,11:66:F0:00:01:3D,434,,59,1
24510,ack,11:66:F0:00:01:3D,,0,58,1
24515,send,11:66:F0:00:01:3D,435,,59,1
24536,send,11:66:F0:00:01:3D,436,,60,1
24540,ack,11:66:F0:00:01:3D,,0,59,1
24561,send,11:66:F0:00:01:3D,437,,60,1
24574,ack,11:66:F0:00:01:3D,,0,59,1
24582,send,11:66:F0:00:01:3D,438,,60,1
24603,send,11:66:F0:00:01:3D,439,,61,1
24607,ack,11:66:F0:00:01:3D,,0,60,1
24625,send,11:66:F0:00:01:3D,440,,61,1
24638,ack,11:66:F0:00:01:3D,,0,60,1
24645,send,11:66:F0:00:01:3D,441,,61,1
24667,send,11:66:F0:00:01:3D,442,,62,1
24669,ack,11:66:F0:00:01:3D,,0,61,1
24688,send,11:66:F0:00:01:3D,443,,62,1
24700,ack,11:66:F0:00:01:3D,,0,61,1
24709,send,11:66:F0:00:01:3D,444,,62,1
24731,send,11:66:F0:00:01:3D,445,,63,1
24732,ack,11:66:F0:00:01:3D,,0,62,1
24752,send,11:66:F0:00:01:3D,446,,63,1
24763,ack,11:66:F0:00:01:3D,,0,62,1
24773,send,11:66:F0:00:01:3D,447,,63,1
24794,ack,11:66:F0:00:01:3D,,0,62,1
24795,send,11:66:F0:00:01:3D,448,,63,1
24816,send,11:66:F0:00:01:3D,449,,64,1
24825,ack,11:66:F0:00:01:3D,,0,63,1
24837,send,11:66:F0:00:01:3D,450,,64,1
24857,ack,11:66:F0:00:01:3D,,0,63,1
24858,send,11:66:F0:00:01:3D,451,,64,1
24879,send,11:66:F0:00:01:3D,452,,65,1
24889,ack,11:66:F0:00:01:3D,,0,64,1
24901,send,11:66:F0:00:01:3D,453,,65,1
24922,ack,11:66:F0:00:01:3D,,0,64,1
25602,send,11:66:F0:00:01:3D,454,,65,1
25610,ack,11:66:F0:00:01:3D,,0,64,1
25621,send,11:66:F0:00:01:3D,455,,65,1
25636,send,11:66:F0:00:01:3D,456,,66,1
25641,ack,11:66:F0:00:01:3D,,0,65,1
25654,send,11:66:F0:00:01:3D,457,,66,1
25668,send,11:66:F0:00:01:3D,458,,67,1
25673,ack,11:66:F0:00:01:3D,,0,66,1
25686,send,11:66:F0:00:01:3D,459,,67,1
25700,send,11:66:F0:00:01:3D,460,,68,1
25703,ack,11:66:F0:00:01:3D,,0,67,1
25715,send,11:66:F0:00:01:3D,461,,68,1
25729,send,11:66:F0:00:01:3D,462,,69,1
25735,ack,11:66:F0:00:01:3D,,0,68,1
25748,send,11:66:F0:00:01:3D,463,,69,1
25763,send,11:66:F0:00:01:3D,464,,70,1
25767,ack,11:66:F0:00:01:3D,,0,69,1
25782,send,11:66:F0:00:01:3D,465,,70,1
25797,send,11:66:F0:00:01:3D,466,,71,1
25799,ack,11:66:F0:00:01:3D,,0,70,1
25812,send,11:66:F0:00:01:3D,467,,71,1
25827,send,11:66:F0:00:01:3D,468,,72,1
25833,ack,11:66:F0:00:01:3D,,0,71,1
25846,send,11:66:F0:00:01:3D,469,,72,1
25860,send,11:66:F0:00:01:3D,470,,73,1
25864,ack,11:66:F0:00:01:3D,,0,72,1
25878,send,11:66:F0:00:01:3D,471,,73,1
25891,send,11:66:F0:00:01:3D,472,,74,1
25896,ack,11:66:F0:00:01:3D,,0,73,1
25909,send,11:66:F0:00:01:3D,473,,74,1
25925,send,11:66:F0:00:01:3D,474,,75,1
25931,ack,11:66:F0:00:01:3D,,0,74,1
25944,send,11:66:F0:00:01:3D,475,,75,1
25960,send,11:66:F0:00:01:3D,476,,76,1
25963,ack,11:66:F0:00:01:3D,,0,75,1
25977,send,11:66:F0:00:01:3D,477,,76,1
25991,send,11:66:F0:00:01:3D,478,,77,1
25996,ack,11:66:F0:00:01:3D,,0,76,1
26008,send,11:66:F0:00:01:3D,479,,77,1
26023,send,11:66:F0:00:01:3D,480,,78,1
26028,ack,11:66:F0:00:01:3D,,0,77,1
26042,send,11:66:F0:00:01:3D,481,,78,1
26055,send,11:66:F0:00:01:3D,482,,79,1
26061,ack,11:66:F0:00:01:3D,,0,78,1
26076,send,11:66:F0:00:01:3D,483,,79,1
26089,send,11:66:F0:00:01:3D,484,,80,1
26094,ack,11:66:F0:00:01:3D,,0,79,1
26108,send,11:66:F0:00:01:3D,485,,80,1
26123,send,11:66:F0:00:01:3D,486,,81,1
26131,ack,11:66:F0:00:01:3D,,0,80,1
26142,send,11:66:F0:00:01:3D,487,,81,1
26157,send,11:66:F0:00:01:3D,488,,82,1
26163,ack,11:66:F0:00:01:3D,,0,81,1
26175,send,11:66:F0:00:01:3D,489,,82,1
26189,send,11:66:F0:00:01:3D,490,,83,1
26195,ack,11:66:F0:00:01:3D,,0,82,1
26207,send,11:66:F0:00:01:3D,491,,83,1
26222,send,11:66:F0:00:01:3D,492,,84,1
26226,ack,11:66:F0:00:01:3D,,0,83,1
26239,send,11:66:F0:00:01:3D,493,,84,1
26253,send,11:66:F0:00:01:3D,494,,85,1
26257,ack,11:66:F0:00:01:3D,,0,84,1
26273,send,11:66:F0:00:01:3D,495,,85,1
26286,send,11:66:F0:00:01:3D,496,,86,1
26288,ack,11:66:F0:00:01:3D,,0,85,1
26301,send,11:66:F0:00:01:3D,497,,86,1
26315,send,11:66:F0:00:01:3D,498,,87,1
26319,ack,11:66:F0:00:01:3D,,0,86,1
26332,send,11:66:F0:00:01:3D,499,,87,1
26347,send,11:66:F0:00:01:3D,500,,88,1
26351,ack,11:66:F0:00:01:3D,,0,87,1
26364,send,11:66:F0:00:01:3D,501,,88,1
26378,send,11:66:F0:00:01:3D,502,,89,1
26383,ack,11:66:F0:00:01:3D,,0,88,1
26394,send,11:66:F0:00:01:3D,503,,89,1
26408,send,11:66:F0:00:01:3D,504,,90,1
26413,ack,11:66:F0:00:01:3D,,0,89,1
26424,send,11:66:F0:00:01:3D,505,,90,1
26439,send,11:66:F0:00:01:3D,506,,91,1
26444,ack,11:66:F0:00:01:3D,,0,90,1
26457,send,11:66:F0:00:01:3D,507,,91,1
26472,send,11:66:F0:00:01:3D,508,,92,1
26474,ack,11:66:F0:00:01:3D,,0,91,1
26489,send,11:66:F0:00:01:3D,509,,92,1
26504,send,11:66:F0:00:01:3D,510,,93,1
26506,ack,11:66:F0:00:01:3D,,0,92,1
26519,send,11:66:F0:00:01:3D,511,,93,1
26532,send,11:66:F0:00:01:3D,512,,94,1
26538,ack,11:66:F0:00:01:3D,,0,93,1
26549,send,11:66:F0:00:01:3D,513,,94,1
26564,send,11:66:F0:00:01:3D,514,,95,1
26568,ack,11:66:F0:00:01:3D,,0,94,1
26581,send,11:66:F0:00:01:3D,515,,95,1
26595,send,11:66:F0:00:01:3D,516,,96,1
26598,ack,11:66:F0:00:01:3D,,0,95,1
26613,send,11:66:F0:00:01:3D,517,,96,1
26627,send,11:66:F0:00:01:3D,518,,97,1
26630,ack,11:66:F0:00:01:3D,,0,96,1
26643,send,11:66:F0:00:01:3D,519,,97,1
26657,send,11:66:F0:00:01:3D,520,,98,1
26661,ack,11:66:F0:00:01:3D,,0,97,1
26674,send,11:66:F0:00:01:3D,521,,98,1
26689,send,11:66:F0:00:01:3D,522,,99,1
26692,ack,11:66:F0:00:01:3D,,0,98,1
26704,send,11:66:F0:00:01:3D,523,,99,1
26718,send,11:66:F0:00:01:3D,524,,100,1
26723,ack,11:66:F0:00:01:3D,,0,99,1
26735,send,11:66:F0:00:01:3D,525,,100,1
26749,send,11:66:F0:00:01:3D,526,,101,1
26753,ack,11:66:F0:00:01:3D,,0,100,1
26766,send,11:66:F0:00:01:3D,527,,101,1
26780,send,11:66:F0:00:01:3D,528,,102,1
26784,ack,11:66:F0:00:01:3D,,0,101,1
26797,send,11:66:F0:00:01:3D,529,,102,1
26810,send,11:66:F0:00:01:3D,530,,103,1
26815,ack,11:66:F0:00:01:3D,,0,102,1
26828,send,11:66:F0:00:01:3D,531,,103,1
26842,send,11:66:F0:00:01:3D,532,,104,1
26846,ack,11:66:F0:00:01:3D,,0,103,1
26858,send,11:66:F0:00:01:3D,533,,104,1
26871,send,11:66:F0:00:01:3D,534,,105,1
26876,ack,11:66:F0:00:01:3D,,0,104,1
26890,send,11:66:F0:00:01:3D,535,,105,1
26905,send,11:66:F0:00:01:3D,536,,106,1
26908,ack,11:66:F0:00:01:3D,,0,105,1
26922,send,11:66:F0:00:01:3D,537,,106,1
26936,send,11:66:F0:00:01:3D,538,,107,1
26938,ack,11:66:F0:00:01:3D,,0,106,1
26954,send,11:66:F0:00:01:3D,539,,107,1
26968,send,11:66:F0:00:01:3D,540,,108,1
26971,ack,11:66:F0:00:01:3D,,0,107,1
26982,send,11:66:F0:00:01:3D,541,,108,1
26996,send,11:66:F0:00:01:3D,542,,109,1
27000,ack,11:66:F0:00:01:3D,,0,108,1
27013,send,11:66:F0:00:01:3D,543,,109,1
27028,send,11:66:F0:00:01:3D,544,,110,1
27032,ack,11:66:F0:00:01:3D,,0,109,1
27045,send,11:66:F0:00:01:3D,545,,110,1
27060,send,11:66:F0:00:01:3D,546,,111,1
27065,ack,11:66:F0:00:01:3D,,0,110,1
27078,send,11:66:F0:00:01:3D,547,,111,1
27092,send,11:66:F0:00:01:3D,548,,112,1
27097,ack,11:66:F0:00:01:3D,,0,111,1
27109,send,11:66:F0:00:01:3D,549,,112,1
27122,send,11:66:F0:00:01:3D,550,,113,1
27128,ack,11:66:F0:00:01:3D,,0,112,1
27140,send,11:66:F0:00:01:3D,551,,113,1
27154,send,11:66:F0:00:01:3D,552,,114,1
27160,ack,11:66:F0:00:01:3D,,0,113,1
27170,send,11:66:F0:00:01:3D,553,,114,1
27185,send,11:66:F0:00:01:3D,554,,115,1
27191,ack,11:66:F0:00:01:3D,,0,114,1
27203,send,11:66:F0:00:01:3D,555,,115,1
27217,send,11:66:F0:00:01:3D,556,,116,1
27222,ack,11:66:F0:00:01:3D,,0,115,1
27235,send,11:66:F0:00:01:3D,557,,116,1
27249,send,11:66:F0:00:01:3D,558,,117,1
27254,ack,11:66:F0:00:01:3D,,0,116,1
27273,send,11:66:F0:00:01:3D,559,,117,1
27287,send,11:66:F0:00:01:3D,560,,118,1
27288,ack,11:66:F0:00:01:3D,,0,117,1
27301,send,11:66:F0:00:01:3D,561,,118,1
27314,send,11:66:F0:00:01:3D,562,,119,1
27321,ack,11:66:F0:00:01:3D,,0,118,1
27331,send,11:66:F0:00:01:3D,563,,119,1
27345,send,11:66:F0:00:01:3D,564,,120,1
27352,ack,11:66:F0:00:01:3D,,0,119,1
27364,send,11:66:F0:00:01:3D,565,,120,1
27379,send,11:66:F0:00:01:3D,566,,121,1
27383,ack,11:66:F0:00:01:3D,,0,120,1
27397,send,11:66:F0:00:01:3D,567,,121,1
27411,send,11:66:F0:00:01:3D,568,,122,1
27415,ack,11:66:F0:00:01:3D,,0,121,1
27429,send,11:66:F0:00:01:3D,569,,122,1
27443,send,11:66:F0:00:01:3D,570,,123,1
27449,ack,11:66:F0:00:01:3D,,0,122,1
27463,send,11:66:F0:00:01:3D,571,,123,1
27477,send,11:66:F0:00:01:3D,572,,124,1
27480,ack,11:66:F0:00:01:3D,,0,123,1
27493,send,11:66:F0:00:01:3D,573,,124,1
27507,send,11:66:F0:00:01:3D,574,,125,1
27513,ack,11:66:F0:00:01:3D,,0,124,1
27526,send,11:66:F0:00:01:3D,575,,125,1
27540,send,11:66:F0:00:01:3D,576,,126,1
27544,ack,11:66:F0:00:01:3D,,0,125,1
27559,send,11:66:F0:00:01:3D,577,,126,1
27573,send,11:66:F0:00:01:3D,578,,127,1
27575,ack,11:66:F0:00:01:3D,,0,126,1
27589,send,11:66:F0:00:01:3D,579,,127,1
27604,send,11:66:F0:00:01:3D,580,,128,1
27606,ack,11:66:F0:00:01:3D,,0,127,1
27619,send,11:66:F0:00:01:3D,581,,128,1
27632,send,11:66:F0:00:01:3D,582,,129,1
27637,ack,11:66:F0:00:01:3D,,0,128,1
27650,send,11:66:F0:00:01:3D,583,,129,1
27663,send,11:66:F0:00:01:3D,584,,130,1
27667,ack,11:66:F0:00:01:3D,,0,129,1
27680,send,11:66:F0:00:01:3D,585,,130,1
27694,send,11:66:F0:00:01:3D,586,,131,1
27699,ack,11:66:F0:00:01:3D,,0,130,1
27711,send,11:66:F0:00:01:3D,587,,131,1
27724,send,11:66:F0:00:01:3D,588,,132,1
27729,ack,11:66:F0:00:01:3D,,0,131,1
27742,send,11:66:F0:00:01:3D,589,,132,1
27756,send,11:66:F0:00:01:3D,590,,133,1
27760,ack,11:66:F0:00:01:3D,,0,132,1
27772,send,11:66:F0:00:01:3D,591,,133,1
27786,send,11:66:F0:00:01:3D,592,,134,1
27791,ack,11:66:F0:00:01:3D,,0,133,1
27804,send,11:66:F0:00:01:3D,593,,134,1
27818,send,11:66:F0:00:01:3D,594,,135,1
27823,ack,11:66:F0:00:01:3D,,0,134,1
27836,send,11:66:F0:00:01:3D,595,,135,1
27850,send,11:66:F0:00:01:3D,596,,136,1
27853,ack,11:66:F0:00:01:3D,,0,135,1
27865,send,11:66:F0:00:01:3D,597,,136,1
27879,send,11:66:F0:00:01:3D,598,,137,1
27883,ack,11:66:F0:00:01:3D,,0,136,1
27897,send,11:66:F0:00:01:3D,599,,137,1
27911,send,11:66:F0:00:01:3D,600,,138,1
27913,ack,11:66:F0:00:01:3D,,0,137,1
27928,send,11:66:F0:00:01:3D,601,,138,1
27943,send,11:66:F0:00:01:3D,602,,139,1
27944,ack,11:66:F0:00:01:3D,,0,138,1
27956,send,11:66:F0:00:01:3D,603,,139,1
27971,send,11:66:F0:00:01:3D,604,,140,1
27976,ack,11:66:F0:00:01:3D,,0,139,1
27989,send,11:66:F0:00:01:3D,605,,140,1
28003,send,11:66:F0:00:01:3D,606,,141,1
28008,ack,11:66:F0:00:01:3D,,0,140,1
28020,send,11:66:F0:00:01:3D,607,,141,1
28035,send,11:66:F0:00:01:3D,608,,142,1
28039,ack,11:66:F0:00:01:3D,,0,141,1
28054,send,11:66:F0:00:01:3D,609,,142,1
28069,send,11:66:F0:00:01:3D,610,,143,1
28070,ack,11:66:F0:00:01:3D,,0,142,1
28083,send,11:66:F0:00:01:3D,611,,143,1
28097,send,11:66:F0:00:01:3D,612,,144,1
28101,ack,11:66:F0:00:01:3D,,0,143,1
28114,send,11:66:F0:00:01:3D,613,,144,1
28128,send,11:66:F0:00:01:3D,614,,145,1
28131,ack,11:66:F0:00:01:3D,,0,144,1
28145,send,11:66:F0:00:01:3D,615,,145,1
28159,send,11:66:F0:00:01:3D,616,,146,1
28162,ack,11:66:F0:00:01:3D,,0,145,1
28175,send,11:66:F0:00:01:3D,617,,146,1
28190,send,11:66:F0:00:01:3D,618,,147,1
28194,ack,11:66:F0:00:01:3D,,0,146,1
28209,send,11:66:F0:00:01:3D,619,,147,1
28223,send,11:66:F0:00:01:3D,620,,148,1
28226,ack,11:66:F0:00:01:3D,,0,147,1
28238,send,11:66:F0:00:01:3D,621,,148,1
28252,send,11:66:F0:00:01:3D,622,,149,1
28256,ack,11:66:F0:00:01:3D,,0,148,1
28268,send,11:66:F0:00:01:3D,623,,149,1
28283,send,11:66:F0:00:01:3D,624,,150,1
28286,ack,11:66:F0:00:01:3D,,0,149,1
28300,send,11:66:F0:00:01:3D,625,,150,1
28314,send,11:66:F0:00:01:3D,626,,151,1
28317,ack,11:66:F0:00:01:3D,,0,150,1
28330,send,11:66:F0:00:01:3D,627,,151,1
28345,send,11:66:F0:00:01:3D,628,,152,1
28347,ack,11:66:F0:00:01:3D,,0,151,1
28360,send,11:66:F0:00:01:3D,629,,152,1
28374,send,11:66:F0:00:01:3D,630,,153,1
28378,ack,11:66:F0:00:01:3D,,0,152,1
28390,send,11:66:F0:00:01:3D,631,,153,1
28404,send,11:66:F0:00:01:3D,632,,154,1
28410,ack,11:66:F0:00:01:3D,,0,153,1
28423,send,11:66:F0:00:01:3D,633,,154,1
28438,send,11:66:F0:00:01:3D,634,,155,1
28442,ack,11:66:F0:00:01:3D,,0,154,1
28455,send,11:66:F0:00:01:3D,635,,155,1
28468,send,11:66:F0:00:01:3D,636,,156,1
28474,ack,11:66:F0:00:01:3D,,0,155,1
28486,send,11:66:F0:00:01:3D,637,,156,1
28500,send,11:66:F0:00:01:3D,638,,157,1
28505,ack,11:66:F0:00:01:3D,,0,156,1
28517,send,11:66:F0:00:01:3D,639,,157,1
28531,send,11:66:F0:00:01:3D,640,,158,1
28536,ack,11:66:F0:00:01:3D,,0,157,1
28552,send,11:66:F0:00:01:3D,641,,158,1
28569,send,11:66:F0:00:01:3D,642,,159,1
28570,ack,11:66:F0:00:01:3D,,0,158,1
28583,send,11:66:F0:00:01:3D,643,,159,1
28598,send,11:66:F0:00:01:3D,644,,160,1
28602,ack,11:66:F0:00:01:3D,,0,159,1
28614,send,11:66:F0:00:01:3D,645,,160,1
28628,send,11:66:F0:00:01:3D,646,,161,1
28633,ack,11:66:F0:00:01:3D,,0,160,1
28646,send,11:66:F0:00:01:3D,647,,161,1
28661,send,11:66:F0:00:01:3D,648,,162,1
28667,ack,11:66:F0:00:01:3D,,0,161,1
28679,send,11:66:F0:00:01:3D,649,,162,1
28693,send,11:66:F0:00:01:3D,650,,163,1
28702,ack,11:66:F0:00:01:3D,,0,162,1
28713,send,11:66:F0:00:01:3D,651,,163,1
28728,send,11:66:F0:00:01:3D,652,,164,1
28733,ack,11:66:F0:00:01:3D,,0,163,1
28746,send,11:66:F0:00:01:3D,653,,164,1
28760,send,11:66:F0:00:01:3D,654,,165,1
28772,ack,11:66:F0:00:01:3D,,0,164,1
28783,send,11:66:F0:00:01:3D,655,,165,1
28797,send,11:66:F0:00:01:3D,656,,166,1
28805,ack,11:66:F0:00:01:3D,,0,165,1
28817,send,11:66:F0:00:01:3D,657,,166,1
28831,send,11:66:F0:00:01:3D,658,,167,1
28837,ack,11:66:F0:00:01:3D,,0,166,1
28848,send,11:66:F0:00:01:3D,659,,167,1
28863,send,11:66:F0:00:01:3D,660,,168,1
28869,ack,11:66:F0:00:01:3D,,0,167,1
28881,send,11:66:F0:00:01:3D,661,,168,1
28895,send,11:66:F0:00:01:3D,662,,169,1
28900,ack,11:66:F0:00:01:3D,,0,168,1
28914,send,11:66:F0:00:01:3D,663,,169,1
28928,send,11:66:F0:00:01:3D,664,,170,1
28933,ack,11:66:F0:00:01:3D,,0,169,1
28947,send,11:66:F0:00:01:3D,665,,170,1
28963,send,11:66:F0:00:01:3D,666,,171,1
28972,ack,11:66:F0:00:01:3D,,0,170,1
28984,send,11:66:F0:00:01:3D,667,,171,1
28998,send,11:66:F0:00:01:3D,668,,172,1
29004,ack,11:66:F0:00:01:3D,,0,171,1
29016,send,11:66:F0:00:01:3D,669,,172,1
29031,send,11:66:F0:00:01:3D,670,,173,1
29038,ack,11:66:F0:00:01:3D,,0,172,1
29059,send,11:66:F0:00:01:3D,671,,173,1
29071,ack,11:66:F0:00:01:3D,,0,172,1
29074,send,11:66:F0:00:01:3D,672,,173,1
29088,send,11:66:F0:00:01:3D,673,,174,1
29100,ack,11:66:F0:00:01:3D,,0,173,1
29102,send,11:66:F0:00:01:3D,674,,174,1
29117,send,11:66:F0:00:01:3D,675,,175,1
29130,ack,11:66:F0:00:01:3D,,0,174,1
29131,send,11:66:F0:00:01:3D,676,,175,1
29145,send,11:66:F0:00:01:3D,677,,176,1
29160,send,11:66:F0:00:01:3D,678,,177,1
29160,ack,11:66:F0:00:01:3D,,0,176,1
29174,send,11:66:F0:00:01:3D,679,,177,1
29187,send,11:66:F0:00:01:3D,680,,178,1
29191,ack,11:66:F0:00:01:3D,,0,177,1
29203,send,11:66:F0:00:01:3D,681,,178,1
29217,send,11:66:F0:00:01:3D,682,,179,1
29225,ack,11:66:F0:00:01:3D,,0,178,1
29232,send,11:66:F0:00:01:3D,683,,179,1
29246,send,11:66:F0:00:01:3D,684,,180,1
29256,ack,11:66:F0:00:01:3D,,0,179,1
29259,send,11:66:F0:00:01:3D,685,,180,1
29273,send,11:66:F0:00:01:3D,686,,181,1
29287,send,11:66:F0:00:01:3D,687,,182,1
29287,ack,11:66:F0:00:01:3D,,0,181,1
29300,send,11:66:F0:00:01:3D,688,,182,1
29314,send,11:66:F0:00:01:3D,689,,183,1
29318,ack,11:66:F0:00:01:3D,,0,182,1
29330,send,11:66:F0:00:01:3D,690,,183,1
29344,send,11:66:F0:00:01:3D,691,,184,1
29348,ack,11:66:F0:00:01:3D,,0,183,1
29360,send,11:66:F0:00:01:3D,692,,184,1
29374,send,11:66:F0:00:01:3D,693,,185,1
29379,ack,11:66:F0:00:01:3D,,0,184,1
29391,send,11:66:F0:00:01:3D,694,,185,1
29404,send,11:66:F0:00:01:3D,695,,186,1
29408,ack,11:66:F0:00:01:3D,,0,185,1
29421,send,11:66:F0:00:01:3D,696,,186,1
29436,send,11:66:F0:00:01:3D,697,,187,1
29438,ack,11:66:F0:00:01:3D,,0,186,1
29452,send,11:66:F0:00:01:3D,698,,187,1
29465,send,11:66:F0:00:01:3D,699,,188,1
29469,ack,11:66:F0:00:01:3D,,0,187,1
29481,send,11:66:F0:00:01:3D,700,,188,1
29495,send,11:66:F0:00:01:3D,701,,189,1
29499,ack,11:66:F0:00:01:3D,,0,188,1
29513,send,11:66:F0:00:01:3D,702,,189,1
29526,send,11:66:F0:00:01:3D,703,,190,1
29530,ack,11:66:F0:00:01:3D,,0,189,1
29542,send,11:66:F0:00:01:3D,704,,190,1
29557,send,11:66:F0:00:01:3D,705,,191,1
29561,ack,11:66:F0:00:01:3D,,0,190,1
29575,send,11:66:F0:00:01:3D,706,,191,1
29589,send,11:66:F0:00:01:3D,707,,192,1
29593,ack,11:66:F0:00:01:3D,,0,191,1
29606,send,11:66:F0:00:01:3D,708,,192,1
29619,send,11:66:F0:00:01:3D,709,,193,1
29626,ack,11:66:F0:00:01:3D,,0,192,1
29638,send,11:66:F0:00:01:3D,710,,193,1
29653,send,11:66:F0:00:01:3D,711,,194,1
29659,ack,11:66:F0:00:01:3D,,0,193,1
29671,send,11:66:F0:00:01:3D,712,,194,1
29686,send,11:66:F0:00:01:3D,713,,195,1
29693,ack,11:66:F0:00:01:3D,,0,194,1
29704,send,11:66:F0:00:01:3D,714,,195,1
29720,send,11:66:F0:00:01:3D,715,,196,1
29726,ack,11:66:F0:00:01:3D,,0,195,1
29737,send,11:66:F0:00:01:3D,716,,196,1
29751,send,11:66:F0:00:01:3D,717,,197,1
29756,ack,11:66:F0:00:01:3D,,0,196,1
29769,send,11:66:F0:00:01:3D,718,,197,1
29783,send,11:66:F0:00:01:3D,719,,198,1
29787,ack,11:66:F0:00:01:3D,,0,197,1
29799,send,11:66:F0:00:01:3D,720,,198,1
29814,send,11:66:F0:00:01:3D,721,,199,1
29818,ack,11:66:F0:00:01:3D,,0,198,1
29830,send,11:66:F0:00:01:3D,722,,199,1
29845,send,11:66:F0:00:01:3D,723,,200,1
29849,ack,11:66:F0:00:01:3D,,0,199,1
29862,send,11:66:F0:00:01:3D,724,,200,1
29876,send,11:66:F0:00:01:3D,725,,201,1
29879,ack,11:66:F0:00:01:3D,,0,200,1
29892,send,11:66:F0:00:01:3D,726,,201,1
29906,send,11:66:F0:00:01:3D,727,,202,1
29913,ack,11:66:F0:00:01:3D,,0,201,1
29925,send,11:66:F0:00:01:3D,728,,202,1
29940,send,11:66:F0:00:01:3D,729,,203,1
29944,ack,11:66:F0:00:01:3D,,0,202,1
29956,send,11:66:F0:00:01:3D,730,,203,1
29971,send,11:66:F0:00:01:3D,731,,204,1
29977,ack,11:66:F0:00:01:3D,,0,203,1
29989,send,11:66:F0:00:01:3D,732,,204,1
30003,send,11:66:F0:00:01:3D,733,,205,1
30008,ack,11:66:F0:00:01:3D,,0,204,1
30021,send,11:66:F0:00:01:3D,734,,205,1
30035,send,11:66:F0:00:01:3D,735,,206,1
30039,ack,11:66:F0:00:01:3D,,0,205,1
30053,send,11:66:F0:00:01:3D,736,,206,1
30068,send,11:66:F0:00:01:3D,737,,207,1
30070,ack,11:66:F0:00:01:3D,,0,206,1
30083,send,11:66:F0:00:01:3D,738,,207,1
30097,send,11:66:F0:00:01:3D,739,,208,1
30104,ack,11:66:F0:00:01:3D,,0,207,1
30117,send,11:66:F0:00:01:3D,740,,208,1
30132,send,11:66:F0:00:01:3D,741,,209,1
30138,ack,11:66:F0:00:01:3D,,0,208,1
30150,send,11:66:F0:00:01:3D,742,,209,1
30164,send,11:66:F0:00:01:3D,743,,210,1
30171,ack,11:66:F0:00:01:3D,,0,209,1
30184,send,11:66:F0:00:01:3D,744,,210,1
30198,send,11:66:F0:00:01:3D,745,,211,1
30201,ack,11:66:F0:00:01:3D,,0,210,1
30216,send,11:66:F0:00:01:3D,746,,211,1
30230,send,11:66:F0:00:01:3D,747,,212,1
30234,ack,11:66:F0:00:01:3D,,0,211,1
30245,send,11:66:F0:00:01:3D,748,,212,1
30259,send,11:66:F0:00:01:3D,749,,213,1
30263,ack,11:66:F0:00:01:3D,,0,212,1
30276,send,11:66:F0:00:01:3D,750,,213,1
30290,send,11:66:F0:00:01:3D,751,,214,1
30293,ack,11:66:F0:00:01:3D,,0,213,1
30305,send,11:66:F0:00:01:3D,752,,214,1
30319,send,11:66:F0:00:01:3D,753,,215,1
30322,ack,11:66:F0:00:01:3D,,0,214,1
30335,send,11:66:F0:00:01:3D,754,,215,1
30354,ack,11:66:F0:00:01:3D,,0,214,1
31036,send,11:66:F0:00:01:3D,755,,215,1
31043,ack,11:66:F0:00:01:3D,,0,214,1
31052,send,11:66:F0:00:01:3D,756,,215,1
31064,send,11:66:F0:00:01:3D,757,,216,1
31075,send,11:66:F0:00:01:3D,758,,217,1
31076,ack,11:66:F0:00:01:3D,,0,216,1
31086,send,11:66:F0:00:01:3D,759,,217,1
31097,send,11:66:F0:00:01:3D,760,,218,1
31108,send,11:66:F0:00:01:3D,761,,219,1
31109,ack,11:66:F0:00:01:3D,,0,218,1
31119,send,11:66:F0:00:01:3D,762,,219,1
31130,send,11:66:F0:00:01:3D,763,,220,1
31141,ack,11:66:F0:00:01:3D,,0,219,1
31142,send,11:66:F0:00:01:3D,764,,220,1
31152,send,11:66:F0:00:01:3D,765,,221,1
31163,send,11:66:F0:00:01:3D,766,,222,1
31174,send,11:66:F0:00:01:3D,767,,223,1
31176,ack,11:66:F0:00:01:3D,,0,222,1
31185,send,11:66:F0:00:01:3D,768,,223,1
31196,send,11:66:F0:00:01:3D,769,,224,1
31206,send,11:66:F0:00:01:3D,770,,225,1
31209,ack,11:66:F0:00:01:3D,,0,224,1
31219,send,11:66:F0:00:01:3D,771,,225,1
31230,send,11:66:F0:00:01:3D,772,,226,1
31240,ack,11:66:F0:00:01:3D,,0,225,1
31241,send,11:66:F0:00:01:3D,773,,226,1
31252,send,11:66:F0:00:01:3D,774,,227,1
31263,send,11:66:F0:00:01:3D,775,,228,1
31274,ack,11:66:F0:00:01:3D,,0,227,1
31281,send,11:66:F0:00:01:3D,776,,228,1
31292,send,11:66:F0:00:01:3D,777,,229,1
31304,send,11:66:F0:00:01:3D,778,,230,1
31305,ack,11:66:F0:00:01:3D,,0,229,1
31318,send,11:66:F0:00:01:3D,779,,230,1
31329,send,11:66:F0:00:01:3D,780,,231,1
31338,ack,11:66:F0:00:01:3D,,0,230,1
31339,send,11:66:F0:00:01:3D,781,,231,1
31351,send,11:66:F0:00:01:3D,782,,232,1
31362,send,11:66:F0:00:01:3D,783,,233,1
31367,ack,11:66:F0:00:01:3D,,0,232,1
31373,send,11:66:F0:00:01:3D,784,,233,1
31384,send,11:66:F0:00:01:3D,785,,234,1
31394,send,11:66:F0:00:01:3D,786,,235,1
31396,ack,11:66:F0:00:01:3D,,0,234,1
31407,send,11:66:F0:00:01:3D,787,,235,1
31419,send,11:66:F0:00:01:3D,788,,236,1
31428,ack,11:66:F0:00:01:3D,,0,235,1
31431,send,11:66:F0:00:01:3D,789,,236,1
31441,send,11:66:F0:00:01:3D,790,,237,1
31453,send,11:66:F0:00:01:3D,791,,238,1
31457,ack,11:66:F0:00:01:3D,,0,237,1
31467,send,11:66:F0:00:01:3D,792,,238,1
31479,send,11:66:F0:00:01:3D,793,,239,1
31488,ack,11:66:F0:00:01:3D,,0,238,1
31490,send,11:66:F0:00:01:3D,794,,239,1
31502,send,11:66:F0:00:01:3D,795,,240,1
31513,send,11:66:F0:00:01:3D,796,,241,1
31519,ack,11:66:F0:00:01:3D,,0,240,1
31528,send,11:66:F0:00:01:3D,797,,241,1
31539,send,11:66:F0:00:01:3D,798,,242,1
31549,ack,11:66:F0:00:01:3D,,0,241,1
31550,send,11:66:F0:00:01:3D,799,,242,1
31562,send,11:66:F0:00:01:3D,800,,243,1
31573,send,11:66:F0:00:01:3D,801,,244,1
31583,ack,11:66:F0:00:01:3D,,0,243,1
31586,send,11:66:F0:00:01:3D,802,,244,1
31597,send,11:66:F0:00:01:3D,803,,245,1
31608,send,11:66:F0:00:01:3D,804,,246,1
31613,ack,11:66:F0:00:01:3D,,0,245,1
31623,send,11:66:F0:00:01:3D,805,,246,1
31634,send,11:66:F0:00:01:3D,806,,247,1
31645,ack,11:66:F0:00:01:3D,,0,246,1
31645,send,11:66:F0:00:01:3D,807,,247,1
31657,send,11:66:F0:00:01:3D,808,,248,1
31668,send,11:66:F0:00:01:3D,809,,249,1
31675,ack,11:66:F0:00:01:3D,,0,248,1
31679,send,11:66:F0:00:01:3D,810,,249,1
31690,send,11:66:F0:00:01:3D,811,,250,1
31702,send,11:66:F0:00:01:3D,812,,251,1
31706,ack,11:66:F0:00:01:3D,,0,250,1
31716,send,11:66:F0:00:01:3D,813,,251,1
31727,send,11:66:F0:00:01:3D,814,,252,1
31738,ack,11:66:F0:00:01:3D,,0,251,1
31738,send,11:66:F0:00:01:3D,815,,252,1
31750,send,11:66:F0:00:01:3D,816,,253,1
31761,send,11:66:F0:00:01:3D,817,,254,1
31769,ack,11:66:F0:00:01:3D,,0,253,1
31772,send,11:66:F0:00:01:3D,818,,254,1
31785,send,11:66:F0:00:01:3D,819,,255,1
31796,send,11:66:F0:00:01:3D,820,,256,1
31799,ack,11:66:F0:00:01:3D,,0,255,1
31810,send,11:66:F0:00:01:3D,821,,256,1
31821,send,11:66:F0:00:01:3D,822,,257,1
31827,ack,11:66:F0:00:01:3D,,0,256,1
31831,send,11:66:F0:00:01:3D,823,,257,1
31842,send,11:66:F0:00:01:3D,824,,258,1
31852,send,11:66:F0:00:01:3D,825,,259,1
31854,ack,11:66:F0:00:01:3D,,0,258,1
31865,send,11:66:F0:00:01:3D,826,,259,1
31875,send,11:66:F0:00:01:3D,827,,260,1
31882,ack,11:66:F0:00:01:3D,,0,259,1
31886,send,11:66:F0:00:01:3D,828,,260,1
31897,send,11:66:F0:00:01:3D,829,,261,1
31908,send,11:66:F0:00:01:3D,830,,262,1
31912,ack,11:66:F0:00:01:3D,,0,261,1
31922,send,11:66:F0:00:01:3D,831,,262,1
31933,send,11:66:F0:00:01:3D,832,,263,1
31943,ack,11:66:F0:00:01:3D,,0,262,1
31944,send,11:66:F0:00:01:3D,833,,263,1
31955,send,11:66:F0:00:01:3D,834,,264,1
31966,send,11:66:F0:00:01:3D,835,,265,1
31977,ack,11:66:F0:00:01:3D,,0,264,1
31977,send,11:66:F0:00:01:3D,836,,265,1
31989,send,11:66:F0:00:01:3D,837,,266,1
32000,send,11:66:F0:00:01:3D,838,,267,1
32009,ack,11:66:F0:00:01:3D,,0,266,1
32011,send,11:66:F0:00:01:3D,839,,267,1
32021,send,11:66:F0:00:01:3D,840,,268,1
32033,send,11:66:F0:00:01:3D,841,,269,1
32041,ack,11:66:F0:00:01:3D,,0,268,1
32056,send,11:66:F0:00:01:3D,842,,269,1
32067,send,11:66:F0:00:01:3D,843,,270,1
32073,ack,11:66:F0:00:01:3D,,0,269,1
32082,send,11:66:F0:00:01:3D,844,,270,1
32093,send,11:66:F0:00:01:3D,845,,271,1
32103,send,11:66:F0:00:01:3D,846,,272,1
32106,ack,11:66:F0:00:01:3D,,0,271,1
32115,send,11:66:F0:00:01:3D,847,,272,1
32126,send,11:66:F0:00:01:3D,848,,273,1
32135,ack,11:66:F0:00:01:3D,,0,272,1
32138,send,11:66:F0:00:01:3D,849,,273,1
32148,send,11:66:F0:00:01:3D,850,,274,1
32159,send,11:66:F0:00:01:3D,851,,275,1
32166,ack,11:66:F0:00:01:3D,,0,274,1
32169,send,11:66:F0:00:01:3D,852,,275,1
32181,send,11:66:F0:00:01:3D,853,,276,1
32192,send,11:66:F0:00:01:3D,854,,277,1
32198,ack,11:66:F0:00:01:3D,,0,276,1
32208,send,11:66:F0:00:01:3D,855,,277,1
32219,send,11:66:F0:00:01:3D,856,,278,1
32230,ack,11:66:F0:00:01:3D,,0,277,1
32230,send,11:66:F0:00:01:3D,857,,278,1
32242,send,11:66:F0:00:01:3D,858,,279,1
32253,send,11:66:F0:00:01:3D,859,,280,1
32263,ack,11:66:F0:00:01:3D,,0,279,1
32264,send,11:66:F0:00:01:3D,860,,280,1
32282,send,11:66:F0:00:01:3D,861,,281,1
32293,send,11:66:F0:00:01:3D,862,,282,1
32295,ack,11:66:F0:00:01:3D,,0,281,1
32304,send,11:66:F0:00:01:3D,863,,282,1
32315,send,11:66:F0:00:01:3D,864,,283,1
32326,send,11:66:F0:00:01:3D,865,,284,1
32329,ack,11:66:F0:00:01:3D,,0,283,1
32339,send,11:66:F0:00:01:3D,866,,284,1
32351,send,11:66:F0:00:01:3D,867,,285,1
32362,ack,11:66:F0:00:01:3D,,0,284,1
32362,send,11:66:F0:00:01:3D,868,,285,1
32374,send,11:66:F0:00:01:3D,869,,286,1
32386,send,11:66:F0:00:01:3D,870,,287,1
32394,ack,11:66:F0:00:01:3D,,0,286,1
32397,send,11:66:F0:00:01:3D,871,,287,1
32409,send,11:66:F0:00:01:3D,872,,288,1
32420,send,11:66:F0:00:01:3D,873,,289,1
32426,ack,11:66:F0:00:01:3D,,0,288,1
32436,send,11:66:F0:00:01:3D,874,,289,1
32448,send,11:66:F0:00:01:3D,875,,290,1
32458,ack,11:66:F0:00:01:3D,,0,289,1
32459,send,11:66:F0:00:01:3D,876,,290,1
32470,send,11:66:F0:00:01:3D,877,,291,1
32480,send,11:66:F0:00:01:3D,878,,292,1
32490,ack,11:66:F0:00:01:3D,,0,291,1
32491,send,11:66:F0:00:01:3D,879,,292,1
32503,send,11:66:F0:00:01:3D,880,,293,1
32515,send,11:66:F0:00:01:3D,881,,294,1
32521,ack,11:66:F0:00:01:3D,,0,293,1
32530,send,11:66:F0:00:01:3D,882,,294,1
32540,send,11:66:F0:00:01:3D,883,,295,1
32551,send,11:66:F0:00:01:3D,884,,296,1
32554,ack,11:66:F0:00:01:3D,,0,295,1
32564,send,11:66:F0:00:01:3D,885,,296,1
32575,send,11:66:F0:00:01:3D,886,,297,1
32586,send,11:66:F0:00:01:3D,887,,298,1
32590,ack,11:66:F0:00:01:3D,,0,297,1
32598,send,11:66:F0:00:01:3D,888,,298,1
32610,send,11:66:F0:00:01:3D,889,,299,1
32622,send,11:66:F0:00:01:3D,890,,300,1
32624,ack,11:66:F0:00:01:3D,,0,299,1
32637,send,11:66:F0:00:01:3D,891,,300,1
32649,send,11:66:F0:00:01:3D,892,,301,1
32655,ack,11:66:F0:00:01:3D,,0,300,1
32664,send,11:66:F0:00:01:3D,893,,301,1
32676,send,11:66:F0:00:01:3D,894,,302,1
32688,send,11:66:F0:00:01:3D,895,,303,1
32690,ack,11:66:F0:00:01:3D,,0,302,1
32700,send,11:66:F0:00:01:3D,896,,303,1
32712,send,11:66:F0:00:01:3D,897,,304,1
32723,send,11:66:F0:00:01:3D,898,,305,1
32725,ack,11:66:F0:00:01:3D,,0,304,1
32735,send,11:66:F0:00:01:3D,899,,305,1
32747,send,11:66:F0:00:01:3D,900,,306,1
32759,send,11:66:F0:00:01:3D,901,,307,1
32762,ack,11:66:F0:00:01:3D,,0,306,1
32770,send,11:66:F0:00:01:3D,902,,307,1
32780,send,11:66:F0:00:01:3D,903,,308,1
32790,send,11:66:F0:00:01:3D,904,,309,1
32795,ack,11:66:F0:00:01:3D,,0,308,1
32804,send,11:66:F0:00:01:3D,905,,309,1
32815,send,11:66:F0:00:01:3D,906,,310,1
32827,send,11:66:F0:00:01:3D,907,,311,1
32831,ack,11:66:F0:00:01:3D,,0,310,1
32839,send,11:66:F0:00:01:3D,908,,311,1
32850,send,11:66:F0:00:01:3D,909,,312,1
32862,send,11:66:F0:00:01:3D,910,,313,1
32870,ack,11:66:F0:00:01:3D,,0,312,1
32881,send,11:66:F0:00:01:3D,911,,313,1
32893,send,11:66:F0:00:01:3D,912,,314,1
32905,send,11:66:F0:00:01:3D,913,,315,1
32907,ack,11:66:F0:00:01:3D,,0,314,1
32918,send,11:66:F0:00:01:3D,914,,315,1
32929,send,11:66:F0:00:01:3D,915,,316,1
32939,ack,11:66:F0:00:01:3D,,0,315,1
32940,send,11:66:F0:00:01:3D,916,,316,1
32951,send,11:66:F0:00:01:3D,917,,317,1
32962,send,11:66:F0:00:01:3D,918,,318,1
32972,ack,11:66:F0:00:01:3D,,0,317,1
32974,send,11:66:F0:00:01:3D,919,,318,1
32985,send,11:66:F0:00:01:3D,920,,319,1
32996,send,11:66:F0:00:01:3D,921,,320,1
33005,ack,11:66:F0:00:01:3D,,0,319,1
33007,send,11:66:F0:00:01:3D,922,,320,1
33018,send,11:66:F0:00:01:3D,923,,321,1
33029,send,11:66:F0:00:01:3D,924,,322,1
33038,ack,11:66:F0:00:01:3D,,0,321,1
33040,send,11:66:F0:00:01:3D,925,,322,1
33051,send,11:66:F0:00:01:3D,926,,323,1
33064,send,11:66:F0:00:01:3D,927,,324,1
33070,ack,11:66:F0:00:01:3D,,0,323,1
33079,send,11:66:F0:00:01:3D,928,,324,1
33090,send,11:66:F0:00:01:3D,929,,325,1
33102,ack,11:66:F0:00:01:3D,,0,324,1
33103,send,11:66:F0:00:01:3D,930,,325,1
33114,send,11:66:F0:00:01:3D,931,,326,1
33126,send,11:66:F0:00:01:3D,932,,327,1
33134,ack,11:66:F0:00:01:3D,,0,326,1
33144,send,11:66:F0:00:01:3D,933,,327,1
33155,send,11:66:F0:00:01:3D,934,,328,1
33167,send,11:66:F0:00:01:3D,935,,329,1
33167,ack,11:66:F0:00:01:3D,,0,328,1
33179,send,11:66:F0:00:01:3D,936,,329,1
33190,send,11:66:F0:00:01:3D,937,,330,1
33199,ack,11:66:F0:00:01:3D,,0,329,1
33202,send,11:66:F0:00:01:3D,938,,330,1
33213,send,11:66:F0:00:01:3D,939,,331,1
33224,send,11:66:F0:00:01:3D,940,,332,1
33229,ack,11:66:F0:00:01:3D,,0,331,1
33240,send,11:66:F0:00:01:3D,941,,332,1
33251,send,11:66:F0:00:01:3D,942,,333,1
33262,ack,11:66:F0:00:01:3D,,0,332,1
33262,send,11:66:F0:00:01:3D,943,,333,1
33283,send,11:66:F0:00:01:3D,944,,334,1
33292,ack,11:66:F0:00:01:3D,,0,333,1
33294,send,11:66:F0:00:01:3D,945,,334,1
33305,send,11:66:F0:00:01:3D,946,,335,1
33316,send,11:66:F0:00:01:3D,947,,336,1
33322,ack,11:66:F0:00:01:3D,,0,335,1
33327,send,11:66:F0:00:01:3D,948,,336,1
33338,send,11:66:F0:00:01:3D,949,,337,1
33349,send,11:66:F0:00:01:3D,950,,338,1
33353,ack,11:66:F0:00:01:3D,,0,337,1
33363,send,11:66:F0:00:01:3D,951,,338,1
33374,send,11:66:F0:00:01:3D,952,,339,1
33385,ack,11:66:F0:00:01:3D,,0,338,1
33385,send,11:66:F0:00:01:3D,953,,339,1
33397,send,11:66:F0:00:01:3D,954,,340,1
33408,send,11:66:F0:00:01:3D,955,,341,1
33415,ack,11:66:F0:00:01:3D,,0,340,1
33419,send,11:66:F0:00:01:3D,956,,341,1
33431,send,11:66:F0:00:01:3D,957,,342,1
33441,send,11:66:F0:00:01:3D,958,,343,1
33448,ack,11:66:F0:00:01:3D,,0,342,1
33457,send,11:66:F0:00:01:3D,959,,343,1
33468,send,11:66:F0:00:01:3D,960,,344,1
33479,ack,11:66:F0:00:01:3D,,0,343,1
33479,send,11:66:F0:00:01:3D,961,,344,1
33491,send,11:66:F0:00:01:3D,962,,345,1
33501,send,11:66:F0:00:01:3D,963,,346,1
33511,ack,11:66:F0:00:01:3D,,0,345,1
33513,send,11:66:F0:00:01:3D,964,,346,1
33524,send,11:66:F0:00:01:3D,965,,347,1
33536,send,11:66:F0:00:01:3D,966,,348,1
33543,ack,11:66:F0:00:01:3D,,0,347,1
33552,send,11:66:F0:00:01:3D,967,,348,1
33563,send,11:66:F0:00:01:3D,968,,349,1
33574,send,11:66:F0:00:01:3D,969,,350,1
33575,ack,11:66:F0:00:01:3D,,0,349,1
33585,send,11:66:F0:00:01:3D,970,,350,1
33596,send,11:66:F0:00:01:3D,971,,351,1
33607,send,11:66:F0:00:01:3D,972,,352,1
33608,ack,11:66:F0:00:01:3D,,0,351,1
33618,send,11:66:F0:00:01:3D,973,,352,1
33629,send,11:66:F0:00:01:3D,974,,353,1
33639,send,11:66:F0:00:01:3D,975,,354,1
33642,ack,11:66:F0:00:01:3D,,0,353,1
33652,send,11:66:F0:00:01:3D,976,,354,1
33663,send,11:66:F0:00:01:3D,977,,355,1
33674,ack,11:66:F0:00:01:3D,,0,354,1
33675,send,11:66:F0:00:01:3D,978,,355,1
33686,send,11:66:F0:00:01:3D,979,,356,1
33698,send,11:66:F0:00:01:3D,980,,357,1
33706,ack,11:66:F0:00:01:3D,,0,356,1
33715,send,11:66:F0:00:01:3D,981,,357,1
33726,send,11:66:F0:00:01:3D,982,,358,1
33736,send,11:66:F0:00:01:3D,983,,359,1
33740,ack,11:66:F0:00:01:3D,,0,358,1
33751,send,11:66:F0:00:01:3D,984,,359,1
33762,send,11:66:F0:00:01:3D,985,,360,1
33772,ack,11:66:F0:00:01:3D,,0,359,1
33772,send,11:66:F0:00:01:3D,986,,360,1
33784,send,11:66:F0:00:01:3D,987,,361,1
33796,send,11:66:F0:00:01:3D,988,,362,1
33803,ack,11:66:F0:00:01:3D,,0,361,1
33812,send,11:66:F0:00:01:3D,989,,362,1
33822,send,11:66:F0:00:01:3D,990,,363,1
33833,send,11:66:F0:00:01:3D,991,,364,1
33834,ack,11:66:F0:00:01:3D,,0,363,1
33846,send,11:66:F0:00:01:3D,992,,364,1
33857,send,11:66:F0:00:01:3D,993,,365,1
33867,ack,11:66:F0:00:01:3D,,0,364,1
33869,send,11:66:F0:00:01:3D,994,,365,1
33880,send,11:66:F0:00:01:3D,995,,366,1
33891,send,11:66:F0:00:01:3D,996,,367,1
33899,ack,11:66:F0:00:01:3D,,0,366,1
33902,send,11:66:F0:00:01:3D,997,,367,1
33913,send,11:66:F0:00:01:3D,998,,368,1
33924,send,11:66:F0:00:01:3D,999,,369,1
33929,ack,11:66:F0:00:01:3D,,0,368,1
33939,send,11:66:F0:00:01:3D,1000,,369,1
33951,send,11:66:F0:00:01:3D,1001,,370,1
33962,send,11:66:F0:00:01:3D,1002,,371,1
33965,ack,11:66:F0:00:01:3D,,0,370,1
33975,send,11:66:F0:00:01:3D,1003,,371,1
33987,send,11:66:F0:00:01:3D,1004,,372,1
33996,ack,11:66:F0:00:01:3D,,0,371,1
33997,send,11:66:F0:00:01:3D,1005,,372,1
34008,send,11:66:F0:00:01:3D,1006,,373,1
34020,send,11:66:F0:00:01:3D,1007,,374,1
34029,ack,11:66:F0:00:01:3D,,0,373,1
34031,send,11:66:F0:00:01:3D,1008,,374,1
34042,send,11:66:F0:00:01:3D,1009,,375,1
34053,send,11:66:F0:00:01:3D,1010,,376,1
34062,ack,11:66:F0:00:01:3D,,0,375,1
34069,send,11:66:F0:00:01:3D,1011,,376,1
34080,send,11:66:F0:00:01:3D,1012,,377,1
34091,send,11:66:F0:00:01:3D,1013,,378,1
34096,ack,11:66:F0:00:01:3D,,0,377,1
34106,send,11:66:F0:00:01:3D,1014,,378,1
34117,send,11:66:F0:00:01:3D,1015,,379,1
34128,send,11:66:F0:00:01:3D,1016,,380,1
34129,ack,11:66:F0:00:01:3D,,0,379,1
34139,send,11:66:F0:00:01:3D,1017,,380,1
34150,send,11:66:F0:00:01:3D,1018,,381,1
34160,ack,11:66:F0:00:01:3D,,0,380,1
34162,send,11:66:F0:00:01:3D,1019,,381,1
34173,send,11:66:F0:00:01:3D,1020,,382,1
34185,send,11:66:F0:00:01:3D,1021,,383,1
34190,ack,11:66:F0:00:01:3D,,0,382,1
34199,send,11:66:F0:00:01:3D,1022,,383,1
34212,send,11:66:F0:00:01:3D,1023,,384,1
34222,ack,11:66:F0:00:01:3D,,0,383,1
34224,send,11:66:F0:00:01:3D,1024,,384,1
34235,send,11:66:F0:00:01:3D,1025,,385,1
34247,send,11:66:F0:00:01:3D,1026,,386,1
34252,ack,11:66:F0:00:01:3D,,0,385,1
34261,send,11:66:F0:00:01:3D,1027,,386,1
34283,send,11:66:F0:00:01:3D,1028,,387,1
34284,ack,11:66:F0:00:01:3D,,0,386,1
34294,send,11:66:F0:00:01:3D,1029,,387,1
34304,send,11:66:F0:00:01:3D,1030,,388,1
34315,send,11:66:F0:00:01:3D,1031,,389,1
34316,ack,11:66:F0:00:01:3D,,0,388,1
34327,send,11:66:F0:00:01:3D,1032,,389,1
34337,send,11:66:F0:00:01:3D,1033,,390,1
34349,ack,11:66:F0:00:01:3D,,0,389,1
34350,send,11:66:F0:00:01:3D,1034,,390,1
34363,send,11:66:F0:00:01:3D,1035,,391,1
34373,send,11:66:F0:00:01:3D,1036,,392,1
34379,ack,11:66:F0:00:01:3D,,0,391,1
34389,send,11:66:F0:00:01:3D,1037,,392,1
34402,send,11:66:F0:00:01:3D,1038,,393,1
34413,ack,11:66:F0:00:01:3D,,0,392,1
34414,send,11:66:F0:00:01:3D,1039,,393,1
34425,send,11:66:F0:00:01:3D,1040,,394,1
34436,send,11:66:F0:00:01:3D,1041,,395,1
34447,ack,11:66:F0:00:01:3D,,0,394,1
34447,send,11:66:F0:00:01:3D,1042,,395,1
34459,send,11:66:F0:00:01:3D,1043,,396,1
34469,send,11:66:F0:00:01:3D,1044,,397,1
34481,send,11:66:F0:00:01:3D,1045,,398,1
34483,ack,11:66:F0:00:01:3D,,0,397,1
34491,send,11:66:F0:00:01:3D,1046,,398,1
34503,send,11:66:F0:00:01:3D,1047,,399,1
34513,ack,11:66:F0:00:01:3D,,0,398,1
34514,send,11:66:F0:00:01:3D,1048,,399,1
34525,send,11:66:F0:00:01:3D,1049,,400,1
34536,send,11:66:F0:00:01:3D,1050,,401,1
34547,send,11:66:F0:00:01:3D,1051,,402,1
34548,ack,11:66:F0:00:01:3D,,0,401,1
34558,send,11:66:F0:00:01:3D,1052,,402,1
34568,send,11:66:F0:00:01:3D,1053,,403,1
34579,send,11:66:F0:00:01:3D,1054,,404,1
34581,ack,11:66:F0:00:01:3D,,0,403,1
34590,send,11:66:F0:00:01:3D,1055,,404,1
34603,send,11:66:F0:00:01:3D,1056,,405,1
34613,ack,11:66:F0:00:01:3D,,0,404,1
34615,send,11:66:F0:00:01:3D,1057,,405,1
34627,send,11:66:F0:00:01:3D,1058,,406,1
34638,send,11:66:F0:00:01:3D,1059,,407,1
34642,ack,11:66:F0:00:01:3D,,0,406,1
34651,send,11:66:F0:00:01:3D,1060,,407,1
34662,send,11:66:F0:00:01:3D,1061,,408,1
34673,send,11:66:F0:00:01:3D,1062,,409,1
34673,ack,11:66:F0:00:01:3D,,0,408,1
34684,send,11:66:F0:00:01:3D,1063,,409,1
34694,send,11:66:F0:00:01:3D,1064,,410,1
34704,ack,11:66:F0:00:01:3D,,0,409,1
34705,send,11:66:F0:00:01:3D,1065,,410,1
34717,send,11:66:F0:00:01:3D,1066,,411,1
34727,send,11:66:F0:00:01:3D,1067,,412,1
34736,ack,11:66:F0:00:01:3D,,0,411,1
34738,send,11:66:F0:00:01:3D,1068,,412,1
34750,send,11:66:F0:00:01:3D,1069,,413,1
34761,send,11:66:F0:00:01:3D,1070,,414,1
34768,ack,11:66:F0:00:01:3D,,0,413,1
34774,send,11:66:F0:00:01:3D,1071,,414,1
34786,send,11:66:F0:00:01:3D,1072,,415,1
34797,send,11:66:F0:00:01:3D,1073,,416,1
34798,ack,11:66:F0:00:01:3D,,0,415,1
34809,send,11:66:F0:00:01:3D,1074,,416,1
34820,send,11:66:F0:00:01:3D,1075,,417,1
34831,send,11:66:F0:00:01:3D,1076,,418,1
34831,ack,11:66:F0:00:01:3D,,0,417,1
34841,send,11:66:F0:00:01:3D,1077,,418,1
34852,send,11:66:F0:00:01:3D,1078,,419,1
34862,send,11:66:F0:00:01:3D,1079,,420,1
34865,ack,11:66:F0:00:01:3D,,0,419,1
34874,send,11:66:F0:00:01:3D,1080,,420,1
34885,send,11:66:F0:00:01:3D,1081,,421,1
34896,send,11:66:F0:00:01:3D,1082,,422,1
34897,ack,11:66:F0:00:01:3D,,0,421,1
34907,send,11:66:F0:00:01:3D,1083,,422,1
34918,send,11:66:F0:00:01:3D,1084,,423,1
34928,ack,11:66:F0:00:01:3D,,0,422,1
34929,send,11:66:F0:00:01:3D,1085,,423,1
34940,send,11:66:F0:00:01:3D,1086,,424,1
34951,send,11:66:F0:00:01:3D,1087,,425,1
34960,ack,11:66:F0:00:01:3D,,0,424,1
34962,send,11:66:F0:00:01:3D,1088,,425,1
34972,send,11:66:F0:00:01:3D,1089,,426,1
34983,send,11:66:F0:00:01:3D,1090,,427,1
34991,ack,11:66:F0:00:01:3D,,0,426,1
34994,send,11:66:F0:00:01:3D,1091,,427,1
35005,send,11:66:F0:00:01:3D,1092,,428,1
35016,send,11:66:F0:00:01:3D,1093,,429,1
35022,ack,11:66:F0:00:01:3D,,0,428,1
35034,send,11:66:F0:00:01:3D,1094,,429,1
35046,send,11:66:F0:00:01:3D,1095,,430,1
35053,ack,11:66:F0:00:01:3D,,0,429,1
35064,send,11:66:F0:00:01:3D,1096,,430,1
35075,send,11:66:F0:00:01:3D,1097,,431,1
35085,ack,11:66:F0:00:01:3D,,0,430,1
35086,send,11:66:F0:00:01:3D,1098,,431,1
35097,send,11:66:F0:00:01:3D,1099,,432,1
35108,send,11:66:F0:00:01:3D,1100,,433,1
35115,ack,11:66:F0:00:01:3D,,0,432,1
35119,send,11:66:F0:00:01:3D,1101,,433,1
35130,send,11:66:F0:00:01:3D,1102,,434,1
35142,send,11:66:F0:00:01:3D,1103,,435,1
35147,ack,11:66:F0:00:01:3D,,0,434,1
35155,send,11:66:F0:00:01:3D,1104,,435,1
35167,send,11:66:F0:00:01:3D,1105,,436,1
35178,ack,11:66:F0:00:01:3D,,0,435,1
35179,send,11:66:F0:00:01:3D,1106,,436,1
35190,send,11:66:F0:00:01:3D,1107,,437,1
35202,send,11:66:F0:00:01:3D,1108,,438,1
35210,ack,11:66:F0:00:01:3D,,0,437,1
35213,send,11:66:F0:00:01:3D,1109,,438,1
35225,send,11:66:F0:00:01:3D,1110,,439,1
35235,send,11:66:F0:00:01:3D,1111,,440,1
35240,ack,11:66:F0:00:01:3D,,0,439,1
35251,send,11:66:F0:00:01:3D,1112,,440,1
35262,send,11:66:F0:00:01:3D,1113,,441,1
35273,ack,11:66:F0:00:01:3D,,0,440,1
35285,send,11:66:F0:00:01:3D,1114,,441,1
35296,send,11:66:F0:00:01:3D,1115,,442,1
35306,ack,11:66:F0:00:01:3D,,0,441,1
35307,send,11:66:F0:00:01:3D,1116,,442,1
35317,send,11:66:F0:00:01:3D,1117,,443,1
35328,send,11:66:F0:00:01:3D,1118,,444,1
35338,ack,11:66:F0:00:01:3D,,0,443,1
35339,send,11:66:F0:00:01:3D,1119,,444,1
35351,send,11:66:F0:00:01:3D,1120,,445,1
35363,send,11:66:F0:00:01:3D,1121,,446,1
35369,ack,11:66:F0:00:01:3D,,0,445,1
35380,send,11:66:F0:00:01:3D,1122,,446,1
35390,send,11:66:F0:00:01:3D,1123,,447,1
35400,send,11:66:F0:00:01:3D,1124,,448,1
35404,ack,11:66:F0:00:01:3D,,0,447,1
35415,send,11:66:F0:00:01:3D,1125,,448,1
35426,send,11:66:F0:00:01:3D,1126,,449,1
35436,ack,11:66:F0:00:01:3D,,0,448,1
35437,send,11:66:F0:00:01:3D,1127,,449,1
35449,send,11:66:F0:00:01:3D,1128,,450,1
35460,send,11:66:F0:00:01:3D,1129,,451,1
35465,ack,11:66:F0:00:01:3D,,0,450,1
35474,send,11:66:F0:00:01:3D,1130,,451,1
35486,send,11:66:F0:00:01:3D,1131,,452,1
35497,ack,11:66:F0:00:01:3D,,0,451,1
35497,send,11:66:F0:00:01:3D,1132,,452,1
35509,send,11:66:F0:00:01:3D,1133,,453,1
35520,send,11:66:F0:00:01:3D,1134,,454,1
35528,ack,11:66:F0:00:01:3D,,0,453,1
35531,send,11:66:F0:00:01:3D,1135,,454,1
35542,send,11:66:F0:00:01:3D,1136,,455,1
35554,send,11:66:F0:00:01:3D,1137,,456,1
35558,ack,11:66:F0:00:01:3D,,0,455,1
35569,send,11:66:F0:00:01:3D,1138,,456,1
35580,send,11:66:F0:00:01:3D,1139,,457,1
35591,send,11:66:F0:00:01:3D,1140,,458,1
35593,ack,11:66:F0:00:01:3D,,0,457,1
35603,send,11:66:F0:00:01:3D,1141,,458,1
35614,send,11:66:F0:00:01:3D,1142,,459,1
35625,send,11:66:F0:00:01:3D,1143,,460,1
35626,ack,11:66:F0:00:01:3D,,0,459,1
35636,send,11:66:F0:00:01:3D,1144,,460,1
35647,send,11:66:F0:00:01:3D,1145,,461,1
35658,send,11:66:F0:00:01:3D,1146,,462,1
35659,ack,11:66:F0:00:01:3D,,0,461,1
35669,send,11:66:F0:00:01:3D,1147,,462,1
35679,send,11:66:F0:00:01:3D,1148,,463,1
35690,send,11:66:F0:00:01:3D,1149,,464,1
35691,ack,11:66:F0:00:01:3D,,0,463,1
35701,send,11:66:F0:00:01:3D,1150,,464,1
35714,send,11:66:F0:00:01:3D,1151,,465,1
35723,ack,11:66:F0:00:01:3D,,0,464,1
35725,send,11:66:F0:00:01:3D,1152,,465,1
35735,send,11:66:F0:00:01:3D,1153,,466,1
35748,send,11:66:F0:00:01:3D,1154,,467,1
35753,ack,11:66:F0:00:01:3D,,0,466,1
35763,send,11:66:F0:00:01:3D,1155,,467,1
35785,ack,11:66:F0:00:01:3D,,0,466,1
36464,send,11:66:F0:00:01:3D,1156,,467,1
36473,ack,11:66:F0:00:01:3D,,0,466,1
36477,send,11:66:F0:00:01:3D,1157,,467,1
36485,send,11:66:F0:00:01:3D,1158,,468,1
36492,send,11:66:F0:00:01:3D,1159,,469,1
36497,send,11:66:F0:00:01:3D,1160,,470,1
36504,ack,11:66:F0:00:01:3D,,0,469,1
36509,send,11:66:F0:00:01:3D,1161,,470,1
36516,send,11:66:F0:00:01:3D,1162,,471,1
36522,send,11:66:F0:00:01:3D,1163,,472,1
36529,send,11:66:F0:00:01:3D,1164,,473,1
36536,ack,11:66:F0:00:01:3D,,0,472,1
36541,send,11:66:F0:00:01:3D,1165,,473,1
36548,send,11:66:F0:00:01:3D,1166,,474,1
36555,send,11:66:F0:00:01:3D,1167,,475,1
36562,send,11:66:F0:00:01:3D,1168,,476,1
36566,ack,11:66:F0:00:01:3D,,0,475,1
36573,send,11:66:F0:00:01:3D,1169,,476,1
36580,send,11:66:F0:00:01:3D,1170,,477,1
36586,send,11:66:F0:00:01:3D,1171,,478,1
36593,send,11:66:F0:00:01:3D,1172,,479,1
36599,ack,11:66:F0:00:01:3D,,0,478,1
36605,send,11:66:F0:00:01:3D,1173,,479,1
36612,send,11:66:F0:00:01:3D,1174,,480,1
36620,send,11:66:F0:00:01:3D,1175,,481,1
36627,send,11:66:F0:00:01:3D,1176,,482,1
36631,ack,11:66:F0:00:01:3D,,0,481,1
36635,send,11:66:F0:00:01:3D,1177,,482,1
36642,send,11:66:F0:00:01:3D,1178,,483,1
36649,send,11:66:F0:00:01:3D,1179,,484,1
36656,send,11:66:F0:00:01:3D,1180,,485,1
36663,ack,11:66:F0:00:01:3D,,0,484,1
36668,send,11:66:F0:00:01:3D,1181,,485,1
36676,send,11:66:F0:00:01:3D,1182,,486,1
36683,send,11:66:F0:00:01:3D,1183,,487,1
36689,send,11:66:F0:00:01:3D,1184,,488,1
36694,ack,11:66:F0:00:01:3D,,0,487,1
36699,send,11:66:F0:00:01:3D,1185,,488,1
36707,send,11:66:F0:00:01:3D,1186,,489,1
36714,send,11:66:F0:00:01:3D,1187,,490,1
36721,send,11:66:F0:00:01:3D,1188,,491,1
36726,ack,11:66:F0:00:01:3D,,0,490,1
36731,send,11:66:F0:00:01:3D,1189,,491,1
36738,send,11:66:F0:00:01:3D,1190,,492,1
36745,send,11:66:F0:00:01:3D,1191,,493,1
36752,send,11:66:F0:00:01:3D,1192,,494,1
36759,ack,11:66:F0:00:01:3D,,0,493,1
36765,send,11:66:F0:00:01:3D,1193,,494,1
36772,send,11:66:F0:00:01:3D,1194,,495,1
36779,send,11:66:F0:00:01:3D,1195,,496,1
36786,send,11:66:F0:00:01:3D,1196,,497,1
36791,ack,11:66:F0:00:01:3D,,0,496,1
36796,send,11:66:F0:00:01:3D,1197,,497,1
36803,send,11:66:F0:00:01:3D,1198,,498,1
36810,send,11:66:F0:00:01:3D,1199,,499,1
36817,send,11:66:F0:00:01:3D,1200,,500,1
36824,ack,11:66:F0:00:01:3D,,0,499,1
36830,send,11:66:F0:00:01:3D,1201,,500,1
36836,send,11:66:F0:00:01:3D,1202,,501,1
36843,send,11:66:F0:00:01:3D,1203,,502,1
36850,send,11:66:F0:00:01:3D,1204,,503,1
36856,ack,11:66:F0:00:01:3D,,0,502,1
36862,send,11:66:F0:00:01:3D,1205,,503,1
36870,send,11:66:F0:00:01:3D,1206,,504,1
36877,send,11:66:F0:00:01:3D,1207,,505,1
36884,send,11:66:F0:00:01:3D,1208,,506,1
36887,ack,11:66:F0:00:01:3D,,0,505,1
36894,send,11:66:F0:00:01:3D,1209,,506,1
36902,send,11:66:F0:00:01:3D,1210,,507,1
36909,send,11:66:F0:00:01:3D,1211,,508,1
36916,send,11:66:F0:00:01:3D,1212,,509,1
36919,ack,11:66:F0:00:01:3D,,0,508,1
36926,send,11:66:F0:00:01:3D,1213,,509,1
36935,send,11:66:F0:00:01:3D,1214,,510,1
36942,send,11:66:F0:00:01:3D,1215,,511,1
36948,send,11:66:F0:00:01:3D,1216,,512,1
36951,ack,11:66:F0:00:01:3D,,0,511,1
36958,send,11:66:F0:00:01:3D,1217,,512,1
36966,send,11:66:F0:00:01:3D,1218,,513,1
36972,send,11:66:F0:00:01:3D,1219,,514,1
36979,send,11:66:F0:00:01:3D,1220,,515,1
36982,ack,11:66:F0:00:01:3D,,0,514,1
36989,send,11:66:F0:00:01:3D,1221,,515,1
36995,send,11:66:F0:00:01:3D,1222,,516,1
37003,send,11:66:F0:00:01:3D,1223,,517,1
37010,send,11:66:F0:00:01:3D,1224,,518,1
37015,ack,11:66:F0:00:01:3D,,0,517,1
37021,send,11:66:F0:00:01:3D,1225,,518,1
37029,send,11:66:F0:00:01:3D,1226,,519,1
37036,send,11:66:F0:00:01:3D,1227,,520,1
37044,send,11:66:F0:00:01:3D,1228,,521,1
37047,ack,11:66:F0:00:01:3D,,0,520,1
37054,send,11:66:F0:00:01:3D,1229,,521,1
37061,send,11:66:F0:00:01:3D,1230,,522,1
37068,send,11:66:F0:00:01:3D,1231,,523,1
37075,send,11:66:F0:00:01:3D,1232,,524,1
37079,ack,11:66:F0:00:01:3D,,0,523,1
37085,send,11:66:F0:00:01:3D,1233,,524,1
37092,send,11:66:F0:00:01:3D,1234,,525,1
37099,send,11:66:F0:00:01:3D,1235,,526,1
37106,send,11:66:F0:00:01:3D,1236,,527,1
37111,ack,11:66:F0:00:01:3D,,0,526,1
37119,send,11:66:F0:00:01:3D,1237,,527,1
37127,send,11:66:F0:00:01:3D,1238,,528,1
37136,send,11:66:F0:00:01:3D,1239,,529,1
37142,ack,11:66:F0:00:01:3D,,0,528,1
37146,send,11:66:F0:00:01:3D,1240,,529,1
37154,send,11:66:F0:00:01:3D,1241,,530,1
37161,send,11:66:F0:00:01:3D,1242,,531,1
37169,send,11:66:F0:00:01:3D,1243,,532,1
37174,ack,11:66:F0:00:01:3D,,0,531,1
37178,send,11:66:F0:00:01:3D,1244,,532,1
37185,send,11:66:F0:00:01:3D,1245,,533,1
37192,send,11:66:F0:00:01:3D,1246,,534,1
37199,send,11:66:F0:00:01:3D,1247,,535,1
37204,ack,11:66:F0:00:01:3D,,0,534,1
37208,send,11:66:F0:00:01:3D,1248,,535,1
37216,send,11:66:F0:00:01:3D,1249,,536,1
37222,send,11:66:F0:00:01:3D,1250,,537,1
37229,send,11:66:F0:00:01:3D,1251,,538,1
37235,ack,11:66:F0:00:01:3D,,0,537,1
37241,send,11:66:F0:00:01:3D,1252,,538,1
37248,send,11:66:F0:00:01:3D,1253,,539,1
37255,send,11:66:F0:00:01:3D,1254,,540,1
37261,send,11:66:F0:00:01:3D,1255,,541,1
37265,ack,11:66:F0:00:01:3D,,0,540,1
37281,send,11:66:F0:00:01:3D,1256,,541,1
37288,send,11:66:F0:00:01:3D,1257,,542,1
37293,send,11:66:F0:00:01:3D,1258,,543,1
37298,ack,11:66:F0:00:01:3D,,0,542,1
37304,send,11:66:F0:00:01:3D,1259,,543,1
37311,send,11:66:F0:00:01:3D,1260,,544,1
37318,send,11:66:F0:00:01:3D,1261,,545,1
37325,send,11:66:F0:00:01:3D,1262,,546,1
37331,ack,11:66:F0:00:01:3D,,0,545,1
37338,send,11:66:F0:00:01:3D,1263,,546,1
37346,send,11:66:F0:00:01:3D,1264,,547,1
37353,send,11:66:F0:00:01:3D,1265,,548,1
37361,send,11:66:F0:00:01:3D,1266,,549,1
37363,ack,11:66:F0:00:01:3D,,0,548,1
37369,send,11:66:F0:00:01:3D,1267,,549,1
37376,send,11:66:F0:00:01:3D,1268,,550,1
37383,send,11:66:F0:00:01:3D,1269,,551,1
37390,send,11:66:F0:00:01:3D,1270,,552,1
37396,ack,11:66:F0:00:01:3D,,0,551,1
37400,send,11:66:F0:00:01:3D,1271,,552,1
37407,send,11:66:F0:00:01:3D,1272,,553,1
37414,send,11:66:F0:00:01:3D,1273,,554,1
37421,send,11:66:F0:00:01:3D,1274,,555,1
37429,ack,11:66:F0:00:01:3D,,0,554,1
37433,send,11:66:F0:00:01:3D,1275,,555,1
37439,send,11:66:F0:00:01:3D,1276,,556,1
37447,send,11:66:F0:00:01:3D,1277,,557,1
37454,send,11:66:F0:00:01:3D,1278,,558,1
37460,ack,11:66:F0:00:01:3D,,0,557,1
37466,send,11:66:F0:00:01:3D,1279,,558,1
37474,send,11:66:F0:00:01:3D,1280,,559,1
37481,send,11:66:F0:00:01:3D,1281,,560,1
37488,send,11:66:F0:00:01:3D,1282,,561,1
37495,ack,11:66:F0:00:01:3D,,0,560,1
37502,send,11:66:F0:00:01:3D,1283,,561,1
37508,send,11:66:F0:00:01:3D,1284,,562,1
37515,send,11:66:F0:00:01:3D,1285,,563,1
37523,send,11:66:F0:00:01:3D,1286,,564,1
37530,ack,11:66:F0:00:01:3D,,0,563,1
37536,send,11:66:F0:00:01:3D,1287,,564,1
37543,send,11:66:F0:00:01:3D,1288,,565,1
37550,send,11:66:F0:00:01:3D,1289,,566,1
37558,send,11:66:F0:00:01:3D,1290,,567,1
37563,ack,11:66:F0:00:01:3D,,0,566,1
37569,send,11:66:F0:00:01:3D,1291,,567,1
37576,send,11:66:F0:00:01:3D,1292,,568,1
37583,send,11:66:F0:00:01:3D,1293,,569,1
37589,send,11:66:F0:00:01:3D,1294,,570,1
37596,ack,11:66:F0:00:01:3D,,0,569,1
37602,send,11:66:F0:00:01:3D,1295,,570,1
37608,send,11:66:F0:00:01:3D,1296,,571,1
37614,send,11:66:F0:00:01:3D,1297,,572,1
37620,send,11:66:F0:00:01:3D,1298,,573,1
37626,ack,11:66:F0:00:01:3D,,0,572,1
37631,send,11:66:F0:00:01:3D,1299,,573,1
37638,send,11:66:F0:00:01:3D,1300,,574,1
37645,send,11:66:F0:00:01:3D,1301,,575,1
37652,send,11:66:F0:00:01:3D,1302,,576,1
37657,ack,11:66:F0:00:01:3D,,0,575,1
37663,send,11:66:F0:00:01:3D,1303,,576,1
37670,send,11:66:F0:00:01:3D,1304,,577,1
37678,send,11:66:F0:00:01:3D,1305,,578,1
37685,send,11:66:F0:00:01:3D,1306,,579,1
37691,ack,11:66:F0:00:01:3D,,0,578,1
37696,send,11:66:F0:00:01:3D,1307,,579,1
37703,send,11:66:F0:00:01:3D,1308,,580,1
37709,send,11:66:F0:00:01:3D,1309,,581,1
37716,send,11:66:F0:00:01:3D,1310,,582,1
37724,ack,11:66:F0:00:01:3D,,0,581,1
37729,send,11:66:F0:00:01:3D,1311,,582,1
37737,send,11:66:F0:00:01:3D,1312,,583,1
37743,send,11:66:F0:00:01:3D,1313,,584,1
37750,send,11:66:F0:00:01:3D,1314,,585,1
37757,ack,11:66:F0:00:01:3D,,0,584,1
37762,send,11:66:F0:00:01:3D,1315,,585,1
37770,send,11:66:F0:00:01:3D,1316,,586,1
37777,send,11:66:F0:00:01:3D,1317,,587,1
37785,send,11:66:F0:00:01:3D,1318,,588,1
37788,ack,11:66:F0:00:01:3D,,0,587,1
37794,send,11:66:F0:00:01:3D,1319,,588,1
37802,send,11:66:F0:00:01:3D,1320,,589,1
37809,send,11:66:F0:00:01:3D,1321,,590,1
37816,send,11:66:F0:00:01:3D,1322,,591,1
37821,ack,11:66:F0:00:01:3D,,0,590,1
37825,send,11:66:F0:00:01:3D,1323,,591,1
37832,send,11:66:F0:00:01:3D,1324,,592,1
37839,send,11:66:F0:00:01:3D,1325,,593,1
37846,send,11:66:F0:00:01:3D,1326,,594,1
37851,ack,11:66:F0:00:01:3D,,0,593,1
37858,send,11:66:F0:00:01:3D,1327,,594,1
37866,send,11:66:F0:00:01:3D,1328,,595,1
37873,send,11:66:F0:00:01:3D,1329,,596,1
37880,send,11:66:F0:00:01:3D,1330,,597,1
37884,ack,11:66:F0:00:01:3D,,0,596,1
37890,send,11:66:F0:00:01:3D,1331,,597,1
37897,send,11:66:F0:00:01:3D,1332,,598,1
37905,send,11:66:F0:00:01:3D,1333,,599,1
37911,send,11:66:F0:00:01:3D,1334,,600,1
37915,ack,11:66:F0:00:01:3D,,0,599,1
37923,send,11:66:F0:00:01:3D,1335,,600,1
37930,send,11:66:F0:00:01:3D,1336,,601,1
37937,send,11:66:F0:00:01:3D,1337,,602,1
37944,send,11:66:F0:00:01:3D,1338,,603,1
37946,ack,11:66:F0:00:01:3D,,0,602,1
37953,send,11:66:F0:00:01:3D,1339,,603,1
37960,send,11:66:F0:00:01:3D,1340,,604,1
37967,send,11:66:F0:00:01:3D,1341,,605,1
37973,send,11:66:F0:00:01:3D,1342,,606,1
37978,ack,11:66:F0:00:01:3D,,0,605,1
37984,send,11:66:F0:00:01:3D,1343,,606,1
37991,send,11:66:F0:00:01:3D,1344,,607,1
37998,send,11:66:F0:00:01:3D,1345,,608,1
38004,send,11:66:F0:00:01:3D,1346,,609,1
38009,ack,11:66:F0:00:01:3D,,0,608,1
38016,send,11:66:F0:00:01:3D,1347,,609,1
38022,send,11:66:F0:00:01:3D,1348,,610,1
38029,send,11:66:F0:00:01:3D,1349,,611,1
38037,send,11:66:F0:00:01:3D,1350,,612,1
38042,ack,11:66:F0:00:01:3D,,0,611,1
38048,send,11:66:F0:00:01:3D,1351,,612,1
38055,send,11:66:F0:00:01:3D,1352,,613,1
38063,send,11:66:F0:00:01:3D,1353,,614,1
38069,send,11:66:F0:00:01:3D,1354,,615,1
38075,ack,11:66:F0:00:01:3D,,0,614,1
38080,send,11:66:F0:00:01:3D,1355,,615,1
38087,send,11:66:F0:00:01:3D,1356,,616,1
38094,send,11:66:F0:00:01:3D,1357,,617,1
38101,send,11:66:F0:00:01:3D,1358,,618,1
38107,ack,11:66:F0:00:01:3D,,0,617,1
38112,send,11:66:F0:00:01:3D,1359,,618,1
38119,send,11:66:F0:00:01:3D,1360,,619,1
38126,send,11:66:F0:00:01:3D,1361,,620,1
38135,send,11:66:F0:00:01:3D,1362,,621,1
38142,ack,11:66:F0:00:01:3D,,0,620,1
38147,send,11:66:F0:00:01:3D,1363,,621,1
38154,send,11:66:F0:00:01:3D,1364,,622,1
38160,send,11:66:F0:00:01:3D,1365,,623,1
38168,send,11:66:F0:00:01:3D,1366,,624,1
38173,ack,11:66:F0:00:01:3D,,0,623,1
38179,send,11:66:F0:00:01:3D,1367,,624,1
38186,send,11:66:F0:00:01:3D,1368,,625,1
38192,send,11:66:F0:00:01:3D,1369,,626,1
38199,send,11:66:F0:00:01:3D,1370,,627,1
38205,ack,11:66:F0:00:01:3D,,0,626,1
38211,send,11:66:F0:00:01:3D,1371,,627,1
38218,send,11:66:F0:00:01:3D,1372,,628,1
38224,send,11:66:F0:00:01:3D,1373,,629,1
38232,send,11:66:F0:00:01:3D,1374,,630,1
38238,ack,11:66:F0:00:01:3D,,0,629,1
38242,send,11:66:F0:00:01:3D,1375,,630,1
38250,send,11:66:F0:00:01:3D,1376,,631,1
38257,send,11:66:F0:00:01:3D,1377,,632,1
38265,send,11:66:F0:00:01:3D,1378,,633,1
38270,ack,11:66:F0:00:01:3D,,0,632,1
38284,send,11:66:F0:00:01:3D,1379,,633,1
38291,send,11:66:F0:00:01:3D,1380,,634,1
38298,send,11:66:F0:00:01:3D,1381,,635,1
38305,ack,11:66:F0:00:01:3D,,0,634,1
38308,send,11:66:F0:00:01:3D,1382,,635,1
38315,send,11:66:F0:00:01:3D,1383,,636,1
38321,send,11:66:F0:00:01:3D,1384,,637,1
38328,send,11:66:F0:00:01:3D,1385,,638,1
38335,send,11:66:F0:00:01:3D,1386,,639,1
38337,ack,11:66:F0:00:01:3D,,0,638,1
38342,send,11:66:F0:00:01:3D,1387,,639,1
38349,send,11:66:F0:00:01:3D,1388,,640,1
38357,send,11:66:F0:00:01:3D,1389,,641,1
38363,send,11:66:F0:00:01:3D,1390,,642,1
38368,ack,11:66:F0:00:01:3D,,0,641,1
38373,send,11:66:F0:00:01:3D,1391,,642,1
38380,send,11:66:F0:00:01:3D,1392,,643,1
38386,send,11:66:F0:00:01:3D,1393,,644,1
38393,send,11:66:F0:00:01:3D,1394,,645,1
38399,ack,11:66:F0:00:01:3D,,0,644,1
38403,send,11:66:F0:00:01:3D,1395,,645,1
38411,send,11:66:F0:00:01:3D,1396,,646,1
38418,send,11:66:F0:00:01:3D,1397,,647,1
38425,send,11:66:F0:00:01:3D,1398,,648,1
38430,ack,11:66:F0:00:01:3D,,0,647,1
38435,send,11:66:F0:00:01:3D,1399,,648,1
38444,send,11:66:F0:00:01:3D,1400,,649,1
38451,send,11:66:F0:00:01:3D,1401,,650,1
38459,send,11:66:F0:00:01:3D,1402,,651,1
38464,ack,11:66:F0:00:01:3D,,0,650,1
38470,send,11:66:F0:00:01:3D,1403,,651,1
38478,send,11:66:F0:00:01:3D,1404,,652,1
38485,send,11:66:F0:00:01:3D,1405,,653,1
38491,send,11:66:F0:00:01:3D,1406,,654,1
38496,ack,11:66:F0:00:01:3D,,0,653,1
38503,send,11:66:F0:00:01:3D,1407,,654,1
38510,send,11:66:F0:00:01:3D,1408,,655,1
38517,send,11:66:F0:00:01:3D,1409,,656,1
38524,send,11:66:F0:00:01:3D,1410,,657,1
38527,ack,11:66:F0:00:01:3D,,0,656,1
38535,send,11:66:F0:00:01:3D,1411,,657,1
38542,send,11:66:F0:00:01:3D,1412,,658,1
38549,send,11:66:F0:00:01:3D,1413,,659,1
38556,send,11:66:F0:00:01:3D,1414,,660,1
38557,ack,11:66:F0:00:01:3D,,0,659,1
38563,send,11:66:F0:00:01:3D,1415,,660,1
38570,send,11:66:F0:00:01:3D,1416,,661,1
38577,send,11:66:F0:00:01:3D,1417,,662,1
38583,send,11:66:F0:00:01:3D,1418,,663,1
38587,ack,11:66:F0:00:01:3D,,0,662,1
38592,send,11:66:F0:00:01:3D,1419,,663,1
38599,send,11:66:F0:00:01:3D,1420,,664,1
38605,send,11:66:F0:00:01:3D,1421,,665,1
38613,send,11:66:F0:00:01:3D,1422,,666,1
38615,ack,11:66:F0:00:01:3D,,0,665,1
38622,send,11:66:F0:00:01:3D,1423,,666,1
38630,send,11:66:F0:00:01:3D,1424,,667,1
38637,send,11:66:F0:00:01:3D,1425,,668,1
38643,send,11:66:F0:00:01:3D,1426,,669,1
38645,ack,11:66:F0:00:01:3D,,0,668,1
38649,send,11:66:F0:00:01:3D,1427,,669,1
38656,send,11:66:F0:00:01:3D,1428,,670,1
38662,send,11:66:F0:00:01:3D,1429,,671,1
38670,send,11:66:F0:00:01:3D,1430,,672,1
38674,ack,11:66:F0:00:01:3D,,0,671,1
38678,send,11:66:F0:00:01:3D,1431,,672,1
38685,send,11:66:F0:00:01:3D,1432,,673,1
38692,send,11:66:F0:00:01:3D,1433,,674,1
38699,send,11:66:F0:00:01:3D,1434,,675,1
38702,ack,11:66:F0:00:01:3D,,0,674,1
38708,send,11:66:F0:00:01:3D,1435,,675,1
38715,send,11:66:F0:00:01:3D,1436,,676,1
38722,send,11:66:F0:00:01:3D,1437,,677,1
38728,send,11:66:F0:00:01:3D,1438,,678,1
38730,ack,11:66:F0:00:01:3D,,0,677,1
38737,send,11:66:F0:00:01:3D,1439,,678,1
38744,send,11:66:F0:00:01:3D,1440,,679,1
38750,send,11:66:F0:00:01:3D,1441,,680,1
38757,send,11:66:F0:00:01:3D,1442,,681,1
38760,ack,11:66:F0:00:01:3D,,0,680,1
38765,send,11:66:F0:00:01:3D,1443,,681,1
38773,send,11:66:F0:00:01:3D,1444,,682,1
38779,send,11:66:F0:00:01:3D,1445,,683,1
38785,send,11:66:F0:00:01:3D,1446,,684,1
38789,ack,11:66:F0:00:01:3D,,0,683,1
38794,send,11:66:F0:00:01:3D,1447,,684,1
38802,send,11:66:F0:00:01:3D,1448,,685,1
38809,send,11:66:F0:00:01:3D,1449,,686,1
38816,send,11:66:F0:00:01:3D,1450,,687,1
38817,ack,11:66:F0:00:01:3D,,0,686,1
38823,send,11:66:F0:00:01:3D,1451,,687,1
38830,send,11:66:F0:00:01:3D,1452,,688,1
38838,send,11:66:F0:00:01:3D,1453,,689,1
38844,send,11:66:F0:00:01:3D,1454,,690,1
38846,ack,11:66:F0:00:01:3D,,0,689,1
38853,send,11:66:F0:00:01:3D,1455,,690,1
38859,send,11:66:F0:00:01:3D,1456,,691,1
38865,send,11:66:F0:00:01:3D,1457,,692,1
38873,send,11:66:F0:00:01:3D,1458,,693,1
38876,ack,11:66:F0:00:01:3D,,0,692,1
38881,send,11:66:F0:00:01:3D,1459,,693,1
38888,send,11:66:F0:00:01:3D,1460,,694,1
38895,send,11:66:F0:00:01:3D,1461,,695,1
38902,send,11:66:F0:00:01:3D,1462,,696,1
38904,ack,11:66:F0:00:01:3D,,0,695,1
38910,send,11:66:F0:00:01:3D,1463,,696,1
38917,send,11:66:F0:00:01:3D,1464,,697,1
38923,send,11:66:F0:00:01:3D,1465,,698,1
38930,send,11:66:F0:00:01:3D,1466,,699,1
38933,ack,11:66:F0:00:01:3D,,0,698,1
38938,send,11:66:F0:00:01:3D,1467,,699,1
38945,send,11:66:F0:00:01:3D,1468,,700,1
38952,send,11:66:F0:00:01:3D,1469,,701,1
38958,send,11:66:F0:00:01:3D,1470,,702,1
38961,ack,11:66:F0:00:01:3D,,0,701,1
38967,send,11:66:F0:00:01:3D,1471,,702,1
38973,send,11:66:F0:00:01:3D,1472,,703,1
38980,send,11:66:F0:00:01:3D,1473,,704,1
38986,send,11:66:F0:00:01:3D,1474,,705,1
38988,ack,11:66:F0:00:01:3D,,0,704,1
38994,send,11:66:F0:00:01:3D,1475,,705,1
39002,send,11:66:F0:00:01:3D,1476,,706,1
39009,send,11:66:F0:00:01:3D,1477,,707,1
39015,ack,11:66:F0:00:01:3D,,0,706,1
39015,send,11:66:F0:00:01:3D,1478,,707,1
39022,send,11:66:F0:00:01:3D,1479,,708,1
39029,send,11:66:F0:00:01:3D,1480,,709,1
39036,send,11:66:F0:00:01:3D,1481,,710,1
39043,send,11:66:F0:00:01:3D,1482,,711,1
39045,ack,11:66:F0:00:01:3D,,0,710,1
39050,send,11:66:F0:00:01:3D,1483,,711,1
39057,send,11:66:F0:00:01:3D,1484,,712,1
39064,send,11:66:F0:00:01:3D,1485,,713,1
39071,send,11:66:F0:00:01:3D,1486,,714,1
39074,ack,11:66:F0:00:01:3D,,0,713,1
39081,send,11:66:F0:00:01:3D,1487,,714,1
39088,send,11:66:F0:00:01:3D,1488,,715,1
39094,send,11:66:F0:00:01:3D,1489,,716,1
39100,send,11:66:F0:00:01:3D,1490,,717,1
39104,ack,11:66:F0:00:01:3D,,0,716,1
39109,send,11:66:F0:00:01:3D,1491,,717,1
39116,send,11:66:F0:00:01:3D,1492,,718,1
39123,send,11:66:F0:00:01:3D,1493,,719,1
39130,send,11:66:F0:00:01:3D,1494,,720,1
39133,ack,11:66:F0:00:01:3D,,0,719,1
39139,send,11:66:F0:00:01:3D,1495,,720,1
39146,send,11:66:F0:00:01:3D,1496,,721,1
39153,send,11:66:F0:00:01:3D,1497,,722,1
39159,send,11:66:F0:00:01:3D,1498,,723,1
39162,ack,11:66:F0:00:01:3D,,0,722,1
39167,send,11:66:F0:00:01:3D,1499,,723,1
39174,send,11:66:F0:00:01:3D,1500,,724,1
39181,send,11:66:F0:00:01:3D,1501,,725,1
39187,send,11:66:F0:00:01:3D,1502,,726,1
39191,ack,11:66:F0:00:01:3D,,0,725,1
39195,send,11:66:F0:00:01:3D,1503,,726,1
39203,send,11:66:F0:00:01:3D,1504,,727,1
39210,send,11:66:F0:00:01:3D,1505,,728,1
39216,send,11:66:F0:00:01:3D,1506,,729,1
39220,ack,11:66:F0:00:01:3D,,0,728,1
39227,send,11:66:F0:00:01:3D,1507,,729,1
39236,send,11:66:F0:00:01:3D,1508,,730,1
39242,send,11:66:F0:00:01:3D,1509,,731,1
39249,send,11:66:F0:00:01:3D,1510,,732,1
39251,ack,11:66:F0:00:01:3D,,0,731,1
39257,send,11:66:F0:00:01:3D,1511,,732,1
39264,send,11:66:F0:00:01:3D,1512,,733,1
39280,ack,11:66:F0:00:01:3D,,0,732,1
39281,send,11:66:F0:00:01:3D,1513,,733,1
39288,send,11:66:F0:00:01:3D,1514,,734,1
39295,send,11:66:F0:00:01:3D,1515,,735,1
39302,send,11:66:F0:00:01:3D,1516,,736,1
39310,send,11:66:F0:00:01:3D,1517,,737,1
39310,ack,11:66:F0:00:01:3D,,0,736,1
39317,send,11:66:F0:00:01:3D,1518,,737,1
39324,send,11:66:F0:00:01:3D,1519,,738,1
39332,send,11:66:F0:00:01:3D,1520,,739,1
39339,send,11:66:F0:00:01:3D,1521,,740,1
39341,ack,11:66:F0:00:01:3D,,0,739,1
39348,send,11:66:F0:00:01:3D,1522,,740,1
39355,send,11:66:F0:00:01:3D,1523,,741,1
39361,send,11:66:F0:00:01:3D,1524,,742,1
39369,send,11:66:F0:00:01:3D,1525,,743,1
39375,ack,11:66:F0:00:01:3D,,0,742,1
39380,send,11:66:F0:00:01:3D,1526,,743,1
39387,send,11:66:F0:00:01:3D,1527,,744,1
39394,send,11:66:F0:00:01:3D,1528,,745,1
39401,send,11:66:F0:00:01:3D,1529,,746,1
39407,ack,11:66:F0:00:01:3D,,0,745,1
39413,send,11:66:F0:00:01:3D,1530,,746,1
39420,send,11:66:F0:00:01:3D,1531,,747,1
39428,send,11:66:F0:00:01:3D,1532,,748,1
39436,send,11:66:F0:00:01:3D,1533,,749,1
39439,ack,11:66:F0:00:01:3D,,0,748,1
39446,send,11:66:F0:00:01:3D,1534,,749,1
39452,send,11:66:F0:00:01:3D,1535,,750,1
39459,send,11:66:F0:00:01:3D,1536,,751,1
39465,send,11:66:F0:00:01:3D,1537,,752,1
39473,ack,11:66:F0:00:01:3D,,0,751,1
39477,send,11:66:F0:00:01:3D,1538,,752,1
39485,send,11:66:F0:00:01:3D,1539,,753,1
39492,send,11:66:F0:00:01:3D,1540,,754,1
39500,send,11:66:F0:00:01:3D,1541,,755,1
39506,ack,11:66:F0:00:01:3D,,0,754,1
39511,send,11:66:F0:00:01:3D,1542,,755,1
39518,send,11:66:F0:00:01:3D,1543,,756,1
39525,send,11:66:F0:00:01:3D,1544,,757,1
39531,send,11:66:F0:00:01:3D,1545,,758,1
39538,ack,11:66:F0:00:01:3D,,0,757,1
39543,send,11:66:F0:00:01:3D,1546,,758,1
39551,send,11:66:F0:00:01:3D,1547,,759,1
39558,send,11:66:F0:00:01:3D,1548,,760,1
39565,send,11:66:F0:00:01:3D,1549,,761,1
39571,ack,11:66:F0:00:01:3D,,0,760,1
39578,send,11:66:F0:00:01:3D,1550,,761,1
39585,send,11:66:F0:00:01:3D,1551,,762,1
39592,send,11:66:F0:00:01:3D,1552,,763,1
39598,send,11:66:F0:00:01:3D,1553,,764,1
39604,ack,11:66:F0:00:01:3D,,0,763,1
39610,send,11:66:F0:00:01:3D,1554,,764,1
39617,send,11:66:F0:00:01:3D,1555,,765,1
39623,send,11:66:F0:00:01:3D,1556,,766,1
39629,send,11:66:F0:00:01:3D,1557,,767,1
39635,ack,11:66:F0:00:01:3D,,0,766,1
39641,send,11:66:F0:00:01:3D,1558,,767,1
39649,send,11:66:F0:00:01:3D,1559,,768,1
39658,send,11:66:F0:00:01:3D,1560,,769,1
39665,send,11:66:F0:00:01:3D,1561,,770,1
39668,ack,11:66:F0:00:01:3D,,0,769,1
39674,send,11:66:F0:00:01:3D,1562,,770,1
39682,send,11:66:F0:00:01:3D,1563,,771,1
39690,send,11:66:F0:00:01:3D,1564,,772,1
39697,send,11:66:F0:00:01:3D,1565,,773,1
39707,ack,11:66:F0:00:01:3D,,0,772,1
39708,send,11:66:F0:00:01:3D,1566,,773,1
39716,send,11:66:F0:00:01:3D,1567,,774,1
39722,send,11:66:F0:00:01:3D,1568,,775,1
39729,send,11:66:F0:00:01:3D,1569,,776,1
39737,send,11:66:F0:00:01:3D,1570,,777,1
39741,ack,11:66:F0:00:01:3D,,0,776,1
39747,send,11:66:F0:00:01:3D,1571,,777,1
39754,send,11:66:F0:00:01:3D,1572,,778,1
39761,send,11:66:F0:00:01:3D,1573,,779,1
39769,send,11:66:F0:00:01:3D,1574,,780,1
39773,ack,11:66:F0:00:01:3D,,0,779,1
39779,send,11:66:F0:00:01:3D,1575,,780,1
39786,send,11:66:F0:00:01:3D,1576,,781,1
39792,send,11:66:F0:00:01:3D,1577,,782,1
39799,send,11:66:F0:00:01:3D,1578,,783,1
39805,ack,11:66:F0:00:01:3D,,0,782,1
39812,send,11:66:F0:00:01:3D,1579,,783,1
39819,send,11:66:F0:00:01:3D,1580,,784,1
39826,send,11:66:F0:00:01:3D,1581,,785,1
39833,send,11:66:F0:00:01:3D,1582,,786,1
39841,ack,11:66:F0:00:01:3D,,0,785,1
39845,send,11:66:F0:00:01:3D,1583,,786,1
39852,send,11:66:F0:00:01:3D,1584,,787,1
39859,send,11:66:F0:00:01:3D,1585,,788,1
39866,send,11:66:F0:00:01:3D,1586,,789,1
39874,ack,11:66:F0:00:01:3D,,0,788,1
39879,send,11:66:F0:00:01:3D,1587,,789,1
39886,send,11:66:F0:00:01:3D,1588,,790,1
39893,send,11:66:F0:00:01:3D,1589,,791,1
39902,send,11:66:F0:00:01:3D,1590,,792,1
39907,ack,11:66:F0:00:01:3D,,0,791,1
39913,send,11:66:F0:00:01:3D,1591,,792,1
39921,send,11:66:F0:00:01:3D,1592,,793,1
39927,send,11:66:F0:00:01:3D,1593,,794,1
39934,send,11:66:F0:00:01:3D,1594,,795,1
39941,ack,11:66:F0:00:01:3D,,0,794,1
39947,send,11:66:F0:00:01:3D,1595,,795,1
39954,send,11:66:F0:00:01:3D,1596,,796,1
39962,send,11:66:F0:00:01:3D,1597,,797,1
39971,send,11:66:F0:00:01:3D,1598,,798,1
39975,ack,11:66:F0:00:01:3D,,0,797,1
39979,send,11:66:F0:00:01:3D,1599,,798,1
39987,send,11:66:F0:00:01:3D,1600,,799,1
39994,send,11:66:F0:00:01:3D,1601,,800,1
40003,send,11:66:F0:00:01:3D,1602,,801,1
40007,ack,11:66:F0:00:01:3D,,0,800,1
40014,send,11:66:F0:00:01:3D,1603,,801,1
40020,send,11:66:F0:00:01:3D,1604,,802,1
40027,send,11:66:F0:00:01:3D,1605,,803,1
40034,send,11:66:F0:00:01:3D,1606,,804,1
40040,ack,11:66:F0:00:01:3D,,0,803,1
40045,send,11:66:F0:00:01:3D,1607,,804,1
40052,send,11:66:F0:00:01:3D,1608,,805,1
40059,send,11:66:F0:00:01:3D,1609,,806,1
40066,send,11:66:F0:00:01:3D,1610,,807,1
40071,ack,11:66:F0:00:01:3D,,0,806,1
40077,send,11:66:F0:00:01:3D,1611,,807,1
40084,send,11:66:F0:00:01:3D,1612,,808,1
40090,send,11:66:F0:00:01:3D,1613,,809,1
40096,send,11:66:F0:00:01:3D,1614,,810,1
40105,ack,11:66:F0:00:01:3D,,0,809,1
40107,send,11:66:F0:00:01:3D,1615,,810,1
40113,send,11:66:F0:00:01:3D,1616,,811,1
40120,send,11:66:F0:00:01:3D,1617,,812,1
40128,send,11:66:F0:00:01:3D,1618,,813,1
40136,send,11:66:F0:00:01:3D,1619,,814,1
40138,ack,11:66:F0:00:01:3D,,0,813,1
40143,send,11:66:F0:00:01:3D,1620,,814,1
40151,send,11:66:F0:00:01:3D,1621,,815,1
40157,send,11:66:F0:00:01:3D,1622,,816,1
40166,send,11:66:F0:00:01:3D,1623,,817,1
40172,ack,11:66:F0:00:01:3D,,0,816,1
40176,send,11:66:F0:00:01:3D,1624,,817,1
40183,send,11:66:F0:00:01:3D,1625,,818,1
40190,send,11:66:F0:00:01:3D,1626,,819,1
40196,send,11:66:F0:00:01:3D,1627,,820,1
40202,ack,11:66:F0:00:01:3D,,0,819,1
40206,send,11:66:F0:00:01:3D,1628,,820,1
40214,send,11:66:F0:00:01:3D,1629,,821,1
40221,send,11:66:F0:00:01:3D,1630,,822,1
40227,send,11:66:F0:00:01:3D,1631,,823,1
40232,ack,11:66:F0:00:01:3D,,0,822,1
40237,send,11:66:F0:00:01:3D,1632,,823,1
40245,send,11:66:F0:00:01:3D,1633,,824,1
40252,send,11:66:F0:00:01:3D,1634,,825,1
40259,send,11:66:F0:00:01:3D,1635,,826,1
40263,ack,11:66:F0:00:01:3D,,0,825,1
40282,send,11:66:F0:00:01:3D,1636,,826,1
40288,send,11:66:F0:00:01:3D,1637,,827,1
40292,ack,11:66:F0:00:01:3D,,0,826,1
40296,send,11:66:F0:00:01:3D,1638,,827,1
40303,send,11:66:F0:00:01:3D,1639,,828,1
40310,send,11:66:F0:00:01:3D,1640,,829,1
40315,send,11:66:F0:00:01:3D,1641,,830,1
40322,send,11:66:F0:00:01:3D,1642,,831,1
40325,ack,11:66:F0:00:01:3D,,0,830,1
40332,send,11:66:F0:00:01:3D,1643,,831,1
40339,send,11:66:F0:00:01:3D,1644,,832,1
40346,send,11:66:F0:00:01:3D,1645,,833,1
40353,send,11:66:F0:00:01:3D,1646,,834,1
40357,ack,11:66:F0:00:01:3D,,0,833,1
40363,send,11:66:F0:00:01:3D,1647,,834,1
40370,send,11:66:F0:00:01:3D,1648,,835,1
40379,send,11:66:F0:00:01:3D,1649,,836,1
40387,send,11:66:F0:00:01:3D,1650,,837,1
40390,ack,11:66:F0:00:01:3D,,0,836,1
40396,send,11:66:F0:00:01:3D,1651,,837,1
40404,send,11:66:F0:00:01:3D,1652,,838,1
40410,send,11:66:F0:00:01:3D,1653,,839,1
40417,send,11:66:F0:00:01:3D,1654,,840,1
40422,ack,11:66:F0:00:01:3D,,0,839,1
40429,send,11:66:F0:00:01:3D,1655,,840,1
40436,send,11:66:F0:00:01:3D,1656,,841,1
40442,send,11:66:F0:00:01:3D,1657,,842,1
40449,send,11:66:F0:00:01:3D,1658,,843,1
40453,ack,11:66:F0:00:01:3D,,0,842,1
40460,send,11:66:F0:00:01:3D,1659,,843,1
40467,send,11:66:F0:00:01:3D,1660,,844,1
40473,send,11:66:F0:00:01:3D,1661,,845,1
40480,send,11:66:F0:00:01:3D,1662,,846,1
40485,ack,11:66:F0:00:01:3D,,0,845,1
40491,send,11:66:F0:00:01:3D,1663,,846,1
40498,send,11:66:F0:00:01:3D,1664,,847,1
40505,send,11:66:F0:00:01:3D,1665,,848,1
40512,send,11:66:F0:00:01:3D,1666,,849,1
40516,ack,11:66:F0:00:01:3D,,0,848,1
40521,send,11:66:F0:00:01:3D,1667,,849,1
40528,send,11:66:F0:00:01:3D,1668,,850,1
40535,send,11:66:F0:00:01:3D,1669,,851,1
40543,send,11:66:F0:00:01:3D,1670,,852,1
40549,ack,11:66:F0:00:01:3D,,0,851,1
40554,send,11:66:F0:00:01:3D,1671,,852,1
40562,send,11:66:F0:00:01:3D,1672,,853,1
40569,send,11:66:F0:00:01:3D,1673,,854,1
40577,send,11:66:F0:00:01:3D,1674,,855,1
40580,ack,11:66:F0:00:01:3D,,0,854,1
40587,send,11:66:F0:00:01:3D,1675,,855,1
40595,send,11:66:F0:00:01:3D,1676,,856,1
40602,send,11:66:F0:00:01:3D,1677,,857,1
40609,send,11:66:F0:00:01:3D,1678,,858,1
40613,ack,11:66:F0:00:01:3D,,0,857,1
40619,send,11:66:F0:00:01:3D,1679,,858,1
40626,send,11:66:F0:00:01:3D,1680,,859,1
40633,send,11:66:F0:00:01:3D,1681,,860,1
40640,send,11:66:F0:00:01:3D,1682,,861,1
40644,ack,11:66:F0:00:01:3D,,0,860,1
40650,send,11:66:F0:00:01:3D,1683,,861,1
40656,send,11:66:F0:00:01:3D,1684,,862,1
40663,send,11:66:F0:00:01:3D,1685,,863,1
40670,send,11:66:F0:00:01:3D,1686,,864,1
40678,ack,11:66:F0:00:01:3D,,0,863,1
40679,send,11:66:F0:00:01:3D,1687,,864,1
40687,send,11:66:F0:00:01:3D,1688,,865,1
40693,send,11:66:F0:00:01:3D,1689,,866,1
40699,send,11:66:F0:00:01:3D,1690,,867,1
40706,send,11:66:F0:00:01:3D,1691,,868,1
40710,ack,11:66:F0:00:01:3D,,0,867,1
40718,send,11:66:F0:00:01:3D,1692,,868,1
40725,send,11:66:F0:00:01:3D,1693,,869,1
40733,send,11:66:F0:00:01:3D,1694,,870,1
40745,send,11:66:F0:00:01:3D,1695,,871,1
40752,ack,11:66:F0:00:01:3D,,0,870,1
40759,send,11:66:F0:00:01:3D,1696,,871,1
40766,send,11:66:F0:00:01:3D,1697,,872,1
40774,send,11:66:F0:00:01:3D,1698,,873,1
40781,send,11:66:F0:00:01:3D,1699,,874,1
40786,ack,11:66:F0:00:01:3D,,0,873,1
40793,send,11:66:F0:00:01:3D,1700,,874,1
40800,send,11:66:F0:00:01:3D,1701,,875,1
40807,send,11:66:F0:00:01:3D,1702,,876,1
40814,send,11:66:F0:00:01:3D,1703,,877,1
40819,ack,11:66:F0:00:01:3D,,0,876,1
40825,send,11:66:F0:00:01:3D,1704,,877,1
40832,send,11:66:F0:00:01:3D,1705,,878,1
40839,send,11:66:F0:00:01:3D,1706,,879,1
40847,send,11:66:F0:00:01:3D,1707,,880,1
40853,ack,11:66:F0:00:01:3D,,0,879,1
40859,send,11:66:F0:00:01:3D,1708,,880,1
40867,send,11:66:F0:00:01:3D,1709,,881,1
40875,send,11:66:F0:00:01:3D,1710,,882,1
40882,send,11:66:F0:00:01:3D,1711,,883,1
40885,ack,11:66:F0:00:01:3D,,0,882,1
40891,send,11:66:F0:00:01:3D,1712,,883,1
40898,send,11:66:F0:00:01:3D,1713,,884,1
40905,send,11:66:F0:00:01:3D,1714,,885,1
40911,send,11:66:F0:00:01:3D,1715,,886,1
40915,ack,11:66:F0:00:01:3D,,0,885,1
40922,send,11:66:F0:00:01:3D,1716,,886,1
40929,send,11:66:F0:00:01:3D,1717,,887,1
40937,send,11:66:F0:00:01:3D,1718,,888,1
40944,send,11:66:F0:00:01:3D,1719,,889,1
40947,ack,11:66:F0:00:01:3D,,0,888,1
40954,send,11:66:F0:00:01:3D,1720,,889,1
40961,send,11:66:F0:00:01:3D,1721,,890,1
40969,send,11:66:F0:00:01:3D,1722,,891,1
40976,send,11:66:F0:00:01:3D,1723,,892,1
40981,ack,11:66:F0:00:01:3D,,0,891,1
40985,send,11:66:F0:00:01:3D,1724,,892,1
40991,send,11:66:F0:00:01:3D,1725,,893,1
40998,send,11:66:F0:00:01:3D,1726,,894,1
41004,send,11:66:F0:00:01:3D,1727,,895,1
41011,ack,11:66:F0:00:01:3D,,0,894,1
41011,send,11:66:F0:00:01:3D,1728,,895,1
41019,send,11:66:F0:00:01:3D,1729,,896,1
41025,send,11:66:F0:00:01:3D,1730,,897,1
41031,send,11:66:F0:00:01:3D,1731,,898,1
41039,send,11:66:F0:00:01:3D,1732,,899,1
41043,ack,11:66:F0:00:01:3D,,0,898,1
41049,send,11:66:F0:00:01:3D,1733,,899,1
41056,send,11:66:F0:00:01:3D,1734,,900,1
41063,send,11:66:F0:00:01:3D,1735,,901,1
41070,send,11:66:F0:00:01:3D,1736,,902,1
41074,ack,11:66:F0:00:01:3D,,0,901,1
41082,send,11:66:F0:00:01:3D,1737,,902,1
41089,send,11:66:F0:00:01:3D,1738,,903,1
41095,send,11:66:F0:00:01:3D,1739,,904,1
41101,send,11:66:F0:00:01:3D,1740,,905,1
41108,ack,11:66:F0:00:01:3D,,0,904,1
41112,send,11:66:F0:00:01:3D,1741,,905,1
41119,send,11:66:F0:00:01:3D,1742,,906,1
41126,send,11:66:F0:00:01:3D,1743,,907,1
41134,send,11:66:F0:00:01:3D,1744,,908,1
41140,ack,11:66:F0:00:01:3D,,0,907,1
41147,send,11:66:F0:00:01:3D,1745,,908,1
41154,send,11:66:F0:00:01:3D,1746,,909,1
41161,send,11:66:F0:00:01:3D,1747,,910,1
41168,send,11:66:F0:00:01:3D,1748,,911,1
41173,ack,11:66:F0:00:01:3D,,0,910,1
41179,send,11:66:F0:00:01:3D,1749,,911,1
41186,send,11:66:F0:00:01:3D,1750,,912,1
41193,send,11:66:F0:00:01:3D,1751,,913,1
41201,send,11:66:F0:00:01:3D,1752,,914,1
41205,ack,11:66:F0:00:01:3D,,0,913,1
41211,send,11:66:F0:00:01:3D,1753,,914,1
41218,send,11:66:F0:00:01:3D,1754,,915,1
41225,send,11:66:F0:00:01:3D,1755,,916,1
41231,send,11:66:F0:00:01:3D,1756,,917,1
41238,ack,11:66:F0:00:01:3D,,0,916,1
41271,ack,11:66:F0:00:01:3D,,0,915,1
41937,send,11:66:F0:00:01:3D,1757,,916,1
41946,ack,11:66:F0:00:01:3D,,0,915,1
41950,send,11:66:F0:00:01:3D,1758,,916,1
41956,send,11:66:F0:00:01:3D,1759,,917,1
41962,send,11:66:F0:00:01:3D,1760,,918,1
41968,send,11:66:F0:00:01:3D,1761,,919,1
41974,send,11:66:F0:00:01:3D,1762,,920,1
41980,ack,11:66:F0:00:01:3D,,0,919,1
41984,send,11:66:F0:00:01:3D,1763,,920,1
41991,send,11:66:F0:00:01:3D,1764,,921,1
41996,send,11:66:F0:00:01:3D,1765,,922,1
42002,send,11:66:F0:00:01:3D,1766,,923,1
42007,send,11:66:F0:00:01:3D,1767,,924,1
42013,ack,11:66:F0:00:01:3D,,0,923,1
42017,send,11:66:F0:00:01:3D,1768,,924,1
42023,send,11:66:F0:00:01:3D,1769,,925,1
42030,send,11:66:F0:00:01:3D,1770,,926,1
42036,send,11:66:F0:00:01:3D,1771,,927,1
42042,send,11:66:F0:00:01:3D,1772,,928,1
42046,ack,11:66:F0:00:01:3D,,0,927,1
42052,send,11:66:F0:00:01:3D,1773,,928,1
42057,send,11:66:F0:00:01:3D,1774,,929,1
42063,send,11:66:F0:00:01:3D,1775,,930,1
42069,send,11:66:F0:00:01:3D,1776,,931,1
42075,send,11:66:F0:00:01:3D,1777,,932,1
42078,ack,11:66:F0:00:01:3D,,0,931,1
42084,send,11:66:F0:00:01:3D,1778,,932,1
42090,send,11:66:F0:00:01:3D,1779,,933,1
42096,send,11:66:F0:00:01:3D,1780,,934,1
42102,send,11:66:F0:00:01:3D,1781,,935,1
42108,ack,11:66:F0:00:01:3D,,0,934,1
42111,send,11:66:F0:00:01:3D,1782,,935,1
42117,send,11:66:F0:00:01:3D,1783,,936,1
42123,send,11:66:F0:00:01:3D,1784,,937,1
42129,send,11:66:F0:00:01:3D,1785,,938,1
42137,send,11:66:F0:00:01:3D,1786,,939,1
42140,ack,11:66:F0:00:01:3D,,0,938,1
42146,send,11:66:F0:00:01:3D,1787,,939,1
42152,send,11:66:F0:00:01:3D,1788,,940,1
42157,send,11:66:F0:00:01:3D,1789,,941,1
42163,send,11:66:F0:00:01:3D,1790,,942,1
42171,send,11:66:F0:00:01:3D,1791,,943,1
42173,ack,11:66:F0:00:01:3D,,0,942,1
42179,send,11:66:F0:00:01:3D,1792,,943,1
42185,send,11:66:F0:00:01:3D,1793,,944,1
42192,send,11:66:F0:00:01:3D,1794,,945,1
42199,send,11:66:F0:00:01:3D,1795,,946,1
42206,ack,11:66:F0:00:01:3D,,0,945,1
42210,send,11:66:F0:00:01:3D,1796,,946,1
42218,send,11:66:F0:00:01:3D,1797,,947,1
42225,send,11:66:F0:00:01:3D,1798,,948,1
42233,send,11:66:F0:00:01:3D,1799,,949,1
42241,ack,11:66:F0:00:01:3D,,0,948,1
42245,send,11:66:F0:00:01:3D,1800,,949,1
42251,send,11:66:F0:00:01:3D,1801,,950,1
42256,send,11:66:F0:00:01:3D,1802,,951,1
42262,send,11:66:F0:00:01:3D,1803,,952,1
42276,ack,11:66:F0:00:01:3D,,0,951,1
42280,send,11:66:F0:00:01:3D,1804,,952,1
42286,send,11:66:F0:00:01:3D,1805,,953,1
42293,send,11:66:F0:00:01:3D,1806,,954,1
42300,send,11:66:F0:00:01:3D,1807,,955,1
42305,send,11:66:F0:00:01:3D,1808,,956,1
42311,ack,11:66:F0:00:01:3D,,0,955,1
42315,send,11:66:F0:00:01:3D,1809,,956,1
42321,send,11:66:F0:00:01:3D,1810,,957,1
42327,send,11:66:F0:00:01:3D,1811,,958,1
42334,send,11:66:F0:00:01:3D,1812,,959,1
42340,send,11:66:F0:00:01:3D,1813,,960,1
42344,ack,11:66:F0:00:01:3D,,0,959,1
42349,send,11:66:F0:00:01:3D,1814,,960,1
42354,send,11:66:F0:00:01:3D,1815,,961,1
42360,send,11:66:F0:00:01:3D,1816,,962,1
42366,send,11:66:F0:00:01:3D,1817,,963,1
42372,send,11:66:F0:00:01:3D,1818,,964,1
42375,ack,11:66:F0:00:01:3D,,0,963,1
42380,send,11:66:F0:00:01:3D,1819,,964,1
42386,send,11:66:F0:00:01:3D,1820,,965,1
42392,send,11:66:F0:00:01:3D,1821,,966,1
42398,send,11:66:F0:00:01:3D,1822,,967,1
42404,send,11:66:F0:00:01:3D,1823,,968,1
42408,ack,11:66:F0:00:01:3D,,0,967,1
42412,send,11:66:F0:00:01:3D,1824,,968,1
42418,send,11:66:F0:00:01:3D,1825,,969,1
42423,send,11:66:F0:00:01:3D,1826,,970,1
42428,send,11:66:F0:00:01:3D,1827,,971,1
42434,send,11:66:F0:00:01:3D,1828,,972,1
42439,ack,11:66:F0:00:01:3D,,0,971,1
42443,send,11:66:F0:00:01:3D,1829,,972,1
42450,send,11:66:F0:00:01:3D,1830,,973,1
42455,send,11:66:F0:00:01:3D,1831,,974,1
42461,send,11:66:F0:00:01:3D,1832,,975,1
42467,send,11:66:F0:00:01:3D,1833,,976,1
42470,ack,11:66:F0:00:01:3D,,0,975,1
42474,send,11:66:F0:00:01:3D,1834,,976,1
42479,send,11:66:F0:00:01:3D,1835,,977,1
42486,send,11:66:F0:00:01:3D,1836,,978,1
42491,send,11:66:F0:00:01:3D,1837,,979,1
42497,send,11:66:F0:00:01:3D,1838,,980,1
42501,ack,11:66:F0:00:01:3D,,0,979,1
42507,send,11:66:F0:00:01:3D,1839,,980,1
42513,send,11:66:F0:00:01:3D,1840,,981,1
42519,send,11:66:F0:00:01:3D,1841,,982,1
42525,send,11:66:F0:00:01:3D,1842,,983,1
42529,ack,11:66:F0:00:01:3D,,0,982,1
42534,send,11:66:F0:00:01:3D,1843,,983,1
42539,send,11:66:F0:00:01:3D,1844,,984,1
42545,send,11:66:F0:00:01:3D,1845,,985,1
42552,send,11:66:F0:00:01:3D,1846,,986,1
42558,send,11:66:F0:00:01:3D,1847,,987,1
42560,ack,11:66:F0:00:01:3D,,0,986,1
42564,send,11:66:F0:00:01:3D,1848,,987,1
42569,send,11:66:F0:00:01:3D,1849,,988,1
42575,send,11:66:F0:00:01:3D,1850,,989,1
42581,send,11:66:F0:00:01:3D,1851,,990,1
42587,send,11:66:F0:00:01:3D,1852,,991,1
42591,ack,11:66:F0:00:01:3D,,0,990,1
42596,send,11:66:F0:00:01:3D,1853,,991,1
42603,send,11:66:F0:00:01:3D,1854,,992,1
42609,send,11:66:F0:00:01:3D,1855,,993,1
42616,send,11:66:F0:00:01:3D,1856,,994,1
42620,ack,11:66:F0:00:01:3D,,0,993,1
42623,send,11:66:F0:00:01:3D,1857,,994,1
42629,send,11:66:F0:00:01:3D,1858,,995,1
42636,send,11:66:F0:00:01:3D,1859,,996,1
42641,send,11:66:F0:00:01:3D,1860,,997,1
42647,send,11:66:F0:00:01:3D,1861,,998,1
42651,ack,11:66:F0:00:01:3D,,0,997,1
42657,send,11:66:F0:00:01:3D,1862,,998,1
42662,send,11:66:F0:00:01:3D,1863,,999,1
42668,send,11:66:F0:00:01:3D,1864,,1000,1
42674,send,11:66:F0:00:01:3D,1865,,1001,1
42680,send,11:66:F0:00:01:3D,1866,,1002,1
42683,ack,11:66:F0:00:01:3D,,0,1001,1
42688,send,11:66:F0:00:01:3D,1867,,1002,1
42693,send,11:66:F0:00:01:3D,1868,,1003,1
42699,send,11:66:F0:00:01:3D,1869,,1004,1
42705,send,11:66:F0:00:01:3D,1870,,1005,1
42712,send,11:66:F0:00:01:3D,1871,,1006,1
42717,ack,11:66:F0:00:01:3D,,0,1005,1
42721,send,11:66:F0:00:01:3D,1872,,1006,1
42727,send,11:66:F0:00:01:3D,1873,,1007,1
42732,send,11:66:F0:00:01:3D,1874,,1008,1
42737,send,11:66:F0:00:01:3D,1875,,1009,1
42744,send,11:66:F0:00:01:3D,1876,,1010,1
42753,ack,11:66:F0:00:01:3D,,0,1009,1
42757,send,11:66:F0:00:01:3D,1877,,1010,1
42765,send,11:66:F0:00:01:3D,1878,,1011,1
42771,send,11:66:F0:00:01:3D,1879,,1012,1
42777,send,11:66:F0:00:01:3D,1880,,1013,1
42783,send,11:66:F0:00:01:3D,1881,,1014,1
42785,ack,11:66:F0:00:01:3D,,0,1013,1
42789,send,11:66:F0:00:01:3D,1882,,1014,1
42794,send,11:66:F0:00:01:3D,1883,,1015,1
42800,send,11:66:F0:00:01:3D,1884,,1016,1
42805,send,11:66:F0:00:01:3D,1885,,1017,1
42811,send,11:66:F0:00:01:3D,1886,,1018,1
42818,ack,11:66:F0:00:01:3D,,0,1017,1
42820,send,11:66:F0:00:01:3D,1887,,1018,1
42827,send,11:66:F0:00:01:3D,1888,,1019,1
42833,send,11:66:F0:00:01:3D,1889,,1020,1
42841,send,11:66:F0:00:01:3D,1890,,1021,1
42847,send,11:66:F0:00:01:3D,1891,,1022,1
42851,ack,11:66:F0:00:01:3D,,0,1021,1
42856,send,11:66:F0:00:01:3D,1892,,1022,1
42862,send,11:66:F0:00:01:3D,1893,,1023,1
42869,send,11:66:F0:00:01:3D,1894,,1024,1
42875,send,11:66:F0:00:01:3D,1895,,1025,1
42881,send,11:66:F0:00:01:3D,1896,,1026,1
42884,ack,11:66:F0:00:01:3D,,0,1025,1
42889,send,11:66:F0:00:01:3D,1897,,1026,1
42895,send,11:66:F0:00:01:3D,1898,,1027,1
42902,send,11:66:F0:00:01:3D,1899,,1028,1
42907,send,11:66:F0:00:01:3D,1900,,1029,1
42913,send,11:66:F0:00:01:3D,1901,,1030,1
42915,ack,11:66:F0:00:01:3D,,0,1029,1
42920,send,11:66:F0:00:01:3D,1902,,1030,1
42926,send,11:66:F0:00:01:3D,1903,,1031,1
42932,send,11:66:F0:00:01:3D,1904,,1032,1
42938,send,11:66:F0:00:01:3D,1905,,1033,1
42945,send,11:66:F0:00:01:3D,1906,,1034,1
42946,ack,11:66:F0:00:01:3D,,0,1033,1
42951,send,11:66:F0:00:01:3D,1907,,1034,1
42959,send,11:66:F0:00:01:3D,1908,,1035,1
42965,send,11:66:F0:00:01:3D,1909,,1036,1
42972,send,11:66:F0:00:01:3D,1910,,1037,1
42980,ack,11:66:F0:00:01:3D,,0,1036,1
42984,send,11:66:F0:00:01:3D,1911,,1037,1
42990,send,11:66:F0:00:01:3D,1912,,1038,1
42996,send,11:66:F0:00:01:3D,1913,,1039,1
43002,send,11:66:F0:00:01:3D,1914,,1040,1
43008,send,11:66:F0:00:01:3D,1915,,1041,1
43013,ack,11:66:F0:00:01:3D,,0,1040,1
43017,send,11:66:F0:00:01:3D,1916,,1041,1
43023,send,11:66:F0:00:01:3D,1917,,1042,1
43028,send,11:66:F0:00:01:3D,1918,,1043,1
43034,send,11:66:F0:00:01:3D,1919,,1044,1
43039,send,11:66:F0:00:01:3D,1920,,1045,1
43045,ack,11:66:F0:00:01:3D,,0,1044,1
43050,send,11:66:F0:00:01:3D,1921,,1045,1
43056,send,11:66:F0:00:01:3D,1922,,1046,1
43062,send,11:66:F0:00:01:3D,1923,,1047,1
43069,send,11:66:F0:00:01:3D,1924,,1048,1
43075,send,11:66:F0:00:01:3D,1925,,1049,1
43078,ack,11:66:F0:00:01:3D,,0,1048,1
43083,send,11:66:F0:00:01:3D,1926,,1049,1
43089,send,11:66:F0:00:01:3D,1927,,1050,1
43095,send,11:66:F0:00:01:3D,1928,,1051,1
43103,send,11:66:F0:00:01:3D,1929,,1052,1
43107,ack,11:66:F0:00:01:3D,,0,1051,1
43112,send,11:66:F0:00:01:3D,1930,,1052,1
43119,send,11:66:F0:00:01:3D,1931,,1053,1
43125,send,11:66:F0:00:01:3D,1932,,1054,1
43131,send,11:66:F0:00:01:3D,1933,,1055,1
43136,send,11:66:F0:00:01:3D,1934,,1056,1
43138,ack,11:66:F0:00:01:3D,,0,1055,1
43143,send,11:66:F0:00:01:3D,1935,,1056,1
43149,send,11:66:F0:00:01:3D,1936,,1057,1
43155,send,11:66:F0:00:01:3D,1937,,1058,1
43160,send,11:66:F0:00:01:3D,1938,,1059,1
43166,send,11:66:F0:00:01:3D,1939,,1060,1
43168,ack,11:66:F0:00:01:3D,,0,1059,1
43175,send,11:66:F0:00:01:3D,1940,,1060,1
43181,send,11:66:F0:00:01:3D,1941,,1061,1
43187,send,11:66:F0:00:01:3D,1942,,1062,1
43192,send,11:66:F0:00:01:3D,1943,,1063,1
43196,ack,11:66:F0:00:01:3D,,0,1062,1
43198,send,11:66:F0:00:01:3D,1944,,1063,1
43204,send,11:66:F0:00:01:3D,1945,,1064,1
43209,send,11:66:F0:00:01:3D,1946,,1065,1
43215,send,11:66:F0:00:01:3D,1947,,1066,1
43221,send,11:66:F0:00:01:3D,1948,,1067,1
43225,ack,11:66:F0:00:01:3D,,0,1066,1
43229,send,11:66:F0:00:01:3D,1949,,1067,1
43235,send,11:66:F0:00:01:3D,1950,,1068,1
43240,send,11:66:F0:00:01:3D,1951,,1069,1
43245,send,11:66:F0:00:01:3D,1952,,1070,1
43250,send,11:66:F0:00:01:3D,1953,,1071,1
43252,ack,11:66:F0:00:01:3D,,0,1070,1
43257,send,11:66:F0:00:01:3D,1954,,1071,1
43263,send,11:66:F0:00:01:3D,1955,,1072,1
43279,send,11:66:F0:00:01:3D,1956,,1073,1
43279,ack,11:66:F0:00:01:3D,,0,1072,1
43285,send,11:66:F0:00:01:3D,1957,,1073,1
43290,send,11:66:F0:00:01:3D,1958,,1074,1
43296,send,11:66:F0:00:01:3D,1959,,1075,1
43301,send,11:66:F0:00:01:3D,1960,,1076,1
43307,ack,11:66:F0:00:01:3D,,0,1075,1
43307,send,11:66:F0:00:01:3D,1961,,1076,1
43313,send,11:66:F0:00:01:3D,1962,,1077,1
43319,send,11:66:F0:00:01:3D,1963,,1078,1
43326,send,11:66:F0:00:01:3D,1964,,1079,1
43330,send,11:66:F0:00:01:3D,1965,,1080,1
43335,ack,11:66:F0:00:01:3D,,0,1079,1
43337,send,11:66:F0:00:01:3D,1966,,1080,1
43344,send,11:66:F0:00:01:3D,1967,,1081,1
43349,send,11:66:F0:00:01:3D,1968,,1082,1
43356,send,11:66:F0:00:01:3D,1969,,1083,1
43361,send,11:66:F0:00:01:3D,1970,,1084,1
43363,ack,11:66:F0:00:01:3D,,0,1083,1
43369,send,11:66:F0:00:01:3D,1971,,1084,1
43375,send,11:66:F0:00:01:3D,1972,,1085,1
43381,send,11:66:F0:00:01:3D,1973,,1086,1
43387,send,11:66:F0:00:01:3D,1974,,1087,1
43389,ack,11:66:F0:00:01:3D,,0,1086,1
43395,send,11:66:F0:00:01:3D,1975,,1087,1
43401,send,11:66:F0:00:01:3D,1976,,1088,1
43406,send,11:66:F0:00:01:3D,1977,,1089,1
43412,send,11:66:F0:00:01:3D,1978,,1090,1
43418,send,11:66:F0:00:01:3D,1979,,1091,1
43419,ack,11:66:F0:00:01:3D,,0,1090,1
43425,send,11:66:F0:00:01:3D,1980,,1091,1
43431,send,11:66:F0:00:01:3D,1981,,1092,1
43438,send,11:66:F0:00:01:3D,1982,,1093,1
43443,send,11:66:F0:00:01:3D,1983,,1094,1
43446,ack,11:66:F0:00:01:3D,,0,1093,1
43451,send,11:66:F0:00:01:3D,1984,,1094,1
43458,send,11:66:F0:00:01:3D,1985,,1095,1
43463,send,11:66:F0:00:01:3D,1986,,1096,1
43469,send,11:66:F0:00:01:3D,1987,,1097,1
43474,ack,11:66:F0:00:01:3D,,0,1096,1
43474,send,11:66:F0:00:01:3D,1988,,1097,1
43480,send,11:66:F0:00:01:3D,1989,,1098,1
43486,send,11:66:F0:00:01:3D,1990,,1099,1
43492,send,11:66:F0:00:01:3D,1991,,1100,1
43498,send,11:66:F0:00:01:3D,1992,,1101,1
43503,ack,11:66:F0:00:01:3D,,0,1100,1
43504,send,11:66:F0:00:01:3D,1993,,1101,1
43509,send,11:66:F0:00:01:3D,1994,,1102,1
43514,send,11:66:F0:00:01:3D,1995,,1103,1
43519,send,11:66:F0:00:01:3D,1996,,1104,1
43525,send,11:66:F0:00:01:3D,1997,,1105,1
43530,send,11:66:F0:00:01:3D,1998,,1106,1
43531,ack,11:66:F0:00:01:3D,,0,1105,1
43537,send,11:66:F0:00:01:3D,1999,,1106,1
43542,send,11:66:F0:00:01:3D,2000,,1107,1
43547,send,11:66:F0:00:01:3D,2001,,1108,1
43553,send,11:66:F0:00:01:3D,2002,,1109,1
43559,send,11:66:F0:00:01:3D,2003,,1110,1
43559,ack,11:66:F0:00:01:3D,,0,1109,1
43565,send,11:66:F0:00:01:3D,2004,,1110,1
43571,send,11:66:F0:00:01:3D,2005,,1111,1
43577,send,11:66:F0:00:01:3D,2006,,1112,1
43583,send,11:66:F0:00:01:3D,2007,,1113,1
43588,ack,11:66:F0:00:01:3D,,0,1112,1
43588,send,11:66:F0:00:01:3D,2008,,1113,1
43594,send,11:66:F0:00:01:3D,2009,,1114,1
43600,send,11:66:F0:00:01:3D,2010,,1115,1
43605,send,11:66:F0:00:01:3D,2011,,1116,1
43610,send,11:66:F0:00:01:3D,2012,,1117,1
43615,send,11:66:F0:00:01:3D,2013,,1118,1
43617,ack,11:66:F0:00:01:3D,,0,1117,1
43622,send,11:66:F0:00:01:3D,2014,,1118,1
43628,send,11:66:F0:00:01:3D,2015,,1119,1
43634,send,11:66:F0:00:01:3D,2016,,1120,1
43639,send,11:66:F0:00:01:3D,2017,,1121,1
43644,ack,11:66:F0:00:01:3D,,0,1120,1
43645,send,11:66:F0:00:01:3D,2018,,1121,1
43651,send,11:66:F0:00:01:3D,2019,,1122,1
43657,send,11:66:F0:00:01:3D,2020,,1123,1
43662,send,11:66:F0:00:01:3D,2021,,1124,1
43669,send,11:66:F0:00:01:3D,2022,,1125,1
43670,ack,11:66:F0:00:01:3D,,0,1124,1
43677,send,11:66:F0:00:01:3D,2023,,1125,1
43683,send,11:66:F0:00:01:3D,2024,,1126,1
43688,send,11:66:F0:00:01:3D,2025,,1127,1
43694,send,11:66:F0:00:01:3D,2026,,1128,1
43699,ack,11:66:F0:00:01:3D,,0,1127,1
43700,send,11:66:F0:00:01:3D,2027,,1128,1
43706,send,11:66:F0:00:01:3D,2028,,1129,1
43711,send,11:66:F0:00:01:3D,2029,,1130,1
43717,send,11:66:F0:00:01:3D,2030,,1131,1
43723,send,11:66:F0:00:01:3D,2031,,1132,1
43727,ack,11:66:F0:00:01:3D,,0,1131,1
43729,send,11:66:F0:00:01:3D,2032,,1132,1
43735,send,11:66:F0:00:01:3D,2033,,1133,1
43739,send,11:66:F0:00:01:3D,2034,,1134,1
43745,send,11:66:F0:00:01:3D,2035,,1135,1
43750,send,11:66:F0:00:01:3D,2036,,1136,1
43754,ack,11:66:F0:00:01:3D,,0,1135,1
43756,send,11:66:F0:00:01:3D,2037,,1136,1
43762,send,11:66:F0:00:01:3D,2038,,1137,1
43768,send,11:66:F0:00:01:3D,2039,,1138,1
43774,send,11:66:F0:00:01:3D,2040,,1139,1
43780,send,11:66:F0:00:01:3D,2041,,1140,1
43782,ack,11:66:F0:00:01:3D,,0,1139,1
43786,send,11:66:F0:00:01:3D,2042,,1140,1
43792,send,11:66:F0:00:01:3D,2043,,1141,1
43797,send,11:66:F0:00:01:3D,2044,,1142,1
43803,send,11:66:F0:00:01:3D,2045,,1143,1
43808,send,11:66:F0:00:01:3D,2046,,1144,1
43810,ack,11:66:F0:00:01:3D,,0,1143,1
43815,send,11:66:F0:00:01:3D,2047,,1144,1
43821,send,11:66:F0:00:01:3D,2048,,1145,1
43827,send,11:66:F0:00:01:3D,2049,,1146,1
43833,send,11:66:F0:00:01:3D,2050,,1147,1
43838,ack,11:66:F0:00:01:3D,,0,1146,1
43839,send,11:66:F0:00:01:3D,2051,,1147,1
43845,send,11:66:F0:00:01:3D,2052,,1148,1
43851,send,11:66:F0:00:01:3D,2053,,1149,1
43857,send,11:66:F0:00:01:3D,2054,,1150,1
43863,send,11:66:F0:00:01:3D,2055,,1151,1
43866,ack,11:66:F0:00:01:3D,,0,1150,1
43872,send,11:66:F0:00:01:3D,2056,,1151,1
43878,send,11:66:F0:00:01:3D,2057,,1152,1
43883,send,11:66:F0:00:01:3D,2058,,1153,1
43888,send,11:66:F0:00:01:3D,2059,,1154,1
43894,send,11:66:F0:00:01:3D,2060,,1155,1
43895,ack,11:66:F0:00:01:3D,,0,1154,1
43901,send,11:66:F0:00:01:3D,2061,,1155,1
43907,send,11:66:F0:00:01:3D,2062,,1156,1
43912,send,11:66:F0:00:01:3D,2063,,1157,1
43918,send,11:66:F0:00:01:3D,2064,,1158,1
43923,ack,11:66:F0:00:01:3D,,0,1157,1
43924,send,11:66:F0:00:01:3D,2065,,1158,1
43930,send,11:66:F0:00:01:3D,2066,,1159,1
43936,send,11:66:F0:00:01:3D,2067,,1160,1
43942,send,11:66:F0:00:01:3D,2068,,1161,1
43948,send,11:66:F0:00:01:3D,2069,,1162,1
43950,ack,11:66:F0:00:01:3D,,0,1161,1
43956,send,11:66:F0:00:01:3D,2070,,1162,1
43962,send,11:66:F0:00:01:3D,2071,,1163,1
43968,send,11:66:F0:00:01:3D,2072,,1164,1
43973,send,11:66:F0:00:01:3D,2073,,1165,1
43979,ack,11:66:F0:00:01:3D,,0,1164,1
43979,send,11:66:F0:00:01:3D,2074,,1165,1
43986,send,11:66:F0:00:01:3D,2075,,1166,1
43991,send,11:66:F0:00:01:3D,2076,,1167,1
43997,send,11:66:F0:00:01:3D,2077,,1168,1
44002,send,11:66:F0:00:01:3D,2078,,1169,1
44007,ack,11:66:F0:00:01:3D,,0,1168,1
44008,send,11:66:F0:00:01:3D,2079,,1169,1
44014,send,11:66:F0:00:01:3D,2080,,1170,1
44020,send,11:66:F0:00:01:3D,2081,,1171,1
44026,send,11:66:F0:00:01:3D,2082,,1172,1
44031,send,11:66:F0:00:01:3D,2083,,1173,1
44034,ack,11:66:F0:00:01:3D,,0,1172,1
44039,send,11:66:F0:00:01:3D,2084,,1173,1
44044,send,11:66:F0:00:01:3D,2085,,1174,1
44050,send,11:66:F0:00:01:3D,2086,,1175,1
44055,send,11:66:F0:00:01:3D,2087,,1176,1
44060,send,11:66:F0:00:01:3D,2088,,1177,1
44061,ack,11:66:F0:00:01:3D,,0,1176,1
44066,send,11:66:F0:00:01:3D,2089,,1177,1
44071,send,11:66:F0:00:01:3D,2090,,1178,1
44077,send,11:66:F0:00:01:3D,2091,,1179,1
44083,send,11:66:F0:00:01:3D,2092,,1180,1
44088,send,11:66:F0:00:01:3D,2093,,1181,1
44089,ack,11:66:F0:00:01:3D,,0,1180,1
44095,send,11:66:F0:00:01:3D,2094,,1181,1
44100,send,11:66:F0:00:01:3D,2095,,1182,1
44106,send,11:66:F0:00:01:3D,2096,,1183,1
44111,send,11:66:F0:00:01:3D,2097,,1184,1
44117,send,11:66:F0:00:01:3D,2098,,1185,1
44118,ack,11:66:F0:00:01:3D,,0,1184,1
44123,send,11:66:F0:00:01:3D,2099,,1185,1
44128,send,11:66:F0:00:01:3D,2100,,1186,1
44134,send,11:66:F0:00:01:3D,2101,,1187,1
44140,send,11:66:F0:00:01:3D,2102,,1188,1
44146,send,11:66:F0:00:01:3D,2103,,1189,1
44146,ack,11:66:F0:00:01:3D,,0,1188,1
44152,send,11:66:F0:00:01:3D,2104,,1189,1
44157,send,11:66:F0:00:01:3D,2105,,1190,1
44163,send,11:66:F0:00:01:3D,2106,,1191,1
44169,send,11:66:F0:00:01:3D,2107,,1192,1
44173,ack,11:66:F0:00:01:3D,,0,1191,1
44174,send,11:66:F0:00:01:3D,2108,,1192,1
44180,send,11:66:F0:00:01:3D,2109,,1193,1
44186,send,11:66:F0:00:01:3D,2110,,1194,1
44192,send,11:66:F0:00:01:3D,2111,,1195,1
44198,send,11:66:F0:00:01:3D,2112,,1196,1
44202,ack,11:66:F0:00:01:3D,,0,1195,1
44207,send,11:66:F0:00:01:3D,2113,,1196,1
44213,send,11:66:F0:00:01:3D,2114,,1197,1
44218,send,11:66:F0:00:01:3D,2115,,1198,1
44224,send,11:66:F0:00:01:3D,2116,,1199,1
44230,send,11:66:F0:00:01:3D,2117,,1200,1
44230,ack,11:66:F0:00:01:3D,,0,1199,1
44235,send,11:66:F0:00:01:3D,2118,,1200,1
44241,send,11:66:F0:00:01:3D,2119,,1201,1
44247,send,11:66:F0:00:01:3D,2120,,1202,1
44253,send,11:66:F0:00:01:3D,2121,,1203,1
44258,ack,11:66:F0:00:01:3D,,0,1202,1
44259,send,11:66:F0:00:01:3D,2122,,1203,1
44264,send,11:66:F0:00:01:3D,2123,,1204,1
44283,send,11:66:F0:00:01:3D,2124,,1205,1
44285,ack,11:66:F0:00:01:3D,,0,1204,1
44290,send,11:66:F0:00:01:3D,2125,,1205,1
44296,send,11:66:F0:00:01:3D,2126,,1206,1
44301,send,11:66:F0:00:01:3D,2127,,1207,1
44306,send,11:66:F0:00:01:3D,2128,,1208,1
44312,ack,11:66:F0:00:01:3D,,0,1207,1
44312,send,11:66:F0:00:01:3D,2129,,1208,1
44318,send,11:66:F0:00:01:3D,2130,,1209,1
44324,send,11:66:F0:00:01:3D,2131,,1210,1
44329,send,11:66:F0:00:01:3D,2132,,1211,1
44335,send,11:66:F0:00:01:3D,2133,,1212,1
44340,send,11:66:F0:00:01:3D,2134,,1213,1
44341,ack,11:66:F0:00:01:3D,,0,1212,1
44346,send,11:66:F0:00:01:3D,2135,,1213,1
44351,send,11:66:F0:00:01:3D,2136,,1214,1
44357,send,11:66:F0:00:01:3D,2137,,1215,1
44363,send,11:66:F0:00:01:3D,2138,,1216,1
44368,send,11:66:F0:00:01:3D,2139,,1217,1
44370,ack,11:66:F0:00:01:3D,,0,1216,1
44374,send,11:66:F0:00:01:3D,2140,,1217,1
44380,send,11:66:F0:00:01:3D,2141,,1218,1
44385,send,11:66:F0:00:01:3D,2142,,1219,1
44391,send,11:66:F0:00:01:3D,2143,,1220,1
44397,send,11:66:F0:00:01:3D,2144,,1221,1
44399,ack,11:66:F0:00:01:3D,,0,1220,1
44404,send,11:66:F0:00:01:3D,2145,,1221,1
44410,send,11:66:F0:00:01:3D,2146,,1222,1
44416,send,11:66:F0:00:01:3D,2147,,1223,1
44422,send,11:66:F0:00:01:3D,2148,,1224,1
44427,send,11:66:F0:00:01:3D,2149,,1225,1
44429,ack,11:66:F0:00:01:3D,,0,1224,1
44433,send,11:66:F0:00:01:3D,2150,,1225,1
44439,send,11:66:F0:00:01:3D,2151,,1226,1
44444,send,11:66:F0:00:01:3D,2152,,1227,1
44449,send,11:66:F0:00:01:3D,2153,,1228,1
44455,send,11:66:F0:00:01:3D,2154,,1229,1
44457,ack,11:66:F0:00:01:3D,,0,1228,1
44462,send,11:66:F0:00:01:3D,2155,,1229,1
44468,send,11:66:F0:00:01:3D,2156,,1230,1
44473,send,11:66:F0:00:01:3D,2157,,1231,1
44479,send,11:66:F0:00:01:3D,2158,,1232,1
44484,ack,11:66:F0:00:01:3D,,0,1231,1
44484,send,11:66:F0:00:01:3D,2159,,1232,1
44490,send,11:66:F0:00:01:3D,2160,,1233,1
44496,send,11:66:F0:00:01:3D,2161,,1234,1
44502,send,11:66:F0:00:01:3D,2162,,1235,1
44508,send,11:66:F0:00:01:3D,2163,,1236,1
44512,ack,11:66:F0:00:01:3D,,0,1235,1
44513,send,11:66:F0:00:01:3D,2164,,1236,1
44519,send,11:66:F0:00:01:3D,2165,,1237,1
44525,send,11:66:F0:00:01:3D,2166,,1238,1
44531,send,11:66:F0:00:01:3D,2167,,1239,1
44536,send,11:66:F0:00:01:3D,2168,,1240,1
44541,send,11:66:F0:00:01:3D,2169,,1241,1
44541,ack,11:66:F0:00:01:3D,,0,1240,1
44547,send,11:66:F0:00:01:3D,2170,,1241,1
44553,send,11:66:F0:00:01:3D,2171,,1242,1
44559,send,11:66:F0:00:01:3D,2172,,1243,1
44564,send,11:66:F0:00:01:3D,2173,,1244,1
44571,ack,11:66:F0:00:01:3D,,0,1243,1
44571,send,11:66:F0:00:01:3D,2174,,1244,1
44576,send,11:66:F0:00:01:3D,2175,,1245,1
44583,send,11:66:F0:00:01:3D,2176,,1246,1
44589,send,11:66:F0:00:01:3D,2177,,1247,1
44595,send,11:66:F0:00:01:3D,2178,,1248,1
44598,ack,11:66:F0:00:01:3D,,0,1247,1
44603,send,11:66:F0:00:01:3D,2179,,1248,1
44609,send,11:66:F0:00:01:3D,2180,,1249,1
44615,send,11:66:F0:00:01:3D,2181,,1250,1
44620,send,11:66:F0:00:01:3D,2182,,1251,1
44626,send,11:66:F0:00:01:3D,2183,,1252,1
44627,ack,11:66:F0:00:01:3D,,0,1251,1
44632,send,11:66:F0:00:01:3D,2184,,1252,1
44638,send,11:66:F0:00:01:3D,2185,,1253,1
44643,send,11:66:F0:00:01:3D,2186,,1254,1
44649,send,11:66:F0:00:01:3D,2187,,1255,1
44655,ack,11:66:F0:00:01:3D,,0,1254,1
44656,send,11:66:F0:00:01:3D,2188,,1255,1
44661,send,11:66:F0:00:01:3D,2189,,1256,1
44667,send,11:66:F0:00:01:3D,2190,,1257,1
44672,send,11:66:F0:00:01:3D,2191,,1258,1
44678,send,11:66:F0:00:01:3D,2192,,1259,1
44683,ack,11:66:F0:00:01:3D,,0,1258,1
44684,send,11:66:F0:00:01:3D,2193,,1259,1
44689,send,11:66:F0:00:01:3D,2194,,1260,1
44695,send,11:66:F0:00:01:3D,2195,,1261,1
44700,send,11:66:F0:00:01:3D,2196,,1262,1
44705,send,11:66:F0:00:01:3D,2197,,1263,1
44710,send,11:66:F0:00:01:3D,2198,,1264,1
44711,ack,11:66:F0:00:01:3D,,0,1263,1
44716,send,11:66:F0:00:01:3D,2199,,1264,1
44722,send,11:66:F0:00:01:3D,2200,,1265,1
44727,send,11:66:F0:00:01:3D,2201,,1266,1
44733,send,11:66:F0:00:01:3D,2202,,1267,1
44739,send,11:66:F0:00:01:3D,2203,,1268,1
44739,ack,11:66:F0:00:01:3D,,0,1267,1
44744,send,11:66:F0:00:01:3D,2204,,1268,1
44750,send,11:66:F0:00:01:3D,2205,,1269,1
44756,send,11:66:F0:00:01:3D,2206,,1270,1
44761,send,11:66:F0:00:01:3D,2207,,1271,1
44767,send,11:66:F0:00:01:3D,2208,,1272,1
44767,ack,11:66:F0:00:01:3D,,0,1271,1
44773,send,11:66:F0:00:01:3D,2209,,1272,1
44779,send,11:66:F0:00:01:3D,2210,,1273,1
44785,send,11:66:F0:00:01:3D,2211,,1274,1
44791,send,11:66:F0:00:01:3D,2212,,1275,1
44797,send,11:66:F0:00:01:3D,2213,,1276,1
44797,ack,11:66:F0:00:01:3D,,0,1275,1
44803,send,11:66:F0:00:01:3D,2214,,1276,1
44808,send,11:66:F0:00:01:3D,2215,,1277,1
44813,send,11:66:F0:00:01:3D,2216,,1278,1
44819,send,11:66:F0:00:01:3D,2217,,1279,1
44824,send,11:66:F0:00:01:3D,2218,,1280,1
44831,ack,11:66:F0:00:01:3D,,0,1279,1
44834,send,11:66:F0:00:01:3D,2219,,1280,1
44840,send,11:66:F0:00:01:3D,2220,,1281,1
44846,send,11:66:F0:00:01:3D,2221,,1282,1
44852,send,11:66:F0:00:01:3D,2222,,1283,1
44857,send,11:66:F0:00:01:3D,2223,,1284,1
44862,ack,11:66:F0:00:01:3D,,0,1283,1
44866,send,11:66:F0:00:01:3D,2224,,1284,1
44871,send,11:66:F0:00:01:3D,2225,,1285,1
44877,send,11:66:F0:00:01:3D,2226,,1286,1
44883,send,11:66:F0:00:01:3D,2227,,1287,1
44888,send,11:66:F0:00:01:3D,2228,,1288,1
44891,ack,11:66:F0:00:01:3D,,0,1287,1
44896,send,11:66:F0:00:01:3D,2229,,1288,1
44902,send,11:66:F0:00:01:3D,2230,,1289,1
44907,send,11:66:F0:00:01:3D,2231,,1290,1
44913,send,11:66:F0:00:01:3D,2232,,1291,1
44919,send,11:66:F0:00:01:3D,2233,,1292,1
44921,ack,11:66:F0:00:01:3D,,0,1291,1
44926,send,11:66:F0:00:01:3D,2234,,1292,1
44932,send,11:66:F0:00:01:3D,2235,,1293,1
44939,send,11:66:F0:00:01:3D,2236,,1294,1
44945,send,11:66:F0:00:01:3D,2237,,1295,1
44950,ack,11:66:F0:00:01:3D,,0,1294,1
44955,send,11:66:F0:00:01:3D,2238,,1295,1
44961,send,11:66:F0:00:01:3D,2239,,1296,1
44967,send,11:66:F0:00:01:3D,2240,,1297,1
44972,send,11:66:F0:00:01:3D,2241,,1298,1
44979,send,11:66:F0:00:01:3D,2242,,1299,1
44980,ack,11:66:F0:00:01:3D,,0,1298,1
44986,send,11:66:F0:00:01:3D,2243,,1299,1
44992,send,11:66:F0:00:01:3D,2244,,1300,1
44998,send,11:66:F0:00:01:3D,2245,,1301,1
45004,send,11:66:F0:00:01:3D,2246,,1302,1
45010,ack,11:66:F0:00:01:3D,,0,1301,1
45014,send,11:66:F0:00:01:3D,2247,,1302,1
45021,send,11:66:F0:00:01:3D,2248,,1303,1
45027,send,11:66:F0:00:01:3D,2249,,1304,1
45033,send,11:66:F0:00:01:3D,2250,,1305,1
45039,send,11:66:F0:00:01:3D,2251,,1306,1
45046,ack,11:66:F0:00:01:3D,,0,1305,1
45050,send,11:66:F0:00:01:3D,2252,,1306,1
45056,send,11:66:F0:00:01:3D,2253,,1307,1
45062,send,11:66:F0:00:01:3D,2254,,1308,1
45068,send,11:66:F0:00:01:3D,2255,,1309,1
45074,send,11:66:F0:00:01:3D,2256,,1310,1
45078,ack,11:66:F0:00:01:3D,,0,1309,1
45082,send,11:66:F0:00:01:3D,2257,,1310,1
45088,send,11:66:F0:00:01:3D,2258,,1311,1
45094,send,11:66:F0:00:01:3D,2259,,1312,1
45099,send,11:66:F0:00:01:3D,2260,,1313,1
45106,send,11:66:F0:00:01:3D,2261,,1314,1
45110,ack,11:66:F0:00:01:3D,,0,1313,1
45115,send,11:66:F0:00:01:3D,2262,,1314,1
45121,send,11:66:F0:00:01:3D,2263,,1315,1
45126,send,11:66:F0:00:01:3D,2264,,1316,1
45132,send,11:66:F0:00:01:3D,2265,,1317,1
45138,send,11:66:F0:00:01:3D,2266,,1318,1
45141,ack,11:66:F0:00:01:3D,,0,1317,1
45146,send,11:66:F0:00:01:3D,2267,,1318,1
45152,send,11:66:F0:00:01:3D,2268,,1319,1
45158,send,11:66:F0:00:01:3D,2269,,1320,1
45164,send,11:66:F0:00:01:3D,2270,,1321,1
45171,send,11:66:F0:00:01:3D,2271,,1322,1
45173,ack,11:66:F0:00:01:3D,,0,1321,1
45177,send,11:66:F0:00:01:3D,2272,,1322,1
45183,send,11:66:F0:00:01:3D,2273,,1323,1
45188,send,11:66:F0:00:01:3D,2274,,1324,1
45194,send,11:66:F0:00:01:3D,2275,,1325,1
45201,send,11:66:F0:00:01:3D,2276,,1326,1
45206,ack,11:66:F0:00:01:3D,,0,1325,1
45209,send,11:66:F0:00:01:3D,2277,,1326,1
45215,send,11:66:F0:00:01:3D,2278,,1327,1
45221,send,11:66:F0:00:01:3D,2279,,1328,1
45227,send,11:66:F0:00:01:3D,2280,,1329,1
45233,send,11:66:F0:00:01:3D,2281,,1330,1
45238,ack,11:66:F0:00:01:3D,,0,1329,1
45241,send,11:66:F0:00:01:3D,2282,,1330,1
45247,send,11:66:F0:00:01:3D,2283,,1331,1
45252,send,11:66:F0:00:01:3D,2284,,1332,1
45258,send,11:66:F0:00:01:3D,2285,,1333,1
45264,send,11:66:F0:00:01:3D,2286,,1334,1
45269,ack,11:66:F0:00:01:3D,,0,1333,1
45285,send,11:66:F0:00:01:3D,2287,,1334,1
45290,send,11:66:F0:00:01:3D,2288,,1335,1
45296,send,11:66:F0:00:01:3D,2289,,1336,1
45299,ack,11:66:F0:00:01:3D,,0,1335,1
45304,send,11:66:F0:00:01:3D,2290,,1336,1
45310,send,11:66:F0:00:01:3D,2291,,1337,1
45316,send,11:66:F0:00:01:3D,2292,,1338,1
45322,send,11:66:F0:00:01:3D,2293,,1339,1
45328,send,11:66:F0:00:01:3D,2294,,1340,1
45332,ack,11:66:F0:00:01:3D,,0,1339,1
45336,send,11:66:F0:00:01:3D,2295,,1340,1
45341,send,11:66:F0:00:01:3D,2296,,1341,1
45347,send,11:66:F0:00:01:3D,2297,,1342,1
45353,send,11:66:F0:00:01:3D,2298,,1343,1
45359,send,11:66:F0:00:01:3D,2299,,1344,1
45362,ack,11:66:F0:00:01:3D,,0,1343,1
45369,send,11:66:F0:00:01:3D,2300,,1344,1
45375,send,11:66:F0:00:01:3D,2301,,1345,1
45381,send,11:66:F0:00:01:3D,2302,,1346,1
45388,send,11:66:F0:00:01:3D,2303,,1347,1
45391,ack,11:66:F0:00:01:3D,,0,1346,1
45396,send,11:66:F0:00:01:3D,2304,,1347,1
45404,send,11:66:F0:00:01:3D,2305,,1348,1
45410,send,11:66:F0:00:01:3D,2306,,1349,1
45416,send,11:66:F0:00:01:3D,2307,,1350,1
45421,ack,11:66:F0:00:01:3D,,0,1349,1
45422,send,11:66:F0:00:01:3D,2308,,1350,1
45428,send,11:66:F0:00:01:3D,2309,,1351,1
45433,send,11:66:F0:00:01:3D,2310,,1352,1
45438,send,11:66:F0:00:01:3D,2311,,1353,1
45444,send,11:66:F0:00:01:3D,2312,,1354,1
45449,ack,11:66:F0:00:01:3D,,0,1353,1
45450,send,11:66:F0:00:01:3D,2313,,1354,1
45456,send,11:66:F0:00:01:3D,2314,,1355,1
45462,send,11:66:F0:00:01:3D,2315,,1356,1
45468,send,11:66:F0:00:01:3D,2316,,1357,1
45474,send,11:66:F0:00:01:3D,2317,,1358,1
45477,ack,11:66:F0:00:01:3D,,0,1357,1
45482,send,11:66:F0:00:01:3D,2318,,1358,1
45488,send,11:66:F0:00:01:3D,2319,,1359,1
45493,send,11:66:F0:00:01:3D,2320,,1360,1
45499,send,11:66:F0:00:01:3D,2321,,1361,1
45504,ack,11:66:F0:00:01:3D,,0,1360,1
45505,send,11:66:F0:00:01:3D,2322,,1361,1
45511,send,11:66:F0:00:01:3D,2323,,1362,1
45517,send,11:66:F0:00:01:3D,2324,,1363,1
45522,send,11:66:F0:00:01:3D,2325,,1364,1
45528,send,11:66:F0:00:01:3D,2326,,1365,1
45533,ack,11:66:F0:00:01:3D,,0,1364,1
45533,send,11:66:F0:00:01:3D,2327,,1365,1
45539,send,11:66:F0:00:01:3D,2328,,1366,1
45544,send,11:66:F0:00:01:3D,2329,,1367,1
45550,send,11:66:F0:00:01:3D,2330,,1368,1
45555,send,11:66:F0:00:01:3D,2331,,1369,1
45561,ack,11:66:F0:00:01:3D,,0,1368,1
45561,send,11:66:F0:00:01:3D,2332,,1369,1
45567,send,11:66:F0:00:01:3D,2333,,1370,1
45573,send,11:66:F0:00:01:3D,2334,,1371,1
45579,send,11:66:F0:00:01:3D,2335,,1372,1
45584,send,11:66:F0:00:01:3D,2336,,1373,1
45589,ack,11:66:F0:00:01:3D,,0,1372,1
45590,send,11:66:F0:00:01:3D,2337,,1373,1
45596,send,11:66:F0:00:01:3D,2338,,1374,1
45602,send,11:66:F0:00:01:3D,2339,,1375,1
45608,send,11:66:F0:00:01:3D,2340,,1376,1
45614,send,11:66:F0:00:01:3D,2341,,1377,1
45616,ack,11:66:F0:00:01:3D,,0,1376,1
45621,send,11:66:F0:00:01:3D,2342,,1377,1
45627,send,11:66:F0:00:01:3D,2343,,1378,1
45633,send,11:66:F0:00:01:3D,2344,,1379,1
45638,send,11:66:F0:00:01:3D,2345,,1380,1
45644,ack,11:66:F0:00:01:3D,,0,1379,1
45644,send,11:66:F0:00:01:3D,2346,,1380,1
45650,send,11:66:F0:00:01:3D,2347,,1381,1
45655,send,11:66:F0:00:01:3D,2348,,1382,1
45661,send,11:66:F0:00:01:3D,2349,,1383,1
45668,send,11:66:F0:00:01:3D,2350,,1384,1
45673,ack,11:66:F0:00:01:3D,,0,1383,1
45674,send,11:66:F0:00:01:3D,2351,,1384,1
45680,send,11:66:F0:00:01:3D,2352,,1385,1
45687,send,11:66:F0:00:01:3D,2353,,1386,1
45693,send,11:66:F0:00:01:3D,2354,,1387,1
45699,send,11:66:F0:00:01:3D,2355,,1388,1
45702,ack,11:66:F0:00:01:3D,,0,1387,1
45707,send,11:66:F0:00:01:3D,2356,,1388,1
45714,send,11:66:F0:00:01:3D,2357,,1389,1
45720,send,11:66:F0:00:01:3D,2358,,1390,1
45725,send,11:66:F0:00:01:3D,2359,,1391,1
45731,send,11:66:F0:00:01:3D,2360,,1392,1
45734,ack,11:66:F0:00:01:3D,,0,1391,1
45739,send,11:66:F0:00:01:3D,2361,,1392,1
45745,send,11:66:F0:00:01:3D,2362,,1393,1
45750,send,11:66:F0:00:01:3D,2363,,1394,1
45756,send,11:66:F0:00:01:3D,2364,,1395,1
45762,send,11:66:F0:00:01:3D,2365,,1396,1
45765,ack,11:66:F0:00:01:3D,,0,1395,1
45771,send,11:66:F0:00:01:3D,2366,,1396,1
45777,send,11:66:F0:00:01:3D,2367,,1397,1
45782,send,11:66:F0:00:01:3D,2368,,1398,1
45788,send,11:66:F0:00:01:3D,2369,,1399,1
45794,send,11:66:F0:00:01:3D,2370,,1400,1
45795,ack,11:66:F0:00:01:3D,,0,1399,1
45800,send,11:66:F0:00:01:3D,2371,,1400,1
45806,send,11:66:F0:00:01:3D,2372,,1401,1
45812,send,11:66:F0:00:01:3D,2373,,1402,1
45817,send,11:66:F0:00:01:3D,2374,,1403,1
45822,send,11:66:F0:00:01:3D,2375,,1404,1
45828,ack,11:66:F0:00:01:3D,,0,1403,1
45832,send,11:66:F0:00:01:3D,2376,,1404,1
45837,send,11:66:F0:00:01:3D,2377,,1405,1
45843,send,11:66:F0:00:01:3D,2378,,1406,1
45849,send,11:66:F0:00:01:3D,2379,,1407,1
45855,send,11:66:F0:00:01:3D,2380,,1408,1
45860,ack,11:66:F0:00:01:3D,,0,1407,1
45865,send,11:66:F0:00:01:3D,2381,,1408,1
45871,send,11:66:F0:00:01:3D,2382,,1409,1
45876,send,11:66:F0:00:01:3D,2383,,1410,1
45882,send,11:66:F0:00:01:3D,2384,,1411,1
45888,send,11:66:F0:00:01:3D,2385,,1412,1
45892,ack,11:66:F0:00:01:3D,,0,1411,1
45898,send,11:66:F0:00:01:3D,2386,,1412,1
45904,send,11:66:F0:00:01:3D,2387,,1413,1
45910,send,11:66:F0:00:01:3D,2388,,1414,1
45915,send,11:66:F0:00:01:3D,2389,,1415,1
45922,send,11:66:F0:00:01:3D,2390,,1416,1
45926,ack,11:66:F0:00:01:3D,,0,1415,1
45930,send,11:66:F0:00:01:3D,2391,,1416,1
45937,send,11:66:F0:00:01:3D,2392,,1417,1
45942,send,11:66:F0:00:01:3D,2393,,1418,1
45948,send,11:66:F0:00:01:3D,2394,,1419,1
45954,send,11:66:F0:00:01:3D,2395,,1420,1
45958,ack,11:66:F0:00:01:3D,,0,1419,1
45963,send,11:66:F0:00:01:3D,2396,,1420,1
45969,send,11:66:F0:00:01:3D,2397,,1421,1
45974,send,11:66:F0:00:01:3D,2398,,1422,1
45980,send,11:66:F0:00:01:3D,2399,,1423,1
45986,send,11:66:F0:00:01:3D,2400,,1424,1
45991,ack,11:66:F0:00:01:3D,,0,1423,1
45997,send,11:66:F0:00:01:3D,2401,,1424,1
46004,send,11:66:F0:00:01:3D,2402,,1425,1
46010,send,11:66:F0:00:01:3D,2403,,1426,1
46016,send,11:66:F0:00:01:3D,2404,,1427,1
46021,ack,11:66:F0:00:01:3D,,0,1426,1
46025,send,11:66:F0:00:01:3D,2405,,1427,1
46031,send,11:66:F0:00:01:3D,2406,,1428,1
46037,send,11:66:F0:00:01:3D,2407,,1429,1
46043,send,11:66:F0:00:01:3D,2408,,1430,1
46049,send,11:66:F0:00:01:3D,2409,,1431,1
46053,ack,11:66:F0:00:01:3D,,0,1430,1
46059,send,11:66:F0:00:01:3D,2410,,1431,1
46064,send,11:66:F0:00:01:3D,2411,,1432,1
46070,send,11:66:F0:00:01:3D,2412,,1433,1
46076,send,11:66:F0:00:01:3D,2413,,1434,1
46081,send,11:66:F0:00:01:3D,2414,,1435,1
46087,ack,11:66:F0:00:01:3D,,0,1434,1
46091,send,11:66:F0:00:01:3D,2415,,1435,1
46097,send,11:66:F0:00:01:3D,2416,,1436,1
46104,send,11:66:F0:00:01:3D,2417,,1437,1
46109,send,11:66:F0:00:01:3D,2418,,1438,1
46115,send,11:66:F0:00:01:3D,2419,,1439,1
46119,ack,11:66:F0:00:01:3D,,0,1438,1
46126,send,11:66:F0:00:01:3D,2420,,1439,1
46132,send,11:66:F0:00:01:3D,2421,,1440,1
46137,send,11:66:F0:00:01:3D,2422,,1441,1
46142,send,11:66:F0:00:01:3D,2423,,1442,1
46148,send,11:66:F0:00:01:3D,2424,,1443,1
46149,ack,11:66:F0:00:01:3D,,0,1442,1
46155,send,11:66:F0:00:01:3D,2425,,1443,1
46161,send,11:66:F0:00:01:3D,2426,,1444,1
46169,send,11:66:F0:00:01:3D,2427,,1445,1
46176,send,11:66:F0:00:01:3D,2428,,1446,1
46180,ack,11:66:F0:00:01:3D,,0,1445,1
46185,send,11:66:F0:00:01:3D,2429,,1446,1
46190,send,11:66:F0:00:01:3D,2430,,1447,1
46196,send,11:66:F0:00:01:3D,2431,,1448,1
46203,send,11:66:F0:00:01:3D,2432,,1449,1
46208,send,11:66:F0:00:01:3D,2433,,1450,1
46215,ack,11:66:F0:00:01:3D,,0,1449,1
46219,send,11:66:F0:00:01:3D,2434,,1450,1
46225,send,11:66:F0:00:01:3D,2435,,1451,1
46230,send,11:66:F0:00:01:3D,2436,,1452,1
46237,send,11:66:F0:00:01:3D,2437,,1453,1
46243,send,11:66:F0:00:01:3D,2438,,1454,1
46248,ack,11:66:F0:00:01:3D,,0,1453,1
46253,send,11:66:F0:00:01:3D,2439,,1454,1
46258,send,11:66:F0:00:01:3D,2440,,1455,1
46264,send,11:66:F0:00:01:3D,2441,,1456,1
46283,send,11:66:F0:00:01:3D,2442,,1457,1
46283,ack,11:66:F0:00:01:3D,,0,1456,1
46288,send,11:66:F0:00:01:3D,2443,,1457,1
46293,send,11:66:F0:00:01:3D,2444,,1458,1
46299,send,11:66:F0:00:01:3D,2445,,1459,1
46304,send,11:66:F0:00:01:3D,2446,,1460,1
46310,send,11:66:F0:00:01:3D,2447,,1461,1
46317,ack,11:66:F0:00:01:3D,,0,1460,1
46322,send,11:66:F0:00:01:3D,2448,,1461,1
46328,send,11:66:F0:00:01:3D,2449,,1462,1
46333,send,11:66:F0:00:01:3D,2450,,1463,1
46339,send,11:66:F0:00:01:3D,2451,,1464,1
46344,send,11:66:F0:00:01:3D,2452,,1465,1
46350,ack,11:66:F0:00:01:3D,,0,1464,1
46355,send,11:66:F0:00:01:3D,2453,,1465,1
46361,send,11:66:F0:00:01:3D,2454,,1466,1
46367,send,11:66:F0:00:01:3D,2455,,1467,1
46373,send,11:66:F0:00:01:3D,2456,,1468,1
46379,send,11:66:F0:00:01:3D,2457,,1469,1
46384,ack,11:66:F0:00:01:3D,,0,1468,1
46388,send,11:66:F0:00:01:3D,2458,,1469,1
46393,send,11:66:F0:00:01:3D,2459,,1470,1
46399,send,11:66:F0:00:01:3D,2460,,1471,1
46405,send,11:66:F0:00:01:3D,2461,,1472,1
46411,send,11:66:F0:00:01:3D,2462,,1473,1
46416,ack,11:66:F0:00:01:3D,,0,1472,1
46421,send,11:66:F0:00:01:3D,2463,,1473,1
46426,send,11:66:F0:00:01:3D,2464,,1474,1
46432,send,11:66:F0:00:01:3D,2465,,1475,1
46437,send,11:66:F0:00:01:3D,2466,,1476,1
46443,send,11:66:F0:00:01:3D,2467,,1477,1
46448,ack,11:66:F0:00:01:3D,,0,1476,1
46454,send,11:66:F0:00:01:3D,2468,,1477,1
46460,send,11:66:F0:00:01:3D,2469,,1478,1
46465,send,11:66:F0:00:01:3D,2470,,1479,1
46470,send,11:66:F0:00:01:3D,2471,,1480,1
46476,send,11:66:F0:00:01:3D,2472,,1481,1
46480,ack,11:66:F0:00:01:3D,,0,1480,1
46486,send,11:66:F0:00:01:3D,2473,,1481,1
46492,send,11:66:F0:00:01:3D,2474,,1482,1
46497,send,11:66:F0:00:01:3D,2475,,1483,1
46503,send,11:66:F0:00:01:3D,2476,,1484,1
46509,send,11:66:F0:00:01:3D,2477,,1485,1
46512,ack,11:66:F0:00:01:3D,,0,1484,1
46517,send,11:66:F0:00:01:3D,2478,,1485,1
46523,send,11:66:F0:00:01:3D,2479,,1486,1
46529,send,11:66:F0:00:01:3D,2480,,1487,1
46536,send,11:66:F0:00:01:3D,2481,,1488,1
46544,ack,11:66:F0:00:01:3D,,0,1487,1
46548,send,11:66:F0:00:01:3D,2482,,1488,1
46554,send,11:66:F0:00:01:3D,2483,,1489,1
46560,send,11:66:F0:00:01:3D,2484,,1490,1
46565,send,11:66:F0:00:01:3D,2485,,1491,1
46572,send,11:66:F0:00:01:3D,2486,,1492,1
46577,ack,11:66:F0:00:01:3D,,0,1491,1
46582,send,11:66:F0:00:01:3D,2487,,1492,1
46590,send,11:66:F0:00:01:3D,2488,,1493,1
46597,send,11:66:F0:00:01:3D,2489,,1494,1
46605,send,11:66:F0:00:01:3D,2490,,1495,1
46611,ack,11:66:F0:00:01:3D,,0,1494,1
46615,send,11:66:F0:00:01:3D,2491,,1495,1
46621,send,11:66:F0:00:01:3D,2492,,1496,1
46627,send,11:66:F0:00:01:3D,2493,,1497,1
46632,send,11:66:F0:00:01:3D,2494,,1498,1
46638,send,11:66:F0:00:01:3D,2495,,1499,1
46646,ack,11:66:F0:00:01:3D,,0,1498,1
46648,send,11:66:F0:00:01:3D,2496,,1499,1
46654,send,11:66:F0:00:01:3D,2497,,1500,1
46662,send,11:66:F0:00:01:3D,2498,,1501,1
46669,send,11:66:F0:00:01:3D,2499,,1502,1
46675,send,11:66:F0:00:01:3D,2500,,1503,1
46679,ack,11:66:F0:00:01:3D,,0,1502,1
46685,send,11:66:F0:00:01:3D,2501,,1503,1
46691,send,11:66:F0:00:01:3D,2502,,1504,1
46697,send,11:66:F0:00:01:3D,2503,,1505,1
46702,send,11:66:F0:00:01:3D,2504,,1506,1
46707,send,11:66:F0:00:01:3D,2505,,1507,1
46711,ack,11:66:F0:00:01:3D,,0,1506,1
46715,send,11:66:F0:00:01:3D,2506,,1507,1
46721,send,11:66:F0:00:01:3D,2507,,1508,1
46727,send,11:66:F0:00:01:3D,2508,,1509,1
46733,send,11:66:F0:00:01:3D,2509,,1510,1
46738,send,11:66:F0:00:01:3D,2510,,1511,1
46743,ack,11:66:F0:00:01:3D,,0,1510,1
46747,send,11:66:F0:00:01:3D,2511,,1511,1
46753,send,11:66:F0:00:01:3D,2512,,1512,1
46760,send,11:66:F0:00:01:3D,2513,,1513,1
46767,send,11:66:F0:00:01:3D,2514,,1514,1
46772,ack,11:66:F0:00:01:3D,,0,1513,1
46775,send,11:66:F0:00:01:3D,2515,,1514,1
46782,send,11:66:F0:00:01:3D,2516,,1515,1
46788,send,11:66:F0:00:01:3D,2517,,1516,1
46794,send,11:66:F0:00:01:3D,2518,,1517,1
46799,send,11:66:F0:00:01:3D,2519,,1518,1
46803,ack,11:66:F0:00:01:3D,,0,1517,1
46807,send,11:66:F0:00:01:3D,2520,,1518,1
46813,send,11:66:F0:00:01:3D,2521,,1519,1
46817,send,11:66:F0:00:01:3D,2522,,1520,1
46824,send,11:66:F0:00:01:3D,2523,,1521,1
46831,send,11:66:F0:00:01:3D,2524,,1522,1
46837,ack,11:66:F0:00:01:3D,,0,1521,1
46842,send,11:66:F0:00:01:3D,2525,,1522,1
46847,send,11:66:F0:00:01:3D,2526,,1523,1
46852,send,11:66:F0:00:01:3D,2527,,1524,1
46858,send,11:66:F0:00:01:3D,2528,,1525,1
46863,send,11:66:F0:00:01:3D,2529,,1526,1
46869,ack,11:66:F0:00:01:3D,,0,1525,1
46875,send,11:66:F0:00:01:3D,2530,,1526,1
46881,send,11:66:F0:00:01:3D,2531,,1527,1
46888,send,11:66:F0:00:01:3D,2532,,1528,1
46894,send,11:66:F0:00:01:3D,2533,,1529,1
46900,ack,11:66:F0:00:01:3D,,0,1528,1
46905,send,11:66:F0:00:01:3D,2534,,1529,1
46911,send,11:66:F0:00:01:3D,2535,,1530,1
46917,send,11:66:F0:00:01:3D,2536,,1531,1
46923,send,11:66:F0:00:01:3D,2537,,1532,1
46929,send,11:66:F0:00:01:3D,2538,,1533,1
46931,ack,11:66:F0:00:01:3D,,0,1532,1
46937,send,11:66:F0:00:01:3D,2539,,1533,1
46943,send,11:66:F0:00:01:3D,2540,,1534,1
46949,send,11:66:F0:00:01:3D,2541,,1535,1
46955,send,11:66:F0:00:01:3D,2542,,1536,1
46960,ack,11:66:F0:00:01:3D,,0,1535,1
46965,send,11:66:F0:00:01:3D,2543,,1536,1
46972,send,11:66:F0:00:01:3D,2544,,1537,1
46978,send,11:66:F0:00:01:3D,2545,,1538,1
46984,send,11:66:F0:00:01:3D,2546,,1539,1
46989,ack,11:66:F0:00:01:3D,,0,1538,1
46994,send,11:66:F0:00:01:3D,2547,,1539,1
47000,send,11:66:F0:00:01:3D,2548,,1540,1
47006,send,11:66:F0:00:01:3D,2549,,1541,1
47012,send,11:66:F0:00:01:3D,2550,,1542,1
47018,send,11:66:F0:00:01:3D,2551,,1543,1
47020,ack,11:66:F0:00:01:3D,,0,1542,1
47026,send,11:66:F0:00:01:3D,2552,,1543,1
47032,send,11:66:F0:00:01:3D,2553,,1544,1
47038,send,11:66:F0:00:01:3D,2554,,1545,1
47045,send,11:66:F0:00:01:3D,2555,,1546,1
47051,ack,11:66:F0:00:01:3D,,0,1545,1
47055,send,11:66:F0:00:01:3D,2556,,1546,1
47061,send,11:66:F0:00:01:3D,2557,,1547,1
