elapsed_ms,event,address,seq,status,outstanding,devices
3,send,11:66:F0:00:01:3D,1,,1,2
7,send,BE:16:0A:00:3B:DA,1,,1,2
9,ack,11:66:F0:00:01:3D,,0,0,2
11,ack,BE:16:0A:00:3B:DA,,0,0,2
411,send,11:66:F0:00:01:3D,2,,1,2
415,send,BE:16:0A:00:3B:DA,2,,1,2
417,ack,11:66:F0:00:01:3D,,0,0,2
423,ack,BE:16:0A:00:3B:DA,,0,0,2
1420,send,11:66:F0:00:01:3D,3,,1,2
1426,send,BE:16:0A:00:3B:DA,3,,1,2
1426,ack,11:66:F0:00:01:3D,,0,0,2
1431,ack,BE:16:0A:00:3B:DA,,0,0,2
1549,send,11:66:F0:00:01:3D,4,,1,2
1553,send,BE:16:0A:00:3B:DA,4,,1,2
1554,ack,11:66:F0:00:01:3D,,0,0,2
1559,ack,BE:16:0A:00:3B:DA,,0,0,2
1839,send,11:66:F0:00:01:3D,5,,1,2
1847,send,BE:16:0A:00:3B:DA,5,,1,2
1849,ack,11:66:F0:00:01:3D,,0,0,2
1854,ack,BE:16:0A:00:3B:DA,,0,0,2
1974,send,11:66:F0:00:01:3D,6,,1,2
1979,send,BE:16:0A:00:3B:DA,6,,1,2
1980,ack,11:66:F0:00:01:3D,,0,0,2
1987,ack,BE:16:0A:00:3B:DA,,0,0,2
2267,send,11:66:F0:00:01:3D,7,,1,2
2273,send,BE:16:0A:00:3B:DA,7,,1,2
2275,ack,11:66:F0:00:01:3D,,0,0,2
2280,ack,BE:16:0A:00:3B:DA,,0,0,2
2400,send,11:66:F0:00:01:3D,8,,1,2
2408,send,BE:16:0A:00:3B:DA,8,,1,2
2409,ack,11:66:F0:00:01:3D,,0,0,2
2414,ack,BE:16:0A:00:3B:DA,,0,0,2
4192,send,11:66:F0:00:01:3D,9,,1,2
4197,send,BE:16:0A:00:3B:DA,9,,1,2
4199,ack,11:66:F0:00:01:3D,,0,0,2
4201,ack,BE:16:0A:00:3B:DA,,0,0,2
4902,send,11:66:F0:00:01:3D,10,,1,2
4910,send,BE:16:0A:00:3B:DA,10,,1,2
4912,ack,11:66:F0:00:01:3D,,0,0,2
4917,ack,BE:16:0A:00:3B:DA,,0,0,2
5419,send,11:66:F0:00:01:3D,11,,1,2
5424,send,BE:16:0A:00:3B:DA,11,,1,2
5426,ack,11:66:F0:00:01:3D,,0,0,2
5430,ack,BE:16:0A:00:3B:DA,,0,0,2
5929,send,11:66:F0:00:01:3D,12,,1,2
5937,send,BE:16:0A:00:3B:DA,12,,1,2
5938,ack,11:66:F0:00:01:3D,,0,0,2
5943,ack,BE:16:0A:00:3B:DA,,0,0,2
6444,send,11:66:F0:00:01:3D,13,,1,2
6453,send,BE:16:0A:00:3B:DA,13,,1,2
6454,ack,11:66:F0:00:01:3D,,0,0,2
6461,ack,BE:16:0A:00:3B:DA,,0,0,2
6959,send,11:66:F0:00:01:3D,14,,1,2
6966,send,BE:16:0A:00:3B:DA,14,,1,2
6970,ack,11:66:F0:00:01:3D,,0,0,2
6976,ack,BE:16:0A:00:3B:DA,,0,0,2
7476,send,11:66:F0:00:01:3D,15,,1,2
7484,send,BE:16:0A:00:3B:DA,15,,1,2
7485,ack,11:66:F0:00:01:3D,,0,0,2
7491,ack,BE:16:0A:00:3B:DA,,0,0,2
7991,send,11:66:F0:00:01:3D,16,,1,2
7998,send,BE:16:0A:00:3B:DA,16,,1,2
8003,ack,11:66:F0:00:01:3D,,0,0,2
8006,ack,BE:16:0A:00:3B:DA,,0,0,2
8504,send,11:66:F0:00:01:3D,17,,1,2
8512,send,BE:16:0A:00:3B:DA,17,,1,2
8540,ack,11:66:F0:00:01:3D,,0,0,2
8542,ack,BE:16:0A:00:3B:DA,,0,0,2
9035,send,11:66:F0:00:01:3D,18,,1,2
9040,send,BE:16:0A:00:3B:DA,18,,1,2
9041,ack,11:66:F0:00:01:3D,,0,0,2
9046,ack,BE:16:0A:00:3B:DA,,0,0,2
9749,send,11:66:F0:00:01:3D,19,,1,2
9756,send,BE:16:0A:00:3B:DA,19,,1,2
9758,ack,11:66:F0:00:01:3D,,0,0,2
9765,ack,BE:16:0A:00:3B:DA,,0,0,2
9964,send,11:66:F0:00:01:3D,20,,1,2
9972,send,BE:16:0A:00:3B:DA,20,,1,2
9974,ack,11:66:F0:00:01:3D,,0,0,2
9977,ack,BE:16:0A:00:3B:DA,,0,0,2
10176,send,11:66:F0:00:01:3D,21,,1,2
10183,send,BE:16:0A:00:3B:DA,21,,1,2
10184,ack,11:66:F0:00:01:3D,,0,0,2
10188,ack,BE:16:0A:00:3B:DA,,0,0,2
10389,send,11:66:F0:00:01:3D,22,,1,2
10392,send,BE:16:0A:00:3B:DA,22,,1,2
10393,ack,11:66:F0:00:01:3D,,0,0,2
10394,ack,BE:16:0A:00:3B:DA,,0,0,2
10594,send,11:66:F0:00:01:3D,23,,1,2
10600,send,BE:16:0A:00:3B:DA,23,,1,2
10601,ack,11:66:F0:00:01:3D,,0,0,2
10607,ack,BE:16:0A:00:3B:DA,,0,0,2
10806,send,11:66:F0:00:01:3D,24,,1,2
10812,send,BE:16:0A:00:3B:DA,24,,1,2
10813,ack,11:66:F0:00:01:3D,,0,0,2
10818,ack,BE:16:0A:00:3B:DA,,0,0,2
11019,send,11:66:F0:00:01:3D,25,,1,2
11025,send,BE:16:0A:00:3B:DA,25,,1,2
11026,ack,11:66:F0:00:01:3D,,0,0,2
11031,ack,BE:16:0A:00:3B:DA,,0,0,2
11231,send,11:66:F0:00:01:3D,26,,1,2
11239,send,BE:16:0A:00:3B:DA,26,,1,2
11239,ack,11:66:F0:00:01:3D,,0,0,2
11243,ack,BE:16:0A:00:3B:DA,,0,0,2
11444,send,11:66:F0:00:01:3D,27,,1,2
11450,send,BE:16:0A:00:3B:DA,27,,1,2
11451,ack,11:66:F0:00:01:3D,,0,0,2
11454,ack,BE:16:0A:00:3B:DA,,0,0,2
11655,send,11:66:F0:00:01:3D,28,,1,2
11662,send,BE:16:0A:00:3B:DA,28,,1,2
11662,ack,11:66:F0:00:01:3D,,0,0,2
11666,ack,BE:16:0A:00:3B:DA,,0,0,2
11866,send,11:66:F0:00:01:3D,29,,1,2
11875,send,BE:16:0A:00:3B:DA,29,,1,2
11876,ack,11:66:F0:00:01:3D,,0,0,2
11881,ack,BE:16:0A:00:3B:DA,,0,0,2
12081,send,11:66:F0:00:01:3D,30,,1,2
12089,send,BE:16:0A:00:3B:DA,30,,1,2
12092,ack,11:66:F0:00:01:3D,,0,0,2
12100,ack,BE:16:0A:00:3B:DA,,0,0,2
12297,send,11:66:F0:00:01:3D,31,,1,2
12303,send,BE:16:0A:00:3B:DA,31,,1,2
12304,ack,11:66:F0:00:01:3D,,0,0,2
12310,ack,BE:16:0A:00:3B:DA,,0,0,2
12511,send,11:66:F0:00:01:3D,32,,1,2
12517,send,BE:16:0A:00:3B:DA,32,,1,2
12518,ack,11:66:F0:00:01:3D,,0,0,2
12523,ack,BE:16:0A:00:3B:DA,,0,0,2
12723,send,11:66:F0:00:01:3D,33,,1,2
12731,send,BE:16:0A:00:3B:DA,33,,1,2
12733,ack,11:66:F0:00:01:3D,,0,0,2
12739,ack,BE:16:0A:00:3B:DA,,0,0,2
12940,send,11:66:F0:00:01:3D,34,,1,2
12947,send,BE:16:0A:00:3B:DA,34,,1,2
12948,ack,11:66:F0:00:01:3D,,0,0,2
12954,ack,BE:16:0A:00:3B:DA,,0,0,2
13155,send,11:66:F0:00:01:3D,35,,1,2
13161,send,BE:16:0A:00:3B:DA,35,,1,2
13163,ack,11:66:F0:00:01:3D,,0,0,2
13168,ack,BE:16:0A:00:3B:DA,,0,0,2
13367,send,11:66:F0:00:01:3D,36,,1,2
13376,send,BE:16:0A:00:3B:DA,36,,1,2
13376,ack,11:66:F0:00:01:3D,,0,0,2
13382,ack,BE:16:0A:00:3B:DA,,0,0,2
13593,send,11:66:F0:00:01:3D,37,,1,2
13598,send,BE:16:0A:00:3B:DA,37,,1,2
13599,ack,11:66:F0:00:01:3D,,0,0,2
13605,ack,BE:16:0A:00:3B:DA,,0,0,2
13804,send,11:66:F0:00:01:3D,38,,1,2
13809,send,BE:16:0A:00:3B:DA,38,,1,2
13810,ack,11:66:F0:00:01:3D,,0,0,2
13814,ack,BE:16:0A:00:3B:DA,,0,0,2
14014,send,11:66:F0:00:01:3D,39,,1,2
14021,send,BE:16:0A:00:3B:DA,39,,1,2
14021,ack,11:66:F0:00:01:3D,,0,0,2
14027,ack,BE:16:0A:00:3B:DA,,0,0,2
14728,send,11:66:F0:00:01:3D,40,,1,2
14735,send,BE:16:0A:00:3B:DA,40,,1,2
14736,ack,11:66:F0:00:01:3D,,0,0,2
14741,ack,BE:16:0A:00:3B:DA,,0,0,2
14841,send,11:66:F0:00:01:3D,41,,1,2
14849,send,BE:16:0A:00:3B:DA,41,,1,2
14850,ack,11:66:F0:00:01:3D,,0,0,2
14855,ack,BE:16:0A:00:3B:DA,,0,0,2
14954,send,11:66:F0:00:01:3D,42,,1,2
14960,send,BE:16:0A:00:3B:DA,42,,1,2
14960,ack,11:66:F0:00:01:3D,,0,0,2
14965,ack,BE:16:0A:00:3B:DA,,0,0,2
15067,send,11:66:F0:00:01:3D,43,,1,2
15074,send,BE:16:0A:00:3B:DA,43,,1,2
15075,ack,11:66:F0:00:01:3D,,0,0,2
15081,ack,BE:16:0A:00:3B:DA,,0,0,2
15181,send,11:66:F0:00:01:3D,44,,1,2
15187,send,BE:16:0A:00:3B:DA,44,,1,2
15188,ack,11:66:F0:00:01:3D,,0,0,2
15196,ack,BE:16:0A:00:3B:DA,,0,0,2
15297,send,11:66:F0:00:01:3D,45,,1,2
15302,ack,11:66:F0:00:01:3D,,0,0,2
15303,send,BE:16:0A:00:3B:DA,45,,1,2
15308,ack,BE:16:0A:00:3B:DA,,0,0,2
15409,send,11:66:F0:00:01:3D,46,,1,2
15416,send,BE:16:0A:00:3B:DA,46,,1,2
15417,ack,11:66:F0:00:01:3D,,0,0,2
15422,ack,BE:16:0A:00:3B:DA,,0,0,2
15522,send,11:66:F0:00:01:3D,47,,1,2
15528,ack,11:66:F0:00:01:3D,,0,0,2
15528,send,BE:16:0A:00:3B:DA,47,,1,2
15533,ack,BE:16:0A:00:3B:DA,,0,0,2
15636,send,11:66:F0:00:01:3D,48,,1,2
15641,send,BE:16:0A:00:3B:DA,48,,1,2
15642,ack,11:66:F0:00:01:3D,,0,0,2
15646,ack,BE:16:0A:00:3B:DA,,0,0,2
15748,send,11:66:F0:00:01:3D,49,,1,2
15755,send,BE:16:0A:00:3B:DA,49,,1,2
15756,ack,11:66:F0:00:01:3D,,0,0,2
15761,ack,BE:16:0A:00:3B:DA,,0,0,2
15861,send,11:66:F0:00:01:3D,50,,1,2
15868,send,BE:16:0A:00:3B:DA,50,,1,2
15868,ack,11:66:F0:00:01:3D,,0,0,2
15874,ack,BE:16:0A:00:3B:DA,,0,0,2
15974,send,11:66:F0:00:01:3D,51,,1,2
15982,send,BE:16:0A:00:3B:DA,51,,1,2
15983,ack,11:66:F0:00:01:3D,,0,0,2
15989,ack,BE:16:0A:00:3B:DA,,0,0,2
16086,send,11:66:F0:00:01:3D,52,,1,2
16094,send,BE:16:0A:00:3B:DA,52,,1,2
16095,ack,11:66:F0:00:01:3D,,0,0,2
16101,ack,BE:16:0A:00:3B:DA,,0,0,2
16202,send,11:66:F0:00:01:3D,53,,1,2
16210,send,BE:16:0A:00:3B:DA,53,,1,2
16211,ack,11:66:F0:00:01:3D,,0,0,2
16215,ack,BE:16:0A:00:3B:DA,,0,0,2
16314,send,11:66:F0:00:01:3D,54,,1,2
16321,send,BE:16:0A:00:3B:DA,54,,1,2
16322,ack,11:66:F0:00:01:3D,,0,0,2
16327,ack,BE:16:0A:00:3B:DA,,0,0,2
16428,send,11:66:F0:00:01:3D,55,,1,2
16435,send,BE:16:0A:00:3B:DA,55,,1,2
16436,ack,11:66:F0:00:01:3D,,0,0,2
16441,ack,BE:16:0A:00:3B:DA,,0,0,2
16541,send,11:66:F0:00:01:3D,56,,1,2
16547,send,BE:16:0A:00:3B:DA,56,,1,2
16548,ack,11:66:F0:00:01:3D,,0,0,2
16553,ack,BE:16:0A:00:3B:DA,,0,0,2
16651,send,11:66:F0:00:01:3D,57,,1,2
16659,send,BE:16:0A:00:3B:DA,57,,1,2
16660,ack,11:66:F0:00:01:3D,,0,0,2
16664,ack,BE:16:0A:00:3B:DA,,0,0,2
16763,send,11:66:F0:00:01:3D,58,,1,2
16769,send,BE:16:0A:00:3B:DA,58,,1,2
16769,ack,11:66:F0:00:01:3D,,0,0,2
16774,ack,BE:16:0A:00:3B:DA,,0,0,2
16875,send,11:66:F0:00:01:3D,59,,1,2
16882,send,BE:16:0A:00:3B:DA,59,,1,2
16884,ack,11:66:F0:00:01:3D,,0,0,2
16888,ack,BE:16:0A:00:3B:DA,,0,0,2
16988,send,11:66:F0:00:01:3D,60,,1,2
16995,send,BE:16:0A:00:3B:DA,60,,1,2
16996,ack,11:66:F0:00:01:3D,,0,0,2
17000,ack,BE:16:0A:00:3B:DA,,0,0,2
17102,send,11:66:F0:00:01:3D,61,,1,2
17109,send,BE:16:0A:00:3B:DA,61,,1,2
17110,ack,11:66:F0:00:01:3D,,0,0,2
17115,ack,BE:16:0A:00:3B:DA,,0,0,2
17216,send,11:66:F0:00:01:3D,62,,1,2
17222,send,BE:16:0A:00:3B:DA,62,,1,2
17224,ack,11:66:F0:00:01:3D,,0,0,2
17229,ack,BE:16:0A:00:3B:DA,,0,0,2
17327,send,11:66:F0:00:01:3D,63,,1,2
17333,send,BE:16:0A:00:3B:DA,63,,1,2
17336,ack,11:66:F0:00:01:3D,,0,0,2
17338,ack,BE:16:0A:00:3B:DA,,0,0,2
17438,send,11:66:F0:00:01:3D,64,,1,2
17445,send,BE:16:0A:00:3B:DA,64,,1,2
17445,ack,11:66:F0:00:01:3D,,0,0,2
17452,ack,BE:16:0A:00:3B:DA,,0,0,2
17550,send,11:66:F0:00:01:3D,65,,1,2
17555,send,BE:16:0A:00:3B:DA,65,,1,2
17557,ack,11:66:F0:00:01:3D,,0,0,2
17560,ack,BE:16:0A:00:3B:DA,,0,0,2
17661,send,11:66:F0:00:01:3D,66,,1,2
17666,ack,11:66:F0:00:01:3D,,0,0,2
17666,send,BE:16:0A:00:3B:DA,66,,1,2
17672,ack,BE:16:0A:00:3B:DA,,0,0,2
17772,send,11:66:F0:00:01:3D,67,,1,2
17776,send,BE:16:0A:00:3B:DA,67,,1,2
17777,ack,11:66:F0:00:01:3D,,0,0,2
17782,ack,BE:16:0A:00:3B:DA,,0,0,2
17881,send,11:66:F0:00:01:3D,68,,1,2
17887,send,BE:16:0A:00:3B:DA,68,,1,2
17888,ack,11:66:F0:00:01:3D,,0,0,2
17893,ack,BE:16:0A:00:3B:DA,,0,0,2
17994,send,11:66:F0:00:01:3D,69,,1,2
17998,send,BE:16:0A:00:3B:DA,69,,1,2
18000,ack,11:66:F0:00:01:3D,,0,0,2
18003,ack,BE:16:0A:00:3B:DA,,0,0,2
18102,send,11:66:F0:00:01:3D,70,,1,2
18108,send,BE:16:0A:00:3B:DA,70,,1,2
18109,ack,11:66:F0:00:01:3D,,0,0,2
18113,ack,BE:16:0A:00:3B:DA,,0,0,2
18213,send,11:66:F0:00:01:3D,71,,1,2
18218,send,BE:16:0A:00:3B:DA,71,,1,2
18218,ack,11:66:F0:00:01:3D,,0,0,2
18224,ack,BE:16:0A:00:3B:DA,,0,0,2
18324,send,11:66:F0:00:01:3D,72,,1,2
18329,send,BE:16:0A:00:3B:DA,72,,1,2
18331,ack,11:66:F0:00:01:3D,,0,0,2
18336,ack,BE:16:0A:00:3B:DA,,0,0,2
18435,send,11:66:F0:00:01:3D,73,,1,2
18440,send,BE:16:0A:00:3B:DA,73,,1,2
18441,ack,11:66:F0:00:01:3D,,0,0,2
18446,ack,BE:16:0A:00:3B:DA,,0,0,2
18548,send,11:66:F0:00:01:3D,74,,1,2
18553,send,BE:16:0A:00:3B:DA,74,,1,2
18554,ack,11:66:F0:00:01:3D,,0,0,2
18562,ack,BE:16:0A:00:3B:DA,,0,0,2
18662,send,11:66:F0:00:01:3D,75,,1,2
18669,send,BE:16:0A:00:3B:DA,75,,1,2
18672,ack,11:66:F0:00:01:3D,,0,0,2
18680,ack,BE:16:0A:00:3B:DA,,0,0,2
18780,send,11:66:F0:00:01:3D,76,,1,2
18784,send,BE:16:0A:00:3B:DA,76,,1,2
18785,ack,11:66:F0:00:01:3D,,0,0,2
18788,ack,BE:16:0A:00:3B:DA,,0,0,2
18888,send,11:66:F0:00:01:3D,77,,1,2
18894,send,BE:16:0A:00:3B:DA,77,,1,2
18899,ack,11:66:F0:00:01:3D,,0,0,2
18900,ack,BE:16:0A:00:3B:DA,,0,0,2
19000,send,11:66:F0:00:01:3D,78,,1,2
19007,send,BE:16:0A:00:3B:DA,78,,1,2
19008,ack,11:66:F0:00:01:3D,,0,0,2
19016,ack,BE:16:0A:00:3B:DA,,0,0,2
19115,send,11:66:F0:00:01:3D,79,,1,2
19119,send,BE:16:0A:00:3B:DA,79,,1,2
19119,ack,11:66:F0:00:01:3D,,0,0,2
19124,ack,BE:16:0A:00:3B:DA,,0,0,2
19224,send,11:66:F0:00:01:3D,80,,1,2
19231,send,BE:16:0A:00:3B:DA,80,,1,2
19233,ack,11:66:F0:00:01:3D,,0,0,2
19237,ack,BE:16:0A:00:3B:DA,,0,0,2
19938,send,11:66:F0:00:01:3D,81,,1,2
19944,send,BE:16:0A:00:3B:DA,81,,1,2
19947,ack,11:66:F0:00:01:3D,,0,0,2
19950,ack,BE:16:0A:00:3B:DA,,0,0,2
20016,send,11:66:F0:00:01:3D,82,,1,2
20022,send,BE:16:0A:00:3B:DA,82,,1,2
20025,ack,11:66:F0:00:01:3D,,0,0,2
20028,ack,BE:16:0A:00:3B:DA,,0,0,2
20097,send,11:66:F0:00:01:3D,83,,1,2
20105,send,BE:16:0A:00:3B:DA,83,,1,2
20106,ack,11:66:F0:00:01:3D,,0,0,2
20111,ack,BE:16:0A:00:3B:DA,,0,0,2
20178,send,11:66:F0:00:01:3D,84,,1,2
20183,send,BE:16:0A:00:3B:DA,84,,1,2
20185,ack,11:66:F0:00:01:3D,,0,0,2
20190,ack,BE:16:0A:00:3B:DA,,0,0,2
20254,send,11:66:F0:00:01:3D,85,,1,2
20260,send,BE:16:0A:00:3B:DA,85,,1,2
20260,ack,11:66:F0:00:01:3D,,0,0,2
20266,ack,BE:16:0A:00:3B:DA,,0,0,2
20331,send,11:66:F0:00:01:3D,86,,1,2
20337,send,BE:16:0A:00:3B:DA,86,,1,2
20339,ack,11:66:F0:00:01:3D,,0,0,2
20343,ack,BE:16:0A:00:3B:DA,,0,0,2
20409,send,11:66:F0:00:01:3D,87,,1,2
20414,send,BE:16:0A:00:3B:DA,87,,1,2
20416,ack,11:66:F0:00:01:3D,,0,0,2
20420,ack,BE:16:0A:00:3B:DA,,0,0,2
20484,send,11:66:F0:00:01:3D,88,,1,2
20492,send,BE:16:0A:00:3B:DA,88,,1,2
20493,ack,11:66:F0:00:01:3D,,0,0,2
20497,ack,BE:16:0A:00:3B:DA,,0,0,2
20562,send,11:66:F0:00:01:3D,89,,1,2
20567,send,BE:16:0A:00:3B:DA,89,,1,2
20568,ack,11:66:F0:00:01:3D,,0,0,2
20573,ack,BE:16:0A:00:3B:DA,,0,0,2
20638,send,11:66:F0:00:01:3D,90,,1,2
20643,send,BE:16:0A:00:3B:DA,90,,1,2
20644,ack,11:66:F0:00:01:3D,,0,0,2
20649,ack,BE:16:0A:00:3B:DA,,0,0,2
20716,send,11:66:F0:00:01:3D,91,,1,2
20721,send,BE:16:0A:00:3B:DA,91,,1,2
20723,ack,11:66:F0:00:01:3D,,0,0,2
20727,ack,BE:16:0A:00:3B:DA,,0,0,2
20793,send,11:66:F0:00:01:3D,92,,1,2
20797,send,BE:16:0A:00:3B:DA,92,,1,2
20800,ack,11:66:F0:00:01:3D,,0,0,2
20801,ack,BE:16:0A:00:3B:DA,,0,0,2
20867,send,11:66:F0:00:01:3D,93,,1,2
20872,send,BE:16:0A:00:3B:DA,93,,1,2
20873,ack,11:66:F0:00:01:3D,,0,0,2
20876,ack,BE:16:0A:00:3B:DA,,0,0,2
20941,send,11:66:F0:00:01:3D,94,,1,2
20944,send,BE:16:0A:00:3B:DA,94,,1,2
20944,ack,11:66:F0:00:01:3D,,0,0,2
20947,ack,BE:16:0A:00:3B:DA,,0,0,2
21014,send,11:66:F0:00:01:3D,95,,1,2
21018,send,BE:16:0A:00:3B:DA,95,,1,2
21019,ack,11:66:F0:00:01:3D,,0,0,2
21022,ack,BE:16:0A:00:3B:DA,,0,0,2
21088,send,11:66:F0:00:01:3D,96,,1,2
21093,send,BE:16:0A:00:3B:DA,96,,1,2
21094,ack,11:66:F0:00:01:3D,,0,0,2
21097,ack,BE:16:0A:00:3B:DA,,0,0,2
21163,send,11:66:F0:00:01:3D,97,,1,2
21169,send,BE:16:0A:00:3B:DA,97,,1,2
21169,ack,11:66:F0:00:01:3D,,0,0,2
21173,ack,BE:16:0A:00:3B:DA,,0,0,2
21239,send,11:66:F0:00:01:3D,98,,1,2
21244,send,BE:16:0A:00:3B:DA,98,,1,2
21246,ack,11:66:F0:00:01:3D,,0,0,2
21250,ack,BE:16:0A:00:3B:DA,,0,0,2
21317,send,11:66:F0:00:01:3D,99,,1,2
21324,send,BE:16:0A:00:3B:DA,99,,1,2
21327,ack,11:66:F0:00:01:3D,,0,0,2
21332,ack,BE:16:0A:00:3B:DA,,0,0,2
21397,send,11:66:F0:00:01:3D,100,,1,2
21402,send,BE:16:0A:00:3B:DA,100,,1,2
21404,ack,11:66:F0:00:01:3D,,0,0,2
21407,ack,BE:16:0A:00:3B:DA,,0,0,2
21475,send,11:66:F0:00:01:3D,101,,1,2
21481,send,BE:16:0A:00:3B:DA,101,,1,2
21482,ack,11:66:F0:00:01:3D,,0,0,2
21487,ack,BE:16:0A:00:3B:DA,,0,0,2
21553,send,11:66:F0:00:01:3D,102,,1,2
21558,send,BE:16:0A:00:3B:DA,102,,1,2
21560,ack,11:66:F0:00:01:3D,,0,0,2
21565,ack,BE:16:0A:00:3B:DA,,0,0,2
21628,send,11:66:F0:00:01:3D,103,,1,2
21635,send,BE:16:0A:00:3B:DA,103,,1,2
21636,ack,11:66:F0:00:01:3D,,0,0,2
21640,ack,BE:16:0A:00:3B:DA,,0,0,2
21706,send,11:66:F0:00:01:3D,104,,1,2
21713,send,BE:16:0A:00:3B:DA,104,,1,2
21713,ack,11:66:F0:00:01:3D,,0,0,2
21718,ack,BE:16:0A:00:3B:DA,,0,0,2
21785,send,11:66:F0:00:01:3D,105,,1,2
21790,send,BE:16:0A:00:3B:DA,105,,1,2
21791,ack,11:66:F0:00:01:3D,,0,0,2
21796,ack,BE:16:0A:00:3B:DA,,0,0,2
21864,send,11:66:F0:00:01:3D,106,,1,2
21871,send,BE:16:0A:00:3B:DA,106,,1,2
21873,ack,11:66:F0:00:01:3D,,0,0,2
21875,ack,BE:16:0A:00:3B:DA,,0,0,2
21942,send,11:66:F0:00:01:3D,107,,1,2
21948,send,BE:16:0A:00:3B:DA,107,,1,2
21950,ack,11:66:F0:00:01:3D,,0,0,2
21954,ack,BE:16:0A:00:3B:DA,,0,0,2
22019,send,11:66:F0:00:01:3D,108,,1,2
22026,send,BE:16:0A:00:3B:DA,108,,1,2
22028,ack,11:66:F0:00:01:3D,,0,0,2
22032,ack,BE:16:0A:00:3B:DA,,0,0,2
22098,send,11:66:F0:00:01:3D,109,,1,2
22105,send,BE:16:0A:00:3B:DA,109,,1,2
22108,ack,11:66:F0:00:01:3D,,0,0,2
22112,ack,BE:16:0A:00:3B:DA,,0,0,2
22178,send,11:66:F0:00:01:3D,110,,1,2
22182,send,BE:16:0A:00:3B:DA,110,,1,2
22184,ack,11:66:F0:00:01:3D,,0,0,2
22188,ack,BE:16:0A:00:3B:DA,,0,0,2
22253,send,11:66:F0:00:01:3D,111,,1,2
22259,send,BE:16:0A:00:3B:DA,111,,1,2
22260,ack,11:66:F0:00:01:3D,,0,0,2
22266,ack,BE:16:0A:00:3B:DA,,0,0,2
22332,send,11:66:F0:00:01:3D,112,,1,2
22340,ack,11:66:F0:00:01:3D,,0,0,2
22340,send,BE:16:0A:00:3B:DA,112,,1,2
22346,ack,BE:16:0A:00:3B:DA,,0,0,2
22413,send,11:66:F0:00:01:3D,113,,1,2
22417,send,BE:16:0A:00:3B:DA,113,,1,2
22418,ack,11:66:F0:00:01:3D,,0,0,2
22424,ack,BE:16:0A:00:3B:DA,,0,0,2
22489,send,11:66:F0:00:01:3D,114,,1,2
22493,send,BE:16:0A:00:3B:DA,114,,1,2
22494,ack,11:66:F0:00:01:3D,,0,0,2
22499,ack,BE:16:0A:00:3B:DA,,0,0,2
22564,send,11:66:F0:00:01:3D,115,,1,2
22571,send,BE:16:0A:00:3B:DA,115,,1,2
22571,ack,11:66:F0:00:01:3D,,0,0,2
22578,ack,BE:16:0A:00:3B:DA,,0,0,2
22645,send,11:66:F0:00:01:3D,116,,1,2
22651,send,BE:16:0A:00:3B:DA,116,,1,2
22652,ack,11:66:F0:00:01:3D,,0,0,2
22656,ack,BE:16:0A:00:3B:DA,,0,0,2
22722,send,11:66:F0:00:01:3D,117,,1,2
22728,send,BE:16:0A:00:3B:DA,117,,1,2
22729,ack,11:66:F0:00:01:3D,,0,0,2
22733,ack,BE:16:0A:00:3B:DA,,0,0,2
22797,send,11:66:F0:00:01:3D,118,,1,2
22802,send,BE:16:0A:00:3B:DA,118,,1,2
22802,ack,11:66:F0:00:01:3D,,0,0,2
22806,ack,BE:16:0A:00:3B:DA,,0,0,2
22873,send,11:66:F0:00:01:3D,119,,1,2
22877,send,BE:16:0A:00:3B:DA,119,,1,2
22878,ack,11:66:F0:00:01:3D,,0,0,2
22881,ack,BE:16:0A:00:3B:DA,,0,0,2
22948,send,11:66:F0:00:01:3D,120,,1,2
22956,send,BE:16:0A:00:3B:DA,120,,1,2
22957,ack,11:66:F0:00:01:3D,,0,0,2
22961,ack,BE:16:0A:00:3B:DA,,0,0,2
23026,send,11:66:F0:00:01:3D,121,,1,2
23032,send,BE:16:0A:00:3B:DA,121,,1,2
23035,ack,11:66:F0:00:01:3D,,0,0,2
23037,ack,BE:16:0A:00:3B:DA,,0,0,2
23102,send,11:66:F0:00:01:3D,122,,1,2
23107,send,BE:16:0A:00:3B:DA,122,,1,2
23107,ack,11:66:F0:00:01:3D,,0,0,2
23111,ack,BE:16:0A:00:3B:DA,,0,0,2
23178,send,11:66:F0:00:01:3D,123,,1,2
23183,send,BE:16:0A:00:3B:DA,123,,1,2
23183,ack,11:66:F0:00:01:3D,,0,0,2
23187,ack,BE:16:0A:00:3B:DA,,0,0,2
23253,send,11:66:F0:00:01:3D,124,,1,2
23259,send,BE:16:0A:00:3B:DA,124,,1,2
23259,ack,11:66:F0:00:01:3D,,0,0,2
23263,ack,BE:16:0A:00:3B:DA,,0,0,2
23330,send,11:66:F0:00:01:3D,125,,1,2
23336,send,BE:16:0A:00:3B:DA,125,,1,2
23339,ack,11:66:F0:00:01:3D,,0,0,2
23342,ack,BE:16:0A:00:3B:DA,,0,0,2
23408,send,11:66:F0:00:01:3D,126,,1,2
23415,send,BE:16:0A:00:3B:DA,126,,1,2
23417,ack,11:66:F0:00:01:3D,,0,0,2
23421,ack,BE:16:0A:00:3B:DA,,0,0,2
23487,send,11:66:F0:00:01:3D,127,,1,2
23493,send,BE:16:0A:00:3B:DA,127,,1,2
23494,ack,11:66:F0:00:01:3D,,0,0,2
23499,ack,BE:16:0A:00:3B:DA,,0,0,2
23564,send,11:66:F0:00:01:3D,128,,1,2
23568,send,BE:16:0A:00:3B:DA,128,,1,2
23569,ack,11:66:F0:00:01:3D,,0,0,2
23572,ack,BE:16:0A:00:3B:DA,,0,0,2
23638,send,11:66:F0:00:01:3D,129,,1,2
23643,send,BE:16:0A:00:3B:DA,129,,1,2
23645,ack,11:66:F0:00:01:3D,,0,0,2
23648,ack,BE:16:0A:00:3B:DA,,0,0,2
23715,send,11:66:F0:00:01:3D,130,,1,2
23721,send,BE:16:0A:00:3B:DA,130,,1,2
23723,ack,11:66:F0:00:01:3D,,0,0,2
23728,ack,BE:16:0A:00:3B:DA,,0,0,2
23793,send,11:66:F0:00:01:3D,131,,1,2
23798,send,BE:16:0A:00:3B:DA,131,,1,2
23800,ack,11:66:F0:00:01:3D,,0,0,2
23804,ack,BE:16:0A:00:3B:DA,,0,0,2
23872,send,11:66:F0:00:01:3D,132,,1,2
23879,send,BE:16:0A:00:3B:DA,132,,1,2
23882,ack,11:66:F0:00:01:3D,,0,0,2
23887,ack,BE:16:0A:00:3B:DA,,0,0,2
23952,send,11:66:F0:00:01:3D,133,,1,2
23957,send,BE:16:0A:00:3B:DA,133,,1,2
23958,ack,11:66:F0:00:01:3D,,0,0,2
23963,ack,BE:16:0A:00:3B:DA,,0,0,2
24030,send,11:66:F0:00:01:3D,134,,1,2
24035,send,BE:16:0A:00:3B:DA,134,,1,2
24036,ack,11:66:F0:00:01:3D,,0,0,2
24040,ack,BE:16:0A:00:3B:DA,,0,0,2
24107,send,11:66:F0:00:01:3D,135,,1,2
24113,send,BE:16:0A:00:3B:DA,135,,1,2
24114,ack,11:66:F0:00:01:3D,,0,0,2
24119,ack,BE:16:0A:00:3B:DA,,0,0,2
24184,send,11:66:F0:00:01:3D,136,,1,2
24189,send,BE:16:0A:00:3B:DA,136,,1,2
24193,ack,11:66:F0:00:01:3D,,0,0,2
24197,ack,BE:16:0A:00:3B:DA,,0,0,2
24262,send,11:66:F0:00:01:3D,137,,1,2
24268,send,BE:16:0A:00:3B:DA,137,,1,2
24270,ack,11:66:F0:00:01:3D,,0,0,2
24272,ack,BE:16:0A:00:3B:DA,,0,0,2
24341,send,11:66:F0:00:01:3D,138,,1,2
24348,send,BE:16:0A:00:3B:DA,138,,1,2
24349,ack,11:66:F0:00:01:3D,,0,0,2
24355,ack,BE:16:0A:00:3B:DA,,0,0,2
24420,send,11:66:F0:00:01:3D,139,,1,2
24425,send,BE:16:0A:00:3B:DA,139,,1,2
24430,ack,11:66:F0:00:01:3D,,0,0,2
24430,ack,BE:16:0A:00:3B:DA,,0,0,2
24498,send,11:66:F0:00:01:3D,140,,1,2
24503,send,BE:16:0A:00:3B:DA,140,,1,2
24505,ack,11:66:F0:00:01:3D,,0,0,2
24509,ack,BE:16:0A:00:3B:DA,,0,0,2
24575,send,11:66:F0:00:01:3D,141,,1,2
24580,ack,11:66:F0:00:01:3D,,0,0,2
24581,send,BE:16:0A:00:3B:DA,141,,1,2
24586,ack,BE:16:0A:00:3B:DA,,0,0,2
25285,send,11:66:F0:00:01:3D,142,,1,2
25290,send,BE:16:0A:00:3B:DA,142,,1,2
25291,ack,11:66:F0:00:01:3D,,0,0,2
25295,ack,BE:16:0A:00:3B:DA,,0,0,2
25346,send,11:66:F0:00:01:3D,143,,1,2
25352,send,BE:16:0A:00:3B:DA,143,,1,2
25354,ack,11:66:F0:00:01:3D,,0,0,2
25356,ack,BE:16:0A:00:3B:DA,,0,0,2
25406,send,11:66:F0:00:01:3D,144,,1,2
25413,send,BE:16:0A:00:3B:DA,144,,1,2
25413,ack,11:66:F0:00:01:3D,,0,0,2
25420,ack,BE:16:0A:00:3B:DA,,0,0,2
25469,send,11:66:F0:00:01:3D,145,,1,2
25474,send,BE:16:0A:00:3B:DA,145,,1,2
25476,ack,11:66:F0:00:01:3D,,0,0,2
25480,ack,BE:16:0A:00:3B:DA,,0,0,2
25530,send,11:66:F0:00:01:3D,146,,1,2
25536,send,BE:16:0A:00:3B:DA,146,,1,2
25537,ack,11:66:F0:00:01:3D,,0,0,2
25542,ack,BE:16:0A:00:3B:DA,,0,0,2
25594,send,11:66:F0:00:01:3D,147,,1,2
25600,send,BE:16:0A:00:3B:DA,147,,1,2
25602,ack,11:66:F0:00:01:3D,,0,0,2
25605,ack,BE:16:0A:00:3B:DA,,0,0,2
25656,send,11:66:F0:00:01:3D,148,,1,2
25662,send,BE:16:0A:00:3B:DA,148,,1,2
25663,ack,11:66:F0:00:01:3D,,0,0,2
25667,ack,BE:16:0A:00:3B:DA,,0,0,2
25718,send,11:66:F0:00:01:3D,149,,1,2
25724,send,BE:16:0A:00:3B:DA,149,,1,2
25726,ack,11:66:F0:00:01:3D,,0,0,2
25731,ack,BE:16:0A:00:3B:DA,,0,0,2
25783,send,11:66:F0:00:01:3D,150,,1,2
25789,send,BE:16:0A:00:3B:DA,150,,1,2
25790,ack,11:66:F0:00:01:3D,,0,0,2
25795,ack,BE:16:0A:00:3B:DA,,0,0,2
25845,send,11:66:F0:00:01:3D,151,,1,2
25851,send,BE:16:0A:00:3B:DA,151,,1,2
25853,ack,11:66:F0:00:01:3D,,0,0,2
25856,ack,BE:16:0A:00:3B:DA,,0,0,2
25907,send,11:66:F0:00:01:3D,152,,1,2
25915,send,BE:16:0A:00:3B:DA,152,,1,2
25917,ack,11:66:F0:00:01:3D,,0,0,2
25920,ack,BE:16:0A:00:3B:DA,,0,0,2
25971,send,11:66:F0:00:01:3D,153,,1,2
25981,send,BE:16:0A:00:3B:DA,153,,1,2
25984,ack,11:66:F0:00:01:3D,,0,0,2
25987,ack,BE:16:0A:00:3B:DA,,0,0,2
26038,send,11:66:F0:00:01:3D,154,,1,2
26044,send,BE:16:0A:00:3B:DA,154,,1,2
26047,ack,11:66:F0:00:01:3D,,0,0,2
26051,ack,BE:16:0A:00:3B:DA,,0,0,2
26100,send,11:66:F0:00:01:3D,155,,1,2
26104,send,BE:16:0A:00:3B:DA,155,,1,2
26104,ack,11:66:F0:00:01:3D,,0,0,2
26109,ack,BE:16:0A:00:3B:DA,,0,0,2
26157,send,11:66:F0:00:01:3D,156,,1,2
26162,send,BE:16:0A:00:3B:DA,156,,1,2
26162,ack,11:66:F0:00:01:3D,,0,0,2
26165,ack,BE:16:0A:00:3B:DA,,0,0,2
26223,send,11:66:F0:00:01:3D,157,,1,2
26226,send,BE:16:0A:00:3B:DA,157,,1,2
26227,ack,11:66:F0:00:01:3D,,0,0,2
26229,ack,BE:16:0A:00:3B:DA,,0,0,2
26279,send,11:66:F0:00:01:3D,158,,1,2
26283,send,BE:16:0A:00:3B:DA,158,,1,2
26285,ack,11:66:F0:00:01:3D,,0,0,2
26288,ack,BE:16:0A:00:3B:DA,,0,0,2
26337,send,11:66:F0:00:01:3D,159,,1,2
26342,send,BE:16:0A:00:3B:DA,159,,1,2
26343,ack,11:66:F0:00:01:3D,,0,0,2
26348,ack,BE:16:0A:00:3B:DA,,0,0,2
26397,send,11:66:F0:00:01:3D,160,,1,2
26402,send,BE:16:0A:00:3B:DA,160,,1,2
26402,ack,11:66:F0:00:01:3D,,0,0,2
26408,ack,BE:16:0A:00:3B:DA,,0,0,2
26458,send,11:66:F0:00:01:3D,161,,1,2
26464,send,BE:16:0A:00:3B:DA,161,,1,2
26466,ack,11:66:F0:00:01:3D,,0,0,2
26470,ack,BE:16:0A:00:3B:DA,,0,0,2
26518,send,11:66:F0:00:01:3D,162,,1,2
26523,send,BE:16:0A:00:3B:DA,162,,1,2
26523,ack,11:66:F0:00:01:3D,,0,0,2
26528,ack,BE:16:0A:00:3B:DA,,0,0,2
26577,send,11:66:F0:00:01:3D,163,,1,2
26581,send,BE:16:0A:00:3B:DA,163,,1,2
26583,ack,11:66:F0:00:01:3D,,0,0,2
26586,ack,BE:16:0A:00:3B:DA,,0,0,2
26636,send,11:66:F0:00:01:3D,164,,1,2
26641,send,BE:16:0A:00:3B:DA,164,,1,2
26642,ack,11:66:F0:00:01:3D,,0,0,2
26646,ack,BE:16:0A:00:3B:DA,,0,0,2
26695,send,11:66:F0:00:01:3D,165,,1,2
26701,send,BE:16:0A:00:3B:DA,165,,1,2
26702,ack,11:66:F0:00:01:3D,,0,0,2
26707,ack,BE:16:0A:00:3B:DA,,0,0,2
26758,send,11:66:F0:00:01:3D,166,,1,2
26765,send,BE:16:0A:00:3B:DA,166,,1,2
26766,ack,11:66:F0:00:01:3D,,0,0,2
26770,ack,BE:16:0A:00:3B:DA,,0,0,2
26820,send,11:66:F0:00:01:3D,167,,1,2
26825,send,BE:16:0A:00:3B:DA,167,,1,2
26827,ack,11:66:F0:00:01:3D,,0,0,2
26830,ack,BE:16:0A:00:3B:DA,,0,0,2
26882,send,11:66:F0:00:01:3D,168,,1,2
26888,send,BE:16:0A:00:3B:DA,168,,1,2
26891,ack,11:66:F0:00:01:3D,,0,0,2
26893,ack,BE:16:0A:00:3B:DA,,0,0,2
26942,send,11:66:F0:00:01:3D,169,,1,2
26947,send,BE:16:0A:00:3B:DA,169,,1,2
26947,ack,11:66:F0:00:01:3D,,0,0,2
26952,ack,BE:16:0A:00:3B:DA,,0,0,2
27001,send,11:66:F0:00:01:3D,170,,1,2
27006,send,BE:16:0A:00:3B:DA,170,,1,2
27008,ack,11:66:F0:00:01:3D,,0,0,2
27011,ack,BE:16:0A:00:3B:DA,,0,0,2
27061,send,11:66:F0:00:01:3D,171,,1,2
27066,send,BE:16:0A:00:3B:DA,171,,1,2
27068,ack,11:66:F0:00:01:3D,,0,0,2
27072,ack,BE:16:0A:00:3B:DA,,0,0,2
27121,send,11:66:F0:00:01:3D,172,,1,2
27127,send,BE:16:0A:00:3B:DA,172,,1,2
27129,ack,11:66:F0:00:01:3D,,0,0,2
27134,ack,BE:16:0A:00:3B:DA,,0,0,2
27183,send,11:66:F0:00:01:3D,173,,1,2
27188,send,BE:16:0A:00:3B:DA,173,,1,2
27189,ack,11:66:F0:00:01:3D,,0,0,2
27193,ack,BE:16:0A:00:3B:DA,,0,0,2
27243,send,11:66:F0:00:01:3D,174,,1,2
27249,send,BE:16:0A:00:3B:DA,174,,1,2
27250,ack,11:66:F0:00:01:3D,,0,0,2
27253,ack,BE:16:0A:00:3B:DA,,0,0,2
27303,send,11:66:F0:00:01:3D,175,,1,2
27309,send,BE:16:0A:00:3B:DA,175,,1,2
27310,ack,11:66:F0:00:01:3D,,0,0,2
27315,ack,BE:16:0A:00:3B:DA,,0,0,2
27363,send,11:66:F0:00:01:3D,176,,1,2
27367,send,BE:16:0A:00:3B:DA,176,,1,2
27369,ack,11:66:F0:00:01:3D,,0,0,2
27372,ack,BE:16:0A:00:3B:DA,,0,0,2
27422,send,11:66:F0:00:01:3D,177,,1,2
27427,send,BE:16:0A:00:3B:DA,177,,1,2
27428,ack,11:66:F0:00:01:3D,,0,0,2
27433,ack,BE:16:0A:00:3B:DA,,0,0,2
27483,send,11:66:F0:00:01:3D,178,,1,2
27490,send,BE:16:0A:00:3B:DA,178,,1,2
27492,ack,11:66:F0:00:01:3D,,0,0,2
27494,ack,BE:16:0A:00:3B:DA,,0,0,2
27544,send,11:66:F0:00:01:3D,179,,1,2
27549,send,BE:16:0A:00:3B:DA,179,,1,2
27550,ack,11:66:F0:00:01:3D,,0,0,2
27554,ack,BE:16:0A:00:3B:DA,,0,0,2
27604,send,11:66:F0:00:01:3D,180,,1,2
27608,send,BE:16:0A:00:3B:DA,180,,1,2
27609,ack,11:66:F0:00:01:3D,,0,0,2
27613,ack,BE:16:0A:00:3B:DA,,0,0,2
27662,send,11:66:F0:00:01:3D,181,,1,2
27665,send,BE:16:0A:00:3B:DA,181,,1,2
27667,ack,11:66:F0:00:01:3D,,0,0,2
27670,ack,BE:16:0A:00:3B:DA,,0,0,2
27721,send,11:66:F0:00:01:3D,182,,1,2
27725,send,BE:16:0A:00:3B:DA,182,,1,2
27726,ack,11:66:F0:00:01:3D,,0,0,2
27732,ack,BE:16:0A:00:3B:DA,,0,0,2
27783,send,11:66:F0:00:01:3D,183,,1,2
27787,send,BE:16:0A:00:3B:DA,183,,1,2
27788,ack,11:66:F0:00:01:3D,,0,0,2
27792,ack,BE:16:0A:00:3B:DA,,0,0,2
27843,send,11:66:F0:00:01:3D,184,,1,2
27847,send,BE:16:0A:00:3B:DA,184,,1,2
27848,ack,11:66:F0:00:01:3D,,0,0,2
27852,ack,BE:16:0A:00:3B:DA,,0,0,2
27902,send,11:66:F0:00:01:3D,185,,1,2
27909,send,BE:16:0A:00:3B:DA,185,,1,2
27911,ack,11:66:F0:00:01:3D,,0,0,2
27913,ack,BE:16:0A:00:3B:DA,,0,0,2
27964,send,11:66:F0:00:01:3D,186,,1,2
27971,ack,11:66:F0:00:01:3D,,0,0,2
27971,send,BE:16:0A:00:3B:DA,186,,1,2
27976,ack,BE:16:0A:00:3B:DA,,0,0,2
28026,send,11:66:F0:00:01:3D,187,,1,2
28032,ack,11:66:F0:00:01:3D,,0,0,2
28032,send,BE:16:0A:00:3B:DA,187,,1,2
28038,ack,BE:16:0A:00:3B:DA,,0,0,2
28088,send,11:66:F0:00:01:3D,188,,1,2
28096,send,BE:16:0A:00:3B:DA,188,,1,2
28097,ack,11:66:F0:00:01:3D,,0,0,2
28102,ack,BE:16:0A:00:3B:DA,,0,0,2
28151,send,11:66:F0:00:01:3D,189,,1,2
28158,send,BE:16:0A:00:3B:DA,189,,1,2
28160,ack,11:66:F0:00:01:3D,,0,0,2
28164,ack,BE:16:0A:00:3B:DA,,0,0,2
28215,send,11:66:F0:00:01:3D,190,,1,2
28221,send,BE:16:0A:00:3B:DA,190,,1,2
28222,ack,11:66:F0:00:01:3D,,0,0,2
28226,ack,BE:16:0A:00:3B:DA,,0,0,2
28275,send,11:66:F0:00:01:3D,191,,1,2
28279,send,BE:16:0A:00:3B:DA,191,,1,2
28282,ack,11:66:F0:00:01:3D,,0,0,2
28284,ack,BE:16:0A:00:3B:DA,,0,0,2
28335,send,11:66:F0:00:01:3D,192,,1,2
28341,send,BE:16:0A:00:3B:DA,192,,1,2
28342,ack,11:66:F0:00:01:3D,,0,0,2
28347,ack,BE:16:0A:00:3B:DA,,0,0,2
28397,send,11:66:F0:00:01:3D,193,,1,2
28403,send,BE:16:0A:00:3B:DA,193,,1,2
28404,ack,11:66:F0:00:01:3D,,0,0,2
28409,ack,BE:16:0A:00:3B:DA,,0,0,2
28456,send,11:66:F0:00:01:3D,194,,1,2
28462,send,BE:16:0A:00:3B:DA,194,,1,2
28462,ack,11:66:F0:00:01:3D,,0,0,2
28467,ack,BE:16:0A:00:3B:DA,,0,0,2
28518,send,11:66:F0:00:01:3D,195,,1,2
28523,ack,11:66:F0:00:01:3D,,0,0,2
28524,send,BE:16:0A:00:3B:DA,195,,1,2
28528,ack,BE:16:0A:00:3B:DA,,0,0,2
28579,send,11:66:F0:00:01:3D,196,,1,2
28584,send,BE:16:0A:00:3B:DA,196,,1,2
28585,ack,11:66:F0:00:01:3D,,0,0,2
28590,ack,BE:16:0A:00:3B:DA,,0,0,2
28639,send,11:66:F0:00:01:3D,197,,1,2
28643,send,BE:16:0A:00:3B:DA,197,,1,2
28646,ack,11:66:F0:00:01:3D,,0,0,2
28649,ack,BE:16:0A:00:3B:DA,,0,0,2
28698,send,11:66:F0:00:01:3D,198,,1,2
28703,send,BE:16:0A:00:3B:DA,198,,1,2
28705,ack,11:66:F0:00:01:3D,,0,0,2
28708,ack,BE:16:0A:00:3B:DA,,0,0,2
28758,send,11:66:F0:00:01:3D,199,,1,2
28763,send,BE:16:0A:00:3B:DA,199,,1,2
28767,ack,11:66:F0:00:01:3D,,0,0,2
28769,ack,BE:16:0A:00:3B:DA,,0,0,2
28819,send,11:66:F0:00:01:3D,200,,1,2
28822,send,BE:16:0A:00:3B:DA,200,,1,2
28824,ack,11:66:F0:00:01:3D,,0,0,2
28826,ack,BE:16:0A:00:3B:DA,,0,0,2
28875,send,11:66:F0:00:01:3D,201,,1,2
28879,send,BE:16:0A:00:3B:DA,201,,1,2
28880,ack,11:66:F0:00:01:3D,,0,0,2
28881,ack,BE:16:0A:00:3B:DA,,0,0,2
28932,send,11:66:F0:00:01:3D,202,,1,2
28934,send,BE:16:0A:00:3B:DA,202,,1,2
28935,ack,11:66:F0:00:01:3D,,0,0,2
28936,ack,BE:16:0A:00:3B:DA,,0,0,2
28986,send,11:66:F0:00:01:3D,203,,1,2
28988,send,BE:16:0A:00:3B:DA,203,,1,2
28989,ack,11:66:F0:00:01:3D,,0,0,2
28990,ack,BE:16:0A:00:3B:DA,,0,0,2
29041,send,11:66:F0:00:01:3D,204,,1,2
29044,send,BE:16:0A:00:3B:DA,204,,1,2
29045,ack,11:66:F0:00:01:3D,,0,0,2
29045,ack,BE:16:0A:00:3B:DA,,0,0,2
29096,send,11:66:F0:00:01:3D,205,,1,2
29098,send,BE:16:0A:00:3B:DA,205,,1,2
29099,ack,11:66:F0:00:01:3D,,0,0,2
29102,ack,BE:16:0A:00:3B:DA,,0,0,2
29151,send,11:66:F0:00:01:3D,206,,1,2
29156,send,BE:16:0A:00:3B:DA,206,,1,2
29156,ack,11:66:F0:00:01:3D,,0,0,2
29161,ack,BE:16:0A:00:3B:DA,,0,0,2
29211,send,11:66:F0:00:01:3D,207,,1,2
29215,send,BE:16:0A:00:3B:DA,207,,1,2
29217,ack,11:66:F0:00:01:3D,,0,0,2
29221,ack,BE:16:0A:00:3B:DA,,0,0,2
29270,send,11:66:F0:00:01:3D,208,,1,2
29274,send,BE:16:0A:00:3B:DA,208,,1,2
29276,ack,BE:16:0A:00:3B:DA,,0,0,2
29276,ack,11:66:F0:00:01:3D,,0,0,2
29328,send,11:66:F0:00:01:3D,209,,1,2
29335,send,BE:16:0A:00:3B:DA,209,,1,2
29335,ack,11:66:F0:00:01:3D,,0,0,2
29339,ack,BE:16:0A:00:3B:DA,,0,0,2
29390,send,11:66:F0:00:01:3D,210,,1,2
29395,send,BE:16:0A:00:3B:DA,210,,1,2
29396,ack,11:66:F0:00:01:3D,,0,0,2
29400,ack,BE:16:0A:00:3B:DA,,0,0,2
29449,send,11:66:F0:00:01:3D,211,,1,2
29453,send,BE:16:0A:00:3B:DA,211,,1,2
29454,ack,11:66:F0:00:01:3D,,0,0,2
29458,ack,BE:16:0A:00:3B:DA,,0,0,2
29509,send,11:66:F0:00:01:3D,212,,1,2
29515,send,BE:16:0A:00:3B:DA,212,,1,2
29515,ack,11:66:F0:00:01:3D,,0,0,2
29520,ack,BE:16:0A:00:3B:DA,,0,0,2
29572,send,11:66:F0:00:01:3D,213,,1,2
29577,send,BE:16:0A:00:3B:DA,213,,1,2
29579,ack,11:66:F0:00:01:3D,,0,0,2
29586,ack,BE:16:0A:00:3B:DA,,0,0,2
29636,send,11:66:F0:00:01:3D,214,,1,2
29643,send,BE:16:0A:00:3B:DA,214,,1,2
29645,ack,11:66:F0:00:01:3D,,0,0,2
29648,ack,BE:16:0A:00:3B:DA,,0,0,2
29697,send,11:66:F0:00:01:3D,215,,1,2
29703,send,BE:16:0A:00:3B:DA,215,,1,2
29704,ack,11:66:F0:00:01:3D,,0,0,2
29710,ack,BE:16:0A:00:3B:DA,,0,0,2
29758,send,11:66:F0:00:01:3D,216,,1,2
29764,send,BE:16:0A:00:3B:DA,216,,1,2
29766,ack,11:66:F0:00:01:3D,,0,0,2
29770,ack,BE:16:0A:00:3B:DA,,0,0,2
29819,send,11:66:F0:00:01:3D,217,,1,2
29825,send,BE:16:0A:00:3B:DA,217,,1,2
29827,ack,11:66:F0:00:01:3D,,0,0,2
29831,ack,BE:16:0A:00:3B:DA,,0,0,2
29882,send,11:66:F0:00:01:3D,218,,1,2
29888,send,BE:16:0A:00:3B:DA,218,,1,2
29888,ack,11:66:F0:00:01:3D,,0,0,2
29894,ack,BE:16:0A:00:3B:DA,,0,0,2
29943,send,11:66:F0:00:01:3D,219,,1,2
29948,send,BE:16:0A:00:3B:DA,219,,1,2
29949,ack,11:66:F0:00:01:3D,,0,0,2
29954,ack,BE:16:0A:00:3B:DA,,0,0,2
30003,send,11:66:F0:00:01:3D,220,,1,2
30010,send,BE:16:0A:00:3B:DA,220,,1,2
30011,ack,11:66:F0:00:01:3D,,0,0,2
30017,ack,BE:16:0A:00:3B:DA,,0,0,2
30067,send,11:66:F0:00:01:3D,221,,1,2
30073,send,BE:16:0A:00:3B:DA,221,,1,2
30074,ack,11:66:F0:00:01:3D,,0,0,2
30078,ack,BE:16:0A:00:3B:DA,,0,0,2
30130,send,11:66:F0:00:01:3D,222,,1,2
30137,send,BE:16:0A:00:3B:DA,222,,1,2
30137,ack,11:66:F0:00:01:3D,,0,0,2
30142,ack,BE:16:0A:00:3B:DA,,0,0,2
30844,send,11:66:F0:00:01:3D,223,,1,2
30852,ack,11:66:F0:00:01:3D,,0,0,2
30853,send,BE:16:0A:00:3B:DA,223,,1,2
30858,ack,BE:16:0A:00:3B:DA,,0,0,2
30891,send,11:66:F0:00:01:3D,224,,1,2
30892,send,BE:16:0A:00:3B:DA,224,,1,2
30910,ack,11:66:F0:00:01:3D,,0,0,2
30914,ack,BE:16:0A:00:3B:DA,,0,0,2
30926,send,11:66:F0:00:01:3D,225,,1,2
30927,send,BE:16:0A:00:3B:DA,225,,1,2
30961,send,11:66:F0:00:01:3D,226,,2,2
30966,send,BE:16:0A:00:3B:DA,226,,2,2
30967,ack,11:66:F0:00:01:3D,,0,1,2
30972,ack,BE:16:0A:00:3B:DA,,0,1,2
31007,send,11:66:F0:00:01:3D,227,,2,2
31008,send,BE:16:0A:00:3B:DA,227,,2,2
31025,ack,11:66:F0:00:01:3D,,0,1,2
31029,ack,BE:16:0A:00:3B:DA,,0,1,2
31041,send,11:66:F0:00:01:3D,228,,2,2
31042,send,BE:16:0A:00:3B:DA,228,,2,2
31076,send,11:66:F0:00:01:3D,229,,3,2
31080,send,BE:16:0A:00:3B:DA,229,,3,2
31081,ack,11:66:F0:00:01:3D,,0,2,2
31085,ack,BE:16:0A:00:3B:DA,,0,2,2
31118,send,11:66:F0:00:01:3D,230,,3,2
31119,send,BE:16:0A:00:3B:DA,230,,3,2
31138,ack,11:66:F0:00:01:3D,,0,2,2
31139,ack,BE:16:0A:00:3B:DA,,0,2,2
31152,send,11:66:F0:00:01:3D,231,,3,2
31153,send,BE:16:0A:00:3B:DA,231,,3,2
31186,send,11:66:F0:00:01:3D,232,,4,2
31187,send,BE:16:0A:00:3B:DA,232,,4,2
31195,ack,11:66:F0:00:01:3D,,0,3,2
31196,ack,BE:16:0A:00:3B:DA,,0,3,2
31220,send,11:66:F0:00:01:3D,233,,4,2
31222,send,BE:16:0A:00:3B:DA,233,,4,2
31252,ack,11:66:F0:00:01:3D,,0,3,2
31253,ack,BE:16:0A:00:3B:DA,,0,3,2
31255,send,11:66:F0:00:01:3D,234,,4,2
31256,send,BE:16:0A:00:3B:DA,234,,4,2
31290,send,11:66:F0:00:01:3D,235,,5,2
31290,send,BE:16:0A:00:3B:DA,235,,5,2
31310,ack,BE:16:0A:00:3B:DA,,0,4,2
31310,ack,11:66:F0:00:01:3D,,0,4,2
31324,send,11:66:F0:00:01:3D,236,,5,2
31325,send,BE:16:0A:00:3B:DA,236,,5,2
31359,send,11:66:F0:00:01:3D,237,,6,2
31364,send,BE:16:0A:00:3B:DA,237,,6,2
31365,ack,11:66:F0:00:01:3D,,0,5,2
31366,ack,BE:16:0A:00:3B:DA,,0,5,2
31400,send,11:66:F0:00:01:3D,238,,6,2
31401,send,BE:16:0A:00:3B:DA,238,,6,2
31422,ack,11:66:F0:00:01:3D,,0,5,2
31424,ack,BE:16:0A:00:3B:DA,,0,5,2
31435,send,11:66:F0:00:01:3D,239,,6,2
31436,send,BE:16:0A:00:3B:DA,239,,6,2
31470,send,11:66:F0:00:01:3D,240,,7,2
31471,send,BE:16:0A:00:3B:DA,240,,7,2
31478,ack,11:66:F0:00:01:3D,,0,6,2
31480,ack,BE:16:0A:00:3B:DA,,0,6,2
31505,send,11:66:F0:00:01:3D,241,,7,2
31506,send,BE:16:0A:00:3B:DA,241,,7,2
31536,ack,BE:16:0A:00:3B:DA,,0,6,2
31536,ack,11:66:F0:00:01:3D,,0,6,2
31539,send,11:66:F0:00:01:3D,242,,7,2
31540,send,BE:16:0A:00:3B:DA,242,,7,2
31574,send,11:66:F0:00:01:3D,243,,8,2
31575,send,BE:16:0A:00:3B:DA,243,,8,2
31595,ack,11:66:F0:00:01:3D,,0,7,2
31595,ack,BE:16:0A:00:3B:DA,,0,7,2
31608,send,11:66:F0:00:01:3D,244,,8,2
31609,send,BE:16:0A:00:3B:DA,244,,8,2
31642,send,11:66:F0:00:01:3D,245,,9,2
31643,send,BE:16:0A:00:3B:DA,245,,9,2
31665,ack,BE:16:0A:00:3B:DA,,0,8,2
31677,send,11:66:F0:00:01:3D,246,,10,2
31681,send,BE:16:0A:00:3B:DA,246,,9,2
31682,ack,11:66:F0:00:01:3D,,0,9,2
31715,send,11:66:F0:00:01:3D,247,,10,2
31716,send,BE:16:0A:00:3B:DA,247,,10,2
31722,ack,BE:16:0A:00:3B:DA,,0,9,2
31737,ack,11:66:F0:00:01:3D,,0,9,2
31755,send,11:66:F0:00:01:3D,248,,10,2
31756,send,BE:16:0A:00:3B:DA,248,,10,2
31777,ack,BE:16:0A:00:3B:DA,,0,9,2
31790,send,11:66:F0:00:01:3D,249,,11,2
31793,send,BE:16:0A:00:3B:DA,249,,10,2
31794,ack,11:66:F0:00:01:3D,,0,10,2
31827,send,11:66:F0:00:01:3D,250,,11,2
31828,send,BE:16:0A:00:3B:DA,250,,11,2
31834,ack,BE:16:0A:00:3B:DA,,0,10,2
31851,ack,11:66:F0:00:01:3D,,0,10,2
31869,send,11:66:F0:00:01:3D,251,,11,2
31870,send,BE:16:0A:00:3B:DA,251,,11,2
31892,ack,BE:16:0A:00:3B:DA,,0,10,2
31903,send,11:66:F0:00:01:3D,252,,12,2
31907,send,BE:16:0A:00:3B:DA,252,,11,2
31907,ack,11:66:F0:00:01:3D,,0,11,2
31941,send,11:66:F0:00:01:3D,253,,12,2
31942,send,BE:16:0A:00:3B:DA,253,,12,2
31948,ack,BE:16:0A:00:3B:DA,,0,11,2
31964,ack,11:66:F0:00:01:3D,,0,11,2
31980,send,11:66:F0:00:01:3D,254,,12,2
31982,send,BE:16:0A:00:3B:DA,254,,12,2
32006,ack,BE:16:0A:00:3B:DA,,0,11,2
32016,send,11:66:F0:00:01:3D,255,,13,2
32021,send,BE:16:0A:00:3B:DA,255,,12,2
32021,ack,11:66:F0:00:01:3D,,0,12,2
32056,send,11:66:F0:00:01:3D,256,,13,2
32057,send,BE:16:0A:00:3B:DA,256,,13,2
32064,ack,BE:16:0A:00:3B:DA,,0,12,2
32079,ack,11:66:F0:00:01:3D,,0,12,2
32096,send,11:66:F0:00:01:3D,257,,13,2
32097,send,BE:16:0A:00:3B:DA,257,,13,2
32119,ack,BE:16:0A:00:3B:DA,,0,12,2
32131,send,11:66:F0:00:01:3D,258,,14,2
32134,ack,11:66:F0:00:01:3D,,0,13,2
32135,send,BE:16:0A:00:3B:DA,258,,13,2
32169,send,11:66:F0:00:01:3D,259,,14,2
32169,send,BE:16:0A:00:3B:DA,259,,14,2
32175,ack,BE:16:0A:00:3B:DA,,0,13,2
32190,ack,11:66:F0:00:01:3D,,0,13,2
32207,send,11:66:F0:00:01:3D,260,,14,2
32208,send,BE:16:0A:00:3B:DA,260,,14,2
32230,ack,BE:16:0A:00:3B:DA,,0,13,2
32242,send,11:66:F0:00:01:3D,261,,15,2
32245,send,BE:16:0A:00:3B:DA,261,,14,2
32246,ack,11:66:F0:00:01:3D,,0,14,2
32279,send,11:66:F0:00:01:3D,262,,15,2
32280,send,BE:16:0A:00:3B:DA,262,,15,2
32285,ack,BE:16:0A:00:3B:DA,,0,14,2
32302,ack,11:66:F0:00:01:3D,,0,14,2
32317,send,11:66:F0:00:01:3D,263,,15,2
32318,send,BE:16:0A:00:3B:DA,263,,15,2
32343,ack,BE:16:0A:00:3B:DA,,0,14,2
32353,send,11:66:F0:00:01:3D,264,,16,2
32357,send,BE:16:0A:00:3B:DA,264,,15,2
32358,ack,11:66:F0:00:01:3D,,0,15,2
32392,send,11:66:F0:00:01:3D,265,,16,2
32393,send,BE:16:0A:00:3B:DA,265,,16,2
32398,ack,BE:16:0A:00:3B:DA,,0,15,2
32417,ack,11:66:F0:00:01:3D,,0,15,2
32432,send,11:66:F0:00:01:3D,266,,16,2
32433,send,BE:16:0A:00:3B:DA,266,,16,2
32457,ack,BE:16:0A:00:3B:DA,,0,15,2
32468,send,11:66:F0:00:01:3D,267,,17,2
32474,send,BE:16:0A:00:3B:DA,267,,16,2
32476,ack,11:66:F0:00:01:3D,,0,16,2
32509,send,11:66:F0:00:01:3D,268,,17,2
32510,send,BE:16:0A:00:3B:DA,268,,17,2
32517,ack,BE:16:0A:00:3B:DA,,0,16,2
32533,ack,11:66:F0:00:01:3D,,0,16,2
32548,send,11:66:F0:00:01:3D,269,,17,2
32549,send,BE:16:0A:00:3B:DA,269,,17,2
32574,ack,BE:16:0A:00:3B:DA,,0,16,2
32583,send,11:66:F0:00:01:3D,270,,18,2
32587,send,BE:16:0A:00:3B:DA,270,,17,2
32588,ack,11:66:F0:00:01:3D,,0,17,2
32622,send,11:66:F0:00:01:3D,271,,18,2
32623,send,BE:16:0A:00:3B:DA,271,,18,2
32630,ack,BE:16:0A:00:3B:DA,,0,17,2
32646,ack,11:66:F0:00:01:3D,,0,17,2
32658,send,11:66:F0:00:01:3D,272,,18,2
32659,send,BE:16:0A:00:3B:DA,272,,18,2
32689,ack,BE:16:0A:00:3B:DA,,0,17,2
32693,send,11:66:F0:00:01:3D,273,,19,2
32693,send,BE:16:0A:00:3B:DA,273,,18,2
32706,ack,11:66:F0:00:01:3D,,0,18,2
32728,send,11:66:F0:00:01:3D,274,,19,2
32729,send,BE:16:0A:00:3B:DA,274,,19,2
32749,ack,BE:16:0A:00:3B:DA,,0,18,2
32763,send,11:66:F0:00:01:3D,275,,20,2
32764,send,BE:16:0A:00:3B:DA,275,,19,2
32766,ack,11:66:F0:00:01:3D,,0,19,2
32799,send,11:66:F0:00:01:3D,276,,20,2
32800,send,BE:16:0A:00:3B:DA,276,,20,2
32806,ack,BE:16:0A:00:3B:DA,,0,19,2
32827,ack,11:66:F0:00:01:3D,,0,19,2
32839,send,11:66:F0:00:01:3D,277,,20,2
32840,send,BE:16:0A:00:3B:DA,277,,20,2
32865,ack,BE:16:0A:00:3B:DA,,0,19,2
32874,send,11:66:F0:00:01:3D,278,,21,2
32875,send,BE:16:0A:00:3B:DA,278,,20,2
32884,ack,11:66:F0:00:01:3D,,0,20,2
32911,send,11:66:F0:00:01:3D,279,,21,2
32912,send,BE:16:0A:00:3B:DA,279,,21,2
32927,ack,BE:16:0A:00:3B:DA,,0,20,2
32943,ack,11:66:F0:00:01:3D,,0,20,2
32946,send,11:66:F0:00:01:3D,280,,21,2
32946,send,BE:16:0A:00:3B:DA,280,,21,2
32980,send,11:66:F0:00:01:3D,281,,22,2
32981,send,BE:16:0A:00:3B:DA,281,,22,2
32983,ack,BE:16:0A:00:3B:DA,,0,21,2
33000,ack,11:66:F0:00:01:3D,,0,21,2
33017,send,11:66:F0:00:01:3D,282,,22,2
33018,send,BE:16:0A:00:3B:DA,282,,22,2
33040,ack,BE:16:0A:00:3B:DA,,0,21,2
33053,send,11:66:F0:00:01:3D,283,,23,2
33058,send,BE:16:0A:00:3B:DA,283,,22,2
33058,ack,11:66:F0:00:01:3D,,0,22,2
33092,send,11:66:F0:00:01:3D,284,,23,2
33093,send,BE:16:0A:00:3B:DA,284,,23,2
33100,ack,BE:16:0A:00:3B:DA,,0,22,2
33117,ack,11:66:F0:00:01:3D,,0,22,2
33133,send,11:66:F0:00:01:3D,285,,23,2
33134,send,BE:16:0A:00:3B:DA,285,,23,2
33157,ack,BE:16:0A:00:3B:DA,,0,22,2
33167,send,11:66:F0:00:01:3D,286,,24,2
33172,ack,11:66:F0:00:01:3D,,0,23,2
33172,send,BE:16:0A:00:3B:DA,286,,23,2
33207,send,11:66:F0:00:01:3D,287,,24,2
33208,send,BE:16:0A:00:3B:DA,287,,24,2
33213,ack,BE:16:0A:00:3B:DA,,0,23,2
33230,ack,11:66:F0:00:01:3D,,0,23,2
33256,send,11:66:F0:00:01:3D,288,,24,2
33256,send,BE:16:0A:00:3B:DA,288,,24,2
33270,ack,BE:16:0A:00:3B:DA,,0,23,2
33287,ack,11:66:F0:00:01:3D,,0,23,2
33290,send,11:66:F0:00:01:3D,289,,24,2
33290,send,BE:16:0A:00:3B:DA,289,,24,2
33325,send,11:66:F0:00:01:3D,290,,25,2
33325,send,BE:16:0A:00:3B:DA,290,,25,2
33328,ack,BE:16:0A:00:3B:DA,,0,24,2
33346,ack,11:66:F0:00:01:3D,,0,24,2
33361,send,11:66:F0:00:01:3D,291,,25,2
33362,send,BE:16:0A:00:3B:DA,291,,25,2
33385,ack,BE:16:0A:00:3B:DA,,0,24,2
33396,send,11:66:F0:00:01:3D,292,,26,2
33401,send,BE:16:0A:00:3B:DA,292,,25,2
33402,ack,11:66:F0:00:01:3D,,0,25,2
33434,send,11:66:F0:00:01:3D,293,,26,2
33435,send,BE:16:0A:00:3B:DA,293,,26,2
33442,ack,BE:16:0A:00:3B:DA,,0,25,2
33459,ack,11:66:F0:00:01:3D,,0,25,2
33473,send,11:66:F0:00:01:3D,294,,26,2
33474,send,BE:16:0A:00:3B:DA,294,,26,2
33498,ack,BE:16:0A:00:3B:DA,,0,25,2
33508,send,11:66:F0:00:01:3D,295,,27,2
33508,send,BE:16:0A:00:3B:DA,295,,26,2
33518,ack,11:66:F0:00:01:3D,,0,26,2
33543,send,11:66:F0:00:01:3D,296,,27,2
33544,send,BE:16:0A:00:3B:DA,296,,27,2
33554,ack,BE:16:0A:00:3B:DA,,0,26,2
33575,ack,11:66:F0:00:01:3D,,0,26,2
33578,send,11:66:F0:00:01:3D,297,,27,2
33579,send,BE:16:0A:00:3B:DA,297,,27,2
33612,ack,BE:16:0A:00:3B:DA,,0,26,2
33613,send,11:66:F0:00:01:3D,298,,28,2
33613,send,BE:16:0A:00:3B:DA,298,,27,2
33633,ack,11:66:F0:00:01:3D,,0,27,2
33647,send,11:66:F0:00:01:3D,299,,28,2
33648,send,BE:16:0A:00:3B:DA,299,,28,2
33672,ack,BE:16:0A:00:3B:DA,,0,27,2
33683,send,11:66:F0:00:01:3D,300,,29,2
33688,send,BE:16:0A:00:3B:DA,300,,28,2
33690,ack,11:66:F0:00:01:3D,,0,28,2
33724,send,11:66:F0:00:01:3D,301,,29,2
33724,send,BE:16:0A:00:3B:DA,301,,29,2
33729,ack,BE:16:0A:00:3B:DA,,0,28,2
33747,ack,11:66:F0:00:01:3D,,0,28,2
33764,send,11:66:F0:00:01:3D,302,,29,2
33764,send,BE:16:0A:00:3B:DA,302,,29,2
33786,ack,BE:16:0A:00:3B:DA,,0,28,2
33800,send,11:66:F0:00:01:3D,303,,30,2
33802,ack,11:66:F0:00:01:3D,,0,29,2
33803,send,BE:16:0A:00:3B:DA,303,,29,2
33838,send,11:66:F0:00:01:3D,304,,30,2
33838,send,BE:16:0A:00:3B:DA,304,,30,2
33846,ack,BE:16:0A:00:3B:DA,,0,29,2
33861,ack,11:66:F0:00:01:3D,,0,29,2
33879,send,11:66:F0:00:01:3D,305,,30,2
33881,send,BE:16:0A:00:3B:DA,305,,30,2
33903,ack,BE:16:0A:00:3B:DA,,0,29,2
33914,send,11:66:F0:00:01:3D,306,,31,2
33917,send,BE:16:0A:00:3B:DA,306,,30,2
33918,ack,11:66:F0:00:01:3D,,0,30,2
33951,send,11:66:F0:00:01:3D,307,,31,2
33951,send,BE:16:0A:00:3B:DA,307,,31,2
33963,ack,BE:16:0A:00:3B:DA,,0,30,2
33976,ack,11:66:F0:00:01:3D,,0,30,2
33985,send,11:66:F0:00:01:3D,308,,31,2
33986,send,BE:16:0A:00:3B:DA,308,,31,2
34020,send,11:66:F0:00:01:3D,309,,32,2
34020,send,BE:16:0A:00:3B:DA,309,,32,2
34022,ack,BE:16:0A:00:3B:DA,,0,31,2
34033,ack,11:66:F0:00:01:3D,,0,31,2
34054,send,11:66:F0:00:01:3D,310,,32,2
34055,send,BE:16:0A:00:3B:DA,310,,32,2
34081,ack,BE:16:0A:00:3B:DA,,0,31,2
34089,send,11:66:F0:00:01:3D,311,,33,2
34089,send,BE:16:0A:00:3B:DA,311,,32,2
34090,ack,11:66:F0:00:01:3D,,0,32,2
34125,send,11:66:F0:00:01:3D,312,,33,2
34125,send,BE:16:0A:00:3B:DA,312,,33,2
34141,ack,BE:16:0A:00:3B:DA,,0,32,2
34148,ack,11:66:F0:00:01:3D,,0,32,2
34159,send,11:66:F0:00:01:3D,313,,33,2
34160,send,BE:16:0A:00:3B:DA,313,,33,2
34194,send,11:66:F0:00:01:3D,314,,34,2
34194,send,BE:16:0A:00:3B:DA,314,,34,2
34199,ack,BE:16:0A:00:3B:DA,,0,33,2
34203,ack,11:66:F0:00:01:3D,,0,33,2
34231,send,11:66:F0:00:01:3D,315,,34,2
34232,send,BE:16:0A:00:3B:DA,315,,34,2
34257,ack,BE:16:0A:00:3B:DA,,0,33,2
34258,ack,11:66:F0:00:01:3D,,0,33,2
34267,send,11:66:F0:00:01:3D,316,,34,2
34268,send,BE:16:0A:00:3B:DA,316,,34,2
34302,send,11:66:F0:00:01:3D,317,,35,2
34303,send,BE:16:0A:00:3B:DA,317,,35,2
34315,ack,BE:16:0A:00:3B:DA,,0,34,2
34317,ack,11:66:F0:00:01:3D,,0,34,2
34337,send,11:66:F0:00:01:3D,318,,35,2
34338,send,BE:16:0A:00:3B:DA,318,,35,2
34372,send,11:66:F0:00:01:3D,319,,36,2
34373,ack,BE:16:0A:00:3B:DA,,0,34,2
34374,send,BE:16:0A:00:3B:DA,319,,35,2
34374,ack,11:66:F0:00:01:3D,,0,35,2
34408,send,11:66:F0:00:01:3D,320,,36,2
34408,send,BE:16:0A:00:3B:DA,320,,36,2
34431,ack,11:66:F0:00:01:3D,,0,35,2
34432,ack,BE:16:0A:00:3B:DA,,0,35,2
34443,send,11:66:F0:00:01:3D,321,,36,2
34444,send,BE:16:0A:00:3B:DA,321,,36,2
34479,send,11:66:F0:00:01:3D,322,,37,2
34479,send,BE:16:0A:00:3B:DA,322,,37,2
34490,ack,11:66:F0:00:01:3D,,0,36,2
34490,ack,BE:16:0A:00:3B:DA,,0,36,2
34513,send,11:66:F0:00:01:3D,323,,37,2
34514,send,BE:16:0A:00:3B:DA,323,,37,2
34547,send,11:66:F0:00:01:3D,324,,38,2
34548,ack,11:66:F0:00:01:3D,,0,37,2
34548,send,BE:16:0A:00:3B:DA,324,,38,2
34548,ack,BE:16:0A:00:3B:DA,,0,37,2
34582,send,11:66:F0:00:01:3D,325,,38,2
34583,send,BE:16:0A:00:3B:DA,325,,38,2
34605,ack,11:66:F0:00:01:3D,,0,37,2
34608,ack,BE:16:0A:00:3B:DA,,0,37,2
34617,send,11:66:F0:00:01:3D,326,,38,2
34618,send,BE:16:0A:00:3B:DA,326,,38,2
34656,send,11:66:F0:00:01:3D,327,,39,2
34660,send,BE:16:0A:00:3B:DA,327,,39,2
34662,ack,11:66:F0:00:01:3D,,0,38,2
34664,ack,BE:16:0A:00:3B:DA,,0,38,2
34696,send,11:66:F0:00:01:3D,328,,39,2
34697,send,BE:16:0A:00:3B:DA,328,,39,2
34721,ack,11:66:F0:00:01:3D,,0,38,2
34722,ack,BE:16:0A:00:3B:DA,,0,38,2
34732,send,11:66:F0:00:01:3D,329,,39,2
34733,send,BE:16:0A:00:3B:DA,329,,39,2
34767,send,11:66:F0:00:01:3D,330,,40,2
34768,send,BE:16:0A:00:3B:DA,330,,40,2
34780,ack,BE:16:0A:00:3B:DA,,0,39,2
34780,ack,11:66:F0:00:01:3D,,0,39,2
34803,send,11:66:F0:00:01:3D,331,,40,2
34805,send,BE:16:0A:00:3B:DA,331,,40,2
34837,ack,11:66:F0:00:01:3D,,0,39,2
34838,send,11:66:F0:00:01:3D,332,,40,2
34838,ack,BE:16:0A:00:3B:DA,,0,39,2
34839,send,BE:16:0A:00:3B:DA,332,,40,2
34874,send,11:66:F0:00:01:3D,333,,41,2
34875,send,BE:16:0A:00:3B:DA,333,,41,2
34894,ack,BE:16:0A:00:3B:DA,,0,40,2
34895,ack,11:66:F0:00:01:3D,,0,40,2
34908,send,11:66:F0:00:01:3D,334,,41,2
34910,send,BE:16:0A:00:3B:DA,334,,41,2
34944,send,11:66:F0:00:01:3D,335,,42,2
34949,send,BE:16:0A:00:3B:DA,335,,42,2
34950,ack,11:66:F0:00:01:3D,,0,41,2
34951,ack,BE:16:0A:00:3B:DA,,0,41,2
34985,send,11:66:F0:00:01:3D,336,,42,2
34986,send,BE:16:0A:00:3B:DA,336,,42,2
35007,ack,11:66:F0:00:01:3D,,0,41,2
35007,ack,BE:16:0A:00:3B:DA,,0,41,2
35020,send,11:66:F0:00:01:3D,337,,42,2
35021,send,BE:16:0A:00:3B:DA,337,,42,2
35056,send,11:66:F0:00:01:3D,338,,43,2
35060,send,BE:16:0A:00:3B:DA,338,,43,2
35061,ack,11:66:F0:00:01:3D,,0,42,2
35065,ack,BE:16:0A:00:3B:DA,,0,42,2
35097,send,11:66:F0:00:01:3D,339,,43,2
35099,send,BE:16:0A:00:3B:DA,339,,43,2
35123,ack,BE:16:0A:00:3B:DA,,0,42,2
35123,ack,11:66:F0:00:01:3D,,0,42,2
35133,send,11:66:F0:00:01:3D,340,,43,2
35134,send,BE:16:0A:00:3B:DA,340,,43,2
35170,send,11:66:F0:00:01:3D,341,,44,2
35170,send,BE:16:0A:00:3B:DA,341,,44,2
35181,ack,11:66:F0:00:01:3D,,0,43,2
35181,ack,BE:16:0A:00:3B:DA,,0,43,2
35205,send,11:66:F0:00:01:3D,342,,44,2
35206,send,BE:16:0A:00:3B:DA,342,,44,2
35237,ack,11:66:F0:00:01:3D,,0,43,2
35238,ack,BE:16:0A:00:3B:DA,,0,43,2
35240,send,11:66:F0:00:01:3D,343,,44,2
35241,send,BE:16:0A:00:3B:DA,343,,44,2
35292,ack,BE:16:0A:00:3B:DA,,0,43,2
35292,ack,11:66:F0:00:01:3D,,0,43,2
35941,send,11:66:F0:00:01:3D,344,,44,2
35950,send,BE:16:0A:00:3B:DA,344,,44,2
35951,ack,11:66:F0:00:01:3D,,0,43,2
35955,ack,BE:16:0A:00:3B:DA,,0,43,2
35980,send,11:66:F0:00:01:3D,345,,44,2
35980,send,BE:16:0A:00:3B:DA,345,,44,2
36007,send,11:66:F0:00:01:3D,346,,45,2
36012,send,BE:16:0A:00:3B:DA,346,,45,2
36014,ack,11:66:F0:00:01:3D,,0,44,2
36014,ack,BE:16:0A:00:3B:DA,,0,44,2
36038,send,11:66:F0:00:01:3D,347,,45,2
36039,send,BE:16:0A:00:3B:DA,347,,45,2
36066,send,11:66:F0:00:01:3D,348,,46,2
36071,send,BE:16:0A:00:3B:DA,348,,46,2
36072,ack,BE:16:0A:00:3B:DA,,0,45,2
36072,ack,11:66:F0:00:01:3D,,0,45,2
36097,send,11:66:F0:00:01:3D,349,,46,2
36098,send,BE:16:0A:00:3B:DA,349,,46,2
36124,send,11:66:F0:00:01:3D,350,,47,2
36129,send,BE:16:0A:00:3B:DA,350,,47,2
36131,ack,11:66:F0:00:01:3D,,0,46,2
36132,ack,BE:16:0A:00:3B:DA,,0,46,2
36156,send,11:66:F0:00:01:3D,351,,47,2
36156,send,BE:16:0A:00:3B:DA,351,,47,2
36183,send,11:66:F0:00:01:3D,352,,48,2
36188,send,BE:16:0A:00:3B:DA,352,,48,2
36189,ack,BE:16:0A:00:3B:DA,,0,47,2
36189,ack,11:66:F0:00:01:3D,,0,47,2
36213,send,11:66:F0:00:01:3D,353,,48,2
36214,send,BE:16:0A:00:3B:DA,353,,48,2
36241,send,11:66:F0:00:01:3D,354,,49,2
36246,send,BE:16:0A:00:3B:DA,354,,49,2
36248,ack,11:66:F0:00:01:3D,,0,48,2
36250,ack,BE:16:0A:00:3B:DA,,0,48,2
36275,send,11:66:F0:00:01:3D,355,,49,2
36276,send,BE:16:0A:00:3B:DA,355,,49,2
36302,send,11:66:F0:00:01:3D,356,,50,2
36307,ack,11:66:F0:00:01:3D,,0,49,2
36308,send,BE:16:0A:00:3B:DA,356,,50,2
36308,ack,BE:16:0A:00:3B:DA,,0,49,2
36333,send,11:66:F0:00:01:3D,357,,50,2
36334,send,BE:16:0A:00:3B:DA,357,,50,2
36360,send,11:66:F0:00:01:3D,358,,51,2
36363,send,BE:16:0A:00:3B:DA,358,,51,2
36364,ack,11:66:F0:00:01:3D,,0,50,2
36364,ack,BE:16:0A:00:3B:DA,,0,50,2
36389,send,11:66:F0:00:01:3D,359,,51,2
36390,send,BE:16:0A:00:3B:DA,359,,51,2
36416,send,11:66:F0:00:01:3D,360,,52,2
36423,send,BE:16:0A:00:3B:DA,360,,52,2
36423,ack,BE:16:0A:00:3B:DA,,0,51,2
36424,ack,11:66:F0:00:01:3D,,0,51,2
36450,send,11:66:F0:00:01:3D,361,,52,2
36451,send,BE:16:0A:00:3B:DA,361,,52,2
36477,send,11:66:F0:00:01:3D,362,,53,2
36483,send,BE:16:0A:00:3B:DA,362,,53,2
36484,ack,11:66:F0:00:01:3D,,0,52,2
36484,ack,BE:16:0A:00:3B:DA,,0,52,2
36510,send,11:66:F0:00:01:3D,363,,53,2
36511,send,BE:16:0A:00:3B:DA,363,,53,2
36538,send,11:66:F0:00:01:3D,364,,54,2
36543,send,BE:16:0A:00:3B:DA,364,,54,2
36544,ack,BE:16:0A:00:3B:DA,,0,53,2
36544,ack,11:66:F0:00:01:3D,,0,53,2
36570,send,11:66:F0:00:01:3D,365,,54,2
36570,send,BE:16:0A:00:3B:DA,365,,54,2
36596,send,11:66:F0:00:01:3D,366,,55,2
36600,send,BE:16:0A:00:3B:DA,366,,55,2
36601,ack,11:66:F0:00:01:3D,,0,54,2
36602,ack,BE:16:0A:00:3B:DA,,0,54,2
36628,send,11:66:F0:00:01:3D,367,,55,2
36629,send,BE:16:0A:00:3B:DA,367,,55,2
36655,send,11:66:F0:00:01:3D,368,,56,2
36660,ack,BE:16:0A:00:3B:DA,,0,54,2
36662,send,BE:16:0A:00:3B:DA,368,,55,2
36664,ack,11:66:F0:00:01:3D,,0,55,2
36688,send,11:66:F0:00:01:3D,369,,56,2
36689,send,BE:16:0A:00:3B:DA,369,,56,2
36716,send,11:66:F0:00:01:3D,370,,57,2
36721,send,BE:16:0A:00:3B:DA,370,,57,2
36724,ack,BE:16:0A:00:3B:DA,,0,56,2
36724,ack,11:66:F0:00:01:3D,,0,56,2
36747,send,11:66:F0:00:01:3D,371,,57,2
36749,send,BE:16:0A:00:3B:DA,371,,57,2
36774,send,11:66:F0:00:01:3D,372,,58,2
36781,send,BE:16:0A:00:3B:DA,372,,58,2
36782,ack,11:66:F0:00:01:3D,,0,57,2
36783,ack,BE:16:0A:00:3B:DA,,0,57,2
36807,send,11:66:F0:00:01:3D,373,,58,2
36809,send,BE:16:0A:00:3B:DA,373,,58,2
36836,send,11:66:F0:00:01:3D,374,,59,2
36843,send,BE:16:0A:00:3B:DA,374,,59,2
36845,ack,BE:16:0A:00:3B:DA,,0,58,2
36845,ack,11:66:F0:00:01:3D,,0,58,2
36869,send,11:66:F0:00:01:3D,375,,59,2
36870,send,BE:16:0A:00:3B:DA,375,,59,2
36896,send,11:66:F0:00:01:3D,376,,60,2
36901,send,BE:16:0A:00:3B:DA,376,,60,2
36902,ack,11:66:F0:00:01:3D,,0,59,2
36903,ack,BE:16:0A:00:3B:DA,,0,59,2
36927,send,11:66:F0:00:01:3D,377,,60,2
36928,send,BE:16:0A:00:3B:DA,377,,60,2
36954,send,11:66:F0:00:01:3D,378,,61,2
36959,send,BE:16:0A:00:3B:DA,378,,61,2
36960,ack,11:66:F0:00:01:3D,,0,60,2
36963,ack,BE:16:0A:00:3B:DA,,0,60,2
36988,send,11:66:F0:00:01:3D,379,,61,2
36989,send,BE:16:0A:00:3B:DA,379,,61,2
37015,send,11:66:F0:00:01:3D,380,,62,2
37020,ack,BE:16:0A:00:3B:DA,,0,60,2
37020,ack,11:66:F0:00:01:3D,,0,61,2
37020,send,BE:16:0A:00:3B:DA,380,,61,2
37047,send,11:66:F0:00:01:3D,381,,62,2
37048,send,BE:16:0A:00:3B:DA,381,,62,2
37074,send,11:66:F0:00:01:3D,382,,63,2
37076,send,BE:16:0A:00:3B:DA,382,,63,2
37078,ack,11:66:F0:00:01:3D,,0,62,2
37078,ack,BE:16:0A:00:3B:DA,,0,62,2
37103,send,11:66:F0:00:01:3D,383,,63,2
37104,send,BE:16:0A:00:3B:DA,383,,63,2
37130,send,11:66:F0:00:01:3D,384,,64,2
37136,send,BE:16:0A:00:3B:DA,384,,64,2
37138,ack,11:66:F0:00:01:3D,,0,63,2
37140,ack,BE:16:0A:00:3B:DA,,0,63,2
37162,send,11:66:F0:00:01:3D,385,,64,2
37164,send,BE:16:0A:00:3B:DA,385,,64,2
37190,send,11:66:F0:00:01:3D,386,,65,2
37196,send,BE:16:0A:00:3B:DA,386,,65,2
37196,ack,BE:16:0A:00:3B:DA,,0,64,2
37197,ack,11:66:F0:00:01:3D,,0,64,2
37222,send,11:66:F0:00:01:3D,387,,65,2
37222,send,BE:16:0A:00:3B:DA,387,,65,2
37255,ack,BE:16:0A:00:3B:DA,,0,64,2
37256,ack,11:66:F0:00:01:3D,,0,64,2
37257,send,11:66:F0:00:01:3D,388,,65,2
37257,send,BE:16:0A:00:3B:DA,388,,65,2
37285,send,11:66:F0:00:01:3D,389,,66,2
37285,send,BE:16:0A:00:3B:DA,389,,66,2
37311,send,11:66:F0:00:01:3D,390,,67,2
37315,send,BE:16:0A:00:3B:DA,390,,67,2
37316,ack,11:66:F0:00:01:3D,,0,66,2
37316,ack,BE:16:0A:00:3B:DA,,0,66,2
37343,send,11:66:F0:00:01:3D,391,,67,2
37343,send,BE:16:0A:00:3B:DA,391,,67,2
37370,send,11:66:F0:00:01:3D,392,,68,2
37375,send,BE:16:0A:00:3B:DA,392,,68,2
37377,ack,11:66:F0:00:01:3D,,0,67,2
37377,ack,BE:16:0A:00:3B:DA,,0,67,2
37400,send,11:66:F0:00:01:3D,393,,68,2
37401,send,BE:16:0A:00:3B:DA,393,,68,2
37428,send,11:66:F0:00:01:3D,394,,69,2
37435,send,BE:16:0A:00:3B:DA,394,,69,2
37437,ack,BE:16:0A:00:3B:DA,,0,68,2
37437,ack,11:66:F0:00:01:3D,,0,68,2
37460,send,11:66:F0:00:01:3D,395,,69,2
37461,send,BE:16:0A:00:3B:DA,395,,69,2
37488,send,11:66:F0:00:01:3D,396,,70,2
37492,send,BE:16:0A:00:3B:DA,396,,70,2
37493,ack,11:66:F0:00:01:3D,,0,69,2
37493,ack,BE:16:0A:00:3B:DA,,0,69,2
37518,send,11:66:F0:00:01:3D,397,,70,2
37519,send,BE:16:0A:00:3B:DA,397,,70,2
37546,send,11:66:F0:00:01:3D,398,,71,2
37551,send,BE:16:0A:00:3B:DA,398,,71,2
37552,ack,BE:16:0A:00:3B:DA,,0,70,2
37552,ack,11:66:F0:00:01:3D,,0,70,2
37578,send,11:66:F0:00:01:3D,399,,71,2
37579,send,BE:16:0A:00:3B:DA,399,,71,2
37605,send,11:66:F0:00:01:3D,400,,72,2
37610,send,BE:16:0A:00:3B:DA,400,,72,2
37611,ack,11:66:F0:00:01:3D,,0,71,2
37612,ack,BE:16:0A:00:3B:DA,,0,71,2
37637,send,11:66:F0:00:01:3D,401,,72,2
37638,send,BE:16:0A:00:3B:DA,401,,72,2
37666,send,11:66:F0:00:01:3D,402,,73,2
37671,send,BE:16:0A:00:3B:DA,402,,73,2
37673,ack,BE:16:0A:00:3B:DA,,0,72,2
37674,ack,11:66:F0:00:01:3D,,0,72,2
37699,send,11:66:F0:00:01:3D,403,,73,2
37699,send,BE:16:0A:00:3B:DA,403,,73,2
37726,send,11:66:F0:00:01:3D,404,,74,2
37734,send,BE:16:0A:00:3B:DA,404,,74,2
37735,ack,11:66:F0:00:01:3D,,0,73,2
37736,ack,BE:16:0A:00:3B:DA,,0,73,2
37760,send,11:66:F0:00:01:3D,405,,74,2
37761,send,BE:16:0A:00:3B:DA,405,,74,2
37787,send,11:66:F0:00:01:3D,406,,75,2
37793,send,BE:16:0A:00:3B:DA,406,,75,2
37796,ack,11:66:F0:00:01:3D,,0,74,2
37796,ack,BE:16:0A:00:3B:DA,,0,74,2
37820,send,11:66:F0:00:01:3D,407,,75,2
37821,send,BE:16:0A:00:3B:DA,407,,75,2
37847,send,11:66:F0:00:01:3D,408,,76,2
37854,send,BE:16:0A:00:3B:DA,408,,76,2
37855,ack,11:66:F0:00:01:3D,,0,75,2
37856,ack,BE:16:0A:00:3B:DA,,0,75,2
37883,send,11:66:F0:00:01:3D,409,,76,2
37884,send,BE:16:0A:00:3B:DA,409,,76,2
37912,send,11:66:F0:00:01:3D,410,,77,2
37914,send,BE:16:0A:00:3B:DA,410,,77,2
37915,ack,11:66:F0:00:01:3D,,0,76,2
37916,ack,BE:16:0A:00:3B:DA,,0,76,2
37940,send,11:66:F0:00:01:3D,411,,77,2
37941,send,BE:16:0A:00:3B:DA,411,,77,2
37969,send,11:66:F0:00:01:3D,412,,78,2
37977,send,BE:16:0A:00:3B:DA,412,,78,2
37979,ack,BE:16:0A:00:3B:DA,,0,77,2
37979,ack,11:66:F0:00:01:3D,,0,77,2
38004,send,11:66:F0:00:01:3D,413,,78,2
38006,send,BE:16:0A:00:3B:DA,413,,78,2
38032,send,11:66:F0:00:01:3D,414,,79,2
38035,send,BE:16:0A:00:3B:DA,414,,79,2
38037,ack,BE:16:0A:00:3B:DA,,0,78,2
38037,ack,11:66:F0:00:01:3D,,0,78,2
38061,send,11:66:F0:00:01:3D,415,,79,2
38062,send,BE:16:0A:00:3B:DA,415,,79,2
38087,send,11:66:F0:00:01:3D,416,,80,2
38092,send,BE:16:0A:00:3B:DA,416,,80,2
38093,ack,11:66:F0:00:01:3D,,0,79,2
38095,ack,BE:16:0A:00:3B:DA,,0,79,2
38120,send,11:66:F0:00:01:3D,417,,80,2
38121,send,BE:16:0A:00:3B:DA,417,,80,2
38148,send,11:66:F0:00:01:3D,418,,81,2
38151,send,BE:16:0A:00:3B:DA,418,,81,2
38151,ack,BE:16:0A:00:3B:DA,,0,80,2
38151,ack,11:66:F0:00:01:3D,,0,80,2
38178,send,11:66:F0:00:01:3D,419,,81,2
38178,send,BE:16:0A:00:3B:DA,419,,81,2
38205,send,11:66:F0:00:01:3D,420,,82,2
38212,ack,11:66:F0:00:01:3D,,0,81,2
38213,send,BE:16:0A:00:3B:DA,420,,82,2
38215,ack,BE:16:0A:00:3B:DA,,0,81,2
38240,send,11:66:F0:00:01:3D,421,,82,2
38241,send,BE:16:0A:00:3B:DA,421,,82,2
38267,send,11:66:F0:00:01:3D,422,,83,2
38272,send,BE:16:0A:00:3B:DA,422,,83,2
38274,ack,11:66:F0:00:01:3D,,0,82,2
38274,ack,BE:16:0A:00:3B:DA,,0,82,2
38300,send,11:66:F0:00:01:3D,423,,83,2
38301,send,BE:16:0A:00:3B:DA,423,,83,2
38328,send,11:66:F0:00:01:3D,424,,84,2
38334,send,BE:16:0A:00:3B:DA,424,,84,2
38334,ack,BE:16:0A:00:3B:DA,,0,83,2
38334,ack,11:66:F0:00:01:3D,,0,83,2
38363,send,11:66:F0:00:01:3D,425,,84,2
38364,send,BE:16:0A:00:3B:DA,425,,84,2
38390,send,11:66:F0:00:01:3D,426,,85,2
38395,send,BE:16:0A:00:3B:DA,426,,85,2
38398,ack,BE:16:0A:00:3B:DA,,0,84,2
38398,ack,11:66:F0:00:01:3D,,0,84,2
38422,send,11:66:F0:00:01:3D,427,,85,2
38423,send,BE:16:0A:00:3B:DA,427,,85,2
38451,send,11:66:F0:00:01:3D,428,,86,2
38459,send,BE:16:0A:00:3B:DA,428,,86,2
38460,ack,BE:16:0A:00:3B:DA,,0,85,2
38460,ack,11:66:F0:00:01:3D,,0,85,2
38487,send,11:66:F0:00:01:3D,429,,86,2
38488,send,BE:16:0A:00:3B:DA,429,,86,2
38515,send,11:66:F0:00:01:3D,430,,87,2
38520,send,BE:16:0A:00:3B:DA,430,,87,2
38521,ack,11:66:F0:00:01:3D,,0,86,2
38522,ack,BE:16:0A:00:3B:DA,,0,86,2
38546,send,11:66:F0:00:01:3D,431,,87,2
38547,send,BE:16:0A:00:3B:DA,431,,87,2
38573,send,11:66:F0:00:01:3D,432,,88,2
38578,send,BE:16:0A:00:3B:DA,432,,88,2
38580,ack,11:66:F0:00:01:3D,,0,87,2
38581,ack,BE:16:0A:00:3B:DA,,0,87,2
38609,send,11:66:F0:00:01:3D,433,,88,2
38609,send,BE:16:0A:00:3B:DA,433,,88,2
38636,send,11:66:F0:00:01:3D,434,,89,2
38637,send,BE:16:0A:00:3B:DA,434,,89,2
38639,ack,BE:16:0A:00:3B:DA,,0,88,2
38639,ack,11:66:F0:00:01:3D,,0,88,2
38662,send,11:66:F0:00:01:3D,435,,89,2
38663,send,BE:16:0A:00:3B:DA,435,,89,2
38689,send,11:66:F0:00:01:3D,436,,90,2
38693,send,BE:16:0A:00:3B:DA,436,,90,2
38695,ack,11:66:F0:00:01:3D,,0,89,2
38697,ack,BE:16:0A:00:3B:DA,,0,89,2
38720,send,11:66:F0:00:01:3D,437,,90,2
38721,send,BE:16:0A:00:3B:DA,437,,90,2
38748,send,11:66:F0:00:01:3D,438,,91,2
38753,send,BE:16:0A:00:3B:DA,438,,91,2
38754,ack,BE:16:0A:00:3B:DA,,0,90,2
38754,ack,11:66:F0:00:01:3D,,0,90,2
38781,send,11:66:F0:00:01:3D,439,,91,2
38782,send,BE:16:0A:00:3B:DA,439,,91,2
38808,send,11:66:F0:00:01:3D,440,,92,2
38812,send,BE:16:0A:00:3B:DA,440,,92,2
38814,ack,BE:16:0A:00:3B:DA,,0,91,2
38815,ack,11:66:F0:00:01:3D,,0,91,2
38840,send,11:66:F0:00:01:3D,441,,92,2
38841,send,BE:16:0A:00:3B:DA,441,,92,2
38868,send,11:66:F0:00:01:3D,442,,93,2
38876,ack,BE:16:0A:00:3B:DA,,0,91,2
38876,ack,11:66:F0:00:01:3D,,0,92,2
38876,send,BE:16:0A:00:3B:DA,442,,92,2
38903,send,11:66:F0:00:01:3D,443,,93,2
38904,send,BE:16:0A:00:3B:DA,443,,93,2
38930,send,11:66:F0:00:01:3D,444,,94,2
38936,ack,11:66:F0:00:01:3D,,0,93,2
38936,ack,BE:16:0A:00:3B:DA,,0,92,2
38937,send,BE:16:0A:00:3B:DA,444,,93,2
38964,send,11:66:F0:00:01:3D,445,,94,2
38965,send,BE:16:0A:00:3B:DA,445,,94,2
38992,send,11:66:F0:00:01:3D,446,,95,2
38994,send,BE:16:0A:00:3B:DA,446,,95,2
38994,ack,11:66:F0:00:01:3D,,0,94,2
38994,ack,BE:16:0A:00:3B:DA,,0,94,2
39020,send,11:66:F0:00:01:3D,447,,95,2
39021,send,BE:16:0A:00:3B:DA,447,,95,2
39048,send,11:66:F0:00:01:3D,448,,96,2
39054,ack,11:66:F0:00:01:3D,,0,95,2
39055,send,BE:16:0A:00:3B:DA,448,,96,2
39055,ack,BE:16:0A:00:3B:DA,,0,95,2
39081,send,11:66:F0:00:01:3D,449,,96,2
39082,send,BE:16:0A:00:3B:DA,449,,96,2
39108,send,11:66:F0:00:01:3D,450,,97,2
39112,send,BE:16:0A:00:3B:DA,450,,97,2
39113,ack,BE:16:0A:00:3B:DA,,0,96,2
39113,ack,11:66:F0:00:01:3D,,0,96,2
39138,send,11:66:F0:00:01:3D,451,,97,2
39139,send,BE:16:0A:00:3B:DA,451,,97,2
39165,send,11:66:F0:00:01:3D,452,,98,2
39170,send,BE:16:0A:00:3B:DA,452,,98,2
39170,ack,BE:16:0A:00:3B:DA,,0,97,2
39170,ack,11:66:F0:00:01:3D,,0,97,2
39195,send,11:66:F0:00:01:3D,453,,98,2
39196,send,BE:16:0A:00:3B:DA,453,,98,2
39222,send,11:66:F0:00:01:3D,454,,99,2
39226,send,BE:16:0A:00:3B:DA,454,,99,2
39227,ack,11:66:F0:00:01:3D,,0,98,2
39227,ack,BE:16:0A:00:3B:DA,,0,98,2
39260,send,11:66:F0:00:01:3D,455,,99,2
39261,send,BE:16:0A:00:3B:DA,455,,99,2
39284,ack,11:66:F0:00:01:3D,,0,98,2
39284,ack,BE:16:0A:00:3B:DA,,0,98,2
39287,send,11:66:F0:00:01:3D,456,,99,2
39288,send,BE:16:0A:00:3B:DA,456,,99,2
39315,send,11:66:F0:00:01:3D,457,,100,2
39315,send,BE:16:0A:00:3B:DA,457,,100,2
39341,send,11:66:F0:00:01:3D,458,,101,2
39342,send,BE:16:0A:00:3B:DA,458,,101,2
39342,ack,11:66:F0:00:01:3D,,0,100,2
39343,ack,BE:16:0A:00:3B:DA,,0,100,2
39368,send,11:66:F0:00:01:3D,459,,101,2
39369,send,BE:16:0A:00:3B:DA,459,,101,2
39395,send,11:66:F0:00:01:3D,460,,102,2
39399,send,BE:16:0A:00:3B:DA,460,,102,2
39399,ack,11:66:F0:00:01:3D,,0,101,2
39401,ack,BE:16:0A:00:3B:DA,,0,101,2
39427,send,11:66:F0:00:01:3D,461,,102,2
39428,send,BE:16:0A:00:3B:DA,461,,102,2
39454,send,11:66:F0:00:01:3D,462,,103,2
39456,ack,11:66:F0:00:01:3D,,0,102,2
39456,send,BE:16:0A:00:3B:DA,462,,103,2
39459,ack,BE:16:0A:00:3B:DA,,0,102,2
39482,send,11:66:F0:00:01:3D,463,,103,2
39483,send,BE:16:0A:00:3B:DA,463,,103,2
39509,send,11:66:F0:00:01:3D,464,,104,2
39514,send,BE:16:0A:00:3B:DA,464,,104,2
39515,ack,BE:16:0A:00:3B:DA,,0,103,2
39517,ack,11:66:F0:00:01:3D,,0,103,2
39541,send,11:66:F0:00:01:3D,465,,104,2
39543,send,BE:16:0A:00:3B:DA,465,,104,2
39570,send,11:66:F0:00:01:3D,466,,105,2
39577,ack,11:66:F0:00:01:3D,,0,104,2
39578,ack,BE:16:0A:00:3B:DA,,0,103,2
39578,send,BE:16:0A:00:3B:DA,466,,104,2
39605,send,11:66:F0:00:01:3D,467,,105,2
39606,send,BE:16:0A:00:3B:DA,467,,105,2
39632,send,11:66:F0:00:01:3D,468,,106,2
39635,send,BE:16:0A:00:3B:DA,468,,106,2
39635,ack,11:66:F0:00:01:3D,,0,105,2
39639,ack,BE:16:0A:00:3B:DA,,0,105,2
39661,send,11:66:F0:00:01:3D,469,,106,2
39662,send,BE:16:0A:00:3B:DA,469,,106,2
39689,send,11:66:F0:00:01:3D,470,,107,2
39693,send,BE:16:0A:00:3B:DA,470,,107,2
39694,ack,11:66:F0:00:01:3D,,0,106,2
39695,ack,BE:16:0A:00:3B:DA,,0,106,2
39721,send,11:66:F0:00:01:3D,471,,107,2
39721,send,BE:16:0A:00:3B:DA,471,,107,2
39748,send,11:66:F0:00:01:3D,472,,108,2
39753,send,BE:16:0A:00:3B:DA,472,,108,2
39754,ack,11:66:F0:00:01:3D,,0,107,2
39755,ack,BE:16:0A:00:3B:DA,,0,107,2
39781,send,11:66:F0:00:01:3D,473,,108,2
39781,send,BE:16:0A:00:3B:DA,473,,108,2
39807,send,11:66:F0:00:01:3D,474,,109,2
39811,send,BE:16:0A:00:3B:DA,474,,109,2
39812,ack,11:66:F0:00:01:3D,,0,108,2
39813,ack,BE:16:0A:00:3B:DA,,0,108,2
39841,send,11:66:F0:00:01:3D,475,,109,2
39841,send,BE:16:0A:00:3B:DA,475,,109,2
39868,send,11:66:F0:00:01:3D,476,,110,2
39871,send,BE:16:0A:00:3B:DA,476,,110,2
39872,ack,11:66:F0:00:01:3D,,0,109,2
39872,ack,BE:16:0A:00:3B:DA,,0,109,2
39897,send,11:66:F0:00:01:3D,477,,110,2
39897,send,BE:16:0A:00:3B:DA,477,,110,2
39926,send,11:66:F0:00:01:3D,478,,111,2
39931,ack,BE:16:0A:00:3B:DA,,0,109,2
39932,ack,11:66:F0:00:01:3D,,0,110,2
39932,send,BE:16:0A:00:3B:DA,478,,110,2
39958,send,11:66:F0:00:01:3D,479,,111,2
39959,send,BE:16:0A:00:3B:DA,479,,111,2
39985,send,11:66:F0:00:01:3D,480,,112,2
39989,ack,BE:16:0A:00:3B:DA,,0,110,2
39989,send,BE:16:0A:00:3B:DA,480,,111,2
39991,ack,11:66:F0:00:01:3D,,0,111,2
40016,send,11:66:F0:00:01:3D,481,,112,2
40017,send,BE:16:0A:00:3B:DA,481,,112,2
40043,send,11:66:F0:00:01:3D,482,,113,2
40047,ack,BE:16:0A:00:3B:DA,,0,111,2
40048,send,BE:16:0A:00:3B:DA,482,,112,2
40049,ack,11:66:F0:00:01:3D,,0,112,2
40076,send,11:66:F0:00:01:3D,483,,113,2
40077,send,BE:16:0A:00:3B:DA,483,,113,2
40103,send,11:66:F0:00:01:3D,484,,114,2
40104,ack,BE:16:0A:00:3B:DA,,0,112,2
40106,ack,11:66:F0:00:01:3D,,0,113,2
40106,send,BE:16:0A:00:3B:DA,484,,113,2
40133,send,11:66:F0:00:01:3D,485,,114,2
40134,send,BE:16:0A:00:3B:DA,485,,114,2
40159,send,11:66:F0:00:01:3D,486,,115,2
40162,ack,BE:16:0A:00:3B:DA,,0,113,2
40162,send,BE:16:0A:00:3B:DA,486,,114,2
40163,ack,11:66:F0:00:01:3D,,0,114,2
40189,send,11:66:F0:00:01:3D,487,,115,2
40189,send,BE:16:0A:00:3B:DA,487,,115,2
40216,send,11:66:F0:00:01:3D,488,,116,2
40220,send,BE:16:0A:00:3B:DA,488,,116,2
40222,ack,11:66:F0:00:01:3D,,0,115,2
40222,ack,BE:16:0A:00:3B:DA,,0,115,2
40246,send,11:66:F0:00:01:3D,489,,116,2
40246,send,BE:16:0A:00:3B:DA,489,,116,2
40273,send,11:66:F0:00:01:3D,490,,117,2
40278,send,BE:16:0A:00:3B:DA,490,,117,2
40280,ack,11:66:F0:00:01:3D,,0,116,2
40281,ack,BE:16:0A:00:3B:DA,,0,116,2
40304,send,11:66:F0:00:01:3D,491,,117,2
40305,send,BE:16:0A:00:3B:DA,491,,117,2
40331,send,11:66:F0:00:01:3D,492,,118,2
40335,send,BE:16:0A:00:3B:DA,492,,118,2
40336,ack,11:66:F0:00:01:3D,,0,117,2
40337,ack,BE:16:0A:00:3B:DA,,0,117,2
40362,send,11:66:F0:00:01:3D,493,,118,2
40363,send,BE:16:0A:00:3B:DA,493,,118,2
40389,send,11:66:F0:00:01:3D,494,,119,2
40396,send,BE:16:0A:00:3B:DA,494,,119,2
40397,ack,11:66:F0:00:01:3D,,0,118,2
40397,ack,BE:16:0A:00:3B:DA,,0,118,2
40423,send,11:66:F0:00:01:3D,495,,119,2
40424,send,BE:16:0A:00:3B:DA,495,,119,2
40451,send,11:66:F0:00:01:3D,496,,120,2
40455,send,BE:16:0A:00:3B:DA,496,,120,2
40456,ack,11:66:F0:00:01:3D,,0,119,2
40457,ack,BE:16:0A:00:3B:DA,,0,119,2
40484,send,11:66:F0:00:01:3D,497,,120,2
40485,send,BE:16:0A:00:3B:DA,497,,120,2
40512,send,11:66:F0:00:01:3D,498,,121,2
40514,send,BE:16:0A:00:3B:DA,498,,121,2
40515,ack,11:66:F0:00:01:3D,,0,120,2
40515,ack,BE:16:0A:00:3B:DA,,0,120,2
40540,send,11:66:F0:00:01:3D,499,,121,2
40541,send,BE:16:0A:00:3B:DA,499,,121,2
40568,send,11:66:F0:00:01:3D,500,,122,2
40574,send,BE:16:0A:00:3B:DA,500,,122,2
40575,ack,11:66:F0:00:01:3D,,0,121,2
40575,ack,BE:16:0A:00:3B:DA,,0,121,2
40599,send,11:66:F0:00:01:3D,501,,122,2
40600,send,BE:16:0A:00:3B:DA,501,,122,2
40626,send,11:66:F0:00:01:3D,502,,123,2
40632,send,BE:16:0A:00:3B:DA,502,,123,2
40632,ack,BE:16:0A:00:3B:DA,,0,122,2
40633,ack,11:66:F0:00:01:3D,,0,122,2
40658,send,11:66:F0:00:01:3D,503,,123,2
40659,send,BE:16:0A:00:3B:DA,503,,123,2
40685,send,11:66:F0:00:01:3D,504,,124,2
40691,ack,11:66:F0:00:01:3D,,0,123,2
40691,ack,BE:16:0A:00:3B:DA,,0,122,2
40692,send,BE:16:0A:00:3B:DA,504,,123,2
40752,ack,11:66:F0:00:01:3D,,0,122,2
40752,ack,BE:16:0A:00:3B:DA,,0,122,2
41396,send,11:66:F0:00:01:3D,505,,123,2
41404,send,BE:16:0A:00:3B:DA,505,,123,2
41405,ack,11:66:F0:00:01:3D,,0,122,2
41411,ack,BE:16:0A:00:3B:DA,,0,122,2
41430,send,11:66:F0:00:01:3D,506,,123,2
41431,send,BE:16:0A:00:3B:DA,506,,123,2
41453,send,11:66:F0:00:01:3D,507,,124,2
41454,send,BE:16:0A:00:3B:DA,507,,124,2
41465,ack,11:66:F0:00:01:3D,,0,123,2
41468,ack,BE:16:0A:00:3B:DA,,0,123,2
41475,send,11:66:F0:00:01:3D,508,,124,2
41476,send,BE:16:0A:00:3B:DA,508,,124,2
41498,send,11:66:F0:00:01:3D,509,,125,2
41498,send,BE:16:0A:00:3B:DA,509,,125,2
41520,send,11:66:F0:00:01:3D,510,,126,2
41523,send,BE:16:0A:00:3B:DA,510,,126,2
41524,ack,BE:16:0A:00:3B:DA,,0,125,2
41525,ack,11:66:F0:00:01:3D,,0,125,2
41545,send,11:66:F0:00:01:3D,511,,126,2
41546,send,BE:16:0A:00:3B:DA,511,,126,2
41567,send,11:66:F0:00:01:3D,512,,127,2
41567,send,BE:16:0A:00:3B:DA,512,,127,2
41583,ack,BE:16:0A:00:3B:DA,,0,126,2
41585,ack,11:66:F0:00:01:3D,,0,126,2
41588,send,11:66:F0:00:01:3D,513,,127,2
41590,send,BE:16:0A:00:3B:DA,513,,127,2
41612,send,11:66:F0:00:01:3D,514,,128,2
41612,send,BE:16:0A:00:3B:DA,514,,128,2
41634,send,11:66:F0:00:01:3D,515,,129,2
41640,send,BE:16:0A:00:3B:DA,515,,129,2
41641,ack,11:66:F0:00:01:3D,,0,128,2
41642,ack,BE:16:0A:00:3B:DA,,0,128,2
41660,send,11:66:F0:00:01:3D,516,,129,2
41661,send,BE:16:0A:00:3B:DA,516,,129,2
41684,send,11:66:F0:00:01:3D,517,,130,2
41684,send,BE:16:0A:00:3B:DA,517,,130,2
41702,ack,11:66:F0:00:01:3D,,0,129,2
41702,ack,BE:16:0A:00:3B:DA,,0,129,2
41704,send,11:66:F0:00:01:3D,518,,130,2
41705,send,BE:16:0A:00:3B:DA,518,,130,2
41725,send,11:66:F0:00:01:3D,519,,131,2
41726,send,BE:16:0A:00:3B:DA,519,,131,2
41746,send,11:66:F0:00:01:3D,520,,132,2
41747,send,BE:16:0A:00:3B:DA,520,,132,2
41761,ack,11:66:F0:00:01:3D,,0,131,2
41761,ack,BE:16:0A:00:3B:DA,,0,131,2
41767,send,11:66:F0:00:01:3D,521,,132,2
41768,send,BE:16:0A:00:3B:DA,521,,132,2
41791,send,11:66:F0:00:01:3D,522,,133,2
41792,send,BE:16:0A:00:3B:DA,522,,133,2
41813,send,11:66:F0:00:01:3D,523,,134,2
41819,send,BE:16:0A:00:3B:DA,523,,134,2
41822,ack,11:66:F0:00:01:3D,,0,133,2
41822,ack,BE:16:0A:00:3B:DA,,0,133,2
41843,send,11:66:F0:00:01:3D,524,,134,2
41844,send,BE:16:0A:00:3B:DA,524,,134,2
41865,send,11:66:F0:00:01:3D,525,,135,2
41866,send,BE:16:0A:00:3B:DA,525,,135,2
41881,ack,11:66:F0:00:01:3D,,0,134,2
41882,ack,BE:16:0A:00:3B:DA,,0,134,2
41887,send,11:66:F0:00:01:3D,526,,135,2
41888,send,BE:16:0A:00:3B:DA,526,,135,2
41909,send,11:66:F0:00:01:3D,527,,136,2
41909,send,BE:16:0A:00:3B:DA,527,,136,2
41932,send,11:66:F0:00:01:3D,528,,137,2
41938,send,BE:16:0A:00:3B:DA,528,,137,2
41940,ack,11:66:F0:00:01:3D,,0,136,2
41940,ack,BE:16:0A:00:3B:DA,,0,136,2
41960,send,11:66:F0:00:01:3D,529,,137,2
41961,send,BE:16:0A:00:3B:DA,529,,137,2
41982,send,11:66:F0:00:01:3D,530,,138,2
41982,send,BE:16:0A:00:3B:DA,530,,138,2
41999,ack,BE:16:0A:00:3B:DA,,0,137,2
41999,ack,11:66:F0:00:01:3D,,0,137,2
42003,send,11:66:F0:00:01:3D,531,,138,2
42004,send,BE:16:0A:00:3B:DA,531,,138,2
42025,send,11:66:F0:00:01:3D,532,,139,2
42025,send,BE:16:0A:00:3B:DA,532,,139,2
42046,send,11:66:F0:00:01:3D,533,,140,2
42047,send,BE:16:0A:00:3B:DA,533,,140,2
42057,ack,11:66:F0:00:01:3D,,0,139,2
42057,ack,BE:16:0A:00:3B:DA,,0,139,2
42068,send,11:66:F0:00:01:3D,534,,140,2
42068,send,BE:16:0A:00:3B:DA,534,,140,2
42090,send,11:66:F0:00:01:3D,535,,141,2
42091,send,BE:16:0A:00:3B:DA,535,,141,2
42111,send,11:66:F0:00:01:3D,536,,142,2
42113,send,BE:16:0A:00:3B:DA,536,,142,2
42113,ack,11:66:F0:00:01:3D,,0,141,2
42113,ack,BE:16:0A:00:3B:DA,,0,141,2
42133,send,11:66:F0:00:01:3D,537,,142,2
42134,send,BE:16:0A:00:3B:DA,537,,142,2
42155,send,11:66:F0:00:01:3D,538,,143,2
42156,send,BE:16:0A:00:3B:DA,538,,143,2
42172,ack,BE:16:0A:00:3B:DA,,0,142,2
42173,ack,11:66:F0:00:01:3D,,0,142,2
42176,send,11:66:F0:00:01:3D,539,,143,2
42177,send,BE:16:0A:00:3B:DA,539,,143,2
42198,send,11:66:F0:00:01:3D,540,,144,2
42198,send,BE:16:0A:00:3B:DA,540,,144,2
42219,send,11:66:F0:00:01:3D,541,,145,2
42220,send,BE:16:0A:00:3B:DA,541,,145,2
42228,ack,BE:16:0A:00:3B:DA,,0,144,2
42228,ack,11:66:F0:00:01:3D,,0,144,2
42241,send,11:66:F0:00:01:3D,542,,145,2
42242,send,BE:16:0A:00:3B:DA,542,,145,2
42262,send,11:66:F0:00:01:3D,543,,146,2
42263,send,BE:16:0A:00:3B:DA,543,,146,2
42284,send,11:66:F0:00:01:3D,544,,147,2
42284,send,BE:16:0A:00:3B:DA,544,,147,2
42285,ack,BE:16:0A:00:3B:DA,,0,146,2
42286,ack,11:66:F0:00:01:3D,,0,146,2
42305,send,11:66:F0:00:01:3D,545,,147,2
42306,send,BE:16:0A:00:3B:DA,545,,147,2
42330,send,11:66:F0:00:01:3D,546,,148,2
42330,send,BE:16:0A:00:3B:DA,546,,148,2
42346,ack,BE:16:0A:00:3B:DA,,0,147,2
42346,ack,11:66:F0:00:01:3D,,0,147,2
42351,send,11:66:F0:00:01:3D,547,,148,2
42352,send,BE:16:0A:00:3B:DA,547,,148,2
42374,send,11:66:F0:00:01:3D,548,,149,2
42375,send,BE:16:0A:00:3B:DA,548,,149,2
42397,send,11:66:F0:00:01:3D,549,,150,2
42406,send,BE:16:0A:00:3B:DA,549,,150,2
42407,ack,11:66:F0:00:01:3D,,0,149,2
42408,ack,BE:16:0A:00:3B:DA,,0,149,2
42428,send,11:66:F0:00:01:3D,550,,150,2
42429,send,BE:16:0A:00:3B:DA,550,,150,2
42451,send,11:66:F0:00:01:3D,551,,151,2
42452,send,BE:16:0A:00:3B:DA,551,,151,2
42465,ack,BE:16:0A:00:3B:DA,,0,150,2
42466,ack,11:66:F0:00:01:3D,,0,150,2
42472,send,11:66:F0:00:01:3D,552,,151,2
42473,send,BE:16:0A:00:3B:DA,552,,151,2
42494,send,11:66:F0:00:01:3D,553,,152,2
42495,send,BE:16:0A:00:3B:DA,553,,152,2
42516,send,11:66:F0:00:01:3D,554,,153,2
42516,send,BE:16:0A:00:3B:DA,554,,153,2
42521,ack,BE:16:0A:00:3B:DA,,0,152,2
42522,ack,11:66:F0:00:01:3D,,0,152,2
42540,send,11:66:F0:00:01:3D,555,,153,2
42541,send,BE:16:0A:00:3B:DA,555,,153,2
42564,send,11:66:F0:00:01:3D,556,,154,2
42565,send,BE:16:0A:00:3B:DA,556,,154,2
42583,ack,BE:16:0A:00:3B:DA,,0,153,2
42583,ack,11:66:F0:00:01:3D,,0,153,2
42585,send,11:66:F0:00:01:3D,557,,154,2
42586,send,BE:16:0A:00:3B:DA,557,,154,2
42608,send,11:66:F0:00:01:3D,558,,155,2
42608,send,BE:16:0A:00:3B:DA,558,,155,2
42630,send,11:66:F0:00:01:3D,559,,156,2
42630,send,BE:16:0A:00:3B:DA,559,,156,2
42639,ack,11:66:F0:00:01:3D,,0,155,2
42640,ack,BE:16:0A:00:3B:DA,,0,155,2
42660,send,11:66:F0:00:01:3D,560,,156,2
42661,send,BE:16:0A:00:3B:DA,560,,156,2
42681,send,11:66:F0:00:01:3D,561,,157,2
42681,send,BE:16:0A:00:3B:DA,561,,157,2
42695,ack,11:66:F0:00:01:3D,,0,156,2
42697,ack,BE:16:0A:00:3B:DA,,0,156,2
42703,send,11:66:F0:00:01:3D,562,,157,2
42704,send,BE:16:0A:00:3B:DA,562,,157,2
42725,send,11:66:F0:00:01:3D,563,,158,2
42726,send,BE:16:0A:00:3B:DA,563,,158,2
42751,send,11:66:F0:00:01:3D,564,,159,2
42755,send,BE:16:0A:00:3B:DA,564,,159,2
42755,ack,BE:16:0A:00:3B:DA,,0,158,2
42755,ack,11:66:F0:00:01:3D,,0,158,2
42778,send,11:66:F0:00:01:3D,565,,159,2
42779,send,BE:16:0A:00:3B:DA,565,,159,2
42801,send,11:66:F0:00:01:3D,566,,160,2
42801,send,BE:16:0A:00:3B:DA,566,,160,2
42815,ack,BE:16:0A:00:3B:DA,,0,159,2
42815,ack,11:66:F0:00:01:3D,,0,159,2
42823,send,11:66:F0:00:01:3D,567,,160,2
42824,send,BE:16:0A:00:3B:DA,567,,160,2
42846,send,11:66:F0:00:01:3D,568,,161,2
42847,send,BE:16:0A:00:3B:DA,568,,161,2
42870,send,11:66:F0:00:01:3D,569,,162,2
42876,send,BE:16:0A:00:3B:DA,569,,162,2
42877,ack,BE:16:0A:00:3B:DA,,0,161,2
42877,ack,11:66:F0:00:01:3D,,0,161,2
42899,send,11:66:F0:00:01:3D,570,,162,2
42899,send,BE:16:0A:00:3B:DA,570,,162,2
42921,send,11:66:F0:00:01:3D,571,,163,2
42922,send,BE:16:0A:00:3B:DA,571,,163,2
42936,ack,11:66:F0:00:01:3D,,0,162,2
42936,ack,BE:16:0A:00:3B:DA,,0,162,2
42943,send,11:66:F0:00:01:3D,572,,163,2
42944,send,BE:16:0A:00:3B:DA,572,,163,2
42967,send,11:66:F0:00:01:3D,573,,164,2
42968,send,BE:16:0A:00:3B:DA,573,,164,2
42990,send,11:66:F0:00:01:3D,574,,165,2
42994,send,BE:16:0A:00:3B:DA,574,,165,2
42996,ack,11:66:F0:00:01:3D,,0,164,2
42997,ack,BE:16:0A:00:3B:DA,,0,164,2
43016,send,11:66:F0:00:01:3D,575,,165,2
43016,send,BE:16:0A:00:3B:DA,575,,165,2
43039,send,11:66:F0:00:01:3D,576,,166,2
43039,send,BE:16:0A:00:3B:DA,576,,166,2
43055,ack,11:66:F0:00:01:3D,,0,165,2
43055,ack,BE:16:0A:00:3B:DA,,0,165,2
43060,send,11:66:F0:00:01:3D,577,,166,2
43061,send,BE:16:0A:00:3B:DA,577,,166,2
43084,send,11:66:F0:00:01:3D,578,,167,2
43085,send,BE:16:0A:00:3B:DA,578,,167,2
43107,send,11:66:F0:00:01:3D,579,,168,2
43113,send,BE:16:0A:00:3B:DA,579,,168,2
43115,ack,11:66:F0:00:01:3D,,0,167,2
43116,ack,BE:16:0A:00:3B:DA,,0,167,2
43137,send,11:66:F0:00:01:3D,580,,168,2
43138,send,BE:16:0A:00:3B:DA,580,,168,2
43160,send,11:66:F0:00:01:3D,581,,169,2
43160,send,BE:16:0A:00:3B:DA,581,,169,2
43175,ack,11:66:F0:00:01:3D,,0,168,2
43175,ack,BE:16:0A:00:3B:DA,,0,168,2
43181,send,11:66:F0:00:01:3D,582,,169,2
43182,send,BE:16:0A:00:3B:DA,582,,169,2
43202,send,11:66:F0:00:01:3D,583,,170,2
43203,send,BE:16:0A:00:3B:DA,583,,170,2
43224,send,11:66:F0:00:01:3D,584,,171,2
43229,send,BE:16:0A:00:3B:DA,584,,171,2
43230,ack,11:66:F0:00:01:3D,,0,170,2
43233,ack,BE:16:0A:00:3B:DA,,0,170,2
43262,send,11:66:F0:00:01:3D,585,,171,2
43263,send,BE:16:0A:00:3B:DA,585,,171,2
43284,send,11:66:F0:00:01:3D,586,,172,2
43287,send,BE:16:0A:00:3B:DA,586,,172,2
43288,ack,11:66:F0:00:01:3D,,0,171,2
43292,ack,BE:16:0A:00:3B:DA,,0,171,2
43312,send,11:66:F0:00:01:3D,587,,172,2
43313,send,BE:16:0A:00:3B:DA,587,,172,2
43334,send,11:66:F0:00:01:3D,588,,173,2
43334,send,BE:16:0A:00:3B:DA,588,,173,2
43348,ack,11:66:F0:00:01:3D,,0,172,2
43349,ack,BE:16:0A:00:3B:DA,,0,172,2
43356,send,11:66:F0:00:01:3D,589,,173,2
43357,send,BE:16:0A:00:3B:DA,589,,173,2
43378,send,11:66:F0:00:01:3D,590,,174,2
43378,send,BE:16:0A:00:3B:DA,590,,174,2
43401,send,11:66:F0:00:01:3D,591,,175,2
43407,send,BE:16:0A:00:3B:DA,591,,175,2
43409,ack,11:66:F0:00:01:3D,,0,174,2
43409,ack,BE:16:0A:00:3B:DA,,0,174,2
43428,send,11:66:F0:00:01:3D,592,,175,2
43428,send,BE:16:0A:00:3B:DA,592,,175,2
43450,send,11:66:F0:00:01:3D,593,,176,2
43450,send,BE:16:0A:00:3B:DA,593,,176,2
43470,ack,BE:16:0A:00:3B:DA,,0,175,2
43471,ack,11:66:F0:00:01:3D,,0,175,2
43471,send,11:66:F0:00:01:3D,594,,176,2
43472,send,BE:16:0A:00:3B:DA,594,,176,2
43493,send,11:66:F0:00:01:3D,595,,177,2
43493,send,BE:16:0A:00:3B:DA,595,,177,2
43516,send,11:66:F0:00:01:3D,596,,178,2
43516,send,BE:16:0A:00:3B:DA,596,,178,2
43530,ack,BE:16:0A:00:3B:DA,,0,177,2
43530,ack,11:66:F0:00:01:3D,,0,177,2
43537,send,11:66:F0:00:01:3D,597,,178,2
43538,send,BE:16:0A:00:3B:DA,597,,178,2
43560,send,11:66:F0:00:01:3D,598,,179,2
43560,send,BE:16:0A:00:3B:DA,598,,179,2
43582,send,11:66:F0:00:01:3D,599,,180,2
43588,ack,BE:16:0A:00:3B:DA,,0,178,2
43589,ack,11:66:F0:00:01:3D,,0,179,2
43589,send,BE:16:0A:00:3B:DA,599,,179,2
43612,send,11:66:F0:00:01:3D,600,,180,2
43613,send,BE:16:0A:00:3B:DA,600,,180,2
43635,send,11:66:F0:00:01:3D,601,,181,2
43636,send,BE:16:0A:00:3B:DA,601,,181,2
43647,ack,BE:16:0A:00:3B:DA,,0,180,2
43649,ack,11:66:F0:00:01:3D,,0,180,2
43657,send,11:66:F0:00:01:3D,602,,181,2
43658,send,BE:16:0A:00:3B:DA,602,,181,2
43679,send,11:66:F0:00:01:3D,603,,182,2
43679,send,BE:16:0A:00:3B:DA,603,,182,2
43700,send,11:66:F0:00:01:3D,604,,183,2
43704,send,BE:16:0A:00:3B:DA,604,,183,2
43705,ack,BE:16:0A:00:3B:DA,,0,182,2
43706,ack,11:66:F0:00:01:3D,,0,182,2
43725,send,11:66:F0:00:01:3D,605,,183,2
43726,send,BE:16:0A:00:3B:DA,605,,183,2
43747,send,11:66:F0:00:01:3D,606,,184,2
43748,send,BE:16:0A:00:3B:DA,606,,184,2
43764,ack,BE:16:0A:00:3B:DA,,0,183,2
43765,ack,11:66:F0:00:01:3D,,0,183,2
43768,send,11:66:F0:00:01:3D,607,,184,2
43769,send,BE:16:0A:00:3B:DA,607,,184,2
43790,send,11:66:F0:00:01:3D,608,,185,2
43791,send,BE:16:0A:00:3B:DA,608,,185,2
43814,send,11:66:F0:00:01:3D,609,,186,2
43821,send,BE:16:0A:00:3B:DA,609,,186,2
43822,ack,11:66:F0:00:01:3D,,0,185,2
43823,ack,BE:16:0A:00:3B:DA,,0,185,2
43847,send,11:66:F0:00:01:3D,610,,186,2
43848,send,BE:16:0A:00:3B:DA,610,,186,2
43869,send,11:66:F0:00:01:3D,611,,187,2
43870,send,BE:16:0A:00:3B:DA,611,,187,2
43883,ack,BE:16:0A:00:3B:DA,,0,186,2
43884,ack,11:66:F0:00:01:3D,,0,186,2
43891,send,11:66:F0:00:01:3D,612,,187,2
43892,send,BE:16:0A:00:3B:DA,612,,187,2
43914,send,11:66:F0:00:01:3D,613,,188,2
43915,send,BE:16:0A:00:3B:DA,613,,188,2
43937,send,11:66:F0:00:01:3D,614,,189,2
43940,send,BE:16:0A:00:3B:DA,614,,189,2
43943,ack,BE:16:0A:00:3B:DA,,0,188,2
43943,ack,11:66:F0:00:01:3D,,0,188,2
43961,send,11:66:F0:00:01:3D,615,,189,2
43962,send,BE:16:0A:00:3B:DA,615,,189,2
43984,send,11:66:F0:00:01:3D,616,,190,2
43985,send,BE:16:0A:00:3B:DA,616,,190,2
44004,ack,11:66:F0:00:01:3D,,0,189,2
44004,ack,BE:16:0A:00:3B:DA,,0,189,2
44006,send,11:66:F0:00:01:3D,617,,190,2
44007,send,BE:16:0A:00:3B:DA,617,,190,2
44028,send,11:66:F0:00:01:3D,618,,191,2
44029,send,BE:16:0A:00:3B:DA,618,,191,2
44052,send,11:66:F0:00:01:3D,619,,192,2
44053,send,BE:16:0A:00:3B:DA,619,,192,2
44064,ack,BE:16:0A:00:3B:DA,,0,191,2
44065,ack,11:66:F0:00:01:3D,,0,191,2
44074,send,11:66:F0:00:01:3D,620,,192,2
44075,send,BE:16:0A:00:3B:DA,620,,192,2
44098,send,11:66:F0:00:01:3D,621,,193,2
44099,send,BE:16:0A:00:3B:DA,621,,193,2
44119,send,11:66:F0:00:01:3D,622,,194,2
44122,ack,BE:16:0A:00:3B:DA,,0,192,2
44125,send,BE:16:0A:00:3B:DA,622,,193,2
44126,ack,11:66:F0:00:01:3D,,0,193,2
44147,send,11:66:F0:00:01:3D,623,,194,2
44147,send,BE:16:0A:00:3B:DA,623,,194,2
44168,send,11:66:F0:00:01:3D,624,,195,2
44169,send,BE:16:0A:00:3B:DA,624,,195,2
44182,ack,BE:16:0A:00:3B:DA,,0,194,2
44186,ack,11:66:F0:00:01:3D,,0,194,2
44189,send,11:66:F0:00:01:3D,625,,195,2
44190,send,BE:16:0A:00:3B:DA,625,,195,2
44212,send,11:66:F0:00:01:3D,626,,196,2
44212,send,BE:16:0A:00:3B:DA,626,,196,2
44233,send,11:66:F0:00:01:3D,627,,197,2
44234,send,BE:16:0A:00:3B:DA,627,,197,2
44240,ack,BE:16:0A:00:3B:DA,,0,196,2
44244,ack,11:66:F0:00:01:3D,,0,196,2
44262,send,11:66:F0:00:01:3D,628,,197,2
44262,send,BE:16:0A:00:3B:DA,628,,197,2
44283,send,11:66:F0:00:01:3D,629,,198,2
44284,send,BE:16:0A:00:3B:DA,629,,198,2
44298,ack,BE:16:0A:00:3B:DA,,0,197,2
44302,ack,11:66:F0:00:01:3D,,0,197,2
44304,send,11:66:F0:00:01:3D,630,,198,2
44305,send,BE:16:0A:00:3B:DA,630,,198,2
44326,send,11:66:F0:00:01:3D,631,,199,2
44326,send,BE:16:0A:00:3B:DA,631,,199,2
44347,send,11:66:F0:00:01:3D,632,,200,2
44348,send,BE:16:0A:00:3B:DA,632,,200,2
44354,ack,BE:16:0A:00:3B:DA,,0,199,2
44360,ack,11:66:F0:00:01:3D,,0,199,2
44373,send,11:66:F0:00:01:3D,633,,200,2
44374,send,BE:16:0A:00:3B:DA,633,,200,2
44394,send,11:66:F0:00:01:3D,634,,201,2
44395,send,BE:16:0A:00:3B:DA,634,,201,2
44416,send,11:66:F0:00:01:3D,635,,202,2
44416,ack,BE:16:0A:00:3B:DA,,0,200,2
44418,send,BE:16:0A:00:3B:DA,635,,201,2
44419,ack,11:66:F0:00:01:3D,,0,201,2
44440,send,11:66:F0:00:01:3D,636,,202,2
44440,send,BE:16:0A:00:3B:DA,636,,202,2
44463,send,11:66:F0:00:01:3D,637,,203,2
44464,send,BE:16:0A:00:3B:DA,637,,203,2
44475,ack,BE:16:0A:00:3B:DA,,0,202,2
44476,ack,11:66:F0:00:01:3D,,0,202,2
44484,send,11:66:F0:00:01:3D,638,,203,2
44485,send,BE:16:0A:00:3B:DA,638,,203,2
44506,send,11:66:F0:00:01:3D,639,,204,2
44507,send,BE:16:0A:00:3B:DA,639,,204,2
44528,send,11:66:F0:00:01:3D,640,,205,2
44531,send,BE:16:0A:00:3B:DA,640,,205,2
44531,ack,BE:16:0A:00:3B:DA,,0,204,2
44532,ack,11:66:F0:00:01:3D,,0,204,2
44553,send,11:66:F0:00:01:3D,641,,205,2
44554,send,BE:16:0A:00:3B:DA,641,,205,2
44575,send,11:66:F0:00:01:3D,642,,206,2
44575,send,BE:16:0A:00:3B:DA,642,,206,2
44588,ack,BE:16:0A:00:3B:DA,,0,205,2
44588,ack,11:66:F0:00:01:3D,,0,205,2
44597,send,11:66:F0:00:01:3D,643,,206,2
44598,send,BE:16:0A:00:3B:DA,643,,206,2
44619,send,11:66:F0:00:01:3D,644,,207,2
44620,send,BE:16:0A:00:3B:DA,644,,207,2
44642,send,11:66:F0:00:01:3D,645,,208,2
44646,send,BE:16:0A:00:3B:DA,645,,208,2
44647,ack,11:66:F0:00:01:3D,,0,207,2
44647,ack,BE:16:0A:00:3B:DA,,0,207,2
44666,send,11:66:F0:00:01:3D,646,,208,2
44667,send,BE:16:0A:00:3B:DA,646,,208,2
44688,send,11:66:F0:00:01:3D,647,,209,2
44689,send,BE:16:0A:00:3B:DA,647,,209,2
44707,ack,11:66:F0:00:01:3D,,0,208,2
44707,ack,BE:16:0A:00:3B:DA,,0,208,2
44710,send,11:66:F0:00:01:3D,648,,209,2
44711,send,BE:16:0A:00:3B:DA,648,,209,2
44732,send,11:66:F0:00:01:3D,649,,210,2
44732,send,BE:16:0A:00:3B:DA,649,,210,2
44755,send,11:66:F0:00:01:3D,650,,211,2
44755,send,BE:16:0A:00:3B:DA,650,,211,2
44767,ack,11:66:F0:00:01:3D,,0,210,2
44767,ack,BE:16:0A:00:3B:DA,,0,210,2
44776,send,11:66:F0:00:01:3D,651,,211,2
44777,send,BE:16:0A:00:3B:DA,651,,211,2
44799,send,11:66:F0:00:01:3D,652,,212,2
44800,send,BE:16:0A:00:3B:DA,652,,212,2
44821,send,11:66:F0:00:01:3D,653,,213,2
44823,send,BE:16:0A:00:3B:DA,653,,213,2
44824,ack,11:66:F0:00:01:3D,,0,212,2
44825,ack,BE:16:0A:00:3B:DA,,0,212,2
44846,send,11:66:F0:00:01:3D,654,,213,2
44847,send,BE:16:0A:00:3B:DA,654,,213,2
44869,send,11:66:F0:00:01:3D,655,,214,2
44870,send,BE:16:0A:00:3B:DA,655,,214,2
44884,ack,BE:16:0A:00:3B:DA,,0,213,2
44884,ack,11:66:F0:00:01:3D,,0,213,2
44891,send,11:66:F0:00:01:3D,656,,214,2
44892,send,BE:16:0A:00:3B:DA,656,,214,2
44913,send,11:66:F0:00:01:3D,657,,215,2
44914,send,BE:16:0A:00:3B:DA,657,,215,2
44937,send,11:66:F0:00:01:3D,658,,216,2
44942,send,BE:16:0A:00:3B:DA,658,,216,2
44943,ack,11:66:F0:00:01:3D,,0,215,2
44945,ack,BE:16:0A:00:3B:DA,,0,215,2
44966,send,11:66:F0:00:01:3D,659,,216,2
44967,send,BE:16:0A:00:3B:DA,659,,216,2
44988,send,11:66:F0:00:01:3D,660,,217,2
44988,send,BE:16:0A:00:3B:DA,660,,217,2
45004,ack,11:66:F0:00:01:3D,,0,216,2
45005,ack,BE:16:0A:00:3B:DA,,0,216,2
45009,send,11:66:F0:00:01:3D,661,,217,2
45010,send,BE:16:0A:00:3B:DA,661,,217,2
45031,send,11:66:F0:00:01:3D,662,,218,2
45032,send,BE:16:0A:00:3B:DA,662,,218,2
45052,send,11:66:F0:00:01:3D,663,,219,2
45053,send,BE:16:0A:00:3B:DA,663,,219,2
45064,ack,BE:16:0A:00:3B:DA,,0,218,2
45064,ack,11:66:F0:00:01:3D,,0,218,2
45074,send,11:66:F0:00:01:3D,664,,219,2
45077,send,BE:16:0A:00:3B:DA,664,,219,2
45098,send,11:66:F0:00:01:3D,665,,220,2
45098,send,BE:16:0A:00:3B:DA,665,,220,2
45118,send,11:66:F0:00:01:3D,666,,221,2
45121,send,BE:16:0A:00:3B:DA,666,,221,2
45122,ack,11:66:F0:00:01:3D,,0,220,2
45122,ack,BE:16:0A:00:3B:DA,,0,220,2
45143,send,11:66:F0:00:01:3D,667,,221,2
45144,send,BE:16:0A:00:3B:DA,667,,221,2
45166,send,11:66:F0:00:01:3D,668,,222,2
45166,send,BE:16:0A:00:3B:DA,668,,222,2
45181,ack,11:66:F0:00:01:3D,,0,221,2
45182,ack,BE:16:0A:00:3B:DA,,0,221,2
45188,send,11:66:F0:00:01:3D,669,,222,2
45189,send,BE:16:0A:00:3B:DA,669,,222,2
45211,send,11:66:F0:00:01:3D,670,,223,2
45212,send,BE:16:0A:00:3B:DA,670,,223,2
45233,send,11:66:F0:00:01:3D,671,,224,2
45238,send,BE:16:0A:00:3B:DA,671,,224,2
45239,ack,11:66:F0:00:01:3D,,0,223,2
45239,ack,BE:16:0A:00:3B:DA,,0,223,2
45260,send,11:66:F0:00:01:3D,672,,224,2
45261,send,BE:16:0A:00:3B:DA,672,,224,2
45282,send,11:66:F0:00:01:3D,673,,225,2
45282,send,BE:16:0A:00:3B:DA,673,,225,2
45298,ack,11:66:F0:00:01:3D,,0,224,2
45298,ack,BE:16:0A:00:3B:DA,,0,224,2
45303,send,11:66:F0:00:01:3D,674,,225,2
45304,send,BE:16:0A:00:3B:DA,674,,225,2
45324,send,11:66:F0:00:01:3D,675,,226,2
45325,send,BE:16:0A:00:3B:DA,675,,226,2
45348,send,11:66:F0:00:01:3D,676,,227,2
45352,send,BE:16:0A:00:3B:DA,676,,227,2
45353,ack,11:66:F0:00:01:3D,,0,226,2
45356,ack,BE:16:0A:00:3B:DA,,0,226,2
45377,send,11:66:F0:00:01:3D,677,,227,2
45378,send,BE:16:0A:00:3B:DA,677,,227,2
45400,send,11:66:F0:00:01:3D,678,,228,2
45401,send,BE:16:0A:00:3B:DA,678,,228,2
45412,ack,BE:16:0A:00:3B:DA,,0,227,2
45413,ack,11:66:F0:00:01:3D,,0,227,2
45422,send,11:66:F0:00:01:3D,679,,228,2
45423,send,BE:16:0A:00:3B:DA,679,,228,2
45444,send,11:66:F0:00:01:3D,680,,229,2
45445,send,BE:16:0A:00:3B:DA,680,,229,2
45466,send,11:66:F0:00:01:3D,681,,230,2
45468,ack,11:66:F0:00:01:3D,,0,229,2
45469,send,BE:16:0A:00:3B:DA,681,,230,2
45469,ack,BE:16:0A:00:3B:DA,,0,229,2
45489,send,11:66:F0:00:01:3D,682,,230,2
45490,send,BE:16:0A:00:3B:DA,682,,230,2
45513,send,11:66:F0:00:01:3D,683,,231,2
45514,send,BE:16:0A:00:3B:DA,683,,231,2
45525,ack,11:66:F0:00:01:3D,,0,230,2
45525,ack,BE:16:0A:00:3B:DA,,0,230,2
45534,send,11:66:F0:00:01:3D,684,,231,2
45535,send,BE:16:0A:00:3B:DA,684,,231,2
45557,send,11:66:F0:00:01:3D,685,,232,2
45557,send,BE:16:0A:00:3B:DA,685,,232,2
45578,send,11:66:F0:00:01:3D,686,,233,2
45582,ack,11:66:F0:00:01:3D,,0,232,2
45582,ack,BE:16:0A:00:3B:DA,,0,231,2
45583,send,BE:16:0A:00:3B:DA,686,,232,2
45604,send,11:66:F0:00:01:3D,687,,233,2
45605,send,BE:16:0A:00:3B:DA,687,,233,2
45626,send,11:66:F0:00:01:3D,688,,234,2
45627,send,BE:16:0A:00:3B:DA,688,,234,2
45641,ack,11:66:F0:00:01:3D,,0,233,2
45642,ack,BE:16:0A:00:3B:DA,,0,233,2
45649,send,11:66:F0:00:01:3D,689,,234,2
45650,send,BE:16:0A:00:3B:DA,689,,234,2
45675,send,11:66:F0:00:01:3D,690,,235,2
45676,send,BE:16:0A:00:3B:DA,690,,235,2
45697,send,11:66:F0:00:01:3D,691,,236,2
45701,send,BE:16:0A:00:3B:DA,691,,236,2
45702,ack,11:66:F0:00:01:3D,,0,235,2
45702,ack,BE:16:0A:00:3B:DA,,0,235,2
45723,send,11:66:F0:00:01:3D,692,,236,2
45724,send,BE:16:0A:00:3B:DA,692,,236,2
45745,send,11:66:F0:00:01:3D,693,,237,2
45745,send,BE:16:0A:00:3B:DA,693,,237,2
45760,ack,11:66:F0:00:01:3D,,0,236,2
45760,ack,BE:16:0A:00:3B:DA,,0,236,2
45766,send,11:66:F0:00:01:3D,694,,237,2
45767,send,BE:16:0A:00:3B:DA,694,,237,2
45788,send,11:66:F0:00:01:3D,695,,238,2
45788,send,BE:16:0A:00:3B:DA,695,,238,2
45811,send,11:66:F0:00:01:3D,696,,239,2
45818,send,BE:16:0A:00:3B:DA,696,,239,2
45820,ack,11:66:F0:00:01:3D,,0,238,2
45820,ack,BE:16:0A:00:3B:DA,,0,238,2
45838,send,11:66:F0:00:01:3D,697,,239,2
45840,send,BE:16:0A:00:3B:DA,697,,239,2
45861,send,11:66:F0:00:01:3D,698,,240,2
45862,send,BE:16:0A:00:3B:DA,698,,240,2
45878,ack,11:66:F0:00:01:3D,,0,239,2
45878,ack,BE:16:0A:00:3B:DA,,0,239,2
45882,send,11:66:F0:00:01:3D,699,,240,2
45884,send,BE:16:0A:00:3B:DA,699,,240,2
45906,send,11:66:F0:00:01:3D,700,,241,2
45906,send,BE:16:0A:00:3B:DA,700,,241,2
45929,send,11:66:F0:00:01:3D,701,,242,2
45936,send,BE:16:0A:00:3B:DA,701,,242,2
45939,ack,11:66:F0:00:01:3D,,0,241,2
45939,ack,BE:16:0A:00:3B:DA,,0,241,2
45957,send,11:66:F0:00:01:3D,702,,242,2
45958,send,BE:16:0A:00:3B:DA,702,,242,2
45980,send,11:66:F0:00:01:3D,703,,243,2
45981,send,BE:16:0A:00:3B:DA,703,,243,2
46001,ack,BE:16:0A:00:3B:DA,,0,242,2
46001,ack,11:66:F0:00:01:3D,,0,242,2
46002,send,11:66:F0:00:01:3D,704,,243,2
46003,send,BE:16:0A:00:3B:DA,704,,243,2
46024,send,11:66:F0:00:01:3D,705,,244,2
46024,send,BE:16:0A:00:3B:DA,705,,244,2
46060,ack,11:66:F0:00:01:3D,,0,243,2
46060,ack,BE:16:0A:00:3B:DA,,0,243,2
46726,send,11:66:F0:00:01:3D,706,,244,2
46733,send,BE:16:0A:00:3B:DA,706,,244,2
46733,ack,11:66:F0:00:01:3D,,0,243,2
46738,ack,BE:16:0A:00:3B:DA,,0,243,2
46753,send,11:66:F0:00:01:3D,707,,244,2
46753,send,BE:16:0A:00:3B:DA,707,,244,2
46770,send,11:66:F0:00:01:3D,708,,245,2
46771,send,BE:16:0A:00:3B:DA,708,,245,2
46788,send,11:66:F0:00:01:3D,709,,246,2
46793,send,BE:16:0A:00:3B:DA,709,,246,2
46793,ack,11:66:F0:00:01:3D,,0,245,2
46794,ack,BE:16:0A:00:3B:DA,,0,245,2
46812,send,11:66:F0:00:01:3D,710,,246,2
46813,send,BE:16:0A:00:3B:DA,710,,246,2
46828,send,11:66:F0:00:01:3D,711,,247,2
46829,send,BE:16:0A:00:3B:DA,711,,247,2
46846,send,11:66:F0:00:01:3D,712,,248,2
46854,ack,11:66:F0:00:01:3D,,0,247,2
46855,send,BE:16:0A:00:3B:DA,712,,248,2
46856,ack,BE:16:0A:00:3B:DA,,0,247,2
46872,send,11:66:F0:00:01:3D,713,,248,2
46873,send,BE:16:0A:00:3B:DA,713,,248,2
46888,send,11:66:F0:00:01:3D,714,,249,2
46889,send,BE:16:0A:00:3B:DA,714,,249,2
46905,send,11:66:F0:00:01:3D,715,,250,2
46911,send,BE:16:0A:00:3B:DA,715,,250,2
46913,ack,BE:16:0A:00:3B:DA,,0,249,2
46913,ack,11:66:F0:00:01:3D,,0,249,2
46929,send,11:66:F0:00:01:3D,716,,250,2
46930,send,BE:16:0A:00:3B:DA,716,,250,2
46946,send,11:66:F0:00:01:3D,717,,251,2
46947,send,BE:16:0A:00:3B:DA,717,,251,2
46962,send,11:66:F0:00:01:3D,718,,252,2
46967,send,BE:16:0A:00:3B:DA,718,,252,2
46969,ack,11:66:F0:00:01:3D,,0,251,2
46970,ack,BE:16:0A:00:3B:DA,,0,251,2
46986,send,11:66:F0:00:01:3D,719,,252,2
46987,send,BE:16:0A:00:3B:DA,719,,252,2
47003,send,11:66:F0:00:01:3D,720,,253,2
47003,send,BE:16:0A:00:3B:DA,720,,253,2
47020,send,11:66:F0:00:01:3D,721,,254,2
47025,send,BE:16:0A:00:3B:DA,721,,254,2
47027,ack,11:66:F0:00:01:3D,,0,253,2
47028,ack,BE:16:0A:00:3B:DA,,0,253,2
47045,send,11:66:F0:00:01:3D,722,,254,2
47046,send,BE:16:0A:00:3B:DA,722,,254,2
47063,send,11:66:F0:00:01:3D,723,,255,2
47063,send,BE:16:0A:00:3B:DA,723,,255,2
47080,send,11:66:F0:00:01:3D,724,,256,2
47085,send,BE:16:0A:00:3B:DA,724,,256,2
47088,ack,BE:16:0A:00:3B:DA,,0,255,2
47088,ack,11:66:F0:00:01:3D,,0,255,2
47102,send,11:66:F0:00:01:3D,725,,256,2
47103,send,BE:16:0A:00:3B:DA,725,,256,2
47119,send,11:66:F0:00:01:3D,726,,257,2
47120,send,BE:16:0A:00:3B:DA,726,,257,2
47136,send,11:66:F0:00:01:3D,727,,258,2
47137,send,BE:16:0A:00:3B:DA,727,,258,2
47148,ack,BE:16:0A:00:3B:DA,,0,257,2
47148,ack,11:66:F0:00:01:3D,,0,257,2
47153,send,11:66:F0:00:01:3D,728,,258,2
47154,send,BE:16:0A:00:3B:DA,728,,258,2
47170,send,11:66:F0:00:01:3D,729,,259,2
47170,send,BE:16:0A:00:3B:DA,729,,259,2
47186,send,11:66:F0:00:01:3D,730,,260,2
47187,send,BE:16:0A:00:3B:DA,730,,260,2
47202,send,11:66:F0:00:01:3D,731,,261,2
47205,send,BE:16:0A:00:3B:DA,731,,261,2
47207,ack,11:66:F0:00:01:3D,,0,260,2
47207,ack,BE:16:0A:00:3B:DA,,0,260,2
47221,send,11:66:F0:00:01:3D,732,,261,2
47222,send,BE:16:0A:00:3B:DA,732,,261,2
47237,send,11:66:F0:00:01:3D,733,,262,2
47238,send,BE:16:0A:00:3B:DA,733,,262,2
47264,send,11:66:F0:00:01:3D,734,,263,2
47267,send,BE:16:0A:00:3B:DA,734,,263,2
47268,ack,BE:16:0A:00:3B:DA,,0,262,2
47269,ack,11:66:F0:00:01:3D,,0,262,2
47285,send,11:66:F0:00:01:3D,735,,263,2
47285,send,BE:16:0A:00:3B:DA,735,,263,2
47300,send,11:66:F0:00:01:3D,736,,264,2
47301,send,BE:16:0A:00:3B:DA,736,,264,2
47316,send,11:66:F0:00:01:3D,737,,265,2
47317,send,BE:16:0A:00:3B:DA,737,,265,2
47328,ack,11:66:F0:00:01:3D,,0,264,2
47328,ack,BE:16:0A:00:3B:DA,,0,264,2
47334,send,11:66:F0:00:01:3D,738,,265,2
47335,send,BE:16:0A:00:3B:DA,738,,265,2
47351,send,11:66:F0:00:01:3D,739,,266,2
47351,send,BE:16:0A:00:3B:DA,739,,266,2
47368,send,11:66:F0:00:01:3D,740,,267,2
47368,send,BE:16:0A:00:3B:DA,740,,267,2
47384,send,11:66:F0:00:01:3D,741,,268,2
47386,ack,11:66:F0:00:01:3D,,0,267,2
47386,ack,BE:16:0A:00:3B:DA,,0,266,2
47388,send,BE:16:0A:00:3B:DA,741,,267,2
47406,send,11:66:F0:00:01:3D,742,,268,2
47406,send,BE:16:0A:00:3B:DA,742,,268,2
47422,send,11:66:F0:00:01:3D,743,,269,2
47422,send,BE:16:0A:00:3B:DA,743,,269,2
47439,send,11:66:F0:00:01:3D,744,,270,2
47445,send,BE:16:0A:00:3B:DA,744,,270,2
47446,ack,11:66:F0:00:01:3D,,0,269,2
47447,ack,BE:16:0A:00:3B:DA,,0,269,2
47462,send,11:66:F0:00:01:3D,745,,270,2
47463,send,BE:16:0A:00:3B:DA,745,,270,2
47479,send,11:66:F0:00:01:3D,746,,271,2
47480,send,BE:16:0A:00:3B:DA,746,,271,2
47497,send,11:66:F0:00:01:3D,747,,272,2
47501,send,BE:16:0A:00:3B:DA,747,,272,2
47503,ack,11:66:F0:00:01:3D,,0,271,2
47505,ack,BE:16:0A:00:3B:DA,,0,271,2
47518,send,11:66:F0:00:01:3D,748,,272,2
47519,send,BE:16:0A:00:3B:DA,748,,272,2
47535,send,11:66:F0:00:01:3D,749,,273,2
47536,send,BE:16:0A:00:3B:DA,749,,273,2
47553,send,11:66:F0:00:01:3D,750,,274,2
47558,send,BE:16:0A:00:3B:DA,750,,274,2
47560,ack,11:66:F0:00:01:3D,,0,273,2
47563,ack,BE:16:0A:00:3B:DA,,0,273,2
47579,send,11:66:F0:00:01:3D,751,,274,2
47580,send,BE:16:0A:00:3B:DA,751,,274,2
47596,send,11:66:F0:00:01:3D,752,,275,2
47596,send,BE:16:0A:00:3B:DA,752,,275,2
47613,send,11:66:F0:00:01:3D,753,,276,2
47618,send,BE:16:0A:00:3B:DA,753,,276,2
47619,ack,11:66:F0:00:01:3D,,0,275,2
47621,ack,BE:16:0A:00:3B:DA,,0,275,2
47635,send,11:66:F0:00:01:3D,754,,276,2
47636,send,BE:16:0A:00:3B:DA,754,,276,2
47653,send,11:66:F0:00:01:3D,755,,277,2
47653,send,BE:16:0A:00:3B:DA,755,,277,2
47669,send,11:66:F0:00:01:3D,756,,278,2
47669,send,BE:16:0A:00:3B:DA,756,,278,2
47678,ack,11:66:F0:00:01:3D,,0,277,2
47678,ack,BE:16:0A:00:3B:DA,,0,277,2
47685,send,11:66:F0:00:01:3D,757,,278,2
47685,send,BE:16:0A:00:3B:DA,757,,278,2
47701,send,11:66:F0:00:01:3D,758,,279,2
47701,send,BE:16:0A:00:3B:DA,758,,279,2
47717,send,11:66:F0:00:01:3D,759,,280,2
47717,send,BE:16:0A:00:3B:DA,759,,280,2
47733,send,11:66:F0:00:01:3D,760,,281,2
47737,send,BE:16:0A:00:3B:DA,760,,281,2
47737,ack,11:66:F0:00:01:3D,,0,280,2
47737,ack,BE:16:0A:00:3B:DA,,0,280,2
47753,send,11:66:F0:00:01:3D,761,,281,2
47754,send,BE:16:0A:00:3B:DA,761,,281,2
47771,send,11:66:F0:00:01:3D,762,,282,2
47771,send,BE:16:0A:00:3B:DA,762,,282,2
47787,send,11:66:F0:00:01:3D,763,,283,2
47793,send,BE:16:0A:00:3B:DA,763,,283,2
47794,ack,BE:16:0A:00:3B:DA,,0,282,2
47794,ack,11:66:F0:00:01:3D,,0,282,2
47810,send,11:66:F0:00:01:3D,764,,283,2
47812,send,BE:16:0A:00:3B:DA,764,,283,2
47828,send,11:66:F0:00:01:3D,765,,284,2
47828,send,BE:16:0A:00:3B:DA,765,,284,2
47844,send,11:66:F0:00:01:3D,766,,285,2
47849,send,BE:16:0A:00:3B:DA,766,,285,2
47850,ack,11:66:F0:00:01:3D,,0,284,2
47851,ack,BE:16:0A:00:3B:DA,,0,284,2
47868,send,11:66:F0:00:01:3D,767,,285,2
47869,send,BE:16:0A:00:3B:DA,767,,285,2
47885,send,11:66:F0:00:01:3D,768,,286,2
47886,send,BE:16:0A:00:3B:DA,768,,286,2
47902,send,11:66:F0:00:01:3D,769,,287,2
47909,send,BE:16:0A:00:3B:DA,769,,287,2
47911,ack,11:66:F0:00:01:3D,,0,286,2
47911,ack,BE:16:0A:00:3B:DA,,0,286,2
47925,send,11:66:F0:00:01:3D,770,,287,2
47926,send,BE:16:0A:00:3B:DA,770,,287,2
47942,send,11:66:F0:00:01:3D,771,,288,2
47942,send,BE:16:0A:00:3B:DA,771,,288,2
47959,send,11:66:F0:00:01:3D,772,,289,2
47959,send,BE:16:0A:00:3B:DA,772,,289,2
47971,ack,11:66:F0:00:01:3D,,0,288,2
47971,ack,BE:16:0A:00:3B:DA,,0,288,2
47975,send,11:66:F0:00:01:3D,773,,289,2
47976,send,BE:16:0A:00:3B:DA,773,,289,2
47991,send,11:66:F0:00:01:3D,774,,290,2
47992,send,BE:16:0A:00:3B:DA,774,,290,2
48009,send,11:66:F0:00:01:3D,775,,291,2
48010,send,BE:16:0A:00:3B:DA,775,,291,2
48026,send,11:66:F0:00:01:3D,776,,292,2
48028,send,BE:16:0A:00:3B:DA,776,,292,2
48030,ack,11:66:F0:00:01:3D,,0,291,2
48030,ack,BE:16:0A:00:3B:DA,,0,291,2
48046,send,11:66:F0:00:01:3D,777,,292,2
48046,send,BE:16:0A:00:3B:DA,777,,292,2
48063,send,11:66:F0:00:01:3D,778,,293,2
48064,send,BE:16:0A:00:3B:DA,778,,293,2
48081,send,11:66:F0:00:01:3D,779,,294,2
48087,send,BE:16:0A:00:3B:DA,779,,294,2
48089,ack,11:66:F0:00:01:3D,,0,293,2
48089,ack,BE:16:0A:00:3B:DA,,0,293,2
48107,send,11:66:F0:00:01:3D,780,,294,2
48109,send,BE:16:0A:00:3B:DA,780,,294,2
48125,send,11:66:F0:00:01:3D,781,,295,2
48126,send,BE:16:0A:00:3B:DA,781,,295,2
48142,send,11:66:F0:00:01:3D,782,,296,2
48148,send,BE:16:0A:00:3B:DA,782,,296,2
48149,ack,11:66:F0:00:01:3D,,0,295,2
48149,ack,BE:16:0A:00:3B:DA,,0,295,2
48163,send,11:66:F0:00:01:3D,783,,296,2
48164,send,BE:16:0A:00:3B:DA,783,,296,2
48179,send,11:66:F0:00:01:3D,784,,297,2
48180,send,BE:16:0A:00:3B:DA,784,,297,2
48195,send,11:66:F0:00:01:3D,785,,298,2
48196,send,BE:16:0A:00:3B:DA,785,,298,2
48211,ack,BE:16:0A:00:3B:DA,,0,297,2
48211,ack,11:66:F0:00:01:3D,,0,297,2
48212,send,11:66:F0:00:01:3D,786,,298,2
48213,send,BE:16:0A:00:3B:DA,786,,298,2
48229,send,11:66:F0:00:01:3D,787,,299,2
48230,send,BE:16:0A:00:3B:DA,787,,299,2
48246,send,11:66:F0:00:01:3D,788,,300,2
48246,send,BE:16:0A:00:3B:DA,788,,300,2
48263,send,11:66:F0:00:01:3D,789,,301,2
48268,send,BE:16:0A:00:3B:DA,789,,301,2
48269,ack,11:66:F0:00:01:3D,,0,300,2
48270,ack,BE:16:0A:00:3B:DA,,0,300,2
48284,send,11:66:F0:00:01:3D,790,,301,2
48284,send,BE:16:0A:00:3B:DA,790,,301,2
48299,send,11:66:F0:00:01:3D,791,,302,2
48300,send,BE:16:0A:00:3B:DA,791,,302,2
48316,send,11:66:F0:00:01:3D,792,,303,2
48317,send,BE:16:0A:00:3B:DA,792,,303,2
48328,ack,11:66:F0:00:01:3D,,0,302,2
48328,ack,BE:16:0A:00:3B:DA,,0,302,2
48332,send,11:66:F0:00:01:3D,793,,303,2
48333,send,BE:16:0A:00:3B:DA,793,,303,2
48349,send,11:66:F0:00:01:3D,794,,304,2
48350,send,BE:16:0A:00:3B:DA,794,,304,2
48366,send,11:66:F0:00:01:3D,795,,305,2
48367,send,BE:16:0A:00:3B:DA,795,,305,2
48383,send,11:66:F0:00:01:3D,796,,306,2
48385,send,BE:16:0A:00:3B:DA,796,,306,2
48387,ack,11:66:F0:00:01:3D,,0,305,2
48388,ack,BE:16:0A:00:3B:DA,,0,305,2
48403,send,11:66:F0:00:01:3D,797,,306,2
48404,send,BE:16:0A:00:3B:DA,797,,306,2
48420,send,11:66:F0:00:01:3D,798,,307,2
48421,send,BE:16:0A:00:3B:DA,798,,307,2
48437,send,11:66:F0:00:01:3D,799,,308,2
48444,send,BE:16:0A:00:3B:DA,799,,308,2
48446,ack,11:66:F0:00:01:3D,,0,307,2
48446,ack,BE:16:0A:00:3B:DA,,0,307,2
48464,send,11:66:F0:00:01:3D,800,,308,2
48465,send,BE:16:0A:00:3B:DA,800,,308,2
48481,send,11:66:F0:00:01:3D,801,,309,2
48481,send,BE:16:0A:00:3B:DA,801,,309,2
48499,send,11:66:F0:00:01:3D,802,,310,2
48506,send,BE:16:0A:00:3B:DA,802,,310,2
48507,ack,BE:16:0A:00:3B:DA,,0,309,2
48507,ack,11:66:F0:00:01:3D,,0,309,2
48521,send,11:66:F0:00:01:3D,803,,310,2
48522,send,BE:16:0A:00:3B:DA,803,,310,2
48538,send,11:66:F0:00:01:3D,804,,311,2
48538,send,BE:16:0A:00:3B:DA,804,,311,2
48554,send,11:66:F0:00:01:3D,805,,312,2
48555,send,BE:16:0A:00:3B:DA,805,,312,2
48564,ack,11:66:F0:00:01:3D,,0,311,2
48565,ack,BE:16:0A:00:3B:DA,,0,311,2
48570,send,11:66:F0:00:01:3D,806,,312,2
48571,send,BE:16:0A:00:3B:DA,806,,312,2
48589,send,11:66:F0:00:01:3D,807,,313,2
48589,send,BE:16:0A:00:3B:DA,807,,313,2
48608,send,11:66:F0:00:01:3D,808,,314,2
48608,send,BE:16:0A:00:3B:DA,808,,314,2
48624,send,11:66:F0:00:01:3D,809,,315,2
48624,ack,11:66:F0:00:01:3D,,0,314,2
48625,send,BE:16:0A:00:3B:DA,809,,315,2
48625,ack,BE:16:0A:00:3B:DA,,0,314,2
48640,send,11:66:F0:00:01:3D,810,,315,2
48641,send,BE:16:0A:00:3B:DA,810,,315,2
48664,send,11:66:F0:00:01:3D,811,,316,2
48665,send,BE:16:0A:00:3B:DA,811,,316,2
48680,send,11:66:F0:00:01:3D,812,,317,2
48681,send,BE:16:0A:00:3B:DA,812,,317,2
48682,ack,BE:16:0A:00:3B:DA,,0,316,2
48683,ack,11:66:F0:00:01:3D,,0,316,2
48697,send,11:66:F0:00:01:3D,813,,317,2
48697,send,BE:16:0A:00:3B:DA,813,,317,2
48713,send,11:66:F0:00:01:3D,814,,318,2
48714,send,BE:16:0A:00:3B:DA,814,,318,2
48729,send,11:66:F0:00:01:3D,815,,319,2
48730,send,BE:16:0A:00:3B:DA,815,,319,2
48738,ack,BE:16:0A:00:3B:DA,,0,318,2
48739,ack,11:66:F0:00:01:3D,,0,318,2
48746,send,11:66:F0:00:01:3D,816,,319,2
48747,send,BE:16:0A:00:3B:DA,816,,319,2
48762,send,11:66:F0:00:01:3D,817,,320,2
48763,send,BE:16:0A:00:3B:DA,817,,320,2
48780,send,11:66:F0:00:01:3D,818,,321,2
48780,send,BE:16:0A:00:3B:DA,818,,321,2
48796,send,11:66:F0:00:01:3D,819,,322,2
48799,ack,BE:16:0A:00:3B:DA,,0,320,2
48800,ack,11:66:F0:00:01:3D,,0,321,2
48801,send,BE:16:0A:00:3B:DA,819,,321,2
48817,send,11:66:F0:00:01:3D,820,,322,2
48817,send,BE:16:0A:00:3B:DA,820,,322,2
48833,send,11:66:F0:00:01:3D,821,,323,2
48834,send,BE:16:0A:00:3B:DA,821,,323,2
48850,send,11:66:F0:00:01:3D,822,,324,2
48855,send,BE:16:0A:00:3B:DA,822,,324,2
48858,ack,BE:16:0A:00:3B:DA,,0,323,2
48858,ack,11:66:F0:00:01:3D,,0,323,2
48873,send,11:66:F0:00:01:3D,823,,324,2
48874,send,BE:16:0A:00:3B:DA,823,,324,2
48889,send,11:66:F0:00:01:3D,824,,325,2
48890,send,BE:16:0A:00:3B:DA,824,,325,2
48907,send,11:66:F0:00:01:3D,825,,326,2
48914,send,BE:16:0A:00:3B:DA,825,,326,2
48917,ack,11:66:F0:00:01:3D,,0,325,2
48917,ack,BE:16:0A:00:3B:DA,,0,325,2
48931,send,11:66:F0:00:01:3D,826,,326,2
48932,send,BE:16:0A:00:3B:DA,826,,326,2
48949,send,11:66:F0:00:01:3D,827,,327,2
48950,send,BE:16:0A:00:3B:DA,827,,327,2
48967,send,11:66:F0:00:01:3D,828,,328,2
48973,send,BE:16:0A:00:3B:DA,828,,328,2
48975,ack,11:66:F0:00:01:3D,,0,327,2
48975,ack,BE:16:0A:00:3B:DA,,0,327,2
48988,send,11:66:F0:00:01:3D,829,,328,2
48989,send,BE:16:0A:00:3B:DA,829,,328,2
49005,send,11:66:F0:00:01:3D,830,,329,2
49006,send,BE:16:0A:00:3B:DA,830,,329,2
49022,send,11:66:F0:00:01:3D,831,,330,2
49022,send,BE:16:0A:00:3B:DA,831,,330,2
49035,ack,BE:16:0A:00:3B:DA,,0,329,2
49037,ack,11:66:F0:00:01:3D,,0,329,2
49038,send,11:66:F0:00:01:3D,832,,330,2
49039,send,BE:16:0A:00:3B:DA,832,,330,2
49055,send,11:66:F0:00:01:3D,833,,331,2
49055,send,BE:16:0A:00:3B:DA,833,,331,2
49071,send,11:66:F0:00:01:3D,834,,332,2
49071,send,BE:16:0A:00:3B:DA,834,,332,2
49088,send,11:66:F0:00:01:3D,835,,333,2
49092,send,BE:16:0A:00:3B:DA,835,,333,2
49094,ack,BE:16:0A:00:3B:DA,,0,332,2
49094,ack,11:66:F0:00:01:3D,,0,332,2
49108,send,11:66:F0:00:01:3D,836,,333,2
49109,send,BE:16:0A:00:3B:DA,836,,333,2
49126,send,11:66:F0:00:01:3D,837,,334,2
49126,send,BE:16:0A:00:3B:DA,837,,334,2
49143,send,11:66:F0:00:01:3D,838,,335,2
49150,send,BE:16:0A:00:3B:DA,838,,335,2
49151,ack,11:66:F0:00:01:3D,,0,334,2
49153,ack,BE:16:0A:00:3B:DA,,0,334,2
49169,send,11:66:F0:00:01:3D,839,,335,2
49169,send,BE:16:0A:00:3B:DA,839,,335,2
49184,send,11:66:F0:00:01:3D,840,,336,2
49185,send,BE:16:0A:00:3B:DA,840,,336,2
49201,send,11:66:F0:00:01:3D,841,,337,2
49205,send,BE:16:0A:00:3B:DA,841,,337,2
49206,ack,11:66:F0:00:01:3D,,0,336,2
49210,ack,BE:16:0A:00:3B:DA,,0,336,2
49227,send,11:66:F0:00:01:3D,842,,337,2
49228,send,BE:16:0A:00:3B:DA,842,,337,2
49245,send,11:66:F0:00:01:3D,843,,338,2
49245,send,BE:16:0A:00:3B:DA,843,,338,2
49261,send,11:66:F0:00:01:3D,844,,339,2
49265,send,BE:16:0A:00:3B:DA,844,,339,2
49266,ack,11:66:F0:00:01:3D,,0,338,2
49266,ack,BE:16:0A:00:3B:DA,,0,338,2
49282,send,11:66:F0:00:01:3D,845,,339,2
49282,send,BE:16:0A:00:3B:DA,845,,339,2
49298,send,11:66:F0:00:01:3D,846,,340,2
49300,send,BE:16:0A:00:3B:DA,846,,340,2
49316,send,11:66:F0:00:01:3D,847,,341,2
49325,send,BE:16:0A:00:3B:DA,847,,341,2
49327,ack,11:66:F0:00:01:3D,,0,340,2
49327,ack,BE:16:0A:00:3B:DA,,0,340,2
49344,send,11:66:F0:00:01:3D,848,,341,2
49344,send,BE:16:0A:00:3B:DA,848,,341,2
49361,send,11:66:F0:00:01:3D,849,,342,2
49361,send,BE:16:0A:00:3B:DA,849,,342,2
49377,send,11:66:F0:00:01:3D,850,,343,2
49383,send,BE:16:0A:00:3B:DA,850,,343,2
49384,ack,11:66:F0:00:01:3D,,0,342,2
49386,ack,BE:16:0A:00:3B:DA,,0,342,2
49402,send,11:66:F0:00:01:3D,851,,343,2
49403,send,BE:16:0A:00:3B:DA,851,,343,2
49419,send,11:66:F0:00:01:3D,852,,344,2
49420,send,BE:16:0A:00:3B:DA,852,,344,2
49436,send,11:66:F0:00:01:3D,853,,345,2
49443,send,BE:16:0A:00:3B:DA,853,,345,2
49445,ack,11:66:F0:00:01:3D,,0,344,2
49445,ack,BE:16:0A:00:3B:DA,,0,344,2
49458,send,11:66:F0:00:01:3D,854,,345,2
49459,send,BE:16:0A:00:3B:DA,854,,345,2
49476,send,11:66:F0:00:01:3D,855,,346,2
49477,send,BE:16:0A:00:3B:DA,855,,346,2
49493,send,11:66:F0:00:01:3D,856,,347,2
49493,send,BE:16:0A:00:3B:DA,856,,347,2
49505,ack,11:66:F0:00:01:3D,,0,346,2
49505,ack,BE:16:0A:00:3B:DA,,0,346,2
49510,send,11:66:F0:00:01:3D,857,,347,2
49512,send,BE:16:0A:00:3B:DA,857,,347,2
49528,send,11:66:F0:00:01:3D,858,,348,2
49528,send,BE:16:0A:00:3B:DA,858,,348,2
49544,send,11:66:F0:00:01:3D,859,,349,2
49545,send,BE:16:0A:00:3B:DA,859,,349,2
49561,send,11:66:F0:00:01:3D,860,,350,2
49562,send,BE:16:0A:00:3B:DA,860,,350,2
49563,ack,BE:16:0A:00:3B:DA,,0,349,2
49564,ack,11:66:F0:00:01:3D,,0,349,2
49577,send,11:66:F0:00:01:3D,861,,350,2
49578,send,BE:16:0A:00:3B:DA,861,,350,2
49594,send,11:66:F0:00:01:3D,862,,351,2
49594,send,BE:16:0A:00:3B:DA,862,,351,2
49610,send,11:66:F0:00:01:3D,863,,352,2
49611,send,BE:16:0A:00:3B:DA,863,,352,2
49623,ack,11:66:F0:00:01:3D,,0,351,2
49623,ack,BE:16:0A:00:3B:DA,,0,351,2
49627,send,11:66:F0:00:01:3D,864,,352,2
49628,send,BE:16:0A:00:3B:DA,864,,352,2
49645,send,11:66:F0:00:01:3D,865,,353,2
49646,send,BE:16:0A:00:3B:DA,865,,353,2
49662,send,11:66:F0:00:01:3D,866,,354,2
49663,send,BE:16:0A:00:3B:DA,866,,354,2
49679,send,11:66:F0:00:01:3D,867,,355,2
49680,send,BE:16:0A:00:3B:DA,867,,355,2
49680,ack,11:66:F0:00:01:3D,,0,354,2
49681,ack,BE:16:0A:00:3B:DA,,0,354,2
49696,send,11:66:F0:00:01:3D,868,,355,2
49696,send,BE:16:0A:00:3B:DA,868,,355,2
49712,send,11:66:F0:00:01:3D,869,,356,2
49713,send,BE:16:0A:00:3B:DA,869,,356,2
49730,send,11:66:F0:00:01:3D,870,,357,2
49735,send,BE:16:0A:00:3B:DA,870,,357,2
49735,ack,11:66:F0:00:01:3D,,0,356,2
49739,ack,BE:16:0A:00:3B:DA,,0,356,2
49756,send,11:66:F0:00:01:3D,871,,357,2
49757,send,BE:16:0A:00:3B:DA,871,,357,2
49774,send,11:66:F0:00:01:3D,872,,358,2
49775,send,BE:16:0A:00:3B:DA,872,,358,2
49792,send,11:66:F0:00:01:3D,873,,359,2
49794,ack,11:66:F0:00:01:3D,,0,358,2
49796,send,BE:16:0A:00:3B:DA,873,,359,2
49797,ack,BE:16:0A:00:3B:DA,,0,358,2
49812,send,11:66:F0:00:01:3D,874,,359,2
49812,send,BE:16:0A:00:3B:DA,874,,359,2
49830,send,11:66:F0:00:01:3D,875,,360,2
49831,send,BE:16:0A:00:3B:DA,875,,360,2
49847,send,11:66:F0:00:01:3D,876,,361,2
49852,send,BE:16:0A:00:3B:DA,876,,361,2
49853,ack,11:66:F0:00:01:3D,,0,360,2
49857,ack,BE:16:0A:00:3B:DA,,0,360,2
49872,send,11:66:F0:00:01:3D,877,,361,2
49873,send,BE:16:0A:00:3B:DA,877,,361,2
49889,send,11:66:F0:00:01:3D,878,,362,2
49890,send,BE:16:0A:00:3B:DA,878,,362,2
49906,send,11:66:F0:00:01:3D,879,,363,2
49911,send,BE:16:0A:00:3B:DA,879,,363,2
49912,ack,11:66:F0:00:01:3D,,0,362,2
49914,ack,BE:16:0A:00:3B:DA,,0,362,2
49927,send,11:66:F0:00:01:3D,880,,363,2
49928,send,BE:16:0A:00:3B:DA,880,,363,2
49943,send,11:66:F0:00:01:3D,881,,364,2
49944,send,BE:16:0A:00:3B:DA,881,,364,2
49959,send,11:66:F0:00:01:3D,882,,365,2
49960,send,BE:16:0A:00:3B:DA,882,,365,2
49970,ack,BE:16:0A:00:3B:DA,,0,364,2
49970,ack,11:66:F0:00:01:3D,,0,364,2
49976,send,11:66:F0:00:01:3D,883,,365,2
49976,send,BE:16:0A:00:3B:DA,883,,365,2
49993,send,11:66:F0:00:01:3D,884,,366,2
49993,send,BE:16:0A:00:3B:DA,884,,366,2
50009,send,11:66:F0:00:01:3D,885,,367,2
50010,send,BE:16:0A:00:3B:DA,885,,367,2
50026,send,11:66:F0:00:01:3D,886,,368,2
50027,send,BE:16:0A:00:3B:DA,886,,368,2
50028,ack,BE:16:0A:00:3B:DA,,0,367,2
50029,ack,11:66:F0:00:01:3D,,0,367,2
50043,send,11:66:F0:00:01:3D,887,,368,2
50044,send,BE:16:0A:00:3B:DA,887,,368,2
50060,send,11:66:F0:00:01:3D,888,,369,2
50061,send,BE:16:0A:00:3B:DA,888,,369,2
50077,send,11:66:F0:00:01:3D,889,,370,2
50077,send,BE:16:0A:00:3B:DA,889,,370,2
50086,ack,BE:16:0A:00:3B:DA,,0,369,2
50089,ack,11:66:F0:00:01:3D,,0,369,2
50094,send,11:66:F0:00:01:3D,890,,370,2
50095,send,BE:16:0A:00:3B:DA,890,,370,2
50111,send,11:66:F0:00:01:3D,891,,371,2
50111,send,BE:16:0A:00:3B:DA,891,,371,2
50128,send,11:66:F0:00:01:3D,892,,372,2
50129,send,BE:16:0A:00:3B:DA,892,,372,2
50145,send,11:66:F0:00:01:3D,893,,373,2
50145,send,BE:16:0A:00:3B:DA,893,,373,2
50147,ack,BE:16:0A:00:3B:DA,,0,372,2
50149,ack,11:66:F0:00:01:3D,,0,372,2
50162,send,11:66:F0:00:01:3D,894,,373,2
50163,send,BE:16:0A:00:3B:DA,894,,373,2
50179,send,11:66:F0:00:01:3D,895,,374,2
50180,send,BE:16:0A:00:3B:DA,895,,374,2
50197,send,11:66:F0:00:01:3D,896,,375,2
50198,send,BE:16:0A:00:3B:DA,896,,375,2
50208,ack,11:66:F0:00:01:3D,,0,374,2
50208,ack,BE:16:0A:00:3B:DA,,0,374,2
50223,send,11:66:F0:00:01:3D,897,,375,2
50224,send,BE:16:0A:00:3B:DA,897,,375,2
50240,send,11:66:F0:00:01:3D,898,,376,2
50241,send,BE:16:0A:00:3B:DA,898,,376,2
50256,send,11:66:F0:00:01:3D,899,,377,2
50257,send,BE:16:0A:00:3B:DA,899,,377,2
50266,ack,11:66:F0:00:01:3D,,0,376,2
50267,ack,BE:16:0A:00:3B:DA,,0,376,2
50273,send,11:66:F0:00:01:3D,900,,377,2
50274,send,BE:16:0A:00:3B:DA,900,,377,2
50289,send,11:66:F0:00:01:3D,901,,378,2
50290,send,BE:16:0A:00:3B:DA,901,,378,2
50306,send,11:66:F0:00:01:3D,902,,379,2
50306,send,BE:16:0A:00:3B:DA,902,,379,2
50322,send,11:66:F0:00:01:3D,903,,380,2
50322,send,BE:16:0A:00:3B:DA,903,,380,2
50326,ack,11:66:F0:00:01:3D,,0,379,2
50326,ack,BE:16:0A:00:3B:DA,,0,379,2
50338,send,11:66:F0:00:01:3D,904,,380,2
50339,send,BE:16:0A:00:3B:DA,904,,380,2
50356,send,11:66:F0:00:01:3D,905,,381,2
50356,send,BE:16:0A:00:3B:DA,905,,381,2
50373,send,11:66:F0:00:01:3D,906,,382,2
50374,send,BE:16:0A:00:3B:DA,906,,382,2
50387,ack,11:66:F0:00:01:3D,,0,381,2
50387,ack,BE:16:0A:00:3B:DA,,0,381,2
50390,send,11:66:F0:00:01:3D,907,,382,2
50391,send,BE:16:0A:00:3B:DA,907,,382,2
50406,send,11:66:F0:00:01:3D,908,,383,2
50407,send,BE:16:0A:00:3B:DA,908,,383,2
50423,send,11:66:F0:00:01:3D,909,,384,2
50424,send,BE:16:0A:00:3B:DA,909,,384,2
50440,send,11:66:F0:00:01:3D,910,,385,2
50446,ack,11:66:F0:00:01:3D,,0,384,2
50446,ack,BE:16:0A:00:3B:DA,,0,383,2
50447,send,BE:16:0A:00:3B:DA,910,,384,2
50464,send,11:66:F0:00:01:3D,911,,385,2
50464,send,BE:16:0A:00:3B:DA,911,,385,2
50480,send,11:66:F0:00:01:3D,912,,386,2
50481,send,BE:16:0A:00:3B:DA,912,,386,2
50498,send,11:66:F0:00:01:3D,913,,387,2
50504,send,BE:16:0A:00:3B:DA,913,,387,2
50505,ack,11:66:F0:00:01:3D,,0,386,2
50506,ack,BE:16:0A:00:3B:DA,,0,386,2
50522,send,11:66:F0:00:01:3D,914,,387,2
50523,send,BE:16:0A:00:3B:DA,914,,387,2
50539,send,11:66:F0:00:01:3D,915,,388,2
50540,send,BE:16:0A:00:3B:DA,915,,388,2
50557,send,11:66:F0:00:01:3D,916,,389,2
50561,send,BE:16:0A:00:3B:DA,916,,389,2
50563,ack,11:66:F0:00:01:3D,,0,388,2
50563,ack,BE:16:0A:00:3B:DA,,0,388,2
50577,send,11:66:F0:00:01:3D,917,,389,2
50577,send,BE:16:0A:00:3B:DA,917,,389,2
50593,send,11:66:F0:00:01:3D,918,,390,2
50594,send,BE:16:0A:00:3B:DA,918,,390,2
50609,send,11:66:F0:00:01:3D,919,,391,2
50610,send,BE:16:0A:00:3B:DA,919,,391,2
50622,ack,11:66:F0:00:01:3D,,0,390,2
50622,ack,BE:16:0A:00:3B:DA,,0,390,2
50626,send,11:66:F0:00:01:3D,920,,391,2
50627,send,BE:16:0A:00:3B:DA,920,,391,2
50644,send,11:66:F0:00:01:3D,921,,392,2
50645,send,BE:16:0A:00:3B:DA,921,,392,2
50661,send,11:66:F0:00:01:3D,922,,393,2
50662,send,BE:16:0A:00:3B:DA,922,,393,2
50679,send,11:66:F0:00:01:3D,923,,394,2
50682,send,BE:16:0A:00:3B:DA,923,,394,2
50683,ack,BE:16:0A:00:3B:DA,,0,393,2
50683,ack,11:66:F0:00:01:3D,,0,393,2
50697,send,11:66:F0:00:01:3D,924,,394,2
50698,send,BE:16:0A:00:3B:DA,924,,394,2
50715,send,11:66:F0:00:01:3D,925,,395,2
50716,send,BE:16:0A:00:3B:DA,925,,395,2
50733,send,11:66:F0:00:01:3D,926,,396,2
50738,send,BE:16:0A:00:3B:DA,926,,396,2
50741,ack,BE:16:0A:00:3B:DA,,0,395,2
50741,ack,11:66:F0:00:01:3D,,0,395,2
50755,send,11:66:F0:00:01:3D,927,,396,2
50756,send,BE:16:0A:00:3B:DA,927,,396,2
50771,send,11:66:F0:00:01:3D,928,,397,2
50772,send,BE:16:0A:00:3B:DA,928,,397,2
50788,send,11:66:F0:00:01:3D,929,,398,2
50789,send,BE:16:0A:00:3B:DA,929,,398,2
50798,ack,11:66:F0:00:01:3D,,0,397,2
50798,ack,BE:16:0A:00:3B:DA,,0,397,2
50805,send,11:66:F0:00:01:3D,930,,398,2
50806,send,BE:16:0A:00:3B:DA,930,,398,2
50821,send,11:66:F0:00:01:3D,931,,399,2
50822,send,BE:16:0A:00:3B:DA,931,,399,2
50838,send,11:66:F0:00:01:3D,932,,400,2
50838,send,BE:16:0A:00:3B:DA,932,,400,2
50854,send,11:66:F0:00:01:3D,933,,401,2
50856,send,BE:16:0A:00:3B:DA,933,,401,2
50857,ack,BE:16:0A:00:3B:DA,,0,400,2
50858,ack,11:66:F0:00:01:3D,,0,400,2
50873,send,11:66:F0:00:01:3D,934,,401,2
50874,send,BE:16:0A:00:3B:DA,934,,401,2
50890,send,11:66:F0:00:01:3D,935,,402,2
50890,send,BE:16:0A:00:3B:DA,935,,402,2
50908,send,11:66:F0:00:01:3D,936,,403,2
50913,send,BE:16:0A:00:3B:DA,936,,403,2
50914,ack,BE:16:0A:00:3B:DA,,0,402,2
50915,ack,11:66:F0:00:01:3D,,0,402,2
50928,send,11:66:F0:00:01:3D,937,,403,2
50930,send,BE:16:0A:00:3B:DA,937,,403,2
50946,send,11:66:F0:00:01:3D,938,,404,2
50946,send,BE:16:0A:00:3B:DA,938,,404,2
50962,send,11:66:F0:00:01:3D,939,,405,2
50962,send,BE:16:0A:00:3B:DA,939,,405,2
50975,ack,11:66:F0:00:01:3D,,0,404,2
50975,ack,BE:16:0A:00:3B:DA,,0,404,2
50978,send,11:66:F0:00:01:3D,940,,405,2
50979,send,BE:16:0A:00:3B:DA,940,,405,2
50994,send,11:66:F0:00:01:3D,941,,406,2
50995,send,BE:16:0A:00:3B:DA,941,,406,2
51012,send,11:66:F0:00:01:3D,942,,407,2
51013,send,BE:16:0A:00:3B:DA,942,,407,2
51029,send,11:66:F0:00:01:3D,943,,408,2
51034,ack,11:66:F0:00:01:3D,,0,407,2
51034,ack,BE:16:0A:00:3B:DA,,0,406,2
51035,send,BE:16:0A:00:3B:DA,943,,407,2
51051,send,11:66:F0:00:01:3D,944,,408,2
51052,send,BE:16:0A:00:3B:DA,944,,408,2
51068,send,11:66:F0:00:01:3D,945,,409,2
51068,send,BE:16:0A:00:3B:DA,945,,409,2
51086,send,11:66:F0:00:01:3D,946,,410,2
51092,send,BE:16:0A:00:3B:DA,946,,410,2
51095,ack,BE:16:0A:00:3B:DA,,0,409,2
51095,ack,11:66:F0:00:01:3D,,0,409,2
51110,send,11:66:F0:00:01:3D,947,,410,2
51111,send,BE:16:0A:00:3B:DA,947,,410,2
51128,send,11:66:F0:00:01:3D,948,,411,2
51129,send,BE:16:0A:00:3B:DA,948,,411,2
51145,send,11:66:F0:00:01:3D,949,,412,2
51151,send,BE:16:0A:00:3B:DA,949,,412,2
51152,ack,BE:16:0A:00:3B:DA,,0,411,2
51152,ack,11:66:F0:00:01:3D,,0,411,2
51170,send,11:66:F0:00:01:3D,950,,412,2
51171,send,BE:16:0A:00:3B:DA,950,,412,2
51189,send,11:66:F0:00:01:3D,951,,413,2
51189,send,BE:16:0A:00:3B:DA,951,,413,2
51206,send,11:66:F0:00:01:3D,952,,414,2
51212,send,BE:16:0A:00:3B:DA,952,,414,2
51213,ack,BE:16:0A:00:3B:DA,,0,413,2
51213,ack,11:66:F0:00:01:3D,,0,413,2
51227,send,11:66:F0:00:01:3D,953,,414,2
51228,send,BE:16:0A:00:3B:DA,953,,414,2
51245,send,11:66:F0:00:01:3D,954,,415,2
51246,send,BE:16:0A:00:3B:DA,954,,415,2
51263,send,11:66:F0:00:01:3D,955,,416,2
51269,send,BE:16:0A:00:3B:DA,955,,416,2
51271,ack,11:66:F0:00:01:3D,,0,415,2
51271,ack,BE:16:0A:00:3B:DA,,0,415,2
51286,send,11:66:F0:00:01:3D,956,,416,2
51288,send,BE:16:0A:00:3B:DA,956,,416,2
51305,send,11:66:F0:00:01:3D,957,,417,2
51305,send,BE:16:0A:00:3B:DA,957,,417,2
51321,send,11:66:F0:00:01:3D,958,,418,2
51327,send,BE:16:0A:00:3B:DA,958,,418,2
51328,ack,BE:16:0A:00:3B:DA,,0,417,2
51329,ack,11:66:F0:00:01:3D,,0,417,2
51343,send,11:66:F0:00:01:3D,959,,418,2
51344,send,BE:16:0A:00:3B:DA,959,,418,2
51360,send,11:66:F0:00:01:3D,960,,419,2
51361,send,BE:16:0A:00:3B:DA,960,,419,2
51377,send,11:66:F0:00:01:3D,961,,420,2
51378,send,BE:16:0A:00:3B:DA,961,,420,2
51389,ack,11:66:F0:00:01:3D,,0,419,2
51389,ack,BE:16:0A:00:3B:DA,,0,419,2
51394,send,11:66:F0:00:01:3D,962,,420,2
51395,send,BE:16:0A:00:3B:DA,962,,420,2
51412,send,11:66:F0:00:01:3D,963,,421,2
51413,send,BE:16:0A:00:3B:DA,963,,421,2
51428,send,11:66:F0:00:01:3D,964,,422,2
51429,send,BE:16:0A:00:3B:DA,964,,422,2
51445,send,11:66:F0:00:01:3D,965,,423,2
51450,send,BE:16:0A:00:3B:DA,965,,423,2
51450,ack,BE:16:0A:00:3B:DA,,0,422,2
51451,ack,11:66:F0:00:01:3D,,0,422,2
51467,send,11:66:F0:00:01:3D,966,,423,2
51467,send,BE:16:0A:00:3B:DA,966,,423,2
51513,ack,11:66:F0:00:01:3D,,0,422,2
51514,ack,BE:16:0A:00:3B:DA,,0,422,2
52170,send,11:66:F0:00:01:3D,967,,423,2
52178,send,BE:16:0A:00:3B:DA,967,,423,2
52182,ack,11:66:F0:00:01:3D,,0,422,2
52187,ack,BE:16:0A:00:3B:DA,,0,422,2
52198,send,11:66:F0:00:01:3D,968,,423,2
52199,send,BE:16:0A:00:3B:DA,968,,423,2
52212,send,11:66:F0:00:01:3D,969,,424,2
52212,send,BE:16:0A:00:3B:DA,969,,424,2
52225,send,11:66:F0:00:01:3D,970,,425,2
52225,send,BE:16:0A:00:3B:DA,970,,425,2
52238,send,11:66:F0:00:01:3D,971,,426,2
52242,send,BE:16:0A:00:3B:DA,971,,426,2
52243,ack,11:66:F0:00:01:3D,,0,425,2
52246,ack,BE:16:0A:00:3B:DA,,0,425,2
52257,send,11:66:F0:00:01:3D,972,,426,2
52258,send,BE:16:0A:00:3B:DA,972,,426,2
52270,send,11:66:F0:00:01:3D,973,,427,2
52271,send,BE:16:0A:00:3B:DA,973,,427,2
52284,send,11:66:F0:00:01:3D,974,,428,2
52285,send,BE:16:0A:00:3B:DA,974,,428,2
52298,send,11:66:F0:00:01:3D,975,,429,2
52301,send,BE:16:0A:00:3B:DA,975,,429,2
52302,ack,11:66:F0:00:01:3D,,0,428,2
52304,ack,BE:16:0A:00:3B:DA,,0,428,2
52318,send,11:66:F0:00:01:3D,976,,429,2
52318,send,BE:16:0A:00:3B:DA,976,,429,2
52330,send,11:66:F0:00:01:3D,977,,430,2
52331,send,BE:16:0A:00:3B:DA,977,,430,2
52343,send,11:66:F0:00:01:3D,978,,431,2
52344,send,BE:16:0A:00:3B:DA,978,,431,2
52356,send,11:66:F0:00:01:3D,979,,432,2
52358,send,BE:16:0A:00:3B:DA,979,,432,2
52359,ack,11:66:F0:00:01:3D,,0,431,2
52362,ack,BE:16:0A:00:3B:DA,,0,431,2
52374,send,11:66:F0:00:01:3D,980,,432,2
52375,send,BE:16:0A:00:3B:DA,980,,432,2
52388,send,11:66:F0:00:01:3D,981,,433,2
52388,send,BE:16:0A:00:3B:DA,981,,433,2
52401,send,11:66:F0:00:01:3D,982,,434,2
52402,send,BE:16:0A:00:3B:DA,982,,434,2
52414,send,11:66:F0:00:01:3D,983,,435,2
52417,send,BE:16:0A:00:3B:DA,983,,435,2
52417,ack,11:66:F0:00:01:3D,,0,434,2
52418,ack,BE:16:0A:00:3B:DA,,0,434,2
52432,send,11:66:F0:00:01:3D,984,,435,2
52432,send,BE:16:0A:00:3B:DA,984,,435,2
52445,send,11:66:F0:00:01:3D,985,,436,2
52446,send,BE:16:0A:00:3B:DA,985,,436,2
52458,send,11:66:F0:00:01:3D,986,,437,2
52459,send,BE:16:0A:00:3B:DA,986,,437,2
52472,send,11:66:F0:00:01:3D,987,,438,2
52478,ack,11:66:F0:00:01:3D,,0,437,2
52478,ack,BE:16:0A:00:3B:DA,,0,436,2
52479,send,BE:16:0A:00:3B:DA,987,,437,2
52492,send,11:66:F0:00:01:3D,988,,438,2
52493,send,BE:16:0A:00:3B:DA,988,,438,2
52506,send,11:66:F0:00:01:3D,989,,439,2
52506,send,BE:16:0A:00:3B:DA,989,,439,2
52519,send,11:66:F0:00:01:3D,990,,440,2
52520,send,BE:16:0A:00:3B:DA,990,,440,2
52533,send,11:66:F0:00:01:3D,991,,441,2
52536,ack,BE:16:0A:00:3B:DA,,0,439,2
52536,send,BE:16:0A:00:3B:DA,991,,440,2
52537,ack,11:66:F0:00:01:3D,,0,440,2
52550,send,11:66:F0:00:01:3D,992,,441,2
52551,send,BE:16:0A:00:3B:DA,992,,441,2
52565,send,11:66:F0:00:01:3D,993,,442,2
52565,send,BE:16:0A:00:3B:DA,993,,442,2
52579,send,11:66:F0:00:01:3D,994,,443,2
52580,send,BE:16:0A:00:3B:DA,994,,443,2
52593,send,11:66:F0:00:01:3D,995,,444,2
52595,send,BE:16:0A:00:3B:DA,995,,444,2
52596,ack,11:66:F0:00:01:3D,,0,443,2
52597,ack,BE:16:0A:00:3B:DA,,0,443,2
52609,send,11:66:F0:00:01:3D,996,,444,2
52609,send,BE:16:0A:00:3B:DA,996,,444,2
52622,send,11:66:F0:00:01:3D,997,,445,2
52623,send,BE:16:0A:00:3B:DA,997,,445,2
52637,send,11:66:F0:00:01:3D,998,,446,2
52638,send,BE:16:0A:00:3B:DA,998,,446,2
52650,send,11:66:F0:00:01:3D,999,,447,2
52657,send,BE:16:0A:00:3B:DA,999,,447,2
52658,ack,11:66:F0:00:01:3D,,0,446,2
52659,ack,BE:16:0A:00:3B:DA,,0,446,2
52671,send,11:66:F0:00:01:3D,1000,,447,2
52672,send,BE:16:0A:00:3B:DA,1000,,447,2
52685,send,11:66:F0:00:01:3D,1001,,448,2
52685,send,BE:16:0A:00:3B:DA,1001,,448,2
52698,send,11:66:F0:00:01:3D,1002,,449,2
52699,send,BE:16:0A:00:3B:DA,1002,,449,2
52711,send,11:66:F0:00:01:3D,1003,,450,2
52717,send,BE:16:0A:00:3B:DA,1003,,450,2
52717,ack,11:66:F0:00:01:3D,,0,449,2
52717,ack,BE:16:0A:00:3B:DA,,0,449,2
52731,send,11:66:F0:00:01:3D,1004,,450,2
52732,send,BE:16:0A:00:3B:DA,1004,,450,2
52745,send,11:66:F0:00:01:3D,1005,,451,2
52746,send,BE:16:0A:00:3B:DA,1005,,451,2
52759,send,11:66:F0:00:01:3D,1006,,452,2
52759,send,BE:16:0A:00:3B:DA,1006,,452,2
52772,send,11:66:F0:00:01:3D,1007,,453,2
52777,send,BE:16:0A:00:3B:DA,1007,,453,2
52778,ack,BE:16:0A:00:3B:DA,,0,452,2
52779,ack,11:66:F0:00:01:3D,,0,452,2
52791,send,11:66:F0:00:01:3D,1008,,453,2
52792,send,BE:16:0A:00:3B:DA,1008,,453,2
52805,send,11:66:F0:00:01:3D,1009,,454,2
52805,send,BE:16:0A:00:3B:DA,1009,,454,2
52818,send,11:66:F0:00:01:3D,1010,,455,2
52819,send,BE:16:0A:00:3B:DA,1010,,455,2
52832,send,11:66:F0:00:01:3D,1011,,456,2
52836,send,BE:16:0A:00:3B:DA,1011,,456,2
52836,ack,11:66:F0:00:01:3D,,0,455,2
52836,ack,BE:16:0A:00:3B:DA,,0,455,2
52850,send,11:66:F0:00:01:3D,1012,,456,2
52851,send,BE:16:0A:00:3B:DA,1012,,456,2
52863,send,11:66:F0:00:01:3D,1013,,457,2
52864,send,BE:16:0A:00:3B:DA,1013,,457,2
52877,send,11:66:F0:00:01:3D,1014,,458,2
52877,send,BE:16:0A:00:3B:DA,1014,,458,2
52892,send,11:66:F0:00:01:3D,1015,,459,2
52901,send,BE:16:0A:00:3B:DA,1015,,459,2
52903,ack,BE:16:0A:00:3B:DA,,0,458,2
52903,ack,11:66:F0:00:01:3D,,0,458,2
52915,send,11:66:F0:00:01:3D,1016,,459,2
52915,send,BE:16:0A:00:3B:DA,1016,,459,2
52928,send,11:66:F0:00:01:3D,1017,,460,2
52928,send,BE:16:0A:00:3B:DA,1017,,460,2
52942,send,11:66:F0:00:01:3D,1018,,461,2
52942,send,BE:16:0A:00:3B:DA,1018,,461,2
52957,send,11:66:F0:00:01:3D,1019,,462,2
52963,send,BE:16:0A:00:3B:DA,1019,,462,2
52964,ack,11:66:F0:00:01:3D,,0,461,2
52965,ack,BE:16:0A:00:3B:DA,,0,461,2
52978,send,11:66:F0:00:01:3D,1020,,462,2
52979,send,BE:16:0A:00:3B:DA,1020,,462,2
52992,send,11:66:F0:00:01:3D,1021,,463,2
52992,send,BE:16:0A:00:3B:DA,1021,,463,2
53007,send,11:66:F0:00:01:3D,1022,,464,2
53008,send,BE:16:0A:00:3B:DA,1022,,464,2
53021,send,11:66:F0:00:01:3D,1023,,465,2
53024,send,BE:16:0A:00:3B:DA,1023,,465,2
53026,ack,11:66:F0:00:01:3D,,0,464,2
53027,ack,BE:16:0A:00:3B:DA,,0,464,2
53036,send,11:66:F0:00:01:3D,1024,,465,2
53037,send,BE:16:0A:00:3B:DA,1024,,465,2
53050,send,11:66:F0:00:01:3D,1025,,466,2
53050,send,BE:16:0A:00:3B:DA,1025,,466,2
53062,send,11:66:F0:00:01:3D,1026,,467,2
53063,send,BE:16:0A:00:3B:DA,1026,,467,2
53077,send,11:66:F0:00:01:3D,1027,,468,2
53082,send,BE:16:0A:00:3B:DA,1027,,468,2
53085,ack,BE:16:0A:00:3B:DA,,0,467,2
53086,ack,11:66:F0:00:01:3D,,0,467,2
53097,send,11:66:F0:00:01:3D,1028,,468,2
53098,send,BE:16:0A:00:3B:DA,1028,,468,2
53111,send,11:66:F0:00:01:3D,1029,,469,2
53111,send,BE:16:0A:00:3B:DA,1029,,469,2
53124,send,11:66:F0:00:01:3D,1030,,470,2
53125,send,BE:16:0A:00:3B:DA,1030,,470,2
53139,send,11:66:F0:00:01:3D,1031,,471,2
53145,send,BE:16:0A:00:3B:DA,1031,,471,2
53146,ack,11:66:F0:00:01:3D,,0,470,2
53147,ack,BE:16:0A:00:3B:DA,,0,470,2
53157,send,11:66:F0:00:01:3D,1032,,471,2
53158,send,BE:16:0A:00:3B:DA,1032,,471,2
53171,send,11:66:F0:00:01:3D,1033,,472,2
53171,send,BE:16:0A:00:3B:DA,1033,,472,2
53183,send,11:66:F0:00:01:3D,1034,,473,2
53184,send,BE:16:0A:00:3B:DA,1034,,473,2
53197,send,11:66:F0:00:01:3D,1035,,474,2
53202,send,BE:16:0A:00:3B:DA,1035,,474,2
53203,ack,11:66:F0:00:01:3D,,0,473,2
53208,ack,BE:16:0A:00:3B:DA,,0,473,2
53222,send,11:66:F0:00:01:3D,1036,,474,2
53223,send,BE:16:0A:00:3B:DA,1036,,474,2
53236,send,11:66:F0:00:01:3D,1037,,475,2
53237,send,BE:16:0A:00:3B:DA,1037,,475,2
53251,send,11:66:F0:00:01:3D,1038,,476,2
53252,send,BE:16:0A:00:3B:DA,1038,,476,2
53262,ack,11:66:F0:00:01:3D,,0,475,2
53263,ack,BE:16:0A:00:3B:DA,,0,475,2
53265,send,11:66:F0:00:01:3D,1039,,476,2
53266,send,BE:16:0A:00:3B:DA,1039,,476,2
53280,send,11:66:F0:00:01:3D,1040,,477,2
53280,send,BE:16:0A:00:3B:DA,1040,,477,2
53301,send,11:66:F0:00:01:3D,1041,,478,2
53301,send,BE:16:0A:00:3B:DA,1041,,478,2
53313,send,11:66:F0:00:01:3D,1042,,479,2
53319,send,BE:16:0A:00:3B:DA,1042,,479,2
53322,ack,11:66:F0:00:01:3D,,0,478,2
53323,ack,BE:16:0A:00:3B:DA,,0,478,2
53335,send,11:66:F0:00:01:3D,1043,,479,2
53336,send,BE:16:0A:00:3B:DA,1043,,479,2
53349,send,11:66:F0:00:01:3D,1044,,480,2
53349,send,BE:16:0A:00:3B:DA,1044,,480,2
53362,send,11:66:F0:00:01:3D,1045,,481,2
53363,send,BE:16:0A:00:3B:DA,1045,,481,2
53376,send,11:66:F0:00:01:3D,1046,,482,2
53381,send,BE:16:0A:00:3B:DA,1046,,482,2
53382,ack,BE:16:0A:00:3B:DA,,0,481,2
53383,ack,11:66:F0:00:01:3D,,0,481,2
53394,send,11:66:F0:00:01:3D,1047,,482,2
53395,send,BE:16:0A:00:3B:DA,1047,,482,2
53407,send,11:66:F0:00:01:3D,1048,,483,2
53408,send,BE:16:0A:00:3B:DA,1048,,483,2
53422,send,11:66:F0:00:01:3D,1049,,484,2
53423,send,BE:16:0A:00:3B:DA,1049,,484,2
53437,send,11:66:F0:00:01:3D,1050,,485,2
53444,send,BE:16:0A:00:3B:DA,1050,,485,2
53445,ack,11:66:F0:00:01:3D,,0,484,2
53445,ack,BE:16:0A:00:3B:DA,,0,484,2
53457,send,11:66:F0:00:01:3D,1051,,485,2
53457,send,BE:16:0A:00:3B:DA,1051,,485,2
53469,send,11:66:F0:00:01:3D,1052,,486,2
53470,send,BE:16:0A:00:3B:DA,1052,,486,2
53482,send,11:66:F0:00:01:3D,1053,,487,2
53483,send,BE:16:0A:00:3B:DA,1053,,487,2
53497,send,11:66:F0:00:01:3D,1054,,488,2
53504,send,BE:16:0A:00:3B:DA,1054,,488,2
53505,ack,BE:16:0A:00:3B:DA,,0,487,2
53505,ack,11:66:F0:00:01:3D,,0,487,2
53517,send,11:66:F0:00:01:3D,1055,,488,2
53518,send,BE:16:0A:00:3B:DA,1055,,488,2
53530,send,11:66:F0:00:01:3D,1056,,489,2
53531,send,BE:16:0A:00:3B:DA,1056,,489,2
53543,send,11:66:F0:00:01:3D,1057,,490,2
53544,send,BE:16:0A:00:3B:DA,1057,,490,2
53557,send,11:66:F0:00:01:3D,1058,,491,2
53563,send,BE:16:0A:00:3B:DA,1058,,491,2
53563,ack,11:66:F0:00:01:3D,,0,490,2
53565,ack,BE:16:0A:00:3B:DA,,0,490,2
53577,send,11:66:F0:00:01:3D,1059,,491,2
53578,send,BE:16:0A:00:3B:DA,1059,,491,2
53591,send,11:66:F0:00:01:3D,1060,,492,2
53591,send,BE:16:0A:00:3B:DA,1060,,492,2
53603,send,11:66:F0:00:01:3D,1061,,493,2
53604,send,BE:16:0A:00:3B:DA,1061,,493,2
53619,send,11:66:F0:00:01:3D,1062,,494,2
53624,send,BE:16:0A:00:3B:DA,1062,,494,2
53625,ack,BE:16:0A:00:3B:DA,,0,493,2
53625,ack,11:66:F0:00:01:3D,,0,493,2
53638,send,11:66:F0:00:01:3D,1063,,494,2
53638,send,BE:16:0A:00:3B:DA,1063,,494,2
53651,send,11:66:F0:00:01:3D,1064,,495,2
53652,send,BE:16:0A:00:3B:DA,1064,,495,2
53665,send,11:66:F0:00:01:3D,1065,,496,2
53666,send,BE:16:0A:00:3B:DA,1065,,496,2
53679,send,11:66:F0:00:01:3D,1066,,497,2
53681,send,BE:16:0A:00:3B:DA,1066,,497,2
53681,ack,BE:16:0A:00:3B:DA,,0,496,2
53681,ack,11:66:F0:00:01:3D,,0,496,2
53701,send,11:66:F0:00:01:3D,1067,,497,2
53701,send,BE:16:0A:00:3B:DA,1067,,497,2
53714,send,11:66:F0:00:01:3D,1068,,498,2
53715,send,BE:16:0A:00:3B:DA,1068,,498,2
53727,send,11:66:F0:00:01:3D,1069,,499,2
53728,send,BE:16:0A:00:3B:DA,1069,,499,2
53741,send,11:66:F0:00:01:3D,1070,,500,2
53742,send,BE:16:0A:00:3B:DA,1070,,500,2
53742,ack,11:66:F0:00:01:3D,,0,499,2
53742,ack,BE:16:0A:00:3B:DA,,0,499,2
53755,send,11:66:F0:00:01:3D,1071,,500,2
53756,send,BE:16:0A:00:3B:DA,1071,,500,2
53769,send,11:66:F0:00:01:3D,1072,,501,2
53770,send,BE:16:0A:00:3B:DA,1072,,501,2
53783,send,11:66:F0:00:01:3D,1073,,502,2
53783,send,BE:16:0A:00:3B:DA,1073,,502,2
53796,send,11:66:F0:00:01:3D,1074,,503,2
53800,send,BE:16:0A:00:3B:DA,1074,,503,2
53800,ack,11:66:F0:00:01:3D,,0,502,2
53801,ack,BE:16:0A:00:3B:DA,,0,502,2
53813,send,11:66:F0:00:01:3D,1075,,503,2
53813,send,BE:16:0A:00:3B:DA,1075,,503,2
53827,send,11:66:F0:00:01:3D,1076,,504,2
53827,send,BE:16:0A:00:3B:DA,1076,,504,2
53840,send,11:66:F0:00:01:3D,1077,,505,2
53841,send,BE:16:0A:00:3B:DA,1077,,505,2
53855,send,11:66:F0:00:01:3D,1078,,506,2
53860,ack,11:66:F0:00:01:3D,,0,505,2
53860,ack,BE:16:0A:00:3B:DA,,0,504,2
53861,send,BE:16:0A:00:3B:DA,1078,,505,2
53875,send,11:66:F0:00:01:3D,1079,,506,2
53875,send,BE:16:0A:00:3B:DA,1079,,506,2
53889,send,11:66:F0:00:01:3D,1080,,507,2
53890,send,BE:16:0A:00:3B:DA,1080,,507,2
53903,send,11:66:F0:00:01:3D,1081,,508,2
53903,send,BE:16:0A:00:3B:DA,1081,,508,2
53916,send,11:66:F0:00:01:3D,1082,,509,2
53920,send,BE:16:0A:00:3B:DA,1082,,509,2
53920,ack,BE:16:0A:00:3B:DA,,0,508,2
53921,ack,11:66:F0:00:01:3D,,0,508,2
53933,send,11:66:F0:00:01:3D,1083,,509,2
53934,send,BE:16:0A:00:3B:DA,1083,,509,2
53946,send,11:66:F0:00:01:3D,1084,,510,2
53947,send,BE:16:0A:00:3B:DA,1084,,510,2
53960,send,11:66:F0:00:01:3D,1085,,511,2
53961,send,BE:16:0A:00:3B:DA,1085,,511,2
53974,send,11:66:F0:00:01:3D,1086,,512,2
53983,send,BE:16:0A:00:3B:DA,1086,,512,2
53984,ack,11:66:F0:00:01:3D,,0,511,2
53984,ack,BE:16:0A:00:3B:DA,,0,511,2
53995,send,11:66:F0:00:01:3D,1087,,512,2
53996,send,BE:16:0A:00:3B:DA,1087,,512,2
54008,send,11:66:F0:00:01:3D,1088,,513,2
54009,send,BE:16:0A:00:3B:DA,1088,,513,2
54022,send,11:66:F0:00:01:3D,1089,,514,2
54022,send,BE:16:0A:00:3B:DA,1089,,514,2
54036,send,11:66:F0:00:01:3D,1090,,515,2
54041,send,BE:16:0A:00:3B:DA,1090,,515,2
54042,ack,11:66:F0:00:01:3D,,0,514,2
54042,ack,BE:16:0A:00:3B:DA,,0,514,2
54055,send,11:66:F0:00:01:3D,1091,,515,2
54056,send,BE:16:0A:00:3B:DA,1091,,515,2
54068,send,11:66:F0:00:01:3D,1092,,516,2
54069,send,BE:16:0A:00:3B:DA,1092,,516,2
54082,send,11:66:F0:00:01:3D,1093,,517,2
54082,send,BE:16:0A:00:3B:DA,1093,,517,2
54095,send,11:66:F0:00:01:3D,1094,,518,2
54101,ack,BE:16:0A:00:3B:DA,,0,516,2
54102,send,BE:16:0A:00:3B:DA,1094,,517,2
54102,ack,11:66:F0:00:01:3D,,0,517,2
54116,send,11:66:F0:00:01:3D,1095,,518,2
54116,send,BE:16:0A:00:3B:DA,1095,,518,2
54128,send,11:66:F0:00:01:3D,1096,,519,2
54129,send,BE:16:0A:00:3B:DA,1096,,519,2
54142,send,11:66:F0:00:01:3D,1097,,520,2
54142,send,BE:16:0A:00:3B:DA,1097,,520,2
54156,send,11:66:F0:00:01:3D,1098,,521,2
54161,send,BE:16:0A:00:3B:DA,1098,,521,2
54161,ack,BE:16:0A:00:3B:DA,,0,520,2
54162,ack,11:66:F0:00:01:3D,,0,520,2
54175,send,11:66:F0:00:01:3D,1099,,521,2
54176,send,BE:16:0A:00:3B:DA,1099,,521,2
54189,send,11:66:F0:00:01:3D,1100,,522,2
54189,send,BE:16:0A:00:3B:DA,1100,,522,2
54203,send,11:66:F0:00:01:3D,1101,,523,2
54203,send,BE:16:0A:00:3B:DA,1101,,523,2
54217,send,11:66:F0:00:01:3D,1102,,524,2
54219,send,BE:16:0A:00:3B:DA,1102,,524,2
54220,ack,BE:16:0A:00:3B:DA,,0,523,2
54220,ack,11:66:F0:00:01:3D,,0,523,2
54232,send,11:66:F0:00:01:3D,1103,,524,2
54233,send,BE:16:0A:00:3B:DA,1103,,524,2
54246,send,11:66:F0:00:01:3D,1104,,525,2
54246,send,BE:16:0A:00:3B:DA,1104,,525,2
54259,send,11:66:F0:00:01:3D,1105,,526,2
54260,send,BE:16:0A:00:3B:DA,1105,,526,2
54274,send,11:66:F0:00:01:3D,1106,,527,2
54280,send,BE:16:0A:00:3B:DA,1106,,527,2
54281,ack,11:66:F0:00:01:3D,,0,526,2
54282,ack,BE:16:0A:00:3B:DA,,0,526,2
54301,send,11:66:F0:00:01:3D,1107,,527,2
54301,send,BE:16:0A:00:3B:DA,1107,,527,2
54314,send,11:66:F0:00:01:3D,1108,,528,2
54314,send,BE:16:0A:00:3B:DA,1108,,528,2
54327,send,11:66:F0:00:01:3D,1109,,529,2
54327,send,BE:16:0A:00:3B:DA,1109,,529,2
54340,send,11:66:F0:00:01:3D,1110,,530,2
54340,send,BE:16:0A:00:3B:DA,1110,,530,2
54341,ack,BE:16:0A:00:3B:DA,,0,529,2
54342,ack,11:66:F0:00:01:3D,,0,529,2
54354,send,11:66:F0:00:01:3D,1111,,530,2
54355,send,BE:16:0A:00:3B:DA,1111,,530,2
54368,send,11:66:F0:00:01:3D,1112,,531,2
54369,send,BE:16:0A:00:3B:DA,1112,,531,2
54382,send,11:66:F0:00:01:3D,1113,,532,2
54382,send,BE:16:0A:00:3B:DA,1113,,532,2
54395,send,11:66:F0:00:01:3D,1114,,533,2
54399,ack,11:66:F0:00:01:3D,,0,532,2
54399,send,BE:16:0A:00:3B:DA,1114,,533,2
54401,ack,BE:16:0A:00:3B:DA,,0,532,2
54411,send,11:66:F0:00:01:3D,1115,,533,2
54412,send,BE:16:0A:00:3B:DA,1115,,533,2
54424,send,11:66:F0:00:01:3D,1116,,534,2
54426,send,BE:16:0A:00:3B:DA,1116,,534,2
54439,send,11:66:F0:00:01:3D,1117,,535,2
54439,send,BE:16:0A:00:3B:DA,1117,,535,2
54453,send,11:66:F0:00:01:3D,1118,,536,2
54458,ack,BE:16:0A:00:3B:DA,,0,534,2
54459,ack,11:66:F0:00:01:3D,,0,535,2
54460,send,BE:16:0A:00:3B:DA,1118,,535,2
54472,send,11:66:F0:00:01:3D,1119,,536,2
54473,send,BE:16:0A:00:3B:DA,1119,,536,2
54486,send,11:66:F0:00:01:3D,1120,,537,2
54487,send,BE:16:0A:00:3B:DA,1120,,537,2
54500,send,11:66:F0:00:01:3D,1121,,538,2
54500,send,BE:16:0A:00:3B:DA,1121,,538,2
54514,send,11:66:F0:00:01:3D,1122,,539,2
54518,send,BE:16:0A:00:3B:DA,1122,,539,2
54518,ack,11:66:F0:00:01:3D,,0,538,2
54519,ack,BE:16:0A:00:3B:DA,,0,538,2
54532,send,11:66:F0:00:01:3D,1123,,539,2
54533,send,BE:16:0A:00:3B:DA,1123,,539,2
54546,send,11:66:F0:00:01:3D,1124,,540,2
54547,send,BE:16:0A:00:3B:DA,1124,,540,2
54559,send,11:66:F0:00:01:3D,1125,,541,2
54560,send,BE:16:0A:00:3B:DA,1125,,541,2
54573,send,11:66:F0:00:01:3D,1126,,542,2
54577,send,BE:16:0A:00:3B:DA,1126,,542,2
54577,ack,11:66:F0:00:01:3D,,0,541,2
54579,ack,BE:16:0A:00:3B:DA,,0,541,2
54591,send,11:66:F0:00:01:3D,1127,,542,2
54592,send,BE:16:0A:00:3B:DA,1127,,542,2
54605,send,11:66:F0:00:01:3D,1128,,543,2
54605,send,BE:16:0A:00:3B:DA,1128,,543,2
54618,send,11:66:F0:00:01:3D,1129,,544,2
54618,send,BE:16:0A:00:3B:DA,1129,,544,2
54630,send,11:66:F0:00:01:3D,1130,,545,2
54635,send,BE:16:0A:00:3B:DA,1130,,545,2
54638,ack,11:66:F0:00:01:3D,,0,544,2
54638,ack,BE:16:0A:00:3B:DA,,0,544,2
54648,send,11:66:F0:00:01:3D,1131,,545,2
54649,send,BE:16:0A:00:3B:DA,1131,,545,2
54661,send,11:66:F0:00:01:3D,1132,,546,2
54662,send,BE:16:0A:00:3B:DA,1132,,546,2
54674,send,11:66:F0:00:01:3D,1133,,547,2
54675,send,BE:16:0A:00:3B:DA,1133,,547,2
54689,send,11:66:F0:00:01:3D,1134,,548,2
54694,send,BE:16:0A:00:3B:DA,1134,,548,2
54696,ack,11:66:F0:00:01:3D,,0,547,2
54696,ack,BE:16:0A:00:3B:DA,,0,547,2
54709,send,11:66:F0:00:01:3D,1135,,548,2
54710,send,BE:16:0A:00:3B:DA,1135,,548,2
54723,send,11:66:F0:00:01:3D,1136,,549,2
54723,send,BE:16:0A:00:3B:DA,1136,,549,2
54735,send,11:66:F0:00:01:3D,1137,,550,2
54736,send,BE:16:0A:00:3B:DA,1137,,550,2
54750,send,11:66:F0:00:01:3D,1138,,551,2
54753,send,BE:16:0A:00:3B:DA,1138,,551,2
54753,ack,BE:16:0A:00:3B:DA,,0,550,2
54754,ack,11:66:F0:00:01:3D,,0,550,2
54765,send,11:66:F0:00:01:3D,1139,,551,2
54766,send,BE:16:0A:00:3B:DA,1139,,551,2
54779,send,11:66:F0:00:01:3D,1140,,552,2
54779,send,BE:16:0A:00:3B:DA,1140,,552,2
54792,send,11:66:F0:00:01:3D,1141,,553,2
54793,send,BE:16:0A:00:3B:DA,1141,,553,2
54805,send,11:66:F0:00:01:3D,1142,,554,2
54809,send,BE:16:0A:00:3B:DA,1142,,554,2
54810,ack,BE:16:0A:00:3B:DA,,0,553,2
54810,ack,11:66:F0:00:01:3D,,0,553,2
54822,send,11:66:F0:00:01:3D,1143,,554,2
54822,send,BE:16:0A:00:3B:DA,1143,,554,2
54835,send,11:66:F0:00:01:3D,1144,,555,2
54836,send,BE:16:0A:00:3B:DA,1144,,555,2
54849,send,11:66:F0:00:01:3D,1145,,556,2
54850,send,BE:16:0A:00:3B:DA,1145,,556,2
54862,send,11:66:F0:00:01:3D,1146,,557,2
54870,send,BE:16:0A:00:3B:DA,1146,,557,2
54873,ack,11:66:F0:00:01:3D,,0,556,2
54874,ack,BE:16:0A:00:3B:DA,,0,556,2
54884,send,11:66:F0:00:01:3D,1147,,557,2
54885,send,BE:16:0A:00:3B:DA,1147,,557,2
54899,send,11:66:F0:00:01:3D,1148,,558,2
54900,send,BE:16:0A:00:3B:DA,1148,,558,2
54914,send,11:66:F0:00:01:3D,1149,,559,2
54915,send,BE:16:0A:00:3B:DA,1149,,559,2
54929,send,11:66:F0:00:01:3D,1150,,560,2
54933,ack,BE:16:0A:00:3B:DA,,0,558,2
54933,send,BE:16:0A:00:3B:DA,1150,,559,2
54934,ack,11:66:F0:00:01:3D,,0,559,2
54948,send,11:66:F0:00:01:3D,1151,,560,2
54949,send,BE:16:0A:00:3B:DA,1151,,560,2
54961,send,11:66:F0:00:01:3D,1152,,561,2
54962,send,BE:16:0A:00:3B:DA,1152,,561,2
54974,send,11:66:F0:00:01:3D,1153,,562,2
54975,send,BE:16:0A:00:3B:DA,1153,,562,2
54988,send,11:66:F0:00:01:3D,1154,,563,2
54991,send,BE:16:0A:00:3B:DA,1154,,563,2
54992,ack,11:66:F0:00:01:3D,,0,562,2
54993,ack,BE:16:0A:00:3B:DA,,0,562,2
55006,send,11:66:F0:00:01:3D,1155,,563,2
55006,send,BE:16:0A:00:3B:DA,1155,,563,2
55020,send,11:66:F0:00:01:3D,1156,,564,2
55020,send,BE:16:0A:00:3B:DA,1156,,564,2
55032,send,11:66:F0:00:01:3D,1157,,565,2
55033,send,BE:16:0A:00:3B:DA,1157,,565,2
55046,send,11:66:F0:00:01:3D,1158,,566,2
55049,ack,BE:16:0A:00:3B:DA,,0,564,2
55049,ack,11:66:F0:00:01:3D,,0,565,2
55049,send,BE:16:0A:00:3B:DA,1158,,565,2
55061,send,11:66:F0:00:01:3D,1159,,566,2
55062,send,BE:16:0A:00:3B:DA,1159,,566,2
55074,send,11:66:F0:00:01:3D,1160,,567,2
55075,send,BE:16:0A:00:3B:DA,1160,,567,2
55088,send,11:66:F0:00:01:3D,1161,,568,2
55088,send,BE:16:0A:00:3B:DA,1161,,568,2
55101,send,11:66:F0:00:01:3D,1162,,569,2
55107,send,BE:16:0A:00:3B:DA,1162,,569,2
55107,ack,BE:16:0A:00:3B:DA,,0,568,2
55108,ack,11:66:F0:00:01:3D,,0,568,2
55121,send,11:66:F0:00:01:3D,1163,,569,2
55121,send,BE:16:0A:00:3B:DA,1163,,569,2
55134,send,11:66:F0:00:01:3D,1164,,570,2
55135,send,BE:16:0A:00:3B:DA,1164,,570,2
55149,send,11:66:F0:00:01:3D,1165,,571,2
55150,send,BE:16:0A:00:3B:DA,1165,,571,2
55163,send,11:66:F0:00:01:3D,1166,,572,2
55167,send,BE:16:0A:00:3B:DA,1166,,572,2
55167,ack,BE:16:0A:00:3B:DA,,0,571,2
55168,ack,11:66:F0:00:01:3D,,0,571,2
55180,send,11:66:F0:00:01:3D,1167,,572,2
55181,send,BE:16:0A:00:3B:DA,1167,,572,2
55194,send,11:66:F0:00:01:3D,1168,,573,2
55194,send,BE:16:0A:00:3B:DA,1168,,573,2
55207,send,11:66:F0:00:01:3D,1169,,574,2
55207,send,BE:16:0A:00:3B:DA,1169,,574,2
55221,send,11:66:F0:00:01:3D,1170,,575,2
55227,send,BE:16:0A:00:3B:DA,1170,,575,2
55230,ack,BE:16:0A:00:3B:DA,,0,574,2
55230,ack,11:66:F0:00:01:3D,,0,574,2
55240,send,11:66:F0:00:01:3D,1171,,575,2
55241,send,BE:16:0A:00:3B:DA,1171,,575,2
55254,send,11:66:F0:00:01:3D,1172,,576,2
55254,send,BE:16:0A:00:3B:DA,1172,,576,2
55266,send,11:66:F0:00:01:3D,1173,,577,2
55267,send,BE:16:0A:00:3B:DA,1173,,577,2
55281,send,11:66:F0:00:01:3D,1174,,578,2
55286,send,BE:16:0A:00:3B:DA,1174,,578,2
55288,ack,11:66:F0:00:01:3D,,0,577,2
55289,ack,BE:16:0A:00:3B:DA,,0,577,2
55299,send,11:66:F0:00:01:3D,1175,,578,2
55300,send,BE:16:0A:00:3B:DA,1175,,578,2
55313,send,11:66:F0:00:01:3D,1176,,579,2
55313,send,BE:16:0A:00:3B:DA,1176,,579,2
55326,send,11:66:F0:00:01:3D,1177,,580,2
55326,send,BE:16:0A:00:3B:DA,1177,,580,2
55340,send,11:66:F0:00:01:3D,1178,,581,2
55345,send,BE:16:0A:00:3B:DA,1178,,581,2
55347,ack,BE:16:0A:00:3B:DA,,0,580,2
55347,ack,11:66:F0:00:01:3D,,0,580,2
55359,send,11:66:F0:00:01:3D,1179,,581,2
55360,send,BE:16:0A:00:3B:DA,1179,,581,2
55373,send,11:66:F0:00:01:3D,1180,,582,2
55374,send,BE:16:0A:00:3B:DA,1180,,582,2
55388,send,11:66:F0:00:01:3D,1181,,583,2
55389,send,BE:16:0A:00:3B:DA,1181,,583,2
55402,send,11:66:F0:00:01:3D,1182,,584,2
55405,send,BE:16:0A:00:3B:DA,1182,,584,2
55406,ack,11:66:F0:00:01:3D,,0,583,2
55408,ack,BE:16:0A:00:3B:DA,,0,583,2
55420,send,11:66:F0:00:01:3D,1183,,584,2
55421,send,BE:16:0A:00:3B:DA,1183,,584,2
55435,send,11:66:F0:00:01:3D,1184,,585,2
55435,send,BE:16:0A:00:3B:DA,1184,,585,2
55448,send,11:66:F0:00:01:3D,1185,,586,2
55449,send,BE:16:0A:00:3B:DA,1185,,586,2
55462,send,11:66:F0:00:01:3D,1186,,587,2
55464,send,BE:16:0A:00:3B:DA,1186,,587,2
55466,ack,11:66:F0:00:01:3D,,0,586,2
55468,ack,BE:16:0A:00:3B:DA,,0,586,2
55481,send,11:66:F0:00:01:3D,1187,,587,2
55481,send,BE:16:0A:00:3B:DA,1187,,587,2
55494,send,11:66:F0:00:01:3D,1188,,588,2
55495,send,BE:16:0A:00:3B:DA,1188,,588,2
55508,send,11:66:F0:00:01:3D,1189,,589,2
55509,send,BE:16:0A:00:3B:DA,1189,,589,2
55522,send,11:66:F0:00:01:3D,1190,,590,2
55525,send,BE:16:0A:00:3B:DA,1190,,590,2
55526,ack,11:66:F0:00:01:3D,,0,589,2
55526,ack,BE:16:0A:00:3B:DA,,0,589,2
55538,send,11:66:F0:00:01:3D,1191,,590,2
55539,send,BE:16:0A:00:3B:DA,1191,,590,2
55554,send,11:66:F0:00:01:3D,1192,,591,2
55555,send,BE:16:0A:00:3B:DA,1192,,591,2
55568,send,11:66:F0:00:01:3D,1193,,592,2
55568,send,BE:16:0A:00:3B:DA,1193,,592,2
55581,send,11:66:F0:00:01:3D,1194,,593,2
55585,send,BE:16:0A:00:3B:DA,1194,,593,2
55586,ack,BE:16:0A:00:3B:DA,,0,592,2
55586,ack,11:66:F0:00:01:3D,,0,592,2
55599,send,11:66:F0:00:01:3D,1195,,593,2
55599,send,BE:16:0A:00:3B:DA,1195,,593,2
55611,send,11:66:F0:00:01:3D,1196,,594,2
55612,send,BE:16:0A:00:3B:DA,1196,,594,2
55625,send,11:66:F0:00:01:3D,1197,,595,2
55625,send,BE:16:0A:00:3B:DA,1197,,595,2
55638,send,11:66:F0:00:01:3D,1198,,596,2
55644,send,BE:16:0A:00:3B:DA,1198,,596,2
55646,ack,11:66:F0:00:01:3D,,0,595,2
55646,ack,BE:16:0A:00:3B:DA,,0,595,2
55658,send,11:66:F0:00:01:3D,1199,,596,2
55659,send,BE:16:0A:00:3B:DA,1199,,596,2
55673,send,11:66:F0:00:01:3D,1200,,597,2
55674,send,BE:16:0A:00:3B:DA,1200,,597,2
55687,send,11:66:F0:00:01:3D,1201,,598,2
55687,send,BE:16:0A:00:3B:DA,1201,,598,2
55700,send,11:66:F0:00:01:3D,1202,,599,2
55702,send,BE:16:0A:00:3B:DA,1202,,599,2
55703,ack,11:66:F0:00:01:3D,,0,598,2
55703,ack,BE:16:0A:00:3B:DA,,0,598,2
55715,send,11:66:F0:00:01:3D,1203,,599,2
55716,send,BE:16:0A:00:3B:DA,1203,,599,2
55729,send,11:66:F0:00:01:3D,1204,,600,2
55729,send,BE:16:0A:00:3B:DA,1204,,600,2
55742,send,11:66:F0:00:01:3D,1205,,601,2
55742,send,BE:16:0A:00:3B:DA,1205,,601,2
55755,send,11:66:F0:00:01:3D,1206,,602,2
55761,send,BE:16:0A:00:3B:DA,1206,,602,2
55761,ack,11:66:F0:00:01:3D,,0,601,2
55762,ack,BE:16:0A:00:3B:DA,,0,601,2
55775,send,11:66:F0:00:01:3D,1207,,602,2
55776,send,BE:16:0A:00:3B:DA,1207,,602,2
55790,send,11:66:F0:00:01:3D,1208,,603,2
55791,send,BE:16:0A:00:3B:DA,1208,,603,2
55805,send,11:66:F0:00:01:3D,1209,,604,2
55806,send,BE:16:0A:00:3B:DA,1209,,604,2
55819,send,11:66:F0:00:01:3D,1210,,605,2
55820,send,BE:16:0A:00:3B:DA,1210,,605,2
55821,ack,11:66:F0:00:01:3D,,0,604,2
55821,ack,BE:16:0A:00:3B:DA,,0,604,2
55834,send,11:66:F0:00:01:3D,1211,,605,2
55835,send,BE:16:0A:00:3B:DA,1211,,605,2
55848,send,11:66:F0:00:01:3D,1212,,606,2
55849,send,BE:16:0A:00:3B:DA,1212,,606,2
55861,send,11:66:F0:00:01:3D,1213,,607,2
55862,send,BE:16:0A:00:3B:DA,1213,,607,2
55875,send,11:66:F0:00:01:3D,1214,,608,2
55876,send,BE:16:0A:00:3B:DA,1214,,608,2
55877,ack,11:66:F0:00:01:3D,,0,607,2
55878,ack,BE:16:0A:00:3B:DA,,0,607,2
55890,send,11:66:F0:00:01:3D,1215,,608,2
55891,send,BE:16:0A:00:3B:DA,1215,,608,2
55903,send,11:66:F0:00:01:3D,1216,,609,2
55904,send,BE:16:0A:00:3B:DA,1216,,609,2
55918,send,11:66:F0:00:01:3D,1217,,610,2
55918,send,BE:16:0A:00:3B:DA,1217,,610,2
55932,send,11:66:F0:00:01:3D,1218,,611,2
55936,ack,11:66:F0:00:01:3D,,0,610,2
55936,ack,BE:16:0A:00:3B:DA,,0,609,2
55937,send,BE:16:0A:00:3B:DA,1218,,610,2
55951,send,11:66:F0:00:01:3D,1219,,611,2
55952,send,BE:16:0A:00:3B:DA,1219,,611,2
55965,send,11:66:F0:00:01:3D,1220,,612,2
55965,send,BE:16:0A:00:3B:DA,1220,,612,2
55979,send,11:66:F0:00:01:3D,1221,,613,2
55980,send,BE:16:0A:00:3B:DA,1221,,613,2
55992,send,11:66:F0:00:01:3D,1222,,614,2
55994,ack,BE:16:0A:00:3B:DA,,0,612,2
55995,send,BE:16:0A:00:3B:DA,1222,,613,2
55995,ack,11:66:F0:00:01:3D,,0,613,2
56010,send,11:66:F0:00:01:3D,1223,,614,2
56010,send,BE:16:0A:00:3B:DA,1223,,614,2
56024,send,11:66:F0:00:01:3D,1224,,615,2
56024,send,BE:16:0A:00:3B:DA,1224,,615,2
56037,send,11:66:F0:00:01:3D,1225,,616,2
56038,send,BE:16:0A:00:3B:DA,1225,,616,2
56051,send,11:66:F0:00:01:3D,1226,,617,2
56052,ack,BE:16:0A:00:3B:DA,,0,615,2
56052,send,BE:16:0A:00:3B:DA,1226,,616,2
56052,ack,11:66:F0:00:01:3D,,0,616,2
56065,send,11:66:F0:00:01:3D,1227,,617,2
56066,send,BE:16:0A:00:3B:DA,1227,,617,2
56080,send,11:66:F0:00:01:3D,1228,,618,2
56081,send,BE:16:0A:00:3B:DA,1228,,618,2
56094,send,11:66:F0:00:01:3D,1229,,619,2
56094,send,BE:16:0A:00:3B:DA,1229,,619,2
56108,ack,BE:16:0A:00:3B:DA,,0,618,2
56108,send,11:66:F0:00:01:3D,1230,,620,2
56108,send,BE:16:0A:00:3B:DA,1230,,619,2
56110,ack,11:66:F0:00:01:3D,,0,619,2
56121,send,11:66:F0:00:01:3D,1231,,620,2
56122,send,BE:16:0A:00:3B:DA,1231,,620,2
56134,send,11:66:F0:00:01:3D,1232,,621,2
56135,send,BE:16:0A:00:3B:DA,1232,,621,2
56148,send,11:66:F0:00:01:3D,1233,,622,2
56149,send,BE:16:0A:00:3B:DA,1233,,622,2
56162,send,11:66:F0:00:01:3D,1234,,623,2
56163,ack,BE:16:0A:00:3B:DA,,0,621,2
56167,send,BE:16:0A:00:3B:DA,1234,,622,2
56167,ack,11:66:F0:00:01:3D,,0,622,2
56181,send,11:66:F0:00:01:3D,1235,,623,2
56182,send,BE:16:0A:00:3B:DA,1235,,623,2
56195,send,11:66:F0:00:01:3D,1236,,624,2
56196,send,BE:16:0A:00:3B:DA,1236,,624,2
56209,send,11:66:F0:00:01:3D,1237,,625,2
56209,send,BE:16:0A:00:3B:DA,1237,,625,2
56221,ack,BE:16:0A:00:3B:DA,,0,624,2
56222,send,11:66:F0:00:01:3D,1238,,626,2
56222,send,BE:16:0A:00:3B:DA,1238,,625,2
56225,ack,11:66:F0:00:01:3D,,0,625,2
56235,send,11:66:F0:00:01:3D,1239,,626,2
56235,send,BE:16:0A:00:3B:DA,1239,,626,2
56248,send,11:66:F0:00:01:3D,1240,,627,2
56249,send,BE:16:0A:00:3B:DA,1240,,627,2
56262,send,11:66:F0:00:01:3D,1241,,628,2
56262,send,BE:16:0A:00:3B:DA,1241,,628,2
56274,send,11:66:F0:00:01:3D,1242,,629,2
56278,send,BE:16:0A:00:3B:DA,1242,,629,2
56279,ack,11:66:F0:00:01:3D,,0,628,2
56280,ack,BE:16:0A:00:3B:DA,,0,628,2
56291,send,11:66:F0:00:01:3D,1243,,629,2
56292,send,BE:16:0A:00:3B:DA,1243,,629,2
56305,send,11:66:F0:00:01:3D,1244,,630,2
56306,send,BE:16:0A:00:3B:DA,1244,,630,2
56319,send,11:66:F0:00:01:3D,1245,,631,2
56320,send,BE:16:0A:00:3B:DA,1245,,631,2
56333,send,11:66:F0:00:01:3D,1246,,632,2
56338,send,BE:16:0A:00:3B:DA,1246,,632,2
56340,ack,BE:16:0A:00:3B:DA,,0,631,2
56340,ack,11:66:F0:00:01:3D,,0,631,2
56351,send,11:66:F0:00:01:3D,1247,,632,2
56352,send,BE:16:0A:00:3B:DA,1247,,632,2
56364,send,11:66:F0:00:01:3D,1248,,633,2
56365,send,BE:16:0A:00:3B:DA,1248,,633,2
56377,send,11:66:F0:00:01:3D,1249,,634,2
56378,send,BE:16:0A:00:3B:DA,1249,,634,2
56392,send,11:66:F0:00:01:3D,1250,,635,2
56398,send,BE:16:0A:00:3B:DA,1250,,635,2
56399,ack,BE:16:0A:00:3B:DA,,0,634,2
56399,ack,11:66:F0:00:01:3D,,0,634,2
56412,send,11:66:F0:00:01:3D,1251,,635,2
56413,send,BE:16:0A:00:3B:DA,1251,,635,2
56426,send,11:66:F0:00:01:3D,1252,,636,2
56426,send,BE:16:0A:00:3B:DA,1252,,636,2
56438,send,11:66:F0:00:01:3D,1253,,637,2
56439,send,BE:16:0A:00:3B:DA,1253,,637,2
56452,send,11:66:F0:00:01:3D,1254,,638,2
56456,send,BE:16:0A:00:3B:DA,1254,,638,2
56458,ack,11:66:F0:00:01:3D,,0,637,2
56458,ack,BE:16:0A:00:3B:DA,,0,637,2
56469,send,11:66:F0:00:01:3D,1255,,638,2
56470,send,BE:16:0A:00:3B:DA,1255,,638,2
56484,send,11:66:F0:00:01:3D,1256,,639,2
56484,send,BE:16:0A:00:3B:DA,1256,,639,2
56497,send,11:66:F0:00:01:3D,1257,,640,2
56498,send,BE:16:0A:00:3B:DA,1257,,640,2
56511,send,11:66:F0:00:01:3D,1258,,641,2
56516,send,BE:16:0A:00:3B:DA,1258,,641,2
56517,ack,11:66:F0:00:01:3D,,0,640,2
56517,ack,BE:16:0A:00:3B:DA,,0,640,2
56530,send,11:66:F0:00:01:3D,1259,,641,2
56531,send,BE:16:0A:00:3B:DA,1259,,641,2
56544,send,11:66:F0:00:01:3D,1260,,642,2
56545,send,BE:16:0A:00:3B:DA,1260,,642,2
56559,send,11:66:F0:00:01:3D,1261,,643,2
56560,send,BE:16:0A:00:3B:DA,1261,,643,2
56574,send,11:66:F0:00:01:3D,1262,,644,2
56576,send,BE:16:0A:00:3B:DA,1262,,644,2
56577,ack,BE:16:0A:00:3B:DA,,0,643,2
56578,ack,11:66:F0:00:01:3D,,0,643,2
56590,send,11:66:F0:00:01:3D,1263,,644,2
56591,send,BE:16:0A:00:3B:DA,1263,,644,2
56604,send,11:66:F0:00:01:3D,1264,,645,2
56605,send,BE:16:0A:00:3B:DA,1264,,645,2
56618,send,11:66:F0:00:01:3D,1265,,646,2
56619,send,BE:16:0A:00:3B:DA,1265,,646,2
56632,send,11:66:F0:00:01:3D,1266,,647,2
56635,send,BE:16:0A:00:3B:DA,1266,,647,2
56636,ack,BE:16:0A:00:3B:DA,,0,646,2
56636,ack,11:66:F0:00:01:3D,,0,646,2
56648,send,11:66:F0:00:01:3D,1267,,647,2
56649,send,BE:16:0A:00:3B:DA,1267,,647,2
56661,send,11:66:F0:00:01:3D,1268,,648,2
56662,send,BE:16:0A:00:3B:DA,1268,,648,2
56675,send,11:66:F0:00:01:3D,1269,,649,2
56675,send,BE:16:0A:00:3B:DA,1269,,649,2
56688,send,11:66:F0:00:01:3D,1270,,650,2
56692,send,BE:16:0A:00:3B:DA,1270,,650,2
56694,ack,BE:16:0A:00:3B:DA,,0,649,2
56694,ack,11:66:F0:00:01:3D,,0,649,2
56708,send,11:66:F0:00:01:3D,1271,,650,2
56709,send,BE:16:0A:00:3B:DA,1271,,650,2
56722,send,11:66:F0:00:01:3D,1272,,651,2
56723,send,BE:16:0A:00:3B:DA,1272,,651,2
56735,send,11:66:F0:00:01:3D,1273,,652,2
56736,send,BE:16:0A:00:3B:DA,1273,,652,2
56749,send,11:66:F0:00:01:3D,1274,,653,2
56751,send,BE:16:0A:00:3B:DA,1274,,653,2
56752,ack,BE:16:0A:00:3B:DA,,0,652,2
56752,ack,11:66:F0:00:01:3D,,0,652,2
56763,send,11:66:F0:00:01:3D,1275,,653,2
56764,send,BE:16:0A:00:3B:DA,1275,,653,2
56777,send,11:66:F0:00:01:3D,1276,,654,2
56778,send,BE:16:0A:00:3B:DA,1276,,654,2
56792,send,11:66:F0:00:01:3D,1277,,655,2
56792,send,BE:16:0A:00:3B:DA,1277,,655,2
56804,send,11:66:F0:00:01:3D,1278,,656,2
56809,send,BE:16:0A:00:3B:DA,1278,,656,2
56810,ack,11:66:F0:00:01:3D,,0,655,2
56810,ack,BE:16:0A:00:3B:DA,,0,655,2
56823,send,11:66:F0:00:01:3D,1279,,656,2
56824,send,BE:16:0A:00:3B:DA,1279,,656,2
56837,send,11:66:F0:00:01:3D,1280,,657,2
56838,send,BE:16:0A:00:3B:DA,1280,,657,2
56851,send,11:66:F0:00:01:3D,1281,,658,2
56852,send,BE:16:0A:00:3B:DA,1281,,658,2
56865,send,11:66:F0:00:01:3D,1282,,659,2
56867,ack,BE:16:0A:00:3B:DA,,0,657,2
56867,send,BE:16:0A:00:3B:DA,1282,,658,2
56868,ack,11:66:F0:00:01:3D,,0,658,2
56882,send,11:66:F0:00:01:3D,1283,,659,2
56882,send,BE:16:0A:00:3B:DA,1283,,659,2
56897,send,11:66:F0:00:01:3D,1284,,660,2
56897,send,BE:16:0A:00:3B:DA,1284,,660,2
56910,send,11:66:F0:00:01:3D,1285,,661,2
56911,send,BE:16:0A:00:3B:DA,1285,,661,2
56925,send,11:66:F0:00:01:3D,1286,,662,2
56929,ack,11:66:F0:00:01:3D,,0,661,2
56930,ack,BE:16:0A:00:3B:DA,,0,660,2
56930,send,BE:16:0A:00:3B:DA,1286,,661,2
56943,send,11:66:F0:00:01:3D,1287,,662,2
56943,send,BE:16:0A:00:3B:DA,1287,,662,2
56986,ack,BE:16:0A:00:3B:DA,,0,661,2
56988,ack,11:66:F0:00:01:3D,,0,661,2
57645,send,11:66:F0:00:01:3D,1288,,662,2
57654,send,BE:16:0A:00:3B:DA,1288,,662,2
57655,ack,11:66:F0:00:01:3D,,0,661,2
57661,ack,BE:16:0A:00:3B:DA,,0,661,2
57669,send,11:66:F0:00:01:3D,1289,,662,2
57670,send,BE:16:0A:00:3B:DA,1289,,662,2
57681,send,11:66:F0:00:01:3D,1290,,663,2
57681,send,BE:16:0A:00:3B:DA,1290,,663,2
57703,send,11:66:F0:00:01:3D,1291,,664,2
57703,send,BE:16:0A:00:3B:DA,1291,,664,2
57714,send,11:66:F0:00:01:3D,1292,,665,2
57716,send,BE:16:0A:00:3B:DA,1292,,665,2
57716,ack,11:66:F0:00:01:3D,,0,664,2
57719,ack,BE:16:0A:00:3B:DA,,0,664,2
57729,send,11:66:F0:00:01:3D,1293,,665,2
57729,send,BE:16:0A:00:3B:DA,1293,,665,2
57740,send,11:66:F0:00:01:3D,1294,,666,2
57740,send,BE:16:0A:00:3B:DA,1294,,666,2
57751,send,11:66:F0:00:01:3D,1295,,667,2
57751,send,BE:16:0A:00:3B:DA,1295,,667,2
57762,send,11:66:F0:00:01:3D,1296,,668,2
57762,send,BE:16:0A:00:3B:DA,1296,,668,2
57773,send,11:66:F0:00:01:3D,1297,,669,2
57773,ack,11:66:F0:00:01:3D,,0,668,2
57774,send,BE:16:0A:00:3B:DA,1297,,669,2
57776,ack,BE:16:0A:00:3B:DA,,0,668,2
57786,send,11:66:F0:00:01:3D,1298,,669,2
57786,send,BE:16:0A:00:3B:DA,1298,,669,2
57796,send,11:66:F0:00:01:3D,1299,,670,2
57797,send,BE:16:0A:00:3B:DA,1299,,670,2
57808,send,11:66:F0:00:01:3D,1300,,671,2
57808,send,BE:16:0A:00:3B:DA,1300,,671,2
57818,send,11:66:F0:00:01:3D,1301,,672,2
57819,send,BE:16:0A:00:3B:DA,1301,,672,2
57830,send,11:66:F0:00:01:3D,1302,,673,2
57832,send,BE:16:0A:00:3B:DA,1302,,673,2
57834,ack,11:66:F0:00:01:3D,,0,672,2
57835,ack,BE:16:0A:00:3B:DA,,0,672,2
57845,send,11:66:F0:00:01:3D,1303,,673,2
57846,send,BE:16:0A:00:3B:DA,1303,,673,2
57857,send,11:66:F0:00:01:3D,1304,,674,2
57857,send,BE:16:0A:00:3B:DA,1304,,674,2
57868,send,11:66:F0:00:01:3D,1305,,675,2
57869,send,BE:16:0A:00:3B:DA,1305,,675,2
57880,send,11:66:F0:00:01:3D,1306,,676,2
57881,send,BE:16:0A:00:3B:DA,1306,,676,2
57892,send,11:66:F0:00:01:3D,1307,,677,2
57893,ack,11:66:F0:00:01:3D,,0,676,2
57893,ack,BE:16:0A:00:3B:DA,,0,675,2
57894,send,BE:16:0A:00:3B:DA,1307,,676,2
57905,send,11:66:F0:00:01:3D,1308,,677,2
57906,send,BE:16:0A:00:3B:DA,1308,,677,2
57917,send,11:66:F0:00:01:3D,1309,,678,2
57917,send,BE:16:0A:00:3B:DA,1309,,678,2
57928,send,11:66:F0:00:01:3D,1310,,679,2
57929,send,BE:16:0A:00:3B:DA,1310,,679,2
57940,send,11:66:F0:00:01:3D,1311,,680,2
57941,send,BE:16:0A:00:3B:DA,1311,,680,2
57953,ack,11:66:F0:00:01:3D,,0,679,2
57953,ack,BE:16:0A:00:3B:DA,,0,679,2
57953,send,11:66:F0:00:01:3D,1312,,680,2
57953,send,BE:16:0A:00:3B:DA,1312,,680,2
57963,send,11:66:F0:00:01:3D,1313,,681,2
57964,send,BE:16:0A:00:3B:DA,1313,,681,2
57977,send,11:66:F0:00:01:3D,1314,,682,2
57977,send,BE:16:0A:00:3B:DA,1314,,682,2
57989,send,11:66:F0:00:01:3D,1315,,683,2
57990,send,BE:16:0A:00:3B:DA,1315,,683,2
58001,send,11:66:F0:00:01:3D,1316,,684,2
58001,send,BE:16:0A:00:3B:DA,1316,,684,2
58010,ack,BE:16:0A:00:3B:DA,,0,683,2
58010,ack,11:66:F0:00:01:3D,,0,683,2
58012,send,11:66:F0:00:01:3D,1317,,684,2
58013,send,BE:16:0A:00:3B:DA,1317,,684,2
58024,send,11:66:F0:00:01:3D,1318,,685,2
58025,send,BE:16:0A:00:3B:DA,1318,,685,2
58035,send,11:66:F0:00:01:3D,1319,,686,2
58036,send,BE:16:0A:00:3B:DA,1319,,686,2
58047,send,11:66:F0:00:01:3D,1320,,687,2
58048,send,BE:16:0A:00:3B:DA,1320,,687,2
58059,send,11:66:F0:00:01:3D,1321,,688,2
58063,send,BE:16:0A:00:3B:DA,1321,,688,2
58064,ack,11:66:F0:00:01:3D,,0,687,2
58067,ack,BE:16:0A:00:3B:DA,,0,687,2
58077,send,11:66:F0:00:01:3D,1322,,688,2
58078,send,BE:16:0A:00:3B:DA,1322,,688,2
58090,send,11:66:F0:00:01:3D,1323,,689,2
58091,send,BE:16:0A:00:3B:DA,1323,,689,2
58104,send,11:66:F0:00:01:3D,1324,,690,2
58104,send,BE:16:0A:00:3B:DA,1324,,690,2
58116,send,11:66:F0:00:01:3D,1325,,691,2
58122,send,BE:16:0A:00:3B:DA,1325,,691,2
58122,ack,11:66:F0:00:01:3D,,0,690,2
58124,ack,BE:16:0A:00:3B:DA,,0,690,2
58134,send,11:66:F0:00:01:3D,1326,,691,2
58135,send,BE:16:0A:00:3B:DA,1326,,691,2
58148,send,11:66:F0:00:01:3D,1327,,692,2
58149,send,BE:16:0A:00:3B:DA,1327,,692,2
58162,send,11:66:F0:00:01:3D,1328,,693,2
58162,send,BE:16:0A:00:3B:DA,1328,,693,2
58173,send,11:66:F0:00:01:3D,1329,,694,2
58178,send,BE:16:0A:00:3B:DA,1329,,694,2
58178,ack,11:66:F0:00:01:3D,,0,693,2
58179,ack,BE:16:0A:00:3B:DA,,0,693,2
58191,send,11:66:F0:00:01:3D,1330,,694,2
58192,send,BE:16:0A:00:3B:DA,1330,,694,2
58203,send,11:66:F0:00:01:3D,1331,,695,2
58204,send,BE:16:0A:00:3B:DA,1331,,695,2
58216,send,11:66:F0:00:01:3D,1332,,696,2
58217,send,BE:16:0A:00:3B:DA,1332,,696,2
58228,send,11:66:F0:00:01:3D,1333,,697,2
58233,send,BE:16:0A:00:3B:DA,1333,,697,2
58235,ack,11:66:F0:00:01:3D,,0,696,2
58235,ack,BE:16:0A:00:3B:DA,,0,696,2
58244,send,11:66:F0:00:01:3D,1334,,697,2
58245,send,BE:16:0A:00:3B:DA,1334,,697,2
58256,send,11:66:F0:00:01:3D,1335,,698,2
58256,send,BE:16:0A:00:3B:DA,1335,,698,2
58267,send,11:66:F0:00:01:3D,1336,,699,2
58267,send,BE:16:0A:00:3B:DA,1336,,699,2
58278,send,11:66:F0:00:01:3D,1337,,700,2
58279,send,BE:16:0A:00:3B:DA,1337,,700,2
58289,send,11:66:F0:00:01:3D,1338,,701,2
58292,send,BE:16:0A:00:3B:DA,1338,,701,2
58293,ack,BE:16:0A:00:3B:DA,,0,700,2
58294,ack,11:66:F0:00:01:3D,,0,700,2
58303,send,11:66:F0:00:01:3D,1339,,701,2
58304,send,BE:16:0A:00:3B:DA,1339,,701,2
58314,send,11:66:F0:00:01:3D,1340,,702,2
58314,send,BE:16:0A:00:3B:DA,1340,,702,2
58325,send,11:66:F0:00:01:3D,1341,,703,2
58325,send,BE:16:0A:00:3B:DA,1341,,703,2
58335,send,11:66:F0:00:01:3D,1342,,704,2
58336,send,BE:16:0A:00:3B:DA,1342,,704,2
58347,send,11:66:F0:00:01:3D,1343,,705,2
58351,send,BE:16:0A:00:3B:DA,1343,,705,2
58352,ack,BE:16:0A:00:3B:DA,,0,704,2
58352,ack,11:66:F0:00:01:3D,,0,704,2
58361,send,11:66:F0:00:01:3D,1344,,705,2
58362,send,BE:16:0A:00:3B:DA,1344,,705,2
58373,send,11:66:F0:00:01:3D,1345,,706,2
58373,send,BE:16:0A:00:3B:DA,1345,,706,2
58384,send,11:66:F0:00:01:3D,1346,,707,2
58384,send,BE:16:0A:00:3B:DA,1346,,707,2
58396,send,11:66:F0:00:01:3D,1347,,708,2
58397,send,BE:16:0A:00:3B:DA,1347,,708,2
58408,send,11:66:F0:00:01:3D,1348,,709,2
58409,send,BE:16:0A:00:3B:DA,1348,,709,2
58409,ack,BE:16:0A:00:3B:DA,,0,708,2
58409,ack,11:66:F0:00:01:3D,,0,708,2
58420,send,11:66:F0:00:01:3D,1349,,709,2
58421,send,BE:16:0A:00:3B:DA,1349,,709,2
58432,send,11:66:F0:00:01:3D,1350,,710,2
58433,send,BE:16:0A:00:3B:DA,1350,,710,2
58444,send,11:66:F0:00:01:3D,1351,,711,2
58445,send,BE:16:0A:00:3B:DA,1351,,711,2
58456,send,11:66:F0:00:01:3D,1352,,712,2
58457,send,BE:16:0A:00:3B:DA,1352,,712,2
58467,ack,BE:16:0A:00:3B:DA,,0,711,2
58468,ack,11:66:F0:00:01:3D,,0,711,2
58468,send,11:66:F0:00:01:3D,1353,,712,2
58469,send,BE:16:0A:00:3B:DA,1353,,712,2
58480,send,11:66:F0:00:01:3D,1354,,713,2
58480,send,BE:16:0A:00:3B:DA,1354,,713,2
58491,send,11:66:F0:00:01:3D,1355,,714,2
58492,send,BE:16:0A:00:3B:DA,1355,,714,2
58504,send,11:66:F0:00:01:3D,1356,,715,2
58504,send,BE:16:0A:00:3B:DA,1356,,715,2
58517,send,11:66:F0:00:01:3D,1357,,716,2
58522,send,BE:16:0A:00:3B:DA,1357,,716,2
58524,ack,11:66:F0:00:01:3D,,0,715,2
58525,ack,BE:16:0A:00:3B:DA,,0,715,2
58534,send,11:66:F0:00:01:3D,1358,,716,2
58535,send,BE:16:0A:00:3B:DA,1358,,716,2
58547,send,11:66:F0:00:01:3D,1359,,717,2
58548,send,BE:16:0A:00:3B:DA,1359,,717,2
58560,send,11:66:F0:00:01:3D,1360,,718,2
58561,send,BE:16:0A:00:3B:DA,1360,,718,2
58572,send,11:66:F0:00:01:3D,1361,,719,2
58573,send,BE:16:0A:00:3B:DA,1361,,719,2
58584,send,11:66:F0:00:01:3D,1362,,720,2
58585,send,BE:16:0A:00:3B:DA,1362,,720,2
58585,ack,BE:16:0A:00:3B:DA,,0,719,2
58586,ack,11:66:F0:00:01:3D,,0,719,2
58596,send,11:66:F0:00:01:3D,1363,,720,2
58597,send,BE:16:0A:00:3B:DA,1363,,720,2
58608,send,11:66:F0:00:01:3D,1364,,721,2
58609,send,BE:16:0A:00:3B:DA,1364,,721,2
58620,send,11:66:F0:00:01:3D,1365,,722,2
58621,send,BE:16:0A:00:3B:DA,1365,,722,2
58632,send,11:66:F0:00:01:3D,1366,,723,2
58632,send,BE:16:0A:00:3B:DA,1366,,723,2
58643,send,11:66:F0:00:01:3D,1367,,724,2
58643,send,BE:16:0A:00:3B:DA,1367,,724,2
58644,ack,BE:16:0A:00:3B:DA,,0,723,2
58645,ack,11:66:F0:00:01:3D,,0,723,2
58653,send,11:66:F0:00:01:3D,1368,,724,2
58654,send,BE:16:0A:00:3B:DA,1368,,724,2
58665,send,11:66:F0:00:01:3D,1369,,725,2
58665,send,BE:16:0A:00:3B:DA,1369,,725,2
58675,send,11:66:F0:00:01:3D,1370,,726,2
58676,send,BE:16:0A:00:3B:DA,1370,,726,2
58689,send,11:66:F0:00:01:3D,1371,,727,2
58689,send,BE:16:0A:00:3B:DA,1371,,727,2
58703,ack,11:66:F0:00:01:3D,,0,726,2
58703,ack,BE:16:0A:00:3B:DA,,0,726,2
58705,send,11:66:F0:00:01:3D,1372,,727,2
58706,send,BE:16:0A:00:3B:DA,1372,,727,2
58717,send,11:66:F0:00:01:3D,1373,,728,2
58717,send,BE:16:0A:00:3B:DA,1373,,728,2
58727,send,11:66:F0:00:01:3D,1374,,729,2
58727,send,BE:16:0A:00:3B:DA,1374,,729,2
58738,send,11:66:F0:00:01:3D,1375,,730,2
58738,send,BE:16:0A:00:3B:DA,1375,,730,2
58749,send,11:66:F0:00:01:3D,1376,,731,2
58749,send,BE:16:0A:00:3B:DA,1376,,731,2
58761,ack,BE:16:0A:00:3B:DA,,0,730,2
58761,send,11:66:F0:00:01:3D,1377,,732,2
58761,ack,11:66:F0:00:01:3D,,0,731,2
58761,send,BE:16:0A:00:3B:DA,1377,,731,2
58773,send,11:66:F0:00:01:3D,1378,,732,2
58773,send,BE:16:0A:00:3B:DA,1378,,732,2
58784,send,11:66:F0:00:01:3D,1379,,733,2
58785,send,BE:16:0A:00:3B:DA,1379,,733,2
58795,send,11:66:F0:00:01:3D,1380,,734,2
58796,send,BE:16:0A:00:3B:DA,1380,,734,2
58807,send,11:66:F0:00:01:3D,1381,,735,2
58807,send,BE:16:0A:00:3B:DA,1381,,735,2
58817,ack,BE:16:0A:00:3B:DA,,0,734,2
58817,ack,11:66:F0:00:01:3D,,0,734,2
58818,send,11:66:F0:00:01:3D,1382,,735,2
58819,send,BE:16:0A:00:3B:DA,1382,,735,2
58829,send,11:66:F0:00:01:3D,1383,,736,2
58830,send,BE:16:0A:00:3B:DA,1383,,736,2
58841,send,11:66:F0:00:01:3D,1384,,737,2
58841,send,BE:16:0A:00:3B:DA,1384,,737,2
58852,send,11:66:F0:00:01:3D,1385,,738,2
58852,send,BE:16:0A:00:3B:DA,1385,,738,2
58862,send,11:66:F0:00:01:3D,1386,,739,2
58863,send,BE:16:0A:00:3B:DA,1386,,739,2
58874,send,11:66:F0:00:01:3D,1387,,740,2
58875,send,BE:16:0A:00:3B:DA,1387,,740,2
58875,ack,11:66:F0:00:01:3D,,0,739,2
58876,ack,BE:16:0A:00:3B:DA,,0,739,2
58886,send,11:66:F0:00:01:3D,1388,,740,2
58887,send,BE:16:0A:00:3B:DA,1388,,740,2
58898,send,11:66:F0:00:01:3D,1389,,741,2
58898,send,BE:16:0A:00:3B:DA,1389,,741,2
58909,send,11:66:F0:00:01:3D,1390,,742,2
58910,send,BE:16:0A:00:3B:DA,1390,,742,2
58920,send,11:66:F0:00:01:3D,1391,,743,2
58921,send,BE:16:0A:00:3B:DA,1391,,743,2
58932,send,11:66:F0:00:01:3D,1392,,744,2
58932,send,BE:16:0A:00:3B:DA,1392,,744,2
58933,ack,BE:16:0A:00:3B:DA,,0,743,2
58933,ack,11:66:F0:00:01:3D,,0,743,2
58943,send,11:66:F0:00:01:3D,1393,,744,2
58943,send,BE:16:0A:00:3B:DA,1393,,744,2
58954,send,11:66:F0:00:01:3D,1394,,745,2
58955,send,BE:16:0A:00:3B:DA,1394,,745,2
58967,send,11:66:F0:00:01:3D,1395,,746,2
58967,send,BE:16:0A:00:3B:DA,1395,,746,2
58979,send,11:66:F0:00:01:3D,1396,,747,2
58979,send,BE:16:0A:00:3B:DA,1396,,747,2
58991,send,11:66:F0:00:01:3D,1397,,748,2
58992,send,BE:16:0A:00:3B:DA,1397,,748,2
58994,ack,BE:16:0A:00:3B:DA,,0,747,2
58995,ack,11:66:F0:00:01:3D,,0,747,2
59003,send,11:66:F0:00:01:3D,1398,,748,2
59004,send,BE:16:0A:00:3B:DA,1398,,748,2
59016,send,11:66:F0:00:01:3D,1399,,749,2
59017,send,BE:16:0A:00:3B:DA,1399,,749,2
59028,send,11:66:F0:00:01:3D,1400,,750,2
59029,send,BE:16:0A:00:3B:DA,1400,,750,2
59039,send,11:66:F0:00:01:3D,1401,,751,2
59040,send,BE:16:0A:00:3B:DA,1401,,751,2
59051,send,11:66:F0:00:01:3D,1402,,752,2
59056,ack,BE:16:0A:00:3B:DA,,0,750,2
59057,ack,11:66:F0:00:01:3D,,0,751,2
59058,send,BE:16:0A:00:3B:DA,1402,,751,2
59071,send,11:66:F0:00:01:3D,1403,,752,2
59071,send,BE:16:0A:00:3B:DA,1403,,752,2
59084,send,11:66:F0:00:01:3D,1404,,753,2
59085,send,BE:16:0A:00:3B:DA,1404,,753,2
59096,send,11:66:F0:00:01:3D,1405,,754,2
59097,send,BE:16:0A:00:3B:DA,1405,,754,2
59107,send,11:66:F0:00:01:3D,1406,,755,2
59112,send,BE:16:0A:00:3B:DA,1406,,755,2
59112,ack,11:66:F0:00:01:3D,,0,754,2
59113,ack,BE:16:0A:00:3B:DA,,0,754,2
59123,send,11:66:F0:00:01:3D,1407,,755,2
59124,send,BE:16:0A:00:3B:DA,1407,,755,2
59135,send,11:66:F0:00:01:3D,1408,,756,2
59135,send,BE:16:0A:00:3B:DA,1408,,756,2
59147,send,11:66:F0:00:01:3D,1409,,757,2
59148,send,BE:16:0A:00:3B:DA,1409,,757,2
59160,send,11:66:F0:00:01:3D,1410,,758,2
59161,send,BE:16:0A:00:3B:DA,1410,,758,2
59172,ack,11:66:F0:00:01:3D,,0,757,2
59172,ack,BE:16:0A:00:3B:DA,,0,757,2
59172,send,11:66:F0:00:01:3D,1411,,758,2
59173,send,BE:16:0A:00:3B:DA,1411,,758,2
59184,send,11:66:F0:00:01:3D,1412,,759,2
59184,send,BE:16:0A:00:3B:DA,1412,,759,2
59195,send,11:66:F0:00:01:3D,1413,,760,2
59196,send,BE:16:0A:00:3B:DA,1413,,760,2
59209,send,11:66:F0:00:01:3D,1414,,761,2
59209,send,BE:16:0A:00:3B:DA,1414,,761,2
59222,send,11:66:F0:00:01:3D,1415,,762,2
59226,send,BE:16:0A:00:3B:DA,1415,,762,2
59228,ack,11:66:F0:00:01:3D,,0,761,2
59228,ack,BE:16:0A:00:3B:DA,,0,761,2
59238,send,11:66:F0:00:01:3D,1416,,762,2
59239,send,BE:16:0A:00:3B:DA,1416,,762,2
59251,send,11:66:F0:00:01:3D,1417,,763,2
59252,send,BE:16:0A:00:3B:DA,1417,,763,2
59263,send,11:66:F0:00:01:3D,1418,,764,2
59264,send,BE:16:0A:00:3B:DA,1418,,764,2
59276,send,11:66:F0:00:01:3D,1419,,765,2
59276,send,BE:16:0A:00:3B:DA,1419,,765,2
59286,send,11:66:F0:00:01:3D,1420,,766,2
59287,send,BE:16:0A:00:3B:DA,1420,,766,2
59287,ack,BE:16:0A:00:3B:DA,,0,765,2
59287,ack,11:66:F0:00:01:3D,,0,765,2
59303,send,11:66:F0:00:01:3D,1421,,766,2
59303,send,BE:16:0A:00:3B:DA,1421,,766,2
59314,send,11:66:F0:00:01:3D,1422,,767,2
59314,send,BE:16:0A:00:3B:DA,1422,,767,2
59328,send,11:66:F0:00:01:3D,1423,,768,2
59329,send,BE:16:0A:00:3B:DA,1423,,768,2
59341,send,11:66:F0:00:01:3D,1424,,769,2
59347,send,BE:16:0A:00:3B:DA,1424,,769,2
59349,ack,BE:16:0A:00:3B:DA,,0,768,2
59349,ack,11:66:F0:00:01:3D,,0,768,2
59357,send,11:66:F0:00:01:3D,1425,,769,2
59358,send,BE:16:0A:00:3B:DA,1425,,769,2
59370,send,11:66:F0:00:01:3D,1426,,770,2
59370,send,BE:16:0A:00:3B:DA,1426,,770,2
59382,send,11:66:F0:00:01:3D,1427,,771,2
59383,send,BE:16:0A:00:3B:DA,1427,,771,2
59394,send,11:66:F0:00:01:3D,1428,,772,2
59395,send,BE:16:0A:00:3B:DA,1428,,772,2
59405,send,11:66:F0:00:01:3D,1429,,773,2
59409,send,BE:16:0A:00:3B:DA,1429,,773,2
59410,ack,11:66:F0:00:01:3D,,0,772,2
59410,ack,BE:16:0A:00:3B:DA,,0,772,2
59419,send,11:66:F0:00:01:3D,1430,,773,2
59420,send,BE:16:0A:00:3B:DA,1430,,773,2
59431,send,11:66:F0:00:01:3D,1431,,774,2
59431,send,BE:16:0A:00:3B:DA,1431,,774,2
59442,send,11:66:F0:00:01:3D,1432,,775,2
59443,send,BE:16:0A:00:3B:DA,1432,,775,2
59453,send,11:66:F0:00:01:3D,1433,,776,2
59454,send,BE:16:0A:00:3B:DA,1433,,776,2
59465,send,11:66:F0:00:01:3D,1434,,777,2
59466,send,BE:16:0A:00:3B:DA,1434,,777,2
59467,ack,11:66:F0:00:01:3D,,0,776,2
59467,ack,BE:16:0A:00:3B:DA,,0,776,2
59477,send,11:66:F0:00:01:3D,1435,,777,2
59477,send,BE:16:0A:00:3B:DA,1435,,777,2
59488,send,11:66:F0:00:01:3D,1436,,778,2
59489,send,BE:16:0A:00:3B:DA,1436,,778,2
59500,send,11:66:F0:00:01:3D,1437,,779,2
59501,send,BE:16:0A:00:3B:DA,1437,,779,2
59511,send,11:66:F0:00:01:3D,1438,,780,2
59512,send,BE:16:0A:00:3B:DA,1438,,780,2
59522,send,11:66:F0:00:01:3D,1439,,781,2
59526,ack,11:66:F0:00:01:3D,,0,780,2
59527,ack,BE:16:0A:00:3B:DA,,0,779,2
59527,send,BE:16:0A:00:3B:DA,1439,,780,2
59540,send,11:66:F0:00:01:3D,1440,,781,2
59540,send,BE:16:0A:00:3B:DA,1440,,781,2
59551,send,11:66:F0:00:01:3D,1441,,782,2
59552,send,BE:16:0A:00:3B:DA,1441,,782,2
59564,send,11:66:F0:00:01:3D,1442,,783,2
59564,send,BE:16:0A:00:3B:DA,1442,,783,2
59576,send,11:66:F0:00:01:3D,1443,,784,2
59582,send,BE:16:0A:00:3B:DA,1443,,784,2
59586,ack,11:66:F0:00:01:3D,,0,783,2
59586,ack,BE:16:0A:00:3B:DA,,0,783,2
59595,send,11:66:F0:00:01:3D,1444,,784,2
59596,send,BE:16:0A:00:3B:DA,1444,,784,2
59607,send,11:66:F0:00:01:3D,1445,,785,2
59607,send,BE:16:0A:00:3B:DA,1445,,785,2
59619,send,11:66:F0:00:01:3D,1446,,786,2
59620,send,BE:16:0A:00:3B:DA,1446,,786,2
59630,send,11:66:F0:00:01:3D,1447,,787,2
59631,send,BE:16:0A:00:3B:DA,1447,,787,2
59642,send,11:66:F0:00:01:3D,1448,,788,2
59642,send,BE:16:0A:00:3B:DA,1448,,788,2
59643,ack,11:66:F0:00:01:3D,,0,787,2
59644,ack,BE:16:0A:00:3B:DA,,0,787,2
59653,send,11:66:F0:00:01:3D,1449,,788,2
59654,send,BE:16:0A:00:3B:DA,1449,,788,2
59665,send,11:66:F0:00:01:3D,1450,,789,2
59665,send,BE:16:0A:00:3B:DA,1450,,789,2
59676,send,11:66:F0:00:01:3D,1451,,790,2
59677,send,BE:16:0A:00:3B:DA,1451,,790,2
59687,send,11:66:F0:00:01:3D,1452,,791,2
59688,send,BE:16:0A:00:3B:DA,1452,,791,2
59698,send,11:66:F0:00:01:3D,1453,,792,2
59700,send,BE:16:0A:00:3B:DA,1453,,792,2
59700,ack,11:66:F0:00:01:3D,,0,791,2
59700,ack,BE:16:0A:00:3B:DA,,0,791,2
59711,send,11:66:F0:00:01:3D,1454,,792,2
59712,send,BE:16:0A:00:3B:DA,1454,,792,2
59723,send,11:66:F0:00:01:3D,1455,,793,2
59723,send,BE:16:0A:00:3B:DA,1455,,793,2
59733,send,11:66:F0:00:01:3D,1456,,794,2
59734,send,BE:16:0A:00:3B:DA,1456,,794,2
59745,send,11:66:F0:00:01:3D,1457,,795,2
59745,send,BE:16:0A:00:3B:DA,1457,,795,2
59756,send,11:66:F0:00:01:3D,1458,,796,2
59757,ack,BE:16:0A:00:3B:DA,,0,794,2
59758,send,BE:16:0A:00:3B:DA,1458,,795,2
59758,ack,11:66:F0:00:01:3D,,0,795,2
59769,send,11:66:F0:00:01:3D,1459,,796,2
59769,send,BE:16:0A:00:3B:DA,1459,,796,2
59779,send,11:66:F0:00:01:3D,1460,,797,2
59780,send,BE:16:0A:00:3B:DA,1460,,797,2
59792,send,11:66:F0:00:01:3D,1461,,798,2
59792,send,BE:16:0A:00:3B:DA,1461,,798,2
59805,send,11:66:F0:00:01:3D,1462,,799,2
59806,send,BE:16:0A:00:3B:DA,1462,,799,2
59816,ack,BE:16:0A:00:3B:DA,,0,798,2
59817,ack,11:66:F0:00:01:3D,,0,798,2
59817,send,11:66:F0:00:01:3D,1463,,799,2
59818,send,BE:16:0A:00:3B:DA,1463,,799,2
59829,send,11:66:F0:00:01:3D,1464,,800,2
59829,send,BE:16:0A:00:3B:DA,1464,,800,2
59839,send,11:66:F0:00:01:3D,1465,,801,2
59840,send,BE:16:0A:00:3B:DA,1465,,801,2
59851,send,11:66:F0:00:01:3D,1466,,802,2
59852,send,BE:16:0A:00:3B:DA,1466,,802,2
59864,send,11:66:F0:00:01:3D,1467,,803,2
59865,send,BE:16:0A:00:3B:DA,1467,,803,2
59873,ack,BE:16:0A:00:3B:DA,,0,802,2
59874,ack,11:66:F0:00:01:3D,,0,802,2
59876,send,11:66:F0:00:01:3D,1468,,803,2
59877,send,BE:16:0A:00:3B:DA,1468,,803,2
59888,send,11:66:F0:00:01:3D,1469,,804,2
59888,send,BE:16:0A:00:3B:DA,1469,,804,2
59899,send,11:66:F0:00:01:3D,1470,,805,2
59900,send,BE:16:0A:00:3B:DA,1470,,805,2
59910,send,11:66:F0:00:01:3D,1471,,806,2
59911,send,BE:16:0A:00:3B:DA,1471,,806,2
59922,send,11:66:F0:00:01:3D,1472,,807,2
59922,send,BE:16:0A:00:3B:DA,1472,,807,2
59929,ack,BE:16:0A:00:3B:DA,,0,806,2
59930,ack,11:66:F0:00:01:3D,,0,806,2
59932,send,11:66:F0:00:01:3D,1473,,807,2
59935,send,BE:16:0A:00:3B:DA,1473,,807,2
59946,send,11:66:F0:00:01:3D,1474,,808,2
59946,send,BE:16:0A:00:3B:DA,1474,,808,2
59957,send,11:66:F0:00:01:3D,1475,,809,2
59957,send,BE:16:0A:00:3B:DA,1475,,809,2
59970,send,11:66:F0:00:01:3D,1476,,810,2
59971,send,BE:16:0A:00:3B:DA,1476,,810,2
59981,send,11:66:F0:00:01:3D,1477,,811,2
59989,send,BE:16:0A:00:3B:DA,1477,,811,2
59990,ack,BE:16:0A:00:3B:DA,,0,810,2
59991,ack,11:66:F0:00:01:3D,,0,810,2
60000,send,11:66:F0:00:01:3D,1478,,811,2
60000,send,BE:16:0A:00:3B:DA,1478,,811,2
60010,send,11:66:F0:00:01:3D,1479,,812,2
60011,send,BE:16:0A:00:3B:DA,1479,,812,2
60022,send,11:66:F0:00:01:3D,1480,,813,2
60022,send,BE:16:0A:00:3B:DA,1480,,813,2
60033,send,11:66:F0:00:01:3D,1481,,814,2
60033,send,BE:16:0A:00:3B:DA,1481,,814,2
60044,send,11:66:F0:00:01:3D,1482,,815,2
60047,ack,BE:16:0A:00:3B:DA,,0,813,2
60048,ack,11:66:F0:00:01:3D,,0,814,2
60049,send,BE:16:0A:00:3B:DA,1482,,814,2
60060,send,11:66:F0:00:01:3D,1483,,815,2
60061,send,BE:16:0A:00:3B:DA,1483,,815,2
60071,send,11:66:F0:00:01:3D,1484,,816,2
60072,send,BE:16:0A:00:3B:DA,1484,,816,2
60083,send,11:66:F0:00:01:3D,1485,,817,2
60084,send,BE:16:0A:00:3B:DA,1485,,817,2
60096,send,11:66:F0:00:01:3D,1486,,818,2
60097,send,BE:16:0A:00:3B:DA,1486,,818,2
60104,ack,BE:16:0A:00:3B:DA,,0,817,2
60106,ack,11:66:F0:00:01:3D,,0,817,2
60113,send,11:66:F0:00:01:3D,1487,,818,2
60114,send,BE:16:0A:00:3B:DA,1487,,818,2
60124,send,11:66:F0:00:01:3D,1488,,819,2
60125,send,BE:16:0A:00:3B:DA,1488,,819,2
60136,send,11:66:F0:00:01:3D,1489,,820,2
60137,send,BE:16:0A:00:3B:DA,1489,,820,2
60149,send,11:66:F0:00:01:3D,1490,,821,2
60150,send,BE:16:0A:00:3B:DA,1490,,821,2
60161,send,11:66:F0:00:01:3D,1491,,822,2
60163,send,BE:16:0A:00:3B:DA,1491,,822,2
60165,ack,11:66:F0:00:01:3D,,0,821,2
60166,ack,BE:16:0A:00:3B:DA,,0,821,2
60176,send,11:66:F0:00:01:3D,1492,,822,2
60177,send,BE:16:0A:00:3B:DA,1492,,822,2
60187,send,11:66:F0:00:01:3D,1493,,823,2
60188,send,BE:16:0A:00:3B:DA,1493,,823,2
60199,send,11:66:F0:00:01:3D,1494,,824,2
60200,send,BE:16:0A:00:3B:DA,1494,,824,2
60211,send,11:66:F0:00:01:3D,1495,,825,2
60212,send,BE:16:0A:00:3B:DA,1495,,825,2
60222,ack,11:66:F0:00:01:3D,,0,824,2
60223,send,11:66:F0:00:01:3D,1496,,825,2
60223,ack,BE:16:0A:00:3B:DA,,0,824,2
60224,send,BE:16:0A:00:3B:DA,1496,,825,2
60234,send,11:66:F0:00:01:3D,1497,,826,2
60235,send,BE:16:0A:00:3B:DA,1497,,826,2
60247,send,11:66:F0:00:01:3D,1498,,827,2
60248,send,BE:16:0A:00:3B:DA,1498,,827,2
60260,send,11:66:F0:00:01:3D,1499,,828,2
60260,send,BE:16:0A:00:3B:DA,1499,,828,2
60273,send,11:66:F0:00:01:3D,1500,,829,2
60280,send,BE:16:0A:00:3B:DA,1500,,829,2
60280,ack,BE:16:0A:00:3B:DA,,0,828,2
60281,ack,11:66:F0:00:01:3D,,0,828,2
60293,send,11:66:F0:00:01:3D,1501,,829,2
60294,send,BE:16:0A:00:3B:DA,1501,,829,2
60305,send,11:66:F0:00:01:3D,1502,,830,2
60306,send,BE:16:0A:00:3B:DA,1502,,830,2
60317,send,11:66:F0:00:01:3D,1503,,831,2
60317,send,BE:16:0A:00:3B:DA,1503,,831,2
60329,send,11:66:F0:00:01:3D,1504,,832,2
60330,send,BE:16:0A:00:3B:DA,1504,,832,2
60340,ack,BE:16:0A:00:3B:DA,,0,831,2
60341,ack,11:66:F0:00:01:3D,,0,831,2
60341,send,11:66:F0:00:01:3D,1505,,832,2
60342,send,BE:16:0A:00:3B:DA,1505,,832,2
60354,send,11:66:F0:00:01:3D,1506,,833,2
60354,send,BE:16:0A:00:3B:DA,1506,,833,2
60364,send,11:66:F0:00:01:3D,1507,,834,2
60365,send,BE:16:0A:00:3B:DA,1507,,834,2
60375,send,11:66:F0:00:01:3D,1508,,835,2
60375,send,BE:16:0A:00:3B:DA,1508,,835,2
60386,send,11:66:F0:00:01:3D,1509,,836,2
60386,send,BE:16:0A:00:3B:DA,1509,,836,2
60396,send,11:66:F0:00:01:3D,1510,,837,2
60397,send,BE:16:0A:00:3B:DA,1510,,837,2
60397,ack,11:66:F0:00:01:3D,,0,836,2
60397,ack,BE:16:0A:00:3B:DA,,0,836,2
60408,send,11:66:F0:00:01:3D,1511,,837,2
60408,send,BE:16:0A:00:3B:DA,1511,,837,2
60419,send,11:66:F0:00:01:3D,1512,,838,2
60419,send,BE:16:0A:00:3B:DA,1512,,838,2
60430,send,11:66:F0:00:01:3D,1513,,839,2
60431,send,BE:16:0A:00:3B:DA,1513,,839,2
60443,send,11:66:F0:00:01:3D,1514,,840,2
60443,send,BE:16:0A:00:3B:DA,1514,,840,2
60454,send,11:66:F0:00:01:3D,1515,,841,2
60454,ack,BE:16:0A:00:3B:DA,,0,839,2
60455,send,BE:16:0A:00:3B:DA,1515,,840,2
60455,ack,11:66:F0:00:01:3D,,0,840,2
60466,send,11:66:F0:00:01:3D,1516,,841,2
60467,send,BE:16:0A:00:3B:DA,1516,,841,2
60477,send,11:66:F0:00:01:3D,1517,,842,2
60478,send,BE:16:0A:00:3B:DA,1517,,842,2
60488,send,11:66:F0:00:01:3D,1518,,843,2
60489,send,BE:16:0A:00:3B:DA,1518,,843,2
60500,send,11:66:F0:00:01:3D,1519,,844,2
60500,send,BE:16:0A:00:3B:DA,1519,,844,2
60511,send,11:66:F0:00:01:3D,1520,,845,2
60513,send,BE:16:0A:00:3B:DA,1520,,845,2
60513,ack,BE:16:0A:00:3B:DA,,0,844,2
60513,ack,11:66:F0:00:01:3D,,0,844,2
60524,send,11:66:F0:00:01:3D,1521,,845,2
60524,send,BE:16:0A:00:3B:DA,1521,,845,2
60536,send,11:66:F0:00:01:3D,1522,,846,2
60537,send,BE:16:0A:00:3B:DA,1522,,846,2
60548,send,11:66:F0:00:01:3D,1523,,847,2
60549,send,BE:16:0A:00:3B:DA,1523,,847,2
60560,send,11:66:F0:00:01:3D,1524,,848,2
60561,send,BE:16:0A:00:3B:DA,1524,,848,2
60570,ack,11:66:F0:00:01:3D,,0,847,2
60570,ack,BE:16:0A:00:3B:DA,,0,847,2
60572,send,11:66:F0:00:01:3D,1525,,848,2
60573,send,BE:16:0A:00:3B:DA,1525,,848,2
60584,send,11:66:F0:00:01:3D,1526,,849,2
60584,send,BE:16:0A:00:3B:DA,1526,,849,2
60594,send,11:66:F0:00:01:3D,1527,,850,2
60595,send,BE:16:0A:00:3B:DA,1527,,850,2
60606,send,11:66:F0:00:01:3D,1528,,851,2
60606,send,BE:16:0A:00:3B:DA,1528,,851,2
60617,send,11:66:F0:00:01:3D,1529,,852,2
60617,send,BE:16:0A:00:3B:DA,1529,,852,2
60624,ack,11:66:F0:00:01:3D,,0,851,2
60625,ack,BE:16:0A:00:3B:DA,,0,851,2
60627,send,11:66:F0:00:01:3D,1530,,852,2
60628,send,BE:16:0A:00:3B:DA,1530,,852,2
60639,send,11:66:F0:00:01:3D,1531,,853,2
60640,send,BE:16:0A:00:3B:DA,1531,,853,2
60651,send,11:66:F0:00:01:3D,1532,,854,2
60651,send,BE:16:0A:00:3B:DA,1532,,854,2
60661,send,11:66:F0:00:01:3D,1533,,855,2
60662,send,BE:16:0A:00:3B:DA,1533,,855,2
60673,send,11:66:F0:00:01:3D,1534,,856,2
60677,send,BE:16:0A:00:3B:DA,1534,,856,2
60678,ack,11:66:F0:00:01:3D,,0,855,2
60679,ack,BE:16:0A:00:3B:DA,,0,855,2
60690,send,11:66:F0:00:01:3D,1535,,856,2
60691,send,BE:16:0A:00:3B:DA,1535,,856,2
60702,send,11:66:F0:00:01:3D,1536,,857,2
60703,send,BE:16:0A:00:3B:DA,1536,,857,2
60714,send,11:66:F0:00:01:3D,1537,,858,2
60715,send,BE:16:0A:00:3B:DA,1537,,858,2
60727,send,11:66:F0:00:01:3D,1538,,859,2
60732,send,BE:16:0A:00:3B:DA,1538,,859,2
60733,ack,11:66:F0:00:01:3D,,0,858,2
60736,ack,BE:16:0A:00:3B:DA,,0,858,2
60746,send,11:66:F0:00:01:3D,1539,,859,2
60748,send,BE:16:0A:00:3B:DA,1539,,859,2
60758,send,11:66:F0:00:01:3D,1540,,860,2
60759,send,BE:16:0A:00:3B:DA,1540,,860,2
60769,send,11:66:F0:00:01:3D,1541,,861,2
60770,send,BE:16:0A:00:3B:DA,1541,,861,2
60781,send,11:66:F0:00:01:3D,1542,,862,2
60782,send,BE:16:0A:00:3B:DA,1542,,862,2
60793,ack,11:66:F0:00:01:3D,,0,861,2
60793,send,11:66:F0:00:01:3D,1543,,862,2
60793,ack,BE:16:0A:00:3B:DA,,0,861,2
60794,send,BE:16:0A:00:3B:DA,1543,,862,2
60805,send,11:66:F0:00:01:3D,1544,,863,2
60806,send,BE:16:0A:00:3B:DA,1544,,863,2
60816,send,11:66:F0:00:01:3D,1545,,864,2
60817,send,BE:16:0A:00:3B:DA,1545,,864,2
60828,send,11:66:F0:00:01:3D,1546,,865,2
60828,send,BE:16:0A:00:3B:DA,1546,,865,2
60839,send,11:66:F0:00:01:3D,1547,,866,2
60840,send,BE:16:0A:00:3B:DA,1547,,866,2
60852,send,11:66:F0:00:01:3D,1548,,867,2
60852,ack,11:66:F0:00:01:3D,,0,866,2
60852,send,BE:16:0A:00:3B:DA,1548,,867,2
60854,ack,BE:16:0A:00:3B:DA,,0,866,2
60862,send,11:66:F0:00:01:3D,1549,,867,2
60863,send,BE:16:0A:00:3B:DA,1549,,867,2
60874,send,11:66:F0:00:01:3D,1550,,868,2
60875,send,BE:16:0A:00:3B:DA,1550,,868,2
60887,send,11:66:F0:00:01:3D,1551,,869,2
60888,send,BE:16:0A:00:3B:DA,1551,,869,2
60900,send,11:66:F0:00:01:3D,1552,,870,2
60901,send,BE:16:0A:00:3B:DA,1552,,870,2
60912,ack,BE:16:0A:00:3B:DA,,0,869,2
60912,send,11:66:F0:00:01:3D,1553,,871,2
60912,ack,11:66:F0:00:01:3D,,0,870,2
60913,send,BE:16:0A:00:3B:DA,1553,,870,2
60926,send,11:66:F0:00:01:3D,1554,,871,2
60926,send,BE:16:0A:00:3B:DA,1554,,871,2
60938,send,11:66:F0:00:01:3D,1555,,872,2
60939,send,BE:16:0A:00:3B:DA,1555,,872,2
60951,send,11:66:F0:00:01:3D,1556,,873,2
60952,send,BE:16:0A:00:3B:DA,1556,,873,2
60963,send,11:66:F0:00:01:3D,1557,,874,2
60967,send,BE:16:0A:00:3B:DA,1557,,874,2
60969,ack,11:66:F0:00:01:3D,,0,873,2
60971,ack,BE:16:0A:00:3B:DA,,0,873,2
60982,send,11:66:F0:00:01:3D,1558,,874,2
60983,send,BE:16:0A:00:3B:DA,1558,,874,2
60995,send,11:66:F0:00:01:3D,1559,,875,2
60996,send,BE:16:0A:00:3B:DA,1559,,875,2
61008,send,11:66:F0:00:01:3D,1560,,876,2
61009,send,BE:16:0A:00:3B:DA,1560,,876,2
61020,send,11:66:F0:00:01:3D,1561,,877,2
61023,send,BE:16:0A:00:3B:DA,1561,,877,2
61025,ack,11:66:F0:00:01:3D,,0,876,2
61028,ack,BE:16:0A:00:3B:DA,,0,876,2
61039,send,11:66:F0:00:01:3D,1562,,877,2
61040,send,BE:16:0A:00:3B:DA,1562,,877,2
61051,send,11:66:F0:00:01:3D,1563,,878,2
61052,send,BE:16:0A:00:3B:DA,1563,,878,2
61062,send,11:66:F0:00:01:3D,1564,,879,2
61063,send,BE:16:0A:00:3B:DA,1564,,879,2
61074,send,11:66:F0:00:01:3D,1565,,880,2
61074,send,BE:16:0A:00:3B:DA,1565,,880,2
61082,ack,11:66:F0:00:01:3D,,0,879,2
61085,ack,BE:16:0A:00:3B:DA,,0,879,2
61085,send,11:66:F0:00:01:3D,1566,,880,2
61086,send,BE:16:0A:00:3B:DA,1566,,880,2
61097,send,11:66:F0:00:01:3D,1567,,881,2
61097,send,BE:16:0A:00:3B:DA,1567,,881,2
61108,send,11:66:F0:00:01:3D,1568,,882,2
61109,send,BE:16:0A:00:3B:DA,1568,,882,2
61121,send,11:66:F0:00:01:3D,1569,,883,2
61122,send,BE:16:0A:00:3B:DA,1569,,883,2
61133,send,11:66:F0:00:01:3D,1570,,884,2
61138,send,BE:16:0A:00:3B:DA,1570,,884,2
61139,ack,11:66:F0:00:01:3D,,0,883,2
61145,ack,BE:16:0A:00:3B:DA,,0,883,2
61155,send,11:66:F0:00:01:3D,1571,,884,2
61156,send,BE:16:0A:00:3B:DA,1571,,884,2
61167,send,11:66:F0:00:01:3D,1572,,885,2
61168,send,BE:16:0A:00:3B:DA,1572,,885,2
61178,send,11:66:F0:00:01:3D,1573,,886,2
61179,send,BE:16:0A:00:3B:DA,1573,,886,2
61191,send,11:66:F0:00:01:3D,1574,,887,2
61196,send,BE:16:0A:00:3B:DA,1574,,887,2
61197,ack,11:66:F0:00:01:3D,,0,886,2
61201,ack,BE:16:0A:00:3B:DA,,0,886,2
61211,send,11:66:F0:00:01:3D,1575,,887,2
61212,send,BE:16:0A:00:3B:DA,1575,,887,2
61223,send,11:66:F0:00:01:3D,1576,,888,2
61223,send,BE:16:0A:00:3B:DA,1576,,888,2
61234,send,11:66:F0:00:01:3D,1577,,889,2
61234,send,BE:16:0A:00:3B:DA,1577,,889,2
61245,send,11:66:F0:00:01:3D,1578,,890,2
61245,send,BE:16:0A:00:3B:DA,1578,,890,2
61253,ack,11:66:F0:00:01:3D,,0,889,2
61256,send,11:66:F0:00:01:3D,1579,,890,2
61257,send,BE:16:0A:00:3B:DA,1579,,891,2
61259,ack,BE:16:0A:00:3B:DA,,0,890,2
61270,send,11:66:F0:00:01:3D,1580,,891,2
61270,send,BE:16:0A:00:3B:DA,1580,,891,2
61280,send,11:66:F0:00:01:3D,1581,,892,2
61281,send,BE:16:0A:00:3B:DA,1581,,892,2
61292,send,11:66:F0:00:01:3D,1582,,893,2
61292,send,BE:16:0A:00:3B:DA,1582,,893,2
61305,send,11:66:F0:00:01:3D,1583,,894,2
61308,send,BE:16:0A:00:3B:DA,1583,,894,2
61310,ack,11:66:F0:00:01:3D,,0,893,2
61316,ack,BE:16:0A:00:3B:DA,,0,893,2
61319,send,11:66:F0:00:01:3D,1584,,894,2
61319,send,BE:16:0A:00:3B:DA,1584,,894,2
61330,send,11:66:F0:00:01:3D,1585,,895,2
61330,send,BE:16:0A:00:3B:DA,1585,,895,2
61342,send,11:66:F0:00:01:3D,1586,,896,2
61342,send,BE:16:0A:00:3B:DA,1586,,896,2
61353,send,11:66:F0:00:01:3D,1587,,897,2
61354,send,BE:16:0A:00:3B:DA,1587,,897,2
61366,send,11:66:F0:00:01:3D,1588,,898,2
61367,send,BE:16:0A:00:3B:DA,1588,,898,2
61368,ack,11:66:F0:00:01:3D,,0,897,2
61371,ack,BE:16:0A:00:3B:DA,,0,897,2
61383,send,11:66:F0:00:01:3D,1589,,898,2
61384,send,BE:16:0A:00:3B:DA,1589,,898,2
61395,send,11:66:F0:00:01:3D,1590,,899,2
61396,send,BE:16:0A:00:3B:DA,1590,,899,2
61408,send,11:66:F0:00:01:3D,1591,,900,2
61409,send,BE:16:0A:00:3B:DA,1591,,900,2
61419,send,11:66:F0:00:01:3D,1592,,901,2
61424,send,BE:16:0A:00:3B:DA,1592,,901,2
61427,ack,11:66:F0:00:01:3D,,0,900,2
61430,ack,BE:16:0A:00:3B:DA,,0,900,2
61440,send,11:66:F0:00:01:3D,1593,,901,2
61441,send,BE:16:0A:00:3B:DA,1593,,901,2
61452,send,11:66:F0:00:01:3D,1594,,902,2
61452,send,BE:16:0A:00:3B:DA,1594,,902,2
61464,send,11:66:F0:00:01:3D,1595,,903,2
61464,send,BE:16:0A:00:3B:DA,1595,,903,2
61476,send,11:66:F0:00:01:3D,1596,,904,2
61481,send,BE:16:0A:00:3B:DA,1596,,904,2
61484,ack,11:66:F0:00:01:3D,,0,903,2
61488,ack,BE:16:0A:00:3B:DA,,0,903,2
61497,send,11:66:F0:00:01:3D,1597,,904,2
61498,send,BE:16:0A:00:3B:DA,1597,,904,2
61509,send,11:66:F0:00:01:3D,1598,,905,2
61509,send,BE:16:0A:00:3B:DA,1598,,905,2
61520,send,11:66:F0:00:01:3D,1599,,906,2
61521,send,BE:16:0A:00:3B:DA,1599,,906,2
61531,send,11:66:F0:00:01:3D,1600,,907,2
61532,send,BE:16:0A:00:3B:DA,1600,,907,2
61541,ack,11:66:F0:00:01:3D,,0,906,2
61543,send,11:66:F0:00:01:3D,1601,,907,2
61543,send,BE:16:0A:00:3B:DA,1601,,908,2
61544,ack,BE:16:0A:00:3B:DA,,0,907,2
61553,send,11:66:F0:00:01:3D,1602,,908,2
61554,send,BE:16:0A:00:3B:DA,1602,,908,2
61564,send,11:66:F0:00:01:3D,1603,,909,2
61564,send,BE:16:0A:00:3B:DA,1603,,909,2
61575,send,11:66:F0:00:01:3D,1604,,910,2
61576,send,BE:16:0A:00:3B:DA,1604,,910,2
61587,send,11:66:F0:00:01:3D,1605,,911,2
61588,send,BE:16:0A:00:3B:DA,1605,,911,2
61598,send,11:66:F0:00:01:3D,1606,,912,2
61599,send,BE:16:0A:00:3B:DA,1606,,912,2
61600,ack,11:66:F0:00:01:3D,,0,911,2
61600,ack,BE:16:0A:00:3B:DA,,0,911,2
61613,send,11:66:F0:00:01:3D,1607,,912,2
61613,send,BE:16:0A:00:3B:DA,1607,,912,2
61624,send,11:66:F0:00:01:3D,1608,,913,2
61624,send,BE:16:0A:00:3B:DA,1608,,913,2
61636,send,11:66:F0:00:01:3D,1609,,914,2
61637,send,BE:16:0A:00:3B:DA,1609,,914,2
61648,send,11:66:F0:00:01:3D,1610,,915,2
61649,send,BE:16:0A:00:3B:DA,1610,,915,2
61658,ack,BE:16:0A:00:3B:DA,,0,914,2
61658,ack,11:66:F0:00:01:3D,,0,914,2
61660,send,11:66:F0:00:01:3D,1611,,915,2
61661,send,BE:16:0A:00:3B:DA,1611,,915,2
61672,send,11:66:F0:00:01:3D,1612,,916,2
61673,send,BE:16:0A:00:3B:DA,1612,,916,2
61683,send,11:66:F0:00:01:3D,1613,,917,2
61684,send,BE:16:0A:00:3B:DA,1613,,917,2
61704,send,11:66:F0:00:01:3D,1614,,918,2
61705,send,BE:16:0A:00:3B:DA,1614,,918,2
61716,send,11:66:F0:00:01:3D,1615,,919,2
61716,ack,11:66:F0:00:01:3D,,0,918,2
61717,send,BE:16:0A:00:3B:DA,1615,,919,2
61717,ack,BE:16:0A:00:3B:DA,,0,918,2
61728,send,11:66:F0:00:01:3D,1616,,919,2
61728,send,BE:16:0A:00:3B:DA,1616,,919,2
61739,send,11:66:F0:00:01:3D,1617,,920,2
61739,send,BE:16:0A:00:3B:DA,1617,,920,2
61750,send,11:66:F0:00:01:3D,1618,,921,2
61751,send,BE:16:0A:00:3B:DA,1618,,921,2
61761,send,11:66:F0:00:01:3D,1619,,922,2
61762,send,BE:16:0A:00:3B:DA,1619,,922,2
61773,send,11:66:F0:00:01:3D,1620,,923,2
61777,ack,BE:16:0A:00:3B:DA,,0,921,2
61777,send,BE:16:0A:00:3B:DA,1620,,922,2
61778,ack,11:66:F0:00:01:3D,,0,922,2
61789,send,11:66:F0:00:01:3D,1621,,923,2
61790,send,BE:16:0A:00:3B:DA,1621,,923,2
61801,send,11:66:F0:00:01:3D,1622,,924,2
61802,send,BE:16:0A:00:3B:DA,1622,,924,2
61813,send,11:66:F0:00:01:3D,1623,,925,2
61814,send,BE:16:0A:00:3B:DA,1623,,925,2
61825,send,11:66:F0:00:01:3D,1624,,926,2
61825,send,BE:16:0A:00:3B:DA,1624,,926,2
61837,ack,BE:16:0A:00:3B:DA,,0,925,2
61837,send,11:66:F0:00:01:3D,1625,,927,2
61837,ack,11:66:F0:00:01:3D,,0,926,2
61838,send,BE:16:0A:00:3B:DA,1625,,926,2
61850,send,11:66:F0:00:01:3D,1626,,927,2
61851,send,BE:16:0A:00:3B:DA,1626,,927,2
61863,send,11:66:F0:00:01:3D,1627,,928,2
61864,send,BE:16:0A:00:3B:DA,1627,,928,2
61875,send,11:66:F0:00:01:3D,1628,,929,2
61876,send,BE:16:0A:00:3B:DA,1628,,929,2
61887,send,11:66:F0:00:01:3D,1629,,930,2
61892,send,BE:16:0A:00:3B:DA,1629,,930,2
61894,ack,BE:16:0A:00:3B:DA,,0,929,2
61894,ack,11:66:F0:00:01:3D,,0,929,2
61905,send,11:66:F0:00:01:3D,1630,,930,2
61906,send,BE:16:0A:00:3B:DA,1630,,930,2
61916,send,11:66:F0:00:01:3D,1631,,931,2
61917,send,BE:16:0A:00:3B:DA,1631,,931,2
61929,send,11:66:F0:00:01:3D,1632,,932,2
61929,send,BE:16:0A:00:3B:DA,1632,,932,2
61939,send,11:66:F0:00:01:3D,1633,,933,2
61940,send,BE:16:0A:00:3B:DA,1633,,933,2
61950,send,11:66:F0:00:01:3D,1634,,934,2
61951,send,BE:16:0A:00:3B:DA,1634,,934,2
61952,ack,BE:16:0A:00:3B:DA,,0,933,2
61952,ack,11:66:F0:00:01:3D,,0,933,2
61961,send,11:66:F0:00:01:3D,1635,,934,2
61963,send,BE:16:0A:00:3B:DA,1635,,934,2
61974,send,11:66:F0:00:01:3D,1636,,935,2
61974,send,BE:16:0A:00:3B:DA,1636,,935,2
61986,send,11:66:F0:00:01:3D,1637,,936,2
61987,send,BE:16:0A:00:3B:DA,1637,,936,2
61997,send,11:66:F0:00:01:3D,1638,,937,2
61998,send,BE:16:0A:00:3B:DA,1638,,937,2
62007,ack,11:66:F0:00:01:3D,,0,936,2
62008,ack,BE:16:0A:00:3B:DA,,0,936,2
62009,send,11:66:F0:00:01:3D,1639,,937,2
62010,send,BE:16:0A:00:3B:DA,1639,,937,2
62021,send,11:66:F0:00:01:3D,1640,,938,2
62022,send,BE:16:0A:00:3B:DA,1640,,938,2
62033,send,11:66:F0:00:01:3D,1641,,939,2
62034,send,BE:16:0A:00:3B:DA,1641,,939,2
62044,send,11:66:F0:00:01:3D,1642,,940,2
62045,send,BE:16:0A:00:3B:DA,1642,,940,2
62056,send,11:66:F0:00:01:3D,1643,,941,2
62056,send,BE:16:0A:00:3B:DA,1643,,941,2
62065,ack,BE:16:0A:00:3B:DA,,0,940,2
62066,ack,11:66:F0:00:01:3D,,0,940,2
62067,send,11:66:F0:00:01:3D,1644,,941,2
62068,send,BE:16:0A:00:3B:DA,1644,,941,2
62080,send,11:66:F0:00:01:3D,1645,,942,2
62080,send,BE:16:0A:00:3B:DA,1645,,942,2
62091,send,11:66:F0:00:01:3D,1646,,943,2
62092,send,BE:16:0A:00:3B:DA,1646,,943,2
62104,send,11:66:F0:00:01:3D,1647,,944,2
62105,send,BE:16:0A:00:3B:DA,1647,,944,2
62117,send,11:66:F0:00:01:3D,1648,,945,2
62123,send,BE:16:0A:00:3B:DA,1648,,945,2
62124,ack,BE:16:0A:00:3B:DA,,0,944,2
62124,ack,11:66:F0:00:01:3D,,0,944,2
62137,send,11:66:F0:00:01:3D,1649,,945,2
62139,send,BE:16:0A:00:3B:DA,1649,,945,2
62150,send,11:66:F0:00:01:3D,1650,,946,2
62151,send,BE:16:0A:00:3B:DA,1650,,946,2
62163,send,11:66:F0:00:01:3D,1651,,947,2
62164,send,BE:16:0A:00:3B:DA,1651,,947,2
62176,send,11:66:F0:00:01:3D,1652,,948,2
62181,send,BE:16:0A:00:3B:DA,1652,,948,2
62182,ack,11:66:F0:00:01:3D,,0,947,2
62183,ack,BE:16:0A:00:3B:DA,,0,947,2
62194,send,11:66:F0:00:01:3D,1653,,948,2
62194,send,BE:16:0A:00:3B:DA,1653,,948,2
62207,send,11:66:F0:00:01:3D,1654,,949,2
62208,send,BE:16:0A:00:3B:DA,1654,,949,2
62221,send,11:66:F0:00:01:3D,1655,,950,2
62221,send,BE:16:0A:00:3B:DA,1655,,950,2
62232,send,11:66:F0:00:01:3D,1656,,951,2
62238,send,BE:16:0A:00:3B:DA,1656,,951,2
62238,ack,11:66:F0:00:01:3D,,0,950,2
62240,ack,BE:16:0A:00:3B:DA,,0,950,2
62250,send,11:66:F0:00:01:3D,1657,,951,2
62251,send,BE:16:0A:00:3B:DA,1657,,951,2
62262,send,11:66:F0:00:01:3D,1658,,952,2
62262,send,BE:16:0A:00:3B:DA,1658,,952,2
62273,send,11:66:F0:00:01:3D,1659,,953,2
62273,send,BE:16:0A:00:3B:DA,1659,,953,2
62285,send,11:66:F0:00:01:3D,1660,,954,2
62286,send,BE:16:0A:00:3B:DA,1660,,954,2
62298,ack,BE:16:0A:00:3B:DA,,0,953,2
62298,ack,11:66:F0:00:01:3D,,0,953,2
62305,send,11:66:F0:00:01:3D,1661,,954,2
62306,send,BE:16:0A:00:3B:DA,1661,,954,2
62317,send,11:66:F0:00:01:3D,1662,,955,2
62317,send,BE:16:0A:00:3B:DA,1662,,955,2
62328,send,11:66:F0:00:01:3D,1663,,956,2
62328,send,BE:16:0A:00:3B:DA,1663,,956,2
62339,send,11:66:F0:00:01:3D,1664,,957,2
62340,send,BE:16:0A:00:3B:DA,1664,,957,2
62352,send,11:66:F0:00:01:3D,1665,,958,2
62359,send,BE:16:0A:00:3B:DA,1665,,958,2
62360,ack,BE:16:0A:00:3B:DA,,0,957,2
62360,ack,11:66:F0:00:01:3D,,0,957,2
62371,send,11:66:F0:00:01:3D,1666,,958,2
62371,send,BE:16:0A:00:3B:DA,1666,,958,2
62382,send,11:66:F0:00:01:3D,1667,,959,2
62383,send,BE:16:0A:00:3B:DA,1667,,959,2
62397,send,11:66:F0:00:01:3D,1668,,960,2
62398,send,BE:16:0A:00:3B:DA,1668,,960,2
62411,send,11:66:F0:00:01:3D,1669,,961,2
62417,send,BE:16:0A:00:3B:DA,1669,,961,2
62419,ack,11:66:F0:00:01:3D,,0,960,2
62419,ack,BE:16:0A:00:3B:DA,,0,960,2
62428,send,11:66:F0:00:01:3D,1670,,961,2
62429,send,BE:16:0A:00:3B:DA,1670,,961,2
62440,send,11:66:F0:00:01:3D,1671,,962,2
62440,send,BE:16:0A:00:3B:DA,1671,,962,2
62451,send,11:66:F0:00:01:3D,1672,,963,2
62452,send,BE:16:0A:00:3B:DA,1672,,963,2
62463,send,11:66:F0:00:01:3D,1673,,964,2
62463,send,BE:16:0A:00:3B:DA,1673,,964,2
62474,send,11:66:F0:00:01:3D,1674,,965,2
62476,send,BE:16:0A:00:3B:DA,1674,,965,2
62477,ack,BE:16:0A:00:3B:DA,,0,964,2
62480,ack,11:66:F0:00:01:3D,,0,964,2
62488,send,11:66:F0:00:01:3D,1675,,965,2
62493,send,BE:16:0A:00:3B:DA,1675,,965,2
62504,send,11:66:F0:00:01:3D,1676,,966,2
62504,send,BE:16:0A:00:3B:DA,1676,,966,2
62515,send,11:66:F0:00:01:3D,1677,,967,2
62516,send,BE:16:0A:00:3B:DA,1677,,967,2
62526,send,11:66:F0:00:01:3D,1678,,968,2
62527,send,BE:16:0A:00:3B:DA,1678,,968,2
62533,ack,BE:16:0A:00:3B:DA,,0,967,2
62544,send,11:66:F0:00:01:3D,1679,,969,2
62548,send,BE:16:0A:00:3B:DA,1679,,968,2
62549,ack,11:66:F0:00:01:3D,,0,968,2
62560,send,11:66:F0:00:01:3D,1680,,969,2
62560,send,BE:16:0A:00:3B:DA,1680,,969,2
62571,send,11:66:F0:00:01:3D,1681,,970,2
62571,send,BE:16:0A:00:3B:DA,1681,,970,2
62581,send,11:66:F0:00:01:3D,1682,,971,2
62582,send,BE:16:0A:00:3B:DA,1682,,971,2
62592,send,11:66:F0:00:01:3D,1683,,972,2
62593,ack,BE:16:0A:00:3B:DA,,0,970,2
62593,send,BE:16:0A:00:3B:DA,1683,,971,2
62605,send,11:66:F0:00:01:3D,1684,,973,2
62606,send,BE:16:0A:00:3B:DA,1684,,972,2
62607,ack,11:66:F0:00:01:3D,,0,972,2
62618,send,11:66:F0:00:01:3D,1685,,973,2
62619,send,BE:16:0A:00:3B:DA,1685,,973,2
62630,send,11:66:F0:00:01:3D,1686,,974,2
62631,send,BE:16:0A:00:3B:DA,1686,,974,2
62642,send,11:66:F0:00:01:3D,1687,,975,2
62643,send,BE:16:0A:00:3B:DA,1687,,975,2
62650,ack,BE:16:0A:00:3B:DA,,0,974,2
62660,send,11:66:F0:00:01:3D,1688,,976,2
62666,send,BE:16:0A:00:3B:DA,1688,,975,2
62667,ack,11:66:F0:00:01:3D,,0,975,2
